{"mae": 0.13434314016125687, "mape": Infinity, "mse": 0.08519181100612191, "med_ae": 0.042002713298797456, "max_ae": 5.338586807250977, "slope": 0.9745637918092953, "rvalue": 0.9829686390371463}