{"mae": 0.1386322920034825, "mape": Infinity, "mse": 0.08821814517882044, "med_ae": 0.04319015731811571, "max_ae": 4.321490155982971, "slope": 0.9697111462507121, "rvalue": 0.9823841334810051}