{"mae": 0.1395680821089214, "mape": Infinity, "mse": 0.09033285049053422, "med_ae": 0.046322908252477646, "max_ae": 6.765892642784118, "slope": 0.9700819242131443, "rvalue": 0.9821331997144155}