{"mae": 0.13754120462153518, "mape": Infinity, "mse": 0.08397054474957208, "med_ae": 0.045996124267577265, "max_ae": 4.408397946166992, "slope": 0.9677666653977941, "rvalue": 0.9833871821118285}