{"mae": 0.13506329298944825, "mape": Infinity, "mse": 0.0835023370385338, "med_ae": 0.04521605148315411, "max_ae": 5.874425082969665, "slope": 0.9734717578606976, "rvalue": 0.9832939107537472}