{"mae": 0.13679411396519497, "mape": Infinity, "mse": 0.08790172733940589, "med_ae": 0.042175917720794764, "max_ae": 4.684430122375488, "slope": 0.9735229635566507, "rvalue": 0.9829585283323572}