{"mae": 0.13897654569978488, "mape": Infinity, "mse": 0.0914203574535252, "med_ae": 0.043738469165563544, "max_ae": 4.7811469997406, "slope": 0.9688937934955487, "rvalue": 0.9822575022642823}