{"mae": 0.13445699678665407, "mape": Infinity, "mse": 0.08413191473806282, "med_ae": 0.0441763508796692, "max_ae": 4.809645175933838, "slope": 0.9763904235367906, "rvalue": 0.9837068872354595}