{"mae": 0.13695662414777088, "mape": Infinity, "mse": 0.08673065878528166, "med_ae": 0.04388400135040271, "max_ae": 4.710533618927002, "slope": 0.9759403408851085, "rvalue": 0.9832049256499068}