{"mae": 0.13672153085716174, "mape": Infinity, "mse": 0.08048327749978908, "med_ae": 0.04461605453491213, "max_ae": 5.148003562927247, "slope": 0.9693357011684666, "rvalue": 0.9839302338690931}