{"mae": 0.13928681939822976, "mape": Infinity, "mse": 0.08949025945505139, "med_ae": 0.044887169075012334, "max_ae": 5.236557663726806, "slope": 0.9745385553364366, "rvalue": 0.9827058313609337}