{"mae": 0.14017834793389589, "mape": Infinity, "mse": 0.09476814994606837, "med_ae": 0.04445703058880744, "max_ae": 5.580241383361816, "slope": 0.9686656859422186, "rvalue": 0.9816050855218792}