{"mae": 0.13498831391863592, "mape": Infinity, "mse": 0.08311294127117816, "med_ae": 0.04764016922712336, "max_ae": 5.6716156005859375, "slope": 0.9734613997727001, "rvalue": 0.9833725014144713}