{"mae": 0.1354742316388174, "mape": Infinity, "mse": 0.07946845752354172, "med_ae": 0.04419560852050797, "max_ae": 4.331244945526123, "slope": 0.9710506362011209, "rvalue": 0.9841407775572678}