{"mae": 0.13650559063163742, "mape": Infinity, "mse": 0.08516548648628658, "med_ae": 0.04543483257293701, "max_ae": 6.842089313316345, "slope": 0.9667262651779249, "rvalue": 0.9831485000309979}