{"mae": 98.77550678868447, "mape": 7.540948471615475, "mse": 28907.73128178858, "med_ae": 61.100048828124955, "max_ae": 962.8203125, "slope": 0.812014626864622, "rvalue": 0.8249626483585475}