{"mae": 95.60235673208084, "mape": 6.22009767912772, "mse": 20524.76024437526, "med_ae": 53.33957519531259, "max_ae": 500.1500000000001, "slope": 0.7941034264243041, "rvalue": 0.8749017595174878}