{"mae": 70.45647708953376, "mape": 5.289451074833665, "mse": 11096.90692895664, "med_ae": 53.458544921875045, "max_ae": 398.0576416015624, "slope": 0.9230365516508251, "rvalue": 0.9335806643728801}