{"mae": 78.79895413306453, "mape": 5.453683720234548, "mse": 15251.497449100907, "med_ae": 42.686877441406295, "max_ae": 401.2410644531251, "slope": 0.8188865096460746, "rvalue": 0.9057496616877049}