{"mae": 81.91512529926916, "mape": 5.781716732283339, "mse": 12813.427828635295, "med_ae": 57.55386962890623, "max_ae": 360.3577148437498, "slope": 1.0184667391432562, "rvalue": 0.954153015030372}