{"roc_auc": 0.9781768982896804, "ap_score": 0.9715341412484608}