{"roc_auc": 0.9789861226778367, "ap_score": 0.9721146007854502}