{"roc_auc": 0.9775076427332067, "ap_score": 0.9750256661155093}