{"roc_auc": 0.9701768156655375, "ap_score": 0.965014019949187}