{"roc_auc": 0.9767020573411552, "ap_score": 0.9692071504238389}