Job started on Wed Oct 15 13:35:30 CEST 2025
Running on node(s): cna050
2025-10-15 13:35:32.117987: I tensorflow/core/platform/cpu_feature_guard.cc:193] This TensorFlow binary is optimized with oneAPI Deep Neural Network Library (oneDNN) to use the following CPU instructions in performance-critical operations:  AVX2 FMA
To enable them in other operations, rebuild TensorFlow with the appropriate compiler flags.
2025-10-15 13:35:32.303443: E tensorflow/stream_executor/cuda/cuda_blas.cc:2981] Unable to register cuBLAS factory: Attempting to register factory for plugin cuBLAS when one has already been registered
2025-10-15 13:35:33.431176: W tensorflow/stream_executor/platform/default/dso_loader.cc:64] Could not load dynamic library 'libnvinfer.so.7'; dlerror: libnvinfer.so.7: cannot open shared object file: No such file or directory; LD_LIBRARY_PATH: /gpfs/softs/easybuild/software/cuDNN/8.4.1.50-CUDA-11.7.0/lib:/gpfs/softs/easybuild/software/CUDA/11.7.0/nvvm/lib64:/gpfs/softs/easybuild/software/CUDA/11.7.0/extras/CUPTI/lib64:/gpfs/softs/easybuild/software/CUDA/11.7.0/lib
2025-10-15 13:35:33.431345: W tensorflow/stream_executor/platform/default/dso_loader.cc:64] Could not load dynamic library 'libnvinfer_plugin.so.7'; dlerror: libnvinfer_plugin.so.7: cannot open shared object file: No such file or directory; LD_LIBRARY_PATH: /gpfs/softs/easybuild/software/cuDNN/8.4.1.50-CUDA-11.7.0/lib:/gpfs/softs/easybuild/software/CUDA/11.7.0/nvvm/lib64:/gpfs/softs/easybuild/software/CUDA/11.7.0/extras/CUPTI/lib64:/gpfs/softs/easybuild/software/CUDA/11.7.0/lib
2025-10-15 13:35:33.431362: W tensorflow/compiler/tf2tensorrt/utils/py_utils.cc:38] TF-TRT Warning: Cannot dlopen some TensorRT libraries. If you would like to use Nvidia GPU with TensorRT, please make sure the missing libraries mentioned above are installed properly.

================================================================================
STARTING TASK: m2ax_223
================================================================================

Loading data from './featurize_with_MM/m2ax_223.csv'...
Parsing structure data from 'pymatgen_structure_json' column...
Data loading and parsing complete.
No cache found. Preprocessing 'm2ax_223' with 'KNNAsymmetricUnitCell'...
Processing batch 1...
Preprocessing complete.

--- Starting Fold 1/5 ---
INFO:kgcnn.model.utils:Updated model kwargs: '{'name': 'coGN', 'inputs': {'offset': {'shape': (None, 3), 'name': 'offset', 'dtype': 'float32', 'ragged': True}, 'cell_translation': None, 'affine_matrix': None, 'voronoi_ridge_area': None, 'atomic_number': {'shape': (None,), 'name': 'atomic_number', 'dtype': 'int32', 'ragged': True}, 'frac_coords': None, 'coords': None, 'multiplicity': {'shape': (None,), 'name': 'multiplicity', 'dtype': 'int32', 'ragged': True}, 'lattice_matrix': None, 'edge_indices': {'shape': (None, 2), 'name': 'edge_indices', 'dtype': 'int32', 'ragged': True}, 'line_graph_edge_indices': None}, 'input_block_cfg': {'node_size': 128, 'edge_size': 128, 'atomic_mass': True, 'atomic_radius': True, 'electronegativity': True, 'ionization_energy': True, 'oxidation_states': True, 'edge_embedding_args': {'bins_distance': 32, 'max_distance': 8.0, 'distance_log_base': 1.0, 'bins_voronoi_area': None, 'max_voronoi_area': None}}, 'processing_blocks_cfg': [{'edge_mlp': {'units': [128, 128, 128, 128, 128], 'activation': ['swish', 'swish', 'swish', 'swish', 'swish']}, 'node_mlp': {'units': [128], 'activation': ['swish']}, 'global_mlp': None, 'nested_blocks_cfgs': None, 'aggregate_edges_local': 'sum', 'aggregate_edges_global': None, 'aggregate_nodes': None, 'return_updated_edges': False, 'return_updated_nodes': True, 'return_updated_globals': True, 'edge_attention_mlp_local': {'units': [32, 1], 'activation': ['swish', 'swish']}, 'edge_attention_mlp_global': {'units': [32, 1], 'activation': ['swish', 'swish']}, 'node_attention_mlp': {'units': [32, 1], 'activation': ['swish', 'swish']}, 'edge_gate': None, 'node_gate': None, 'global_gate': None, 'residual_node_update': True, 'residual_edge_update': False, 'residual_global_update': False, 'update_edges_input': [True, True, True, False], 'update_nodes_input': [True, False, False], 'update_global_input': [False, True, False], 'multiplicity_readout': False}, {'edge_mlp': {'units': [128, 128, 128, 128, 128], 'activation': ['swish', 'swish', 'swish', 'swish', 'swish']}, 'node_mlp': {'units': [128], 'activation': ['swish']}, 'global_mlp': None, 'nested_blocks_cfgs': None, 'aggregate_edges_local': 'sum', 'aggregate_edges_global': None, 'aggregate_nodes': None, 'return_updated_edges': False, 'return_updated_nodes': True, 'return_updated_globals': True, 'edge_attention_mlp_local': {'units': [32, 1], 'activation': ['swish', 'swish']}, 'edge_attention_mlp_global': {'units': [32, 1], 'activation': ['swish', 'swish']}, 'node_attention_mlp': {'units': [32, 1], 'activation': ['swish', 'swish']}, 'edge_gate': None, 'node_gate': None, 'global_gate': None, 'residual_node_update': True, 'residual_edge_update': False, 'residual_global_update': False, 'update_edges_input': [True, True, True, False], 'update_nodes_input': [True, False, False], 'update_global_input': [False, True, False], 'multiplicity_readout': False}, {'edge_mlp': {'units': [128, 128, 128, 128, 128], 'activation': ['swish', 'swish', 'swish', 'swish', 'swish']}, 'node_mlp': {'units': [128], 'activation': ['swish']}, 'global_mlp': None, 'nested_blocks_cfgs': None, 'aggregate_edges_local': 'sum', 'aggregate_edges_global': None, 'aggregate_nodes': None, 'return_updated_edges': False, 'return_updated_nodes': True, 'return_updated_globals': True, 'edge_attention_mlp_local': {'units': [32, 1], 'activation': ['swish', 'swish']}, 'edge_attention_mlp_global': {'units': [32, 1], 'activation': ['swish', 'swish']}, 'node_attention_mlp': {'units': [32, 1], 'activation': ['swish', 'swish']}, 'edge_gate': None, 'node_gate': None, 'global_gate': None, 'residual_node_update': True, 'residual_edge_update': False, 'residual_global_update': False, 'update_edges_input': [True, True, True, False], 'update_nodes_input': [True, False, False], 'update_global_input': [False, True, False], 'multiplicity_readout': False}, {'edge_mlp': {'units': [128, 128, 128, 128, 128], 'activation': ['swish', 'swish', 'swish', 'swish', 'swish']}, 'node_mlp': {'units': [128], 'activation': ['swish']}, 'global_mlp': None, 'nested_blocks_cfgs': None, 'aggregate_edges_local': 'sum', 'aggregate_edges_global': None, 'aggregate_nodes': None, 'return_updated_edges': False, 'return_updated_nodes': True, 'return_updated_globals': True, 'edge_attention_mlp_local': {'units': [32, 1], 'activation': ['swish', 'swish']}, 'edge_attention_mlp_global': {'units': [32, 1], 'activation': ['swish', 'swish']}, 'node_attention_mlp': {'units': [32, 1], 'activation': ['swish', 'swish']}, 'edge_gate': None, 'node_gate': None, 'global_gate': None, 'residual_node_update': True, 'residual_edge_update': False, 'residual_global_update': False, 'update_edges_input': [True, True, True, False], 'update_nodes_input': [True, False, False], 'update_global_input': [False, True, False], 'multiplicity_readout': False}, {'edge_mlp': {'units': [128, 128, 128, 128, 128], 'activation': ['swish', 'swish', 'swish', 'swish', 'swish']}, 'node_mlp': {'units': [128], 'activation': ['swish']}, 'global_mlp': None, 'nested_blocks_cfgs': None, 'aggregate_edges_local': 'sum', 'aggregate_edges_global': None, 'aggregate_nodes': None, 'return_updated_edges': False, 'return_updated_nodes': True, 'return_updated_globals': True, 'edge_attention_mlp_local': {'units': [32, 1], 'activation': ['swish', 'swish']}, 'edge_attention_mlp_global': {'units': [32, 1], 'activation': ['swish', 'swish']}, 'node_attention_mlp': {'units': [32, 1], 'activation': ['swish', 'swish']}, 'edge_gate': None, 'node_gate': None, 'global_gate': None, 'residual_node_update': True, 'residual_edge_update': False, 'residual_global_update': False, 'update_edges_input': [True, True, True, False], 'update_nodes_input': [True, False, False], 'update_global_input': [False, True, False], 'multiplicity_readout': False}], 'output_block_cfg': {'edge_mlp': None, 'node_mlp': None, 'global_mlp': {'units': [1], 'activation': ['linear']}, 'nested_blocks_cfgs': None, 'aggregate_edges_local': 'sum', 'aggregate_edges_global': None, 'aggregate_nodes': 'mean', 'return_updated_edges': False, 'return_updated_nodes': True, 'return_updated_globals': True, 'edge_attention_mlp_local': {'units': [32, 1], 'activation': ['swish', 'swish']}, 'edge_attention_mlp_global': {'units': [32, 1], 'activation': ['swish', 'swish']}, 'node_attention_mlp': {'units': [32, 1], 'activation': ['swish', 'swish']}, 'edge_gate': None, 'node_gate': None, 'global_gate': None, 'residual_node_update': False, 'residual_edge_update': False, 'residual_global_update': False, 'update_edges_input': [True, True, True, False], 'update_nodes_input': [True, False, False], 'update_global_input': [False, True, False], 'multiplicity_readout': True}}'.
2025-10-15 13:35:44.296370: I tensorflow/core/platform/cpu_feature_guard.cc:193] This TensorFlow binary is optimized with oneAPI Deep Neural Network Library (oneDNN) to use the following CPU instructions in performance-critical operations:  AVX2 FMA
To enable them in other operations, rebuild TensorFlow with the appropriate compiler flags.
2025-10-15 13:35:44.705700: I tensorflow/core/common_runtime/gpu/gpu_device.cc:1616] Created device /job:localhost/replica:0/task:0/device:GPU:0 with 38434 MB memory:  -> device: 0, name: NVIDIA A100-SXM4-40GB, pci bus id: 0000:c7:00.0, compute capability: 8.0
/gpfs/scratch/acad/htforft/rgouvea/other_datasets/processed_datasets/.venv/lib/python3.9/site-packages/kgcnn/crystal/periodic_table/periodic_table.py:30: FutureWarning: A value is trying to be set on a copy of a DataFrame or Series through chained assignment using an inplace method.
The behavior will change in pandas 3.0. This inplace method will never work because the intermediate object on which we are setting values always behaves as a copy.

For example, when doing 'df[col].method(value, inplace=True)', try using 'df.method({col: value}, inplace=True)' or df[col] = df[col].method(value) instead, to perform the operation inplace on the original object.


  self.data['AtomicRadius'].fillna(imputation_atomic_radius, inplace=True)
/gpfs/scratch/acad/htforft/rgouvea/other_datasets/processed_datasets/.venv/lib/python3.9/site-packages/kgcnn/crystal/periodic_table/periodic_table.py:32: FutureWarning: A value is trying to be set on a copy of a DataFrame or Series through chained assignment using an inplace method.
The behavior will change in pandas 3.0. This inplace method will never work because the intermediate object on which we are setting values always behaves as a copy.

For example, when doing 'df[col].method(value, inplace=True)', try using 'df.method({col: value}, inplace=True)' or df[col] = df[col].method(value) instead, to perform the operation inplace on the original object.


  self.data['Electronegativity'].fillna(imputation_electronegativity, inplace=True)
/gpfs/scratch/acad/htforft/rgouvea/other_datasets/processed_datasets/.venv/lib/python3.9/site-packages/kgcnn/crystal/periodic_table/periodic_table.py:33: FutureWarning: A value is trying to be set on a copy of a DataFrame or Series through chained assignment using an inplace method.
The behavior will change in pandas 3.0. This inplace method will never work because the intermediate object on which we are setting values always behaves as a copy.

For example, when doing 'df[col].method(value, inplace=True)', try using 'df.method({col: value}, inplace=True)' or df[col] = df[col].method(value) instead, to perform the operation inplace on the original object.


  self.data['IonizationEnergy'].fillna(imputation_ionization_energy, inplace=True)
[<KerasTensor: type_spec=RaggedTensorSpec(TensorShape([None, None, 3]), tf.float32, 1, tf.int64) (created by layer 'offset')>, <KerasTensor: type_spec=RaggedTensorSpec(TensorShape([None, None]), tf.int32, 1, tf.int64) (created by layer 'atomic_number')>, <KerasTensor: type_spec=RaggedTensorSpec(TensorShape([None, None]), tf.int32, 1, tf.int64) (created by layer 'multiplicity')>, <KerasTensor: type_spec=RaggedTensorSpec(TensorShape([None, None, 2]), tf.int32, 1, tf.int64) (created by layer 'edge_indices')>]
Training on 178 samples...
Epoch 1/800
/gpfs/scratch/acad/htforft/rgouvea/other_datasets/processed_datasets/.venv/lib/python3.9/site-packages/tensorflow/python/framework/indexed_slices.py:444: UserWarning: Converting sparse IndexedSlices(IndexedSlices(indices=Tensor("gradient_tape/coGN/sequential_graph_network/graph_network_4/gather_embedding_selection_5/Reshape_1:0", shape=(None,), dtype=int32), values=Tensor("gradient_tape/coGN/sequential_graph_network/graph_network_4/gather_embedding_selection_5/Reshape:0", shape=(None, 128), dtype=float32), dense_shape=Tensor("gradient_tape/coGN/sequential_graph_network/graph_network_4/gather_embedding_selection_5/Cast:0", shape=(2,), dtype=int32))) to a dense Tensor of unknown shape. This may consume a large amount of memory.
  warnings.warn(
/gpfs/scratch/acad/htforft/rgouvea/other_datasets/processed_datasets/.venv/lib/python3.9/site-packages/tensorflow/python/framework/indexed_slices.py:444: UserWarning: Converting sparse IndexedSlices(IndexedSlices(indices=Tensor("gradient_tape/coGN/sequential_graph_network/graph_network_4/gather_embedding_selection_5/Reshape_3:0", shape=(None,), dtype=int32), values=Tensor("gradient_tape/coGN/sequential_graph_network/graph_network_4/gather_embedding_selection_5/Reshape_2:0", shape=(None, 128), dtype=float32), dense_shape=Tensor("gradient_tape/coGN/sequential_graph_network/graph_network_4/gather_embedding_selection_5/Cast_1:0", shape=(2,), dtype=int32))) to a dense Tensor of unknown shape. This may consume a large amount of memory.
  warnings.warn(
/gpfs/scratch/acad/htforft/rgouvea/other_datasets/processed_datasets/.venv/lib/python3.9/site-packages/tensorflow/python/framework/indexed_slices.py:444: UserWarning: Converting sparse IndexedSlices(IndexedSlices(indices=Tensor("gradient_tape/coGN/sequential_graph_network/graph_network_3/gather_embedding_selection_4/Reshape_1:0", shape=(None,), dtype=int32), values=Tensor("gradient_tape/coGN/sequential_graph_network/graph_network_3/gather_embedding_selection_4/Reshape:0", shape=(None, 128), dtype=float32), dense_shape=Tensor("gradient_tape/coGN/sequential_graph_network/graph_network_3/gather_embedding_selection_4/Cast:0", shape=(2,), dtype=int32))) to a dense Tensor of unknown shape. This may consume a large amount of memory.
  warnings.warn(
/gpfs/scratch/acad/htforft/rgouvea/other_datasets/processed_datasets/.venv/lib/python3.9/site-packages/tensorflow/python/framework/indexed_slices.py:444: UserWarning: Converting sparse IndexedSlices(IndexedSlices(indices=Tensor("gradient_tape/coGN/sequential_graph_network/graph_network_3/gather_embedding_selection_4/Reshape_3:0", shape=(None,), dtype=int32), values=Tensor("gradient_tape/coGN/sequential_graph_network/graph_network_3/gather_embedding_selection_4/Reshape_2:0", shape=(None, 128), dtype=float32), dense_shape=Tensor("gradient_tape/coGN/sequential_graph_network/graph_network_3/gather_embedding_selection_4/Cast_1:0", shape=(2,), dtype=int32))) to a dense Tensor of unknown shape. This may consume a large amount of memory.
  warnings.warn(
/gpfs/scratch/acad/htforft/rgouvea/other_datasets/processed_datasets/.venv/lib/python3.9/site-packages/tensorflow/python/framework/indexed_slices.py:444: UserWarning: Converting sparse IndexedSlices(IndexedSlices(indices=Tensor("gradient_tape/coGN/sequential_graph_network/graph_network_2/gather_embedding_selection_3/Reshape_1:0", shape=(None,), dtype=int32), values=Tensor("gradient_tape/coGN/sequential_graph_network/graph_network_2/gather_embedding_selection_3/Reshape:0", shape=(None, 128), dtype=float32), dense_shape=Tensor("gradient_tape/coGN/sequential_graph_network/graph_network_2/gather_embedding_selection_3/Cast:0", shape=(2,), dtype=int32))) to a dense Tensor of unknown shape. This may consume a large amount of memory.
  warnings.warn(
/gpfs/scratch/acad/htforft/rgouvea/other_datasets/processed_datasets/.venv/lib/python3.9/site-packages/tensorflow/python/framework/indexed_slices.py:444: UserWarning: Converting sparse IndexedSlices(IndexedSlices(indices=Tensor("gradient_tape/coGN/sequential_graph_network/graph_network_2/gather_embedding_selection_3/Reshape_3:0", shape=(None,), dtype=int32), values=Tensor("gradient_tape/coGN/sequential_graph_network/graph_network_2/gather_embedding_selection_3/Reshape_2:0", shape=(None, 128), dtype=float32), dense_shape=Tensor("gradient_tape/coGN/sequential_graph_network/graph_network_2/gather_embedding_selection_3/Cast_1:0", shape=(2,), dtype=int32))) to a dense Tensor of unknown shape. This may consume a large amount of memory.
  warnings.warn(
/gpfs/scratch/acad/htforft/rgouvea/other_datasets/processed_datasets/.venv/lib/python3.9/site-packages/tensorflow/python/framework/indexed_slices.py:444: UserWarning: Converting sparse IndexedSlices(IndexedSlices(indices=Tensor("gradient_tape/coGN/sequential_graph_network/graph_network_1/gather_embedding_selection_2/Reshape_1:0", shape=(None,), dtype=int32), values=Tensor("gradient_tape/coGN/sequential_graph_network/graph_network_1/gather_embedding_selection_2/Reshape:0", shape=(None, 128), dtype=float32), dense_shape=Tensor("gradient_tape/coGN/sequential_graph_network/graph_network_1/gather_embedding_selection_2/Cast:0", shape=(2,), dtype=int32))) to a dense Tensor of unknown shape. This may consume a large amount of memory.
  warnings.warn(
/gpfs/scratch/acad/htforft/rgouvea/other_datasets/processed_datasets/.venv/lib/python3.9/site-packages/tensorflow/python/framework/indexed_slices.py:444: UserWarning: Converting sparse IndexedSlices(IndexedSlices(indices=Tensor("gradient_tape/coGN/sequential_graph_network/graph_network_1/gather_embedding_selection_2/Reshape_3:0", shape=(None,), dtype=int32), values=Tensor("gradient_tape/coGN/sequential_graph_network/graph_network_1/gather_embedding_selection_2/Reshape_2:0", shape=(None, 128), dtype=float32), dense_shape=Tensor("gradient_tape/coGN/sequential_graph_network/graph_network_1/gather_embedding_selection_2/Cast_1:0", shape=(2,), dtype=int32))) to a dense Tensor of unknown shape. This may consume a large amount of memory.
  warnings.warn(
/gpfs/scratch/acad/htforft/rgouvea/other_datasets/processed_datasets/.venv/lib/python3.9/site-packages/tensorflow/python/framework/indexed_slices.py:444: UserWarning: Converting sparse IndexedSlices(IndexedSlices(indices=Tensor("gradient_tape/coGN/sequential_graph_network/graph_network/gather_embedding_selection_1/Reshape_1:0", shape=(None,), dtype=int32), values=Tensor("gradient_tape/coGN/sequential_graph_network/graph_network/gather_embedding_selection_1/Reshape:0", shape=(None, 128), dtype=float32), dense_shape=Tensor("gradient_tape/coGN/sequential_graph_network/graph_network/gather_embedding_selection_1/Cast:0", shape=(2,), dtype=int32))) to a dense Tensor of unknown shape. This may consume a large amount of memory.
  warnings.warn(
/gpfs/scratch/acad/htforft/rgouvea/other_datasets/processed_datasets/.venv/lib/python3.9/site-packages/tensorflow/python/framework/indexed_slices.py:444: UserWarning: Converting sparse IndexedSlices(IndexedSlices(indices=Tensor("gradient_tape/coGN/sequential_graph_network/graph_network/gather_embedding_selection_1/Reshape_3:0", shape=(None,), dtype=int32), values=Tensor("gradient_tape/coGN/sequential_graph_network/graph_network/gather_embedding_selection_1/Reshape_2:0", shape=(None, 128), dtype=float32), dense_shape=Tensor("gradient_tape/coGN/sequential_graph_network/graph_network/gather_embedding_selection_1/Cast_1:0", shape=(2,), dtype=int32))) to a dense Tensor of unknown shape. This may consume a large amount of memory.
  warnings.warn(
2025-10-15 13:35:53.623509: I tensorflow/stream_executor/cuda/cuda_blas.cc:1614] TensorFloat-32 will be used for the matrix multiplication. This will only be logged once.
3/3 - 4s - loss: 1.0648 - mae: 1.0648 - mse: 1.7151 - 4s/epoch - 1s/step
Epoch 2/800
3/3 - 0s - loss: 0.7971 - mae: 0.7971 - mse: 0.9698 - 30ms/epoch - 10ms/step
Epoch 3/800
3/3 - 0s - loss: 0.7346 - mae: 0.7346 - mse: 0.8921 - 30ms/epoch - 10ms/step
Epoch 4/800
3/3 - 0s - loss: 0.7077 - mae: 0.7077 - mse: 0.7318 - 30ms/epoch - 10ms/step
Epoch 5/800
3/3 - 0s - loss: 0.6561 - mae: 0.6561 - mse: 0.7279 - 30ms/epoch - 10ms/step
Epoch 6/800
3/3 - 0s - loss: 0.6287 - mae: 0.6287 - mse: 0.6136 - 30ms/epoch - 10ms/step
Epoch 7/800
3/3 - 0s - loss: 0.5811 - mae: 0.5811 - mse: 0.5575 - 30ms/epoch - 10ms/step
Epoch 8/800
3/3 - 0s - loss: 0.5456 - mae: 0.5456 - mse: 0.4618 - 30ms/epoch - 10ms/step
Epoch 9/800
3/3 - 0s - loss: 0.4778 - mae: 0.4778 - mse: 0.3753 - 29ms/epoch - 10ms/step
Epoch 10/800
3/3 - 0s - loss: 0.4366 - mae: 0.4366 - mse: 0.3124 - 27ms/epoch - 9ms/step
Epoch 11/800
3/3 - 0s - loss: 0.4115 - mae: 0.4115 - mse: 0.2958 - 27ms/epoch - 9ms/step
Epoch 12/800
3/3 - 0s - loss: 0.4080 - mae: 0.4080 - mse: 0.3241 - 27ms/epoch - 9ms/step
Epoch 13/800
3/3 - 0s - loss: 0.4483 - mae: 0.4483 - mse: 0.3390 - 27ms/epoch - 9ms/step
Epoch 14/800
3/3 - 0s - loss: 0.3959 - mae: 0.3959 - mse: 0.2963 - 27ms/epoch - 9ms/step
Epoch 15/800
3/3 - 0s - loss: 0.3904 - mae: 0.3904 - mse: 0.2679 - 27ms/epoch - 9ms/step
Epoch 16/800
3/3 - 0s - loss: 0.4193 - mae: 0.4193 - mse: 0.2841 - 27ms/epoch - 9ms/step
Epoch 17/800
3/3 - 0s - loss: 0.3762 - mae: 0.3762 - mse: 0.2620 - 27ms/epoch - 9ms/step
Epoch 18/800
3/3 - 0s - loss: 0.4062 - mae: 0.4062 - mse: 0.2909 - 27ms/epoch - 9ms/step
Epoch 19/800
3/3 - 0s - loss: 0.3565 - mae: 0.3565 - mse: 0.2390 - 27ms/epoch - 9ms/step
Epoch 20/800
3/3 - 0s - loss: 0.3561 - mae: 0.3561 - mse: 0.2358 - 27ms/epoch - 9ms/step
Epoch 21/800
3/3 - 0s - loss: 0.3718 - mae: 0.3718 - mse: 0.2461 - 27ms/epoch - 9ms/step
Epoch 22/800
3/3 - 0s - loss: 0.3258 - mae: 0.3258 - mse: 0.2016 - 27ms/epoch - 9ms/step
Epoch 23/800
3/3 - 0s - loss: 0.3524 - mae: 0.3524 - mse: 0.2290 - 27ms/epoch - 9ms/step
Epoch 24/800
3/3 - 0s - loss: 0.3276 - mae: 0.3276 - mse: 0.2014 - 27ms/epoch - 9ms/step
Epoch 25/800
3/3 - 0s - loss: 0.3132 - mae: 0.3132 - mse: 0.2051 - 27ms/epoch - 9ms/step
Epoch 26/800
3/3 - 0s - loss: 0.3169 - mae: 0.3169 - mse: 0.1915 - 27ms/epoch - 9ms/step
Epoch 27/800
3/3 - 0s - loss: 0.3118 - mae: 0.3118 - mse: 0.1852 - 27ms/epoch - 9ms/step
Epoch 28/800
3/3 - 0s - loss: 0.2883 - mae: 0.2883 - mse: 0.1729 - 27ms/epoch - 9ms/step
Epoch 29/800
3/3 - 0s - loss: 0.2727 - mae: 0.2727 - mse: 0.1603 - 27ms/epoch - 9ms/step
Epoch 30/800
3/3 - 0s - loss: 0.2584 - mae: 0.2584 - mse: 0.1461 - 27ms/epoch - 9ms/step
Epoch 31/800
3/3 - 0s - loss: 0.2894 - mae: 0.2894 - mse: 0.1687 - 27ms/epoch - 9ms/step
Epoch 32/800
3/3 - 0s - loss: 0.2880 - mae: 0.2880 - mse: 0.1585 - 27ms/epoch - 9ms/step
Epoch 33/800
3/3 - 0s - loss: 0.2702 - mae: 0.2702 - mse: 0.1403 - 27ms/epoch - 9ms/step
Epoch 34/800
3/3 - 0s - loss: 0.2886 - mae: 0.2886 - mse: 0.1511 - 27ms/epoch - 9ms/step
Epoch 35/800
3/3 - 0s - loss: 0.2723 - mae: 0.2723 - mse: 0.1547 - 27ms/epoch - 9ms/step
Epoch 36/800
3/3 - 0s - loss: 0.2462 - mae: 0.2462 - mse: 0.1283 - 27ms/epoch - 9ms/step
Epoch 37/800
3/3 - 0s - loss: 0.2497 - mae: 0.2497 - mse: 0.1206 - 27ms/epoch - 9ms/step
Epoch 38/800
3/3 - 0s - loss: 0.2559 - mae: 0.2559 - mse: 0.1467 - 27ms/epoch - 9ms/step
Epoch 39/800
3/3 - 0s - loss: 0.3010 - mae: 0.3010 - mse: 0.1990 - 27ms/epoch - 9ms/step
Epoch 40/800
3/3 - 0s - loss: 0.2832 - mae: 0.2832 - mse: 0.1588 - 27ms/epoch - 9ms/step
Epoch 41/800
3/3 - 0s - loss: 0.2709 - mae: 0.2709 - mse: 0.1436 - 27ms/epoch - 9ms/step
Epoch 42/800
3/3 - 0s - loss: 0.2507 - mae: 0.2507 - mse: 0.1446 - 27ms/epoch - 9ms/step
Epoch 43/800
3/3 - 0s - loss: 0.2430 - mae: 0.2430 - mse: 0.1230 - 27ms/epoch - 9ms/step
Epoch 44/800
3/3 - 0s - loss: 0.2391 - mae: 0.2391 - mse: 0.1231 - 27ms/epoch - 9ms/step
Epoch 45/800
3/3 - 0s - loss: 0.2402 - mae: 0.2402 - mse: 0.1243 - 27ms/epoch - 9ms/step
Epoch 46/800
3/3 - 0s - loss: 0.2563 - mae: 0.2563 - mse: 0.1313 - 27ms/epoch - 9ms/step
Epoch 47/800
3/3 - 0s - loss: 0.2144 - mae: 0.2144 - mse: 0.0986 - 27ms/epoch - 9ms/step
Epoch 48/800
3/3 - 0s - loss: 0.2176 - mae: 0.2176 - mse: 0.1094 - 27ms/epoch - 9ms/step
Epoch 49/800
3/3 - 0s - loss: 0.2102 - mae: 0.2102 - mse: 0.0856 - 27ms/epoch - 9ms/step
Epoch 50/800
3/3 - 0s - loss: 0.2515 - mae: 0.2515 - mse: 0.1272 - 27ms/epoch - 9ms/step
Epoch 51/800
3/3 - 0s - loss: 0.2255 - mae: 0.2255 - mse: 0.1007 - 27ms/epoch - 9ms/step
Epoch 52/800
3/3 - 0s - loss: 0.2404 - mae: 0.2404 - mse: 0.1094 - 27ms/epoch - 9ms/step
Epoch 53/800
3/3 - 0s - loss: 0.2265 - mae: 0.2265 - mse: 0.1096 - 27ms/epoch - 9ms/step
Epoch 54/800
3/3 - 0s - loss: 0.2197 - mae: 0.2197 - mse: 0.0987 - 27ms/epoch - 9ms/step
Epoch 55/800
3/3 - 0s - loss: 0.2312 - mae: 0.2312 - mse: 0.1136 - 27ms/epoch - 9ms/step
Epoch 56/800
3/3 - 0s - loss: 0.1945 - mae: 0.1945 - mse: 0.0839 - 27ms/epoch - 9ms/step
Epoch 57/800
3/3 - 0s - loss: 0.2099 - mae: 0.2099 - mse: 0.0832 - 27ms/epoch - 9ms/step
Epoch 58/800
3/3 - 0s - loss: 0.2273 - mae: 0.2273 - mse: 0.1022 - 27ms/epoch - 9ms/step
Epoch 59/800
3/3 - 0s - loss: 0.1959 - mae: 0.1959 - mse: 0.0818 - 27ms/epoch - 9ms/step
Epoch 60/800
3/3 - 0s - loss: 0.2039 - mae: 0.2039 - mse: 0.0937 - 26ms/epoch - 9ms/step
Epoch 61/800
3/3 - 0s - loss: 0.1903 - mae: 0.1903 - mse: 0.0823 - 27ms/epoch - 9ms/step
Epoch 62/800
3/3 - 0s - loss: 0.2114 - mae: 0.2114 - mse: 0.0994 - 27ms/epoch - 9ms/step
Epoch 63/800
3/3 - 0s - loss: 0.2071 - mae: 0.2071 - mse: 0.0916 - 27ms/epoch - 9ms/step
Epoch 64/800
3/3 - 0s - loss: 0.2520 - mae: 0.2520 - mse: 0.1435 - 27ms/epoch - 9ms/step
Epoch 65/800
3/3 - 0s - loss: 0.1984 - mae: 0.1984 - mse: 0.0866 - 27ms/epoch - 9ms/step
Epoch 66/800
3/3 - 0s - loss: 0.2313 - mae: 0.2313 - mse: 0.1093 - 27ms/epoch - 9ms/step
Epoch 67/800
3/3 - 0s - loss: 0.2517 - mae: 0.2517 - mse: 0.1020 - 27ms/epoch - 9ms/step
Epoch 68/800
3/3 - 0s - loss: 0.2143 - mae: 0.2143 - mse: 0.0878 - 27ms/epoch - 9ms/step
Epoch 69/800
3/3 - 0s - loss: 0.2322 - mae: 0.2322 - mse: 0.1374 - 27ms/epoch - 9ms/step
Epoch 70/800
3/3 - 0s - loss: 0.1928 - mae: 0.1928 - mse: 0.0786 - 27ms/epoch - 9ms/step
Epoch 71/800
3/3 - 0s - loss: 0.2264 - mae: 0.2264 - mse: 0.0909 - 28ms/epoch - 9ms/step
Epoch 72/800
3/3 - 0s - loss: 0.2014 - mae: 0.2014 - mse: 0.0799 - 27ms/epoch - 9ms/step
Epoch 73/800
3/3 - 0s - loss: 0.1917 - mae: 0.1917 - mse: 0.0820 - 27ms/epoch - 9ms/step
Epoch 74/800
3/3 - 0s - loss: 0.1894 - mae: 0.1894 - mse: 0.0788 - 27ms/epoch - 9ms/step
Epoch 75/800
3/3 - 0s - loss: 0.2069 - mae: 0.2069 - mse: 0.0989 - 27ms/epoch - 9ms/step
Epoch 76/800
3/3 - 0s - loss: 0.2098 - mae: 0.2098 - mse: 0.0923 - 27ms/epoch - 9ms/step
Epoch 77/800
3/3 - 0s - loss: 0.2159 - mae: 0.2159 - mse: 0.0931 - 27ms/epoch - 9ms/step
Epoch 78/800
3/3 - 0s - loss: 0.1850 - mae: 0.1850 - mse: 0.0823 - 27ms/epoch - 9ms/step
Epoch 79/800
3/3 - 0s - loss: 0.1948 - mae: 0.1948 - mse: 0.0859 - 27ms/epoch - 9ms/step
Epoch 80/800
3/3 - 0s - loss: 0.1634 - mae: 0.1634 - mse: 0.0711 - 27ms/epoch - 9ms/step
Epoch 81/800
3/3 - 0s - loss: 0.1737 - mae: 0.1737 - mse: 0.0748 - 27ms/epoch - 9ms/step
Epoch 82/800
3/3 - 0s - loss: 0.1853 - mae: 0.1853 - mse: 0.0807 - 27ms/epoch - 9ms/step
Epoch 83/800
3/3 - 0s - loss: 0.2113 - mae: 0.2113 - mse: 0.0925 - 27ms/epoch - 9ms/step
Epoch 84/800
3/3 - 0s - loss: 0.2351 - mae: 0.2351 - mse: 0.1002 - 27ms/epoch - 9ms/step
Epoch 85/800
3/3 - 0s - loss: 0.2416 - mae: 0.2416 - mse: 0.1136 - 27ms/epoch - 9ms/step
Epoch 86/800
3/3 - 0s - loss: 0.2352 - mae: 0.2352 - mse: 0.0949 - 27ms/epoch - 9ms/step
Epoch 87/800
3/3 - 0s - loss: 0.2133 - mae: 0.2133 - mse: 0.0831 - 27ms/epoch - 9ms/step
Epoch 88/800
3/3 - 0s - loss: 0.2036 - mae: 0.2036 - mse: 0.0892 - 26ms/epoch - 9ms/step
Epoch 89/800
3/3 - 0s - loss: 0.1961 - mae: 0.1961 - mse: 0.0862 - 27ms/epoch - 9ms/step
Epoch 90/800
3/3 - 0s - loss: 0.1958 - mae: 0.1958 - mse: 0.0817 - 27ms/epoch - 9ms/step
Epoch 91/800
3/3 - 0s - loss: 0.2207 - mae: 0.2207 - mse: 0.0903 - 27ms/epoch - 9ms/step
Epoch 92/800
3/3 - 0s - loss: 0.1793 - mae: 0.1793 - mse: 0.0723 - 27ms/epoch - 9ms/step
Epoch 93/800
3/3 - 0s - loss: 0.2012 - mae: 0.2012 - mse: 0.0898 - 27ms/epoch - 9ms/step
Epoch 94/800
3/3 - 0s - loss: 0.1773 - mae: 0.1773 - mse: 0.0721 - 27ms/epoch - 9ms/step
Epoch 95/800
3/3 - 0s - loss: 0.1757 - mae: 0.1757 - mse: 0.0772 - 27ms/epoch - 9ms/step
Epoch 96/800
3/3 - 0s - loss: 0.1829 - mae: 0.1829 - mse: 0.0751 - 27ms/epoch - 9ms/step
Epoch 97/800
3/3 - 0s - loss: 0.1676 - mae: 0.1676 - mse: 0.0683 - 27ms/epoch - 9ms/step
Epoch 98/800
3/3 - 0s - loss: 0.1772 - mae: 0.1772 - mse: 0.0631 - 27ms/epoch - 9ms/step
Epoch 99/800
3/3 - 0s - loss: 0.1861 - mae: 0.1861 - mse: 0.0709 - 27ms/epoch - 9ms/step
Epoch 100/800
3/3 - 0s - loss: 0.1839 - mae: 0.1839 - mse: 0.0723 - 27ms/epoch - 9ms/step
Epoch 101/800
3/3 - 0s - loss: 0.2075 - mae: 0.2075 - mse: 0.0831 - 27ms/epoch - 9ms/step
Epoch 102/800
3/3 - 0s - loss: 0.1833 - mae: 0.1833 - mse: 0.0692 - 27ms/epoch - 9ms/step
Epoch 103/800
3/3 - 0s - loss: 0.2084 - mae: 0.2084 - mse: 0.0825 - 27ms/epoch - 9ms/step
Epoch 104/800
3/3 - 0s - loss: 0.2244 - mae: 0.2244 - mse: 0.1008 - 27ms/epoch - 9ms/step
Epoch 105/800
3/3 - 0s - loss: 0.1905 - mae: 0.1905 - mse: 0.0783 - 27ms/epoch - 9ms/step
Epoch 106/800
3/3 - 0s - loss: 0.2070 - mae: 0.2070 - mse: 0.0932 - 27ms/epoch - 9ms/step
Epoch 107/800
3/3 - 0s - loss: 0.2209 - mae: 0.2209 - mse: 0.1028 - 27ms/epoch - 9ms/step
Epoch 108/800
3/3 - 0s - loss: 0.1892 - mae: 0.1892 - mse: 0.0768 - 27ms/epoch - 9ms/step
Epoch 109/800
3/3 - 0s - loss: 0.1757 - mae: 0.1757 - mse: 0.0699 - 27ms/epoch - 9ms/step
Epoch 110/800
3/3 - 0s - loss: 0.1825 - mae: 0.1825 - mse: 0.0748 - 27ms/epoch - 9ms/step
Epoch 111/800
3/3 - 0s - loss: 0.1735 - mae: 0.1735 - mse: 0.0676 - 27ms/epoch - 9ms/step
Epoch 112/800
3/3 - 0s - loss: 0.1551 - mae: 0.1551 - mse: 0.0580 - 27ms/epoch - 9ms/step
Epoch 113/800
3/3 - 0s - loss: 0.1561 - mae: 0.1561 - mse: 0.0580 - 27ms/epoch - 9ms/step
Epoch 114/800
3/3 - 0s - loss: 0.1426 - mae: 0.1426 - mse: 0.0523 - 27ms/epoch - 9ms/step
Epoch 115/800
3/3 - 0s - loss: 0.1513 - mae: 0.1513 - mse: 0.0574 - 27ms/epoch - 9ms/step
Epoch 116/800
3/3 - 0s - loss: 0.1463 - mae: 0.1463 - mse: 0.0518 - 27ms/epoch - 9ms/step
Epoch 117/800
3/3 - 0s - loss: 0.1517 - mae: 0.1517 - mse: 0.0528 - 27ms/epoch - 9ms/step
Epoch 118/800
3/3 - 0s - loss: 0.1452 - mae: 0.1452 - mse: 0.0527 - 27ms/epoch - 9ms/step
Epoch 119/800
3/3 - 0s - loss: 0.1548 - mae: 0.1548 - mse: 0.0599 - 27ms/epoch - 9ms/step
Epoch 120/800
3/3 - 0s - loss: 0.1769 - mae: 0.1769 - mse: 0.0621 - 27ms/epoch - 9ms/step
Epoch 121/800
3/3 - 0s - loss: 0.1643 - mae: 0.1643 - mse: 0.0568 - 27ms/epoch - 9ms/step
Epoch 122/800
3/3 - 0s - loss: 0.1434 - mae: 0.1434 - mse: 0.0487 - 27ms/epoch - 9ms/step
Epoch 123/800
3/3 - 0s - loss: 0.1494 - mae: 0.1494 - mse: 0.0631 - 27ms/epoch - 9ms/step
Epoch 124/800
3/3 - 0s - loss: 0.1495 - mae: 0.1495 - mse: 0.0559 - 27ms/epoch - 9ms/step
Epoch 125/800
3/3 - 0s - loss: 0.1409 - mae: 0.1409 - mse: 0.0502 - 27ms/epoch - 9ms/step
Epoch 126/800
3/3 - 0s - loss: 0.1428 - mae: 0.1428 - mse: 0.0480 - 27ms/epoch - 9ms/step
Epoch 127/800
3/3 - 0s - loss: 0.1383 - mae: 0.1383 - mse: 0.0449 - 27ms/epoch - 9ms/step
Epoch 128/800
3/3 - 0s - loss: 0.1450 - mae: 0.1450 - mse: 0.0483 - 27ms/epoch - 9ms/step
Epoch 129/800
3/3 - 0s - loss: 0.1343 - mae: 0.1343 - mse: 0.0475 - 27ms/epoch - 9ms/step
Epoch 130/800
3/3 - 0s - loss: 0.1354 - mae: 0.1354 - mse: 0.0445 - 27ms/epoch - 9ms/step
Epoch 131/800
3/3 - 0s - loss: 0.1310 - mae: 0.1310 - mse: 0.0429 - 27ms/epoch - 9ms/step
Epoch 132/800
3/3 - 0s - loss: 0.1266 - mae: 0.1266 - mse: 0.0412 - 27ms/epoch - 9ms/step
Epoch 133/800
3/3 - 0s - loss: 0.1450 - mae: 0.1450 - mse: 0.0486 - 27ms/epoch - 9ms/step
Epoch 134/800
3/3 - 0s - loss: 0.1262 - mae: 0.1262 - mse: 0.0380 - 27ms/epoch - 9ms/step
Epoch 135/800
3/3 - 0s - loss: 0.1168 - mae: 0.1168 - mse: 0.0380 - 27ms/epoch - 9ms/step
Epoch 136/800
3/3 - 0s - loss: 0.1385 - mae: 0.1385 - mse: 0.0445 - 27ms/epoch - 9ms/step
Epoch 137/800
3/3 - 0s - loss: 0.1317 - mae: 0.1317 - mse: 0.0407 - 27ms/epoch - 9ms/step
Epoch 138/800
3/3 - 0s - loss: 0.1234 - mae: 0.1234 - mse: 0.0352 - 26ms/epoch - 9ms/step
Epoch 139/800
3/3 - 0s - loss: 0.1485 - mae: 0.1485 - mse: 0.0417 - 27ms/epoch - 9ms/step
Epoch 140/800
3/3 - 0s - loss: 0.1683 - mae: 0.1683 - mse: 0.0570 - 26ms/epoch - 9ms/step
Epoch 141/800
3/3 - 0s - loss: 0.1831 - mae: 0.1831 - mse: 0.0679 - 27ms/epoch - 9ms/step
Epoch 142/800
3/3 - 0s - loss: 0.1727 - mae: 0.1727 - mse: 0.0617 - 27ms/epoch - 9ms/step
Epoch 143/800
3/3 - 0s - loss: 0.1392 - mae: 0.1392 - mse: 0.0430 - 27ms/epoch - 9ms/step
Epoch 144/800
3/3 - 0s - loss: 0.1566 - mae: 0.1566 - mse: 0.0498 - 27ms/epoch - 9ms/step
Epoch 145/800
3/3 - 0s - loss: 0.1478 - mae: 0.1478 - mse: 0.0491 - 27ms/epoch - 9ms/step
Epoch 146/800
3/3 - 0s - loss: 0.1331 - mae: 0.1331 - mse: 0.0383 - 27ms/epoch - 9ms/step
Epoch 147/800
3/3 - 0s - loss: 0.1415 - mae: 0.1415 - mse: 0.0403 - 27ms/epoch - 9ms/step
Epoch 148/800
3/3 - 0s - loss: 0.1406 - mae: 0.1406 - mse: 0.0425 - 27ms/epoch - 9ms/step
Epoch 149/800
3/3 - 0s - loss: 0.1207 - mae: 0.1207 - mse: 0.0358 - 27ms/epoch - 9ms/step
Epoch 150/800
3/3 - 0s - loss: 0.1284 - mae: 0.1284 - mse: 0.0348 - 27ms/epoch - 9ms/step
Epoch 151/800
3/3 - 0s - loss: 0.1274 - mae: 0.1274 - mse: 0.0338 - 27ms/epoch - 9ms/step
Epoch 152/800
3/3 - 0s - loss: 0.1398 - mae: 0.1398 - mse: 0.0367 - 27ms/epoch - 9ms/step
Epoch 153/800
3/3 - 0s - loss: 0.1529 - mae: 0.1529 - mse: 0.0422 - 27ms/epoch - 9ms/step
Epoch 154/800
3/3 - 0s - loss: 0.1461 - mae: 0.1461 - mse: 0.0456 - 27ms/epoch - 9ms/step
Epoch 155/800
3/3 - 0s - loss: 0.1284 - mae: 0.1284 - mse: 0.0343 - 27ms/epoch - 9ms/step
Epoch 156/800
3/3 - 0s - loss: 0.1250 - mae: 0.1250 - mse: 0.0331 - 27ms/epoch - 9ms/step
Epoch 157/800
3/3 - 0s - loss: 0.1109 - mae: 0.1109 - mse: 0.0282 - 27ms/epoch - 9ms/step
Epoch 158/800
3/3 - 0s - loss: 0.1143 - mae: 0.1143 - mse: 0.0364 - 27ms/epoch - 9ms/step
Epoch 159/800
3/3 - 0s - loss: 0.1415 - mae: 0.1415 - mse: 0.0461 - 27ms/epoch - 9ms/step
Epoch 160/800
3/3 - 0s - loss: 0.1465 - mae: 0.1465 - mse: 0.0568 - 27ms/epoch - 9ms/step
Epoch 161/800
3/3 - 0s - loss: 0.1235 - mae: 0.1235 - mse: 0.0387 - 27ms/epoch - 9ms/step
Epoch 162/800
3/3 - 0s - loss: 0.1444 - mae: 0.1444 - mse: 0.0409 - 27ms/epoch - 9ms/step
Epoch 163/800
3/3 - 0s - loss: 0.1282 - mae: 0.1282 - mse: 0.0305 - 27ms/epoch - 9ms/step
Epoch 164/800
3/3 - 0s - loss: 0.1152 - mae: 0.1152 - mse: 0.0268 - 27ms/epoch - 9ms/step
Epoch 165/800
3/3 - 0s - loss: 0.1212 - mae: 0.1212 - mse: 0.0278 - 27ms/epoch - 9ms/step
Epoch 166/800
3/3 - 0s - loss: 0.1282 - mae: 0.1282 - mse: 0.0306 - 27ms/epoch - 9ms/step
Epoch 167/800
3/3 - 0s - loss: 0.1333 - mae: 0.1333 - mse: 0.0406 - 27ms/epoch - 9ms/step
Epoch 168/800
3/3 - 0s - loss: 0.1141 - mae: 0.1141 - mse: 0.0245 - 27ms/epoch - 9ms/step
Epoch 169/800
3/3 - 0s - loss: 0.1356 - mae: 0.1356 - mse: 0.0329 - 27ms/epoch - 9ms/step
Epoch 170/800
3/3 - 0s - loss: 0.1608 - mae: 0.1608 - mse: 0.0602 - 27ms/epoch - 9ms/step
Epoch 171/800
3/3 - 0s - loss: 0.1327 - mae: 0.1327 - mse: 0.0375 - 27ms/epoch - 9ms/step
Epoch 172/800
3/3 - 0s - loss: 0.1470 - mae: 0.1470 - mse: 0.0398 - 27ms/epoch - 9ms/step
Epoch 173/800
3/3 - 0s - loss: 0.1412 - mae: 0.1412 - mse: 0.0383 - 27ms/epoch - 9ms/step
Epoch 174/800
3/3 - 0s - loss: 0.1319 - mae: 0.1319 - mse: 0.0373 - 27ms/epoch - 9ms/step
Epoch 175/800
3/3 - 0s - loss: 0.1214 - mae: 0.1214 - mse: 0.0316 - 27ms/epoch - 9ms/step
Epoch 176/800
3/3 - 0s - loss: 0.1410 - mae: 0.1410 - mse: 0.0368 - 26ms/epoch - 9ms/step
Epoch 177/800
3/3 - 0s - loss: 0.1405 - mae: 0.1405 - mse: 0.0392 - 27ms/epoch - 9ms/step
Epoch 178/800
3/3 - 0s - loss: 0.1264 - mae: 0.1264 - mse: 0.0319 - 27ms/epoch - 9ms/step
Epoch 179/800
3/3 - 0s - loss: 0.1304 - mae: 0.1304 - mse: 0.0336 - 27ms/epoch - 9ms/step
Epoch 180/800
3/3 - 0s - loss: 0.1182 - mae: 0.1182 - mse: 0.0303 - 27ms/epoch - 9ms/step
Epoch 181/800
3/3 - 0s - loss: 0.1236 - mae: 0.1236 - mse: 0.0308 - 27ms/epoch - 9ms/step
Epoch 182/800
3/3 - 0s - loss: 0.1131 - mae: 0.1131 - mse: 0.0264 - 26ms/epoch - 9ms/step
Epoch 183/800
3/3 - 0s - loss: 0.1094 - mae: 0.1094 - mse: 0.0260 - 27ms/epoch - 9ms/step
Epoch 184/800
3/3 - 0s - loss: 0.1044 - mae: 0.1044 - mse: 0.0247 - 27ms/epoch - 9ms/step
Epoch 185/800
3/3 - 0s - loss: 0.1253 - mae: 0.1253 - mse: 0.0268 - 27ms/epoch - 9ms/step
Epoch 186/800
3/3 - 0s - loss: 0.1147 - mae: 0.1147 - mse: 0.0246 - 27ms/epoch - 9ms/step
Epoch 187/800
3/3 - 0s - loss: 0.1032 - mae: 0.1032 - mse: 0.0205 - 27ms/epoch - 9ms/step
Epoch 188/800
3/3 - 0s - loss: 0.1061 - mae: 0.1061 - mse: 0.0207 - 27ms/epoch - 9ms/step
Epoch 189/800
3/3 - 0s - loss: 0.0968 - mae: 0.0968 - mse: 0.0190 - 27ms/epoch - 9ms/step
Epoch 190/800
3/3 - 0s - loss: 0.1155 - mae: 0.1155 - mse: 0.0285 - 27ms/epoch - 9ms/step
Epoch 191/800
3/3 - 0s - loss: 0.0900 - mae: 0.0900 - mse: 0.0177 - 27ms/epoch - 9ms/step
Epoch 192/800
3/3 - 0s - loss: 0.0955 - mae: 0.0955 - mse: 0.0213 - 27ms/epoch - 9ms/step
Epoch 193/800
3/3 - 0s - loss: 0.1039 - mae: 0.1039 - mse: 0.0208 - 27ms/epoch - 9ms/step
Epoch 194/800
3/3 - 0s - loss: 0.1132 - mae: 0.1132 - mse: 0.0246 - 27ms/epoch - 9ms/step
Epoch 195/800
3/3 - 0s - loss: 0.1224 - mae: 0.1224 - mse: 0.0308 - 27ms/epoch - 9ms/step
Epoch 196/800
3/3 - 0s - loss: 0.1367 - mae: 0.1367 - mse: 0.0323 - 27ms/epoch - 9ms/step
Epoch 197/800
3/3 - 0s - loss: 0.1339 - mae: 0.1339 - mse: 0.0286 - 27ms/epoch - 9ms/step
Epoch 198/800
3/3 - 0s - loss: 0.1379 - mae: 0.1379 - mse: 0.0338 - 27ms/epoch - 9ms/step
Epoch 199/800
3/3 - 0s - loss: 0.1190 - mae: 0.1190 - mse: 0.0259 - 27ms/epoch - 9ms/step
Epoch 200/800
3/3 - 0s - loss: 0.1139 - mae: 0.1139 - mse: 0.0283 - 27ms/epoch - 9ms/step
Epoch 201/800
3/3 - 0s - loss: 0.1060 - mae: 0.1060 - mse: 0.0222 - 27ms/epoch - 9ms/step
Epoch 202/800
3/3 - 0s - loss: 0.1059 - mae: 0.1059 - mse: 0.0237 - 27ms/epoch - 9ms/step
Epoch 203/800
3/3 - 0s - loss: 0.0956 - mae: 0.0956 - mse: 0.0190 - 27ms/epoch - 9ms/step
Epoch 204/800
3/3 - 0s - loss: 0.1230 - mae: 0.1230 - mse: 0.0302 - 27ms/epoch - 9ms/step
Epoch 205/800
3/3 - 0s - loss: 0.1048 - mae: 0.1048 - mse: 0.0222 - 27ms/epoch - 9ms/step
Epoch 206/800
3/3 - 0s - loss: 0.1076 - mae: 0.1076 - mse: 0.0206 - 27ms/epoch - 9ms/step
Epoch 207/800
3/3 - 0s - loss: 0.1004 - mae: 0.1004 - mse: 0.0189 - 27ms/epoch - 9ms/step
Epoch 208/800
3/3 - 0s - loss: 0.0972 - mae: 0.0972 - mse: 0.0170 - 27ms/epoch - 9ms/step
Epoch 209/800
3/3 - 0s - loss: 0.0978 - mae: 0.0978 - mse: 0.0180 - 27ms/epoch - 9ms/step
Epoch 210/800
3/3 - 0s - loss: 0.0802 - mae: 0.0802 - mse: 0.0125 - 27ms/epoch - 9ms/step
Epoch 211/800
3/3 - 0s - loss: 0.0742 - mae: 0.0742 - mse: 0.0121 - 27ms/epoch - 9ms/step
Epoch 212/800
3/3 - 0s - loss: 0.0744 - mae: 0.0744 - mse: 0.0112 - 27ms/epoch - 9ms/step
Epoch 213/800
3/3 - 0s - loss: 0.0980 - mae: 0.0980 - mse: 0.0200 - 27ms/epoch - 9ms/step
Epoch 214/800
3/3 - 0s - loss: 0.1015 - mae: 0.1015 - mse: 0.0173 - 27ms/epoch - 9ms/step
Epoch 215/800
3/3 - 0s - loss: 0.0964 - mae: 0.0964 - mse: 0.0204 - 27ms/epoch - 9ms/step
Epoch 216/800
3/3 - 0s - loss: 0.0876 - mae: 0.0876 - mse: 0.0162 - 27ms/epoch - 9ms/step
Epoch 217/800
3/3 - 0s - loss: 0.1081 - mae: 0.1081 - mse: 0.0222 - 27ms/epoch - 9ms/step
Epoch 218/800
3/3 - 0s - loss: 0.1030 - mae: 0.1030 - mse: 0.0203 - 27ms/epoch - 9ms/step
Epoch 219/800
3/3 - 0s - loss: 0.0950 - mae: 0.0950 - mse: 0.0188 - 27ms/epoch - 9ms/step
Epoch 220/800
3/3 - 0s - loss: 0.0968 - mae: 0.0968 - mse: 0.0171 - 27ms/epoch - 9ms/step
Epoch 221/800
3/3 - 0s - loss: 0.0993 - mae: 0.0993 - mse: 0.0189 - 27ms/epoch - 9ms/step
Epoch 222/800
3/3 - 0s - loss: 0.0948 - mae: 0.0948 - mse: 0.0168 - 27ms/epoch - 9ms/step
Epoch 223/800
3/3 - 0s - loss: 0.1274 - mae: 0.1274 - mse: 0.0305 - 27ms/epoch - 9ms/step
Epoch 224/800
3/3 - 0s - loss: 0.1047 - mae: 0.1047 - mse: 0.0226 - 27ms/epoch - 9ms/step
Epoch 225/800
3/3 - 0s - loss: 0.1243 - mae: 0.1243 - mse: 0.0305 - 27ms/epoch - 9ms/step
Epoch 226/800
3/3 - 0s - loss: 0.1137 - mae: 0.1137 - mse: 0.0219 - 27ms/epoch - 9ms/step
Epoch 227/800
3/3 - 0s - loss: 0.1001 - mae: 0.1001 - mse: 0.0195 - 27ms/epoch - 9ms/step
Epoch 228/800
3/3 - 0s - loss: 0.0948 - mae: 0.0948 - mse: 0.0180 - 27ms/epoch - 9ms/step
Epoch 229/800
3/3 - 0s - loss: 0.1057 - mae: 0.1057 - mse: 0.0223 - 27ms/epoch - 9ms/step
Epoch 230/800
3/3 - 0s - loss: 0.0793 - mae: 0.0793 - mse: 0.0118 - 27ms/epoch - 9ms/step
Epoch 231/800
3/3 - 0s - loss: 0.0852 - mae: 0.0852 - mse: 0.0133 - 27ms/epoch - 9ms/step
Epoch 232/800
3/3 - 0s - loss: 0.0747 - mae: 0.0747 - mse: 0.0122 - 27ms/epoch - 9ms/step
Epoch 233/800
3/3 - 0s - loss: 0.0715 - mae: 0.0715 - mse: 0.0107 - 27ms/epoch - 9ms/step
Epoch 234/800
3/3 - 0s - loss: 0.0747 - mae: 0.0747 - mse: 0.0107 - 27ms/epoch - 9ms/step
Epoch 235/800
3/3 - 0s - loss: 0.0730 - mae: 0.0730 - mse: 0.0123 - 27ms/epoch - 9ms/step
Epoch 236/800
3/3 - 0s - loss: 0.0813 - mae: 0.0813 - mse: 0.0124 - 27ms/epoch - 9ms/step
Epoch 237/800
3/3 - 0s - loss: 0.0781 - mae: 0.0781 - mse: 0.0136 - 27ms/epoch - 9ms/step
Epoch 238/800
3/3 - 0s - loss: 0.0669 - mae: 0.0669 - mse: 0.0085 - 27ms/epoch - 9ms/step
Epoch 239/800
3/3 - 0s - loss: 0.0687 - mae: 0.0687 - mse: 0.0094 - 27ms/epoch - 9ms/step
Epoch 240/800
3/3 - 0s - loss: 0.0930 - mae: 0.0930 - mse: 0.0158 - 27ms/epoch - 9ms/step
Epoch 241/800
3/3 - 0s - loss: 0.0840 - mae: 0.0840 - mse: 0.0114 - 28ms/epoch - 9ms/step
Epoch 242/800
3/3 - 0s - loss: 0.0738 - mae: 0.0738 - mse: 0.0107 - 27ms/epoch - 9ms/step
Epoch 243/800
3/3 - 0s - loss: 0.0753 - mae: 0.0753 - mse: 0.0106 - 32ms/epoch - 11ms/step
Epoch 244/800
3/3 - 0s - loss: 0.0718 - mae: 0.0718 - mse: 0.0101 - 27ms/epoch - 9ms/step
Epoch 245/800
3/3 - 0s - loss: 0.0639 - mae: 0.0639 - mse: 0.0079 - 27ms/epoch - 9ms/step
Epoch 246/800
3/3 - 0s - loss: 0.0657 - mae: 0.0657 - mse: 0.0082 - 27ms/epoch - 9ms/step
Epoch 247/800
3/3 - 0s - loss: 0.0681 - mae: 0.0681 - mse: 0.0090 - 27ms/epoch - 9ms/step
Epoch 248/800
3/3 - 0s - loss: 0.0682 - mae: 0.0682 - mse: 0.0093 - 27ms/epoch - 9ms/step
Epoch 249/800
3/3 - 0s - loss: 0.0717 - mae: 0.0717 - mse: 0.0088 - 27ms/epoch - 9ms/step
Epoch 250/800
3/3 - 0s - loss: 0.0768 - mae: 0.0768 - mse: 0.0106 - 27ms/epoch - 9ms/step
Epoch 251/800
3/3 - 0s - loss: 0.0884 - mae: 0.0884 - mse: 0.0135 - 27ms/epoch - 9ms/step
Epoch 252/800
3/3 - 0s - loss: 0.0820 - mae: 0.0820 - mse: 0.0115 - 27ms/epoch - 9ms/step
Epoch 253/800
3/3 - 0s - loss: 0.0681 - mae: 0.0681 - mse: 0.0085 - 27ms/epoch - 9ms/step
Epoch 254/800
3/3 - 0s - loss: 0.0617 - mae: 0.0617 - mse: 0.0071 - 27ms/epoch - 9ms/step
Epoch 255/800
3/3 - 0s - loss: 0.0567 - mae: 0.0567 - mse: 0.0062 - 27ms/epoch - 9ms/step
Epoch 256/800
3/3 - 0s - loss: 0.0580 - mae: 0.0580 - mse: 0.0064 - 27ms/epoch - 9ms/step
Epoch 257/800
3/3 - 0s - loss: 0.0606 - mae: 0.0606 - mse: 0.0067 - 27ms/epoch - 9ms/step
Epoch 258/800
3/3 - 0s - loss: 0.0571 - mae: 0.0571 - mse: 0.0059 - 27ms/epoch - 9ms/step
Epoch 259/800
3/3 - 0s - loss: 0.0624 - mae: 0.0624 - mse: 0.0078 - 27ms/epoch - 9ms/step
Epoch 260/800
3/3 - 0s - loss: 0.0579 - mae: 0.0579 - mse: 0.0061 - 27ms/epoch - 9ms/step
Epoch 261/800
3/3 - 0s - loss: 0.0630 - mae: 0.0630 - mse: 0.0076 - 27ms/epoch - 9ms/step
Epoch 262/800
3/3 - 0s - loss: 0.0555 - mae: 0.0555 - mse: 0.0060 - 27ms/epoch - 9ms/step
Epoch 263/800
3/3 - 0s - loss: 0.0591 - mae: 0.0591 - mse: 0.0058 - 27ms/epoch - 9ms/step
Epoch 264/800
3/3 - 0s - loss: 0.0727 - mae: 0.0727 - mse: 0.0096 - 27ms/epoch - 9ms/step
Epoch 265/800
3/3 - 0s - loss: 0.0759 - mae: 0.0759 - mse: 0.0099 - 27ms/epoch - 9ms/step
Epoch 266/800
3/3 - 0s - loss: 0.0657 - mae: 0.0657 - mse: 0.0090 - 27ms/epoch - 9ms/step
Epoch 267/800
3/3 - 0s - loss: 0.0629 - mae: 0.0629 - mse: 0.0077 - 27ms/epoch - 9ms/step
Epoch 268/800
3/3 - 0s - loss: 0.0766 - mae: 0.0766 - mse: 0.0121 - 27ms/epoch - 9ms/step
Epoch 269/800
3/3 - 0s - loss: 0.0792 - mae: 0.0792 - mse: 0.0123 - 27ms/epoch - 9ms/step
Epoch 270/800
3/3 - 0s - loss: 0.0682 - mae: 0.0682 - mse: 0.0086 - 27ms/epoch - 9ms/step
Epoch 271/800
3/3 - 0s - loss: 0.0704 - mae: 0.0704 - mse: 0.0094 - 27ms/epoch - 9ms/step
Epoch 272/800
3/3 - 0s - loss: 0.0751 - mae: 0.0751 - mse: 0.0104 - 27ms/epoch - 9ms/step
Epoch 273/800
3/3 - 0s - loss: 0.0739 - mae: 0.0739 - mse: 0.0097 - 27ms/epoch - 9ms/step
Epoch 274/800
3/3 - 0s - loss: 0.0725 - mae: 0.0725 - mse: 0.0090 - 27ms/epoch - 9ms/step
Epoch 275/800
3/3 - 0s - loss: 0.0721 - mae: 0.0721 - mse: 0.0099 - 27ms/epoch - 9ms/step
Epoch 276/800
3/3 - 0s - loss: 0.0636 - mae: 0.0636 - mse: 0.0066 - 27ms/epoch - 9ms/step
Epoch 277/800
3/3 - 0s - loss: 0.0719 - mae: 0.0719 - mse: 0.0090 - 27ms/epoch - 9ms/step
Epoch 278/800
3/3 - 0s - loss: 0.0809 - mae: 0.0809 - mse: 0.0114 - 27ms/epoch - 9ms/step
Epoch 279/800
3/3 - 0s - loss: 0.0860 - mae: 0.0860 - mse: 0.0113 - 26ms/epoch - 9ms/step
Epoch 280/800
3/3 - 0s - loss: 0.0642 - mae: 0.0642 - mse: 0.0067 - 27ms/epoch - 9ms/step
Epoch 281/800
3/3 - 0s - loss: 0.0770 - mae: 0.0770 - mse: 0.0133 - 27ms/epoch - 9ms/step
Epoch 282/800
3/3 - 0s - loss: 0.0768 - mae: 0.0768 - mse: 0.0107 - 27ms/epoch - 9ms/step
Epoch 283/800
3/3 - 0s - loss: 0.0795 - mae: 0.0795 - mse: 0.0120 - 27ms/epoch - 9ms/step
Epoch 284/800
3/3 - 0s - loss: 0.0694 - mae: 0.0694 - mse: 0.0087 - 27ms/epoch - 9ms/step
Epoch 285/800
3/3 - 0s - loss: 0.0818 - mae: 0.0818 - mse: 0.0117 - 27ms/epoch - 9ms/step
Epoch 286/800
3/3 - 0s - loss: 0.0977 - mae: 0.0977 - mse: 0.0161 - 27ms/epoch - 9ms/step
Epoch 287/800
3/3 - 0s - loss: 0.0894 - mae: 0.0894 - mse: 0.0136 - 27ms/epoch - 9ms/step
Epoch 288/800
3/3 - 0s - loss: 0.0803 - mae: 0.0803 - mse: 0.0115 - 27ms/epoch - 9ms/step
Epoch 289/800
3/3 - 0s - loss: 0.0842 - mae: 0.0842 - mse: 0.0143 - 26ms/epoch - 9ms/step
Epoch 290/800
3/3 - 0s - loss: 0.0761 - mae: 0.0761 - mse: 0.0102 - 27ms/epoch - 9ms/step
Epoch 291/800
3/3 - 0s - loss: 0.0772 - mae: 0.0772 - mse: 0.0103 - 27ms/epoch - 9ms/step
Epoch 292/800
3/3 - 0s - loss: 0.0714 - mae: 0.0714 - mse: 0.0098 - 27ms/epoch - 9ms/step
Epoch 293/800
3/3 - 0s - loss: 0.0576 - mae: 0.0576 - mse: 0.0063 - 27ms/epoch - 9ms/step
Epoch 294/800
3/3 - 0s - loss: 0.0766 - mae: 0.0766 - mse: 0.0106 - 27ms/epoch - 9ms/step
Epoch 295/800
3/3 - 0s - loss: 0.0905 - mae: 0.0905 - mse: 0.0127 - 27ms/epoch - 9ms/step
Epoch 296/800
3/3 - 0s - loss: 0.0854 - mae: 0.0854 - mse: 0.0119 - 27ms/epoch - 9ms/step
Epoch 297/800
3/3 - 0s - loss: 0.0869 - mae: 0.0869 - mse: 0.0123 - 27ms/epoch - 9ms/step
Epoch 298/800
3/3 - 0s - loss: 0.0932 - mae: 0.0932 - mse: 0.0136 - 27ms/epoch - 9ms/step
Epoch 299/800
3/3 - 0s - loss: 0.0872 - mae: 0.0872 - mse: 0.0130 - 27ms/epoch - 9ms/step
Epoch 300/800
3/3 - 0s - loss: 0.0815 - mae: 0.0815 - mse: 0.0114 - 27ms/epoch - 9ms/step
Epoch 301/800
3/3 - 0s - loss: 0.0753 - mae: 0.0753 - mse: 0.0095 - 27ms/epoch - 9ms/step
Epoch 302/800
3/3 - 0s - loss: 0.0781 - mae: 0.0781 - mse: 0.0096 - 27ms/epoch - 9ms/step
Epoch 303/800
3/3 - 0s - loss: 0.0958 - mae: 0.0958 - mse: 0.0161 - 27ms/epoch - 9ms/step
Epoch 304/800
3/3 - 0s - loss: 0.0891 - mae: 0.0891 - mse: 0.0123 - 27ms/epoch - 9ms/step
Epoch 305/800
3/3 - 0s - loss: 0.0734 - mae: 0.0734 - mse: 0.0093 - 27ms/epoch - 9ms/step
Epoch 306/800
3/3 - 0s - loss: 0.0991 - mae: 0.0991 - mse: 0.0181 - 27ms/epoch - 9ms/step
Epoch 307/800
3/3 - 0s - loss: 0.0649 - mae: 0.0649 - mse: 0.0086 - 27ms/epoch - 9ms/step
Epoch 308/800
3/3 - 0s - loss: 0.0714 - mae: 0.0714 - mse: 0.0103 - 27ms/epoch - 9ms/step
Epoch 309/800
3/3 - 0s - loss: 0.0562 - mae: 0.0562 - mse: 0.0062 - 27ms/epoch - 9ms/step
Epoch 310/800
3/3 - 0s - loss: 0.0619 - mae: 0.0619 - mse: 0.0083 - 27ms/epoch - 9ms/step
Epoch 311/800
3/3 - 0s - loss: 0.0607 - mae: 0.0607 - mse: 0.0075 - 27ms/epoch - 9ms/step
Epoch 312/800
3/3 - 0s - loss: 0.0629 - mae: 0.0629 - mse: 0.0072 - 27ms/epoch - 9ms/step
Epoch 313/800
3/3 - 0s - loss: 0.0565 - mae: 0.0565 - mse: 0.0063 - 27ms/epoch - 9ms/step
Epoch 314/800
3/3 - 0s - loss: 0.0667 - mae: 0.0667 - mse: 0.0082 - 27ms/epoch - 9ms/step
Epoch 315/800
3/3 - 0s - loss: 0.0693 - mae: 0.0693 - mse: 0.0088 - 27ms/epoch - 9ms/step
Epoch 316/800
3/3 - 0s - loss: 0.0516 - mae: 0.0516 - mse: 0.0051 - 26ms/epoch - 9ms/step
Epoch 317/800
3/3 - 0s - loss: 0.0688 - mae: 0.0688 - mse: 0.0090 - 27ms/epoch - 9ms/step
Epoch 318/800
3/3 - 0s - loss: 0.0791 - mae: 0.0791 - mse: 0.0125 - 27ms/epoch - 9ms/step
Epoch 319/800
3/3 - 0s - loss: 0.0697 - mae: 0.0697 - mse: 0.0098 - 27ms/epoch - 9ms/step
Epoch 320/800
3/3 - 0s - loss: 0.0776 - mae: 0.0776 - mse: 0.0097 - 27ms/epoch - 9ms/step
Epoch 321/800
3/3 - 0s - loss: 0.0786 - mae: 0.0786 - mse: 0.0099 - 27ms/epoch - 9ms/step
Epoch 322/800
3/3 - 0s - loss: 0.0659 - mae: 0.0659 - mse: 0.0076 - 27ms/epoch - 9ms/step
Epoch 323/800
3/3 - 0s - loss: 0.0620 - mae: 0.0620 - mse: 0.0070 - 27ms/epoch - 9ms/step
Epoch 324/800
3/3 - 0s - loss: 0.0746 - mae: 0.0746 - mse: 0.0107 - 27ms/epoch - 9ms/step
Epoch 325/800
3/3 - 0s - loss: 0.0483 - mae: 0.0483 - mse: 0.0042 - 27ms/epoch - 9ms/step
Epoch 326/800
3/3 - 0s - loss: 0.0539 - mae: 0.0539 - mse: 0.0052 - 27ms/epoch - 9ms/step
Epoch 327/800
3/3 - 0s - loss: 0.0523 - mae: 0.0523 - mse: 0.0047 - 27ms/epoch - 9ms/step
Epoch 328/800
3/3 - 0s - loss: 0.0489 - mae: 0.0489 - mse: 0.0043 - 27ms/epoch - 9ms/step
Epoch 329/800
3/3 - 0s - loss: 0.0519 - mae: 0.0519 - mse: 0.0045 - 27ms/epoch - 9ms/step
Epoch 330/800
3/3 - 0s - loss: 0.0568 - mae: 0.0568 - mse: 0.0058 - 27ms/epoch - 9ms/step
Epoch 331/800
3/3 - 0s - loss: 0.0445 - mae: 0.0445 - mse: 0.0036 - 27ms/epoch - 9ms/step
Epoch 332/800
3/3 - 0s - loss: 0.0532 - mae: 0.0532 - mse: 0.0051 - 27ms/epoch - 9ms/step
Epoch 333/800
3/3 - 0s - loss: 0.0453 - mae: 0.0453 - mse: 0.0041 - 27ms/epoch - 9ms/step
Epoch 334/800
3/3 - 0s - loss: 0.0519 - mae: 0.0519 - mse: 0.0042 - 27ms/epoch - 9ms/step
Epoch 335/800
3/3 - 0s - loss: 0.0547 - mae: 0.0547 - mse: 0.0053 - 27ms/epoch - 9ms/step
Epoch 336/800
3/3 - 0s - loss: 0.0557 - mae: 0.0557 - mse: 0.0060 - 27ms/epoch - 9ms/step
Epoch 337/800
3/3 - 0s - loss: 0.0544 - mae: 0.0544 - mse: 0.0053 - 27ms/epoch - 9ms/step
Epoch 338/800
3/3 - 0s - loss: 0.0527 - mae: 0.0527 - mse: 0.0055 - 27ms/epoch - 9ms/step
Epoch 339/800
3/3 - 0s - loss: 0.0686 - mae: 0.0686 - mse: 0.0082 - 27ms/epoch - 9ms/step
Epoch 340/800
3/3 - 0s - loss: 0.0657 - mae: 0.0657 - mse: 0.0067 - 27ms/epoch - 9ms/step
Epoch 341/800
3/3 - 0s - loss: 0.0616 - mae: 0.0616 - mse: 0.0063 - 27ms/epoch - 9ms/step
Epoch 342/800
3/3 - 0s - loss: 0.0501 - mae: 0.0501 - mse: 0.0046 - 27ms/epoch - 9ms/step
Epoch 343/800
3/3 - 0s - loss: 0.0647 - mae: 0.0647 - mse: 0.0083 - 27ms/epoch - 9ms/step
Epoch 344/800
3/3 - 0s - loss: 0.0567 - mae: 0.0567 - mse: 0.0052 - 27ms/epoch - 9ms/step
Epoch 345/800
3/3 - 0s - loss: 0.0670 - mae: 0.0670 - mse: 0.0079 - 27ms/epoch - 9ms/step
Epoch 346/800
3/3 - 0s - loss: 0.0708 - mae: 0.0708 - mse: 0.0076 - 27ms/epoch - 9ms/step
Epoch 347/800
3/3 - 0s - loss: 0.0597 - mae: 0.0597 - mse: 0.0068 - 27ms/epoch - 9ms/step
Epoch 348/800
3/3 - 0s - loss: 0.0605 - mae: 0.0605 - mse: 0.0056 - 27ms/epoch - 9ms/step
Epoch 349/800
3/3 - 0s - loss: 0.0836 - mae: 0.0836 - mse: 0.0149 - 27ms/epoch - 9ms/step
Epoch 350/800
3/3 - 0s - loss: 0.0775 - mae: 0.0775 - mse: 0.0132 - 27ms/epoch - 9ms/step
Epoch 351/800
3/3 - 0s - loss: 0.0684 - mae: 0.0684 - mse: 0.0099 - 27ms/epoch - 9ms/step
Epoch 352/800
3/3 - 0s - loss: 0.0683 - mae: 0.0683 - mse: 0.0086 - 27ms/epoch - 9ms/step
Epoch 353/800
3/3 - 0s - loss: 0.0605 - mae: 0.0605 - mse: 0.0066 - 27ms/epoch - 9ms/step
Epoch 354/800
3/3 - 0s - loss: 0.0498 - mae: 0.0498 - mse: 0.0043 - 27ms/epoch - 9ms/step
Epoch 355/800
3/3 - 0s - loss: 0.0538 - mae: 0.0538 - mse: 0.0055 - 27ms/epoch - 9ms/step
Epoch 356/800
3/3 - 0s - loss: 0.0597 - mae: 0.0597 - mse: 0.0077 - 27ms/epoch - 9ms/step
Epoch 357/800
3/3 - 0s - loss: 0.0519 - mae: 0.0519 - mse: 0.0048 - 27ms/epoch - 9ms/step
Epoch 358/800
3/3 - 0s - loss: 0.0622 - mae: 0.0622 - mse: 0.0067 - 27ms/epoch - 9ms/step
Epoch 359/800
3/3 - 0s - loss: 0.0592 - mae: 0.0592 - mse: 0.0067 - 26ms/epoch - 9ms/step
Epoch 360/800
3/3 - 0s - loss: 0.0508 - mae: 0.0508 - mse: 0.0059 - 27ms/epoch - 9ms/step
Epoch 361/800
3/3 - 0s - loss: 0.0511 - mae: 0.0511 - mse: 0.0056 - 27ms/epoch - 9ms/step
Epoch 362/800
3/3 - 0s - loss: 0.0539 - mae: 0.0539 - mse: 0.0052 - 27ms/epoch - 9ms/step
Epoch 363/800
3/3 - 0s - loss: 0.0477 - mae: 0.0477 - mse: 0.0041 - 27ms/epoch - 9ms/step
Epoch 364/800
3/3 - 0s - loss: 0.0492 - mae: 0.0492 - mse: 0.0068 - 27ms/epoch - 9ms/step
Epoch 365/800
3/3 - 0s - loss: 0.0521 - mae: 0.0521 - mse: 0.0058 - 27ms/epoch - 9ms/step
Epoch 366/800
3/3 - 0s - loss: 0.0488 - mae: 0.0488 - mse: 0.0048 - 27ms/epoch - 9ms/step
Epoch 367/800
3/3 - 0s - loss: 0.0580 - mae: 0.0580 - mse: 0.0062 - 27ms/epoch - 9ms/step
Epoch 368/800
3/3 - 0s - loss: 0.0456 - mae: 0.0456 - mse: 0.0038 - 27ms/epoch - 9ms/step
Epoch 369/800
3/3 - 0s - loss: 0.0516 - mae: 0.0516 - mse: 0.0050 - 27ms/epoch - 9ms/step
Epoch 370/800
3/3 - 0s - loss: 0.0546 - mae: 0.0546 - mse: 0.0048 - 27ms/epoch - 9ms/step
Epoch 371/800
3/3 - 0s - loss: 0.0448 - mae: 0.0448 - mse: 0.0037 - 27ms/epoch - 9ms/step
Epoch 372/800
3/3 - 0s - loss: 0.0484 - mae: 0.0484 - mse: 0.0045 - 27ms/epoch - 9ms/step
Epoch 373/800
3/3 - 0s - loss: 0.0550 - mae: 0.0550 - mse: 0.0053 - 27ms/epoch - 9ms/step
Epoch 374/800
3/3 - 0s - loss: 0.0526 - mae: 0.0526 - mse: 0.0057 - 27ms/epoch - 9ms/step
Epoch 375/800
3/3 - 0s - loss: 0.0456 - mae: 0.0456 - mse: 0.0033 - 27ms/epoch - 9ms/step
Epoch 376/800
3/3 - 0s - loss: 0.0587 - mae: 0.0587 - mse: 0.0067 - 27ms/epoch - 9ms/step
Epoch 377/800
3/3 - 0s - loss: 0.0513 - mae: 0.0513 - mse: 0.0053 - 27ms/epoch - 9ms/step
Epoch 378/800
3/3 - 0s - loss: 0.0489 - mae: 0.0489 - mse: 0.0043 - 27ms/epoch - 9ms/step
Epoch 379/800
3/3 - 0s - loss: 0.0564 - mae: 0.0564 - mse: 0.0047 - 27ms/epoch - 9ms/step
Epoch 380/800
3/3 - 0s - loss: 0.0533 - mae: 0.0533 - mse: 0.0047 - 27ms/epoch - 9ms/step
Epoch 381/800
3/3 - 0s - loss: 0.0463 - mae: 0.0463 - mse: 0.0038 - 27ms/epoch - 9ms/step
Epoch 382/800
3/3 - 0s - loss: 0.0533 - mae: 0.0533 - mse: 0.0058 - 26ms/epoch - 9ms/step
Epoch 383/800
3/3 - 0s - loss: 0.0540 - mae: 0.0540 - mse: 0.0053 - 27ms/epoch - 9ms/step
Epoch 384/800
3/3 - 0s - loss: 0.0498 - mae: 0.0498 - mse: 0.0038 - 27ms/epoch - 9ms/step
Epoch 385/800
3/3 - 0s - loss: 0.0484 - mae: 0.0484 - mse: 0.0045 - 27ms/epoch - 9ms/step
Epoch 386/800
3/3 - 0s - loss: 0.0469 - mae: 0.0469 - mse: 0.0050 - 27ms/epoch - 9ms/step
Epoch 387/800
3/3 - 0s - loss: 0.0523 - mae: 0.0523 - mse: 0.0051 - 27ms/epoch - 9ms/step
Epoch 388/800
3/3 - 0s - loss: 0.0404 - mae: 0.0404 - mse: 0.0030 - 27ms/epoch - 9ms/step
Epoch 389/800
3/3 - 0s - loss: 0.0454 - mae: 0.0454 - mse: 0.0040 - 27ms/epoch - 9ms/step
Epoch 390/800
3/3 - 0s - loss: 0.0472 - mae: 0.0472 - mse: 0.0038 - 27ms/epoch - 9ms/step
Epoch 391/800
3/3 - 0s - loss: 0.0498 - mae: 0.0498 - mse: 0.0054 - 27ms/epoch - 9ms/step
Epoch 392/800
3/3 - 0s - loss: 0.0491 - mae: 0.0491 - mse: 0.0050 - 27ms/epoch - 9ms/step
Epoch 393/800
3/3 - 0s - loss: 0.0465 - mae: 0.0465 - mse: 0.0046 - 26ms/epoch - 9ms/step
Epoch 394/800
3/3 - 0s - loss: 0.0529 - mae: 0.0529 - mse: 0.0047 - 27ms/epoch - 9ms/step
Epoch 395/800
3/3 - 0s - loss: 0.0501 - mae: 0.0501 - mse: 0.0062 - 27ms/epoch - 9ms/step
Epoch 396/800
3/3 - 0s - loss: 0.0444 - mae: 0.0444 - mse: 0.0038 - 27ms/epoch - 9ms/step
Epoch 397/800
3/3 - 0s - loss: 0.0459 - mae: 0.0459 - mse: 0.0034 - 27ms/epoch - 9ms/step
Epoch 398/800
3/3 - 0s - loss: 0.0417 - mae: 0.0417 - mse: 0.0029 - 27ms/epoch - 9ms/step
Epoch 399/800
3/3 - 0s - loss: 0.0476 - mae: 0.0476 - mse: 0.0043 - 27ms/epoch - 9ms/step
Epoch 400/800
3/3 - 0s - loss: 0.0423 - mae: 0.0423 - mse: 0.0029 - 30ms/epoch - 10ms/step
Epoch 401/800
3/3 - 0s - loss: 0.0340 - mae: 0.0340 - mse: 0.0018 - 27ms/epoch - 9ms/step
Epoch 402/800
3/3 - 0s - loss: 0.0435 - mae: 0.0435 - mse: 0.0038 - 27ms/epoch - 9ms/step
Epoch 403/800
3/3 - 0s - loss: 0.0483 - mae: 0.0483 - mse: 0.0050 - 27ms/epoch - 9ms/step
Epoch 404/800
3/3 - 0s - loss: 0.0515 - mae: 0.0515 - mse: 0.0048 - 26ms/epoch - 9ms/step
Epoch 405/800
3/3 - 0s - loss: 0.0428 - mae: 0.0428 - mse: 0.0040 - 27ms/epoch - 9ms/step
Epoch 406/800
3/3 - 0s - loss: 0.0424 - mae: 0.0424 - mse: 0.0035 - 27ms/epoch - 9ms/step
Epoch 407/800
3/3 - 0s - loss: 0.0407 - mae: 0.0407 - mse: 0.0029 - 27ms/epoch - 9ms/step
Epoch 408/800
3/3 - 0s - loss: 0.0397 - mae: 0.0397 - mse: 0.0026 - 27ms/epoch - 9ms/step
Epoch 409/800
3/3 - 0s - loss: 0.0432 - mae: 0.0432 - mse: 0.0029 - 27ms/epoch - 9ms/step
Epoch 410/800
3/3 - 0s - loss: 0.0477 - mae: 0.0477 - mse: 0.0037 - 27ms/epoch - 9ms/step
Epoch 411/800
3/3 - 0s - loss: 0.0432 - mae: 0.0432 - mse: 0.0032 - 27ms/epoch - 9ms/step
Epoch 412/800
3/3 - 0s - loss: 0.0485 - mae: 0.0485 - mse: 0.0039 - 27ms/epoch - 9ms/step
Epoch 413/800
3/3 - 0s - loss: 0.0380 - mae: 0.0380 - mse: 0.0022 - 27ms/epoch - 9ms/step
Epoch 414/800
3/3 - 0s - loss: 0.0488 - mae: 0.0488 - mse: 0.0044 - 27ms/epoch - 9ms/step
Epoch 415/800
3/3 - 0s - loss: 0.0469 - mae: 0.0469 - mse: 0.0041 - 27ms/epoch - 9ms/step
Epoch 416/800
3/3 - 0s - loss: 0.0364 - mae: 0.0364 - mse: 0.0021 - 27ms/epoch - 9ms/step
Epoch 417/800
3/3 - 0s - loss: 0.0355 - mae: 0.0355 - mse: 0.0024 - 27ms/epoch - 9ms/step
Epoch 418/800
3/3 - 0s - loss: 0.0355 - mae: 0.0355 - mse: 0.0022 - 27ms/epoch - 9ms/step
Epoch 419/800
3/3 - 0s - loss: 0.0311 - mae: 0.0311 - mse: 0.0017 - 27ms/epoch - 9ms/step
Epoch 420/800
3/3 - 0s - loss: 0.0362 - mae: 0.0362 - mse: 0.0024 - 27ms/epoch - 9ms/step
Epoch 421/800
3/3 - 0s - loss: 0.0305 - mae: 0.0305 - mse: 0.0019 - 27ms/epoch - 9ms/step
Epoch 422/800
3/3 - 0s - loss: 0.0386 - mae: 0.0386 - mse: 0.0027 - 27ms/epoch - 9ms/step
Epoch 423/800
3/3 - 0s - loss: 0.0338 - mae: 0.0338 - mse: 0.0019 - 27ms/epoch - 9ms/step
Epoch 424/800
3/3 - 0s - loss: 0.0312 - mae: 0.0312 - mse: 0.0017 - 27ms/epoch - 9ms/step
Epoch 425/800
3/3 - 0s - loss: 0.0315 - mae: 0.0315 - mse: 0.0017 - 27ms/epoch - 9ms/step
Epoch 426/800
3/3 - 0s - loss: 0.0278 - mae: 0.0278 - mse: 0.0015 - 27ms/epoch - 9ms/step
Epoch 427/800
3/3 - 0s - loss: 0.0355 - mae: 0.0355 - mse: 0.0026 - 27ms/epoch - 9ms/step
Epoch 428/800
3/3 - 0s - loss: 0.0380 - mae: 0.0380 - mse: 0.0023 - 27ms/epoch - 9ms/step
Epoch 429/800
3/3 - 0s - loss: 0.0377 - mae: 0.0377 - mse: 0.0025 - 27ms/epoch - 9ms/step
Epoch 430/800
3/3 - 0s - loss: 0.0362 - mae: 0.0362 - mse: 0.0024 - 27ms/epoch - 9ms/step
Epoch 431/800
3/3 - 0s - loss: 0.0379 - mae: 0.0379 - mse: 0.0025 - 27ms/epoch - 9ms/step
Epoch 432/800
3/3 - 0s - loss: 0.0368 - mae: 0.0368 - mse: 0.0024 - 27ms/epoch - 9ms/step
Epoch 433/800
3/3 - 0s - loss: 0.0384 - mae: 0.0384 - mse: 0.0030 - 27ms/epoch - 9ms/step
Epoch 434/800
3/3 - 0s - loss: 0.0331 - mae: 0.0331 - mse: 0.0020 - 27ms/epoch - 9ms/step
Epoch 435/800
3/3 - 0s - loss: 0.0383 - mae: 0.0383 - mse: 0.0025 - 27ms/epoch - 9ms/step
Epoch 436/800
3/3 - 0s - loss: 0.0372 - mae: 0.0372 - mse: 0.0026 - 27ms/epoch - 9ms/step
Epoch 437/800
3/3 - 0s - loss: 0.0341 - mae: 0.0341 - mse: 0.0021 - 27ms/epoch - 9ms/step
Epoch 438/800
3/3 - 0s - loss: 0.0432 - mae: 0.0432 - mse: 0.0031 - 27ms/epoch - 9ms/step
Epoch 439/800
3/3 - 0s - loss: 0.0397 - mae: 0.0397 - mse: 0.0026 - 27ms/epoch - 9ms/step
Epoch 440/800
3/3 - 0s - loss: 0.0441 - mae: 0.0441 - mse: 0.0032 - 27ms/epoch - 9ms/step
Epoch 441/800
3/3 - 0s - loss: 0.0506 - mae: 0.0506 - mse: 0.0040 - 27ms/epoch - 9ms/step
Epoch 442/800
3/3 - 0s - loss: 0.0544 - mae: 0.0544 - mse: 0.0043 - 27ms/epoch - 9ms/step
Epoch 443/800
3/3 - 0s - loss: 0.0522 - mae: 0.0522 - mse: 0.0050 - 27ms/epoch - 9ms/step
Epoch 444/800
3/3 - 0s - loss: 0.0469 - mae: 0.0469 - mse: 0.0035 - 27ms/epoch - 9ms/step
Epoch 445/800
3/3 - 0s - loss: 0.0509 - mae: 0.0509 - mse: 0.0039 - 27ms/epoch - 9ms/step
Epoch 446/800
3/3 - 0s - loss: 0.0479 - mae: 0.0479 - mse: 0.0040 - 27ms/epoch - 9ms/step
Epoch 447/800
3/3 - 0s - loss: 0.0478 - mae: 0.0478 - mse: 0.0035 - 27ms/epoch - 9ms/step
Epoch 448/800
3/3 - 0s - loss: 0.0426 - mae: 0.0426 - mse: 0.0028 - 27ms/epoch - 9ms/step
Epoch 449/800
3/3 - 0s - loss: 0.0365 - mae: 0.0365 - mse: 0.0024 - 27ms/epoch - 9ms/step
Epoch 450/800
3/3 - 0s - loss: 0.0352 - mae: 0.0352 - mse: 0.0019 - 27ms/epoch - 9ms/step
Epoch 451/800
3/3 - 0s - loss: 0.0448 - mae: 0.0448 - mse: 0.0032 - 27ms/epoch - 9ms/step
Epoch 452/800
3/3 - 0s - loss: 0.0437 - mae: 0.0437 - mse: 0.0031 - 27ms/epoch - 9ms/step
Epoch 453/800
3/3 - 0s - loss: 0.0360 - mae: 0.0360 - mse: 0.0024 - 27ms/epoch - 9ms/step
Epoch 454/800
3/3 - 0s - loss: 0.0322 - mae: 0.0322 - mse: 0.0019 - 27ms/epoch - 9ms/step
Epoch 455/800
3/3 - 0s - loss: 0.0326 - mae: 0.0326 - mse: 0.0020 - 27ms/epoch - 9ms/step
Epoch 456/800
3/3 - 0s - loss: 0.0275 - mae: 0.0275 - mse: 0.0012 - 27ms/epoch - 9ms/step
Epoch 457/800
3/3 - 0s - loss: 0.0344 - mae: 0.0344 - mse: 0.0019 - 27ms/epoch - 9ms/step
Epoch 458/800
3/3 - 0s - loss: 0.0299 - mae: 0.0299 - mse: 0.0017 - 27ms/epoch - 9ms/step
Epoch 459/800
3/3 - 0s - loss: 0.0250 - mae: 0.0250 - mse: 0.0013 - 27ms/epoch - 9ms/step
Epoch 460/800
3/3 - 0s - loss: 0.0288 - mae: 0.0288 - mse: 0.0016 - 27ms/epoch - 9ms/step
Epoch 461/800
3/3 - 0s - loss: 0.0295 - mae: 0.0295 - mse: 0.0019 - 27ms/epoch - 9ms/step
Epoch 462/800
3/3 - 0s - loss: 0.0347 - mae: 0.0347 - mse: 0.0021 - 27ms/epoch - 9ms/step
Epoch 463/800
3/3 - 0s - loss: 0.0406 - mae: 0.0406 - mse: 0.0029 - 27ms/epoch - 9ms/step
Epoch 464/800
3/3 - 0s - loss: 0.0336 - mae: 0.0336 - mse: 0.0021 - 27ms/epoch - 9ms/step
Epoch 465/800
3/3 - 0s - loss: 0.0361 - mae: 0.0361 - mse: 0.0029 - 27ms/epoch - 9ms/step
Epoch 466/800
3/3 - 0s - loss: 0.0391 - mae: 0.0391 - mse: 0.0030 - 27ms/epoch - 9ms/step
Epoch 467/800
3/3 - 0s - loss: 0.0330 - mae: 0.0330 - mse: 0.0019 - 27ms/epoch - 9ms/step
Epoch 468/800
3/3 - 0s - loss: 0.0370 - mae: 0.0370 - mse: 0.0024 - 27ms/epoch - 9ms/step
Epoch 469/800
3/3 - 0s - loss: 0.0396 - mae: 0.0396 - mse: 0.0026 - 27ms/epoch - 9ms/step
Epoch 470/800
3/3 - 0s - loss: 0.0412 - mae: 0.0412 - mse: 0.0030 - 27ms/epoch - 9ms/step
Epoch 471/800
3/3 - 0s - loss: 0.0395 - mae: 0.0395 - mse: 0.0027 - 28ms/epoch - 9ms/step
Epoch 472/800
3/3 - 0s - loss: 0.0385 - mae: 0.0385 - mse: 0.0028 - 27ms/epoch - 9ms/step
Epoch 473/800
3/3 - 0s - loss: 0.0416 - mae: 0.0416 - mse: 0.0027 - 27ms/epoch - 9ms/step
Epoch 474/800
3/3 - 0s - loss: 0.0303 - mae: 0.0303 - mse: 0.0017 - 27ms/epoch - 9ms/step
Epoch 475/800
3/3 - 0s - loss: 0.0316 - mae: 0.0316 - mse: 0.0016 - 27ms/epoch - 9ms/step
Epoch 476/800
3/3 - 0s - loss: 0.0299 - mae: 0.0299 - mse: 0.0018 - 27ms/epoch - 9ms/step
Epoch 477/800
3/3 - 0s - loss: 0.0272 - mae: 0.0272 - mse: 0.0014 - 27ms/epoch - 9ms/step
Epoch 478/800
3/3 - 0s - loss: 0.0271 - mae: 0.0271 - mse: 0.0012 - 27ms/epoch - 9ms/step
Epoch 479/800
3/3 - 0s - loss: 0.0316 - mae: 0.0316 - mse: 0.0016 - 27ms/epoch - 9ms/step
Epoch 480/800
3/3 - 0s - loss: 0.0301 - mae: 0.0301 - mse: 0.0016 - 27ms/epoch - 9ms/step
Epoch 481/800
3/3 - 0s - loss: 0.0370 - mae: 0.0370 - mse: 0.0023 - 27ms/epoch - 9ms/step
Epoch 482/800
3/3 - 0s - loss: 0.0310 - mae: 0.0310 - mse: 0.0015 - 27ms/epoch - 9ms/step
Epoch 483/800
3/3 - 0s - loss: 0.0319 - mae: 0.0319 - mse: 0.0017 - 27ms/epoch - 9ms/step
Epoch 484/800
3/3 - 0s - loss: 0.0319 - mae: 0.0319 - mse: 0.0016 - 27ms/epoch - 9ms/step
Epoch 485/800
3/3 - 0s - loss: 0.0336 - mae: 0.0336 - mse: 0.0020 - 27ms/epoch - 9ms/step
Epoch 486/800
3/3 - 0s - loss: 0.0358 - mae: 0.0358 - mse: 0.0021 - 27ms/epoch - 9ms/step
Epoch 487/800
3/3 - 0s - loss: 0.0330 - mae: 0.0330 - mse: 0.0017 - 26ms/epoch - 9ms/step
Epoch 488/800
3/3 - 0s - loss: 0.0346 - mae: 0.0346 - mse: 0.0021 - 27ms/epoch - 9ms/step
Epoch 489/800
3/3 - 0s - loss: 0.0389 - mae: 0.0389 - mse: 0.0026 - 27ms/epoch - 9ms/step
Epoch 490/800
3/3 - 0s - loss: 0.0278 - mae: 0.0278 - mse: 0.0013 - 27ms/epoch - 9ms/step
Epoch 491/800
3/3 - 0s - loss: 0.0262 - mae: 0.0262 - mse: 0.0010 - 26ms/epoch - 9ms/step
Epoch 492/800
3/3 - 0s - loss: 0.0288 - mae: 0.0288 - mse: 0.0014 - 27ms/epoch - 9ms/step
Epoch 493/800
3/3 - 0s - loss: 0.0326 - mae: 0.0326 - mse: 0.0020 - 27ms/epoch - 9ms/step
Epoch 494/800
3/3 - 0s - loss: 0.0341 - mae: 0.0341 - mse: 0.0022 - 26ms/epoch - 9ms/step
Epoch 495/800
3/3 - 0s - loss: 0.0267 - mae: 0.0267 - mse: 0.0011 - 27ms/epoch - 9ms/step
Epoch 496/800
3/3 - 0s - loss: 0.0261 - mae: 0.0261 - mse: 0.0012 - 27ms/epoch - 9ms/step
Epoch 497/800
3/3 - 0s - loss: 0.0257 - mae: 0.0257 - mse: 0.0012 - 27ms/epoch - 9ms/step
Epoch 498/800
3/3 - 0s - loss: 0.0290 - mae: 0.0290 - mse: 0.0015 - 27ms/epoch - 9ms/step
Epoch 499/800
3/3 - 0s - loss: 0.0269 - mae: 0.0269 - mse: 0.0013 - 27ms/epoch - 9ms/step
Epoch 500/800
3/3 - 0s - loss: 0.0284 - mae: 0.0284 - mse: 0.0013 - 27ms/epoch - 9ms/step
Epoch 501/800
3/3 - 0s - loss: 0.0335 - mae: 0.0335 - mse: 0.0022 - 27ms/epoch - 9ms/step
Epoch 502/800
3/3 - 0s - loss: 0.0376 - mae: 0.0376 - mse: 0.0026 - 27ms/epoch - 9ms/step
Epoch 503/800
3/3 - 0s - loss: 0.0332 - mae: 0.0332 - mse: 0.0018 - 27ms/epoch - 9ms/step
Epoch 504/800
3/3 - 0s - loss: 0.0246 - mae: 0.0246 - mse: 9.8656e-04 - 27ms/epoch - 9ms/step
Epoch 505/800
3/3 - 0s - loss: 0.0266 - mae: 0.0266 - mse: 0.0012 - 27ms/epoch - 9ms/step
Epoch 506/800
3/3 - 0s - loss: 0.0215 - mae: 0.0215 - mse: 8.4358e-04 - 27ms/epoch - 9ms/step
Epoch 507/800
3/3 - 0s - loss: 0.0238 - mae: 0.0238 - mse: 9.7864e-04 - 27ms/epoch - 9ms/step
Epoch 508/800
3/3 - 0s - loss: 0.0259 - mae: 0.0259 - mse: 0.0013 - 27ms/epoch - 9ms/step
Epoch 509/800
3/3 - 0s - loss: 0.0327 - mae: 0.0327 - mse: 0.0018 - 27ms/epoch - 9ms/step
Epoch 510/800
3/3 - 0s - loss: 0.0314 - mae: 0.0314 - mse: 0.0019 - 27ms/epoch - 9ms/step
Epoch 511/800
3/3 - 0s - loss: 0.0270 - mae: 0.0270 - mse: 0.0014 - 27ms/epoch - 9ms/step
Epoch 512/800
3/3 - 0s - loss: 0.0281 - mae: 0.0281 - mse: 0.0014 - 27ms/epoch - 9ms/step
Epoch 513/800
3/3 - 0s - loss: 0.0257 - mae: 0.0257 - mse: 0.0012 - 27ms/epoch - 9ms/step
Epoch 514/800
3/3 - 0s - loss: 0.0285 - mae: 0.0285 - mse: 0.0015 - 27ms/epoch - 9ms/step
Epoch 515/800
3/3 - 0s - loss: 0.0242 - mae: 0.0242 - mse: 0.0010 - 27ms/epoch - 9ms/step
Epoch 516/800
3/3 - 0s - loss: 0.0246 - mae: 0.0246 - mse: 9.8450e-04 - 27ms/epoch - 9ms/step
Epoch 517/800
3/3 - 0s - loss: 0.0209 - mae: 0.0209 - mse: 8.5647e-04 - 27ms/epoch - 9ms/step
Epoch 518/800
3/3 - 0s - loss: 0.0251 - mae: 0.0251 - mse: 0.0011 - 27ms/epoch - 9ms/step
Epoch 519/800
3/3 - 0s - loss: 0.0236 - mae: 0.0236 - mse: 0.0011 - 27ms/epoch - 9ms/step
Epoch 520/800
3/3 - 0s - loss: 0.0316 - mae: 0.0316 - mse: 0.0021 - 27ms/epoch - 9ms/step
Epoch 521/800
3/3 - 0s - loss: 0.0303 - mae: 0.0303 - mse: 0.0015 - 27ms/epoch - 9ms/step
Epoch 522/800
3/3 - 0s - loss: 0.0286 - mae: 0.0286 - mse: 0.0013 - 27ms/epoch - 9ms/step
Epoch 523/800
3/3 - 0s - loss: 0.0237 - mae: 0.0237 - mse: 0.0010 - 27ms/epoch - 9ms/step
Epoch 524/800
3/3 - 0s - loss: 0.0230 - mae: 0.0230 - mse: 0.0011 - 27ms/epoch - 9ms/step
Epoch 525/800
3/3 - 0s - loss: 0.0271 - mae: 0.0271 - mse: 0.0014 - 27ms/epoch - 9ms/step
Epoch 526/800
3/3 - 0s - loss: 0.0325 - mae: 0.0325 - mse: 0.0017 - 27ms/epoch - 9ms/step
Epoch 527/800
3/3 - 0s - loss: 0.0309 - mae: 0.0309 - mse: 0.0016 - 27ms/epoch - 9ms/step
Epoch 528/800
3/3 - 0s - loss: 0.0348 - mae: 0.0348 - mse: 0.0022 - 27ms/epoch - 9ms/step
Epoch 529/800
3/3 - 0s - loss: 0.0284 - mae: 0.0284 - mse: 0.0012 - 27ms/epoch - 9ms/step
Epoch 530/800
3/3 - 0s - loss: 0.0240 - mae: 0.0240 - mse: 9.8291e-04 - 27ms/epoch - 9ms/step
Epoch 531/800
3/3 - 0s - loss: 0.0217 - mae: 0.0217 - mse: 9.1447e-04 - 27ms/epoch - 9ms/step
Epoch 532/800
3/3 - 0s - loss: 0.0195 - mae: 0.0195 - mse: 6.4330e-04 - 27ms/epoch - 9ms/step
Epoch 533/800
3/3 - 0s - loss: 0.0246 - mae: 0.0246 - mse: 0.0012 - 26ms/epoch - 9ms/step
Epoch 534/800
3/3 - 0s - loss: 0.0265 - mae: 0.0265 - mse: 0.0011 - 27ms/epoch - 9ms/step
Epoch 535/800
3/3 - 0s - loss: 0.0225 - mae: 0.0225 - mse: 9.1449e-04 - 27ms/epoch - 9ms/step
Epoch 536/800
3/3 - 0s - loss: 0.0263 - mae: 0.0263 - mse: 0.0012 - 27ms/epoch - 9ms/step
Epoch 537/800
3/3 - 0s - loss: 0.0338 - mae: 0.0338 - mse: 0.0018 - 27ms/epoch - 9ms/step
Epoch 538/800
3/3 - 0s - loss: 0.0302 - mae: 0.0302 - mse: 0.0015 - 27ms/epoch - 9ms/step
Epoch 539/800
3/3 - 0s - loss: 0.0272 - mae: 0.0272 - mse: 0.0012 - 27ms/epoch - 9ms/step
Epoch 540/800
3/3 - 0s - loss: 0.0260 - mae: 0.0260 - mse: 0.0012 - 27ms/epoch - 9ms/step
Epoch 541/800
3/3 - 0s - loss: 0.0254 - mae: 0.0254 - mse: 0.0012 - 27ms/epoch - 9ms/step
Epoch 542/800
3/3 - 0s - loss: 0.0271 - mae: 0.0271 - mse: 0.0013 - 27ms/epoch - 9ms/step
Epoch 543/800
3/3 - 0s - loss: 0.0263 - mae: 0.0263 - mse: 0.0012 - 27ms/epoch - 9ms/step
Epoch 544/800
3/3 - 0s - loss: 0.0279 - mae: 0.0279 - mse: 0.0016 - 27ms/epoch - 9ms/step
Epoch 545/800
3/3 - 0s - loss: 0.0279 - mae: 0.0279 - mse: 0.0015 - 27ms/epoch - 9ms/step
Epoch 546/800
3/3 - 0s - loss: 0.0248 - mae: 0.0248 - mse: 9.9640e-04 - 27ms/epoch - 9ms/step
Epoch 547/800
3/3 - 0s - loss: 0.0275 - mae: 0.0275 - mse: 0.0013 - 27ms/epoch - 9ms/step
Epoch 548/800
3/3 - 0s - loss: 0.0246 - mae: 0.0246 - mse: 9.3852e-04 - 27ms/epoch - 9ms/step
Epoch 549/800
3/3 - 0s - loss: 0.0232 - mae: 0.0232 - mse: 9.7439e-04 - 27ms/epoch - 9ms/step
Epoch 550/800
3/3 - 0s - loss: 0.0239 - mae: 0.0239 - mse: 0.0012 - 27ms/epoch - 9ms/step
Epoch 551/800
3/3 - 0s - loss: 0.0256 - mae: 0.0256 - mse: 0.0017 - 27ms/epoch - 9ms/step
Epoch 552/800
3/3 - 0s - loss: 0.0272 - mae: 0.0272 - mse: 0.0016 - 27ms/epoch - 9ms/step
Epoch 553/800
3/3 - 0s - loss: 0.0270 - mae: 0.0270 - mse: 0.0012 - 27ms/epoch - 9ms/step
Epoch 554/800
3/3 - 0s - loss: 0.0303 - mae: 0.0303 - mse: 0.0015 - 27ms/epoch - 9ms/step
Epoch 555/800
3/3 - 0s - loss: 0.0250 - mae: 0.0250 - mse: 0.0010 - 27ms/epoch - 9ms/step
Epoch 556/800
3/3 - 0s - loss: 0.0230 - mae: 0.0230 - mse: 0.0010 - 27ms/epoch - 9ms/step
Epoch 557/800
3/3 - 0s - loss: 0.0271 - mae: 0.0271 - mse: 0.0014 - 27ms/epoch - 9ms/step
Epoch 558/800
3/3 - 0s - loss: 0.0269 - mae: 0.0269 - mse: 0.0013 - 27ms/epoch - 9ms/step
Epoch 559/800
3/3 - 0s - loss: 0.0230 - mae: 0.0230 - mse: 9.4559e-04 - 27ms/epoch - 9ms/step
Epoch 560/800
3/3 - 0s - loss: 0.0223 - mae: 0.0223 - mse: 0.0011 - 27ms/epoch - 9ms/step
Epoch 561/800
3/3 - 0s - loss: 0.0162 - mae: 0.0162 - mse: 4.6093e-04 - 27ms/epoch - 9ms/step
Epoch 562/800
3/3 - 0s - loss: 0.0199 - mae: 0.0199 - mse: 6.7756e-04 - 27ms/epoch - 9ms/step
Epoch 563/800
3/3 - 0s - loss: 0.0175 - mae: 0.0175 - mse: 5.0391e-04 - 27ms/epoch - 9ms/step
Epoch 564/800
3/3 - 0s - loss: 0.0167 - mae: 0.0167 - mse: 4.6794e-04 - 27ms/epoch - 9ms/step
Epoch 565/800
3/3 - 0s - loss: 0.0221 - mae: 0.0221 - mse: 9.5136e-04 - 27ms/epoch - 9ms/step
Epoch 566/800
3/3 - 0s - loss: 0.0263 - mae: 0.0263 - mse: 0.0012 - 27ms/epoch - 9ms/step
Epoch 567/800
3/3 - 0s - loss: 0.0226 - mae: 0.0226 - mse: 0.0010 - 27ms/epoch - 9ms/step
Epoch 568/800
3/3 - 0s - loss: 0.0219 - mae: 0.0219 - mse: 8.5557e-04 - 27ms/epoch - 9ms/step
Epoch 569/800
3/3 - 0s - loss: 0.0216 - mae: 0.0216 - mse: 7.2149e-04 - 27ms/epoch - 9ms/step
Epoch 570/800
3/3 - 0s - loss: 0.0188 - mae: 0.0188 - mse: 6.4807e-04 - 27ms/epoch - 9ms/step
Epoch 571/800
3/3 - 0s - loss: 0.0208 - mae: 0.0208 - mse: 7.6498e-04 - 27ms/epoch - 9ms/step
Epoch 572/800
3/3 - 0s - loss: 0.0176 - mae: 0.0176 - mse: 6.1875e-04 - 27ms/epoch - 9ms/step
Epoch 573/800
3/3 - 0s - loss: 0.0214 - mae: 0.0214 - mse: 9.4677e-04 - 27ms/epoch - 9ms/step
Epoch 574/800
3/3 - 0s - loss: 0.0197 - mae: 0.0197 - mse: 7.1527e-04 - 27ms/epoch - 9ms/step
Epoch 575/800
3/3 - 0s - loss: 0.0214 - mae: 0.0214 - mse: 7.6327e-04 - 27ms/epoch - 9ms/step
Epoch 576/800
3/3 - 0s - loss: 0.0220 - mae: 0.0220 - mse: 8.8914e-04 - 27ms/epoch - 9ms/step
Epoch 577/800
3/3 - 0s - loss: 0.0209 - mae: 0.0209 - mse: 8.9280e-04 - 27ms/epoch - 9ms/step
Epoch 578/800
3/3 - 0s - loss: 0.0233 - mae: 0.0233 - mse: 0.0011 - 27ms/epoch - 9ms/step
Epoch 579/800
3/3 - 0s - loss: 0.0259 - mae: 0.0259 - mse: 0.0011 - 27ms/epoch - 9ms/step
Epoch 580/800
3/3 - 0s - loss: 0.0224 - mae: 0.0224 - mse: 7.9746e-04 - 27ms/epoch - 9ms/step
Epoch 581/800
3/3 - 0s - loss: 0.0188 - mae: 0.0188 - mse: 6.4719e-04 - 27ms/epoch - 9ms/step
Epoch 582/800
3/3 - 0s - loss: 0.0189 - mae: 0.0189 - mse: 7.3004e-04 - 27ms/epoch - 9ms/step
Epoch 583/800
3/3 - 0s - loss: 0.0196 - mae: 0.0196 - mse: 6.4148e-04 - 27ms/epoch - 9ms/step
Epoch 584/800
3/3 - 0s - loss: 0.0176 - mae: 0.0176 - mse: 5.4324e-04 - 26ms/epoch - 9ms/step
Epoch 585/800
3/3 - 0s - loss: 0.0168 - mae: 0.0168 - mse: 4.8968e-04 - 27ms/epoch - 9ms/step
Epoch 586/800
3/3 - 0s - loss: 0.0208 - mae: 0.0208 - mse: 8.0342e-04 - 27ms/epoch - 9ms/step
Epoch 587/800
3/3 - 0s - loss: 0.0217 - mae: 0.0217 - mse: 7.9917e-04 - 27ms/epoch - 9ms/step
Epoch 588/800
3/3 - 0s - loss: 0.0238 - mae: 0.0238 - mse: 0.0010 - 27ms/epoch - 9ms/step
Epoch 589/800
3/3 - 0s - loss: 0.0233 - mae: 0.0233 - mse: 9.3791e-04 - 27ms/epoch - 9ms/step
Epoch 590/800
3/3 - 0s - loss: 0.0227 - mae: 0.0227 - mse: 8.9903e-04 - 27ms/epoch - 9ms/step
Epoch 591/800
3/3 - 0s - loss: 0.0238 - mae: 0.0238 - mse: 0.0010 - 27ms/epoch - 9ms/step
Epoch 592/800
3/3 - 0s - loss: 0.0224 - mae: 0.0224 - mse: 8.9669e-04 - 27ms/epoch - 9ms/step
Epoch 593/800
3/3 - 0s - loss: 0.0221 - mae: 0.0221 - mse: 7.8446e-04 - 27ms/epoch - 9ms/step
Epoch 594/800
3/3 - 0s - loss: 0.0241 - mae: 0.0241 - mse: 9.6250e-04 - 27ms/epoch - 9ms/step
Epoch 595/800
3/3 - 0s - loss: 0.0204 - mae: 0.0204 - mse: 7.1221e-04 - 27ms/epoch - 9ms/step
Epoch 596/800
3/3 - 0s - loss: 0.0209 - mae: 0.0209 - mse: 7.8281e-04 - 27ms/epoch - 9ms/step
Epoch 597/800
3/3 - 0s - loss: 0.0181 - mae: 0.0181 - mse: 5.1928e-04 - 27ms/epoch - 9ms/step
Epoch 598/800
3/3 - 0s - loss: 0.0188 - mae: 0.0188 - mse: 6.8072e-04 - 27ms/epoch - 9ms/step
Epoch 599/800
3/3 - 0s - loss: 0.0194 - mae: 0.0194 - mse: 7.4227e-04 - 27ms/epoch - 9ms/step
Epoch 600/800
3/3 - 0s - loss: 0.0208 - mae: 0.0208 - mse: 7.7921e-04 - 27ms/epoch - 9ms/step
Epoch 601/800
3/3 - 0s - loss: 0.0224 - mae: 0.0224 - mse: 9.4602e-04 - 27ms/epoch - 9ms/step
Epoch 602/800
3/3 - 0s - loss: 0.0175 - mae: 0.0175 - mse: 5.5973e-04 - 27ms/epoch - 9ms/step
Epoch 603/800
3/3 - 0s - loss: 0.0194 - mae: 0.0194 - mse: 7.2194e-04 - 27ms/epoch - 9ms/step
Epoch 604/800
3/3 - 0s - loss: 0.0172 - mae: 0.0172 - mse: 5.0184e-04 - 27ms/epoch - 9ms/step
Epoch 605/800
3/3 - 0s - loss: 0.0181 - mae: 0.0181 - mse: 5.6625e-04 - 27ms/epoch - 9ms/step
Epoch 606/800
3/3 - 0s - loss: 0.0214 - mae: 0.0214 - mse: 7.9579e-04 - 27ms/epoch - 9ms/step
Epoch 607/800
3/3 - 0s - loss: 0.0218 - mae: 0.0218 - mse: 6.6417e-04 - 27ms/epoch - 9ms/step
Epoch 608/800
3/3 - 0s - loss: 0.0188 - mae: 0.0188 - mse: 5.3352e-04 - 27ms/epoch - 9ms/step
Epoch 609/800
3/3 - 0s - loss: 0.0163 - mae: 0.0163 - mse: 4.6751e-04 - 27ms/epoch - 9ms/step
Epoch 610/800
3/3 - 0s - loss: 0.0169 - mae: 0.0169 - mse: 5.0328e-04 - 27ms/epoch - 9ms/step
Epoch 611/800
3/3 - 0s - loss: 0.0168 - mae: 0.0168 - mse: 5.3179e-04 - 27ms/epoch - 9ms/step
Epoch 612/800
3/3 - 0s - loss: 0.0190 - mae: 0.0190 - mse: 6.6655e-04 - 27ms/epoch - 9ms/step
Epoch 613/800
3/3 - 0s - loss: 0.0231 - mae: 0.0231 - mse: 8.6943e-04 - 27ms/epoch - 9ms/step
Epoch 614/800
3/3 - 0s - loss: 0.0177 - mae: 0.0177 - mse: 5.9086e-04 - 27ms/epoch - 9ms/step
Epoch 615/800
3/3 - 0s - loss: 0.0196 - mae: 0.0196 - mse: 5.9518e-04 - 27ms/epoch - 9ms/step
Epoch 616/800
3/3 - 0s - loss: 0.0186 - mae: 0.0186 - mse: 5.8913e-04 - 27ms/epoch - 9ms/step
Epoch 617/800
3/3 - 0s - loss: 0.0165 - mae: 0.0165 - mse: 4.1778e-04 - 27ms/epoch - 9ms/step
Epoch 618/800
3/3 - 0s - loss: 0.0173 - mae: 0.0173 - mse: 5.5891e-04 - 27ms/epoch - 9ms/step
Epoch 619/800
3/3 - 0s - loss: 0.0181 - mae: 0.0181 - mse: 6.2780e-04 - 26ms/epoch - 9ms/step
Epoch 620/800
3/3 - 0s - loss: 0.0167 - mae: 0.0167 - mse: 5.5234e-04 - 27ms/epoch - 9ms/step
Epoch 621/800
3/3 - 0s - loss: 0.0182 - mae: 0.0182 - mse: 6.3147e-04 - 27ms/epoch - 9ms/step
Epoch 622/800
3/3 - 0s - loss: 0.0159 - mae: 0.0159 - mse: 4.3671e-04 - 27ms/epoch - 9ms/step
Epoch 623/800
3/3 - 0s - loss: 0.0155 - mae: 0.0155 - mse: 4.1187e-04 - 26ms/epoch - 9ms/step
Epoch 624/800
3/3 - 0s - loss: 0.0164 - mae: 0.0164 - mse: 4.8281e-04 - 27ms/epoch - 9ms/step
Epoch 625/800
3/3 - 0s - loss: 0.0157 - mae: 0.0157 - mse: 4.1665e-04 - 27ms/epoch - 9ms/step
Epoch 626/800
3/3 - 0s - loss: 0.0162 - mae: 0.0162 - mse: 4.2337e-04 - 26ms/epoch - 9ms/step
Epoch 627/800
3/3 - 0s - loss: 0.0172 - mae: 0.0172 - mse: 4.5756e-04 - 27ms/epoch - 9ms/step
Epoch 628/800
3/3 - 0s - loss: 0.0156 - mae: 0.0156 - mse: 4.2785e-04 - 27ms/epoch - 9ms/step
Epoch 629/800
3/3 - 0s - loss: 0.0149 - mae: 0.0149 - mse: 3.8152e-04 - 27ms/epoch - 9ms/step
Epoch 630/800
3/3 - 0s - loss: 0.0152 - mae: 0.0152 - mse: 3.7832e-04 - 27ms/epoch - 9ms/step
Epoch 631/800
3/3 - 0s - loss: 0.0155 - mae: 0.0155 - mse: 4.1052e-04 - 26ms/epoch - 9ms/step
Epoch 632/800
3/3 - 0s - loss: 0.0118 - mae: 0.0118 - mse: 2.1923e-04 - 27ms/epoch - 9ms/step
Epoch 633/800
3/3 - 0s - loss: 0.0144 - mae: 0.0144 - mse: 3.7110e-04 - 27ms/epoch - 9ms/step
Epoch 634/800
3/3 - 0s - loss: 0.0147 - mae: 0.0147 - mse: 3.3935e-04 - 27ms/epoch - 9ms/step
Epoch 635/800
3/3 - 0s - loss: 0.0157 - mae: 0.0157 - mse: 4.0853e-04 - 27ms/epoch - 9ms/step
Epoch 636/800
3/3 - 0s - loss: 0.0153 - mae: 0.0153 - mse: 4.3021e-04 - 27ms/epoch - 9ms/step
Epoch 637/800
3/3 - 0s - loss: 0.0137 - mae: 0.0137 - mse: 3.2246e-04 - 27ms/epoch - 9ms/step
Epoch 638/800
3/3 - 0s - loss: 0.0158 - mae: 0.0158 - mse: 4.1752e-04 - 27ms/epoch - 9ms/step
Epoch 639/800
3/3 - 0s - loss: 0.0135 - mae: 0.0135 - mse: 3.0600e-04 - 26ms/epoch - 9ms/step
Epoch 640/800
3/3 - 0s - loss: 0.0204 - mae: 0.0204 - mse: 7.0205e-04 - 27ms/epoch - 9ms/step
Epoch 641/800
3/3 - 0s - loss: 0.0156 - mae: 0.0156 - mse: 4.3252e-04 - 27ms/epoch - 9ms/step
Epoch 642/800
3/3 - 0s - loss: 0.0139 - mae: 0.0139 - mse: 3.9651e-04 - 27ms/epoch - 9ms/step
Epoch 643/800
3/3 - 0s - loss: 0.0150 - mae: 0.0150 - mse: 4.2133e-04 - 27ms/epoch - 9ms/step
Epoch 644/800
3/3 - 0s - loss: 0.0115 - mae: 0.0115 - mse: 2.5632e-04 - 27ms/epoch - 9ms/step
Epoch 645/800
3/3 - 0s - loss: 0.0125 - mae: 0.0125 - mse: 2.8331e-04 - 27ms/epoch - 9ms/step
Epoch 646/800
3/3 - 0s - loss: 0.0115 - mae: 0.0115 - mse: 2.4084e-04 - 27ms/epoch - 9ms/step
Epoch 647/800
3/3 - 0s - loss: 0.0120 - mae: 0.0120 - mse: 2.5413e-04 - 27ms/epoch - 9ms/step
Epoch 648/800
3/3 - 0s - loss: 0.0109 - mae: 0.0109 - mse: 2.1472e-04 - 29ms/epoch - 10ms/step
Epoch 649/800
3/3 - 0s - loss: 0.0119 - mae: 0.0119 - mse: 2.6782e-04 - 27ms/epoch - 9ms/step
Epoch 650/800
3/3 - 0s - loss: 0.0136 - mae: 0.0136 - mse: 2.8774e-04 - 27ms/epoch - 9ms/step
Epoch 651/800
3/3 - 0s - loss: 0.0125 - mae: 0.0125 - mse: 2.6992e-04 - 27ms/epoch - 9ms/step
Epoch 652/800
3/3 - 0s - loss: 0.0149 - mae: 0.0149 - mse: 4.5113e-04 - 27ms/epoch - 9ms/step
Epoch 653/800
3/3 - 0s - loss: 0.0146 - mae: 0.0146 - mse: 3.5928e-04 - 27ms/epoch - 9ms/step
Epoch 654/800
3/3 - 0s - loss: 0.0161 - mae: 0.0161 - mse: 3.8712e-04 - 27ms/epoch - 9ms/step
Epoch 655/800
3/3 - 0s - loss: 0.0148 - mae: 0.0148 - mse: 3.4952e-04 - 27ms/epoch - 9ms/step
Epoch 656/800
3/3 - 0s - loss: 0.0141 - mae: 0.0141 - mse: 3.4255e-04 - 27ms/epoch - 9ms/step
Epoch 657/800
3/3 - 0s - loss: 0.0139 - mae: 0.0139 - mse: 4.1032e-04 - 27ms/epoch - 9ms/step
Epoch 658/800
3/3 - 0s - loss: 0.0125 - mae: 0.0125 - mse: 3.0316e-04 - 27ms/epoch - 9ms/step
Epoch 659/800
3/3 - 0s - loss: 0.0124 - mae: 0.0124 - mse: 2.8856e-04 - 27ms/epoch - 9ms/step
Epoch 660/800
3/3 - 0s - loss: 0.0123 - mae: 0.0123 - mse: 2.5863e-04 - 27ms/epoch - 9ms/step
Epoch 661/800
3/3 - 0s - loss: 0.0119 - mae: 0.0119 - mse: 2.3474e-04 - 27ms/epoch - 9ms/step
Epoch 662/800
3/3 - 0s - loss: 0.0087 - mae: 0.0087 - mse: 1.3248e-04 - 26ms/epoch - 9ms/step
Epoch 663/800
3/3 - 0s - loss: 0.0103 - mae: 0.0103 - mse: 2.0282e-04 - 27ms/epoch - 9ms/step
Epoch 664/800
3/3 - 0s - loss: 0.0117 - mae: 0.0117 - mse: 2.3488e-04 - 27ms/epoch - 9ms/step
Epoch 665/800
3/3 - 0s - loss: 0.0154 - mae: 0.0154 - mse: 3.8762e-04 - 27ms/epoch - 9ms/step
Epoch 666/800
3/3 - 0s - loss: 0.0124 - mae: 0.0124 - mse: 2.6486e-04 - 27ms/epoch - 9ms/step
Epoch 667/800
3/3 - 0s - loss: 0.0118 - mae: 0.0118 - mse: 2.5155e-04 - 27ms/epoch - 9ms/step
Epoch 668/800
3/3 - 0s - loss: 0.0140 - mae: 0.0140 - mse: 3.9582e-04 - 27ms/epoch - 9ms/step
Epoch 669/800
3/3 - 0s - loss: 0.0146 - mae: 0.0146 - mse: 3.4890e-04 - 27ms/epoch - 9ms/step
Epoch 670/800
3/3 - 0s - loss: 0.0128 - mae: 0.0128 - mse: 2.7069e-04 - 27ms/epoch - 9ms/step
Epoch 671/800
3/3 - 0s - loss: 0.0144 - mae: 0.0144 - mse: 3.2505e-04 - 26ms/epoch - 9ms/step
Epoch 672/800
3/3 - 0s - loss: 0.0124 - mae: 0.0124 - mse: 2.5040e-04 - 27ms/epoch - 9ms/step
Epoch 673/800
3/3 - 0s - loss: 0.0125 - mae: 0.0125 - mse: 2.7727e-04 - 27ms/epoch - 9ms/step
Epoch 674/800
3/3 - 0s - loss: 0.0123 - mae: 0.0123 - mse: 2.4961e-04 - 27ms/epoch - 9ms/step
Epoch 675/800
3/3 - 0s - loss: 0.0130 - mae: 0.0130 - mse: 2.9621e-04 - 27ms/epoch - 9ms/step
Epoch 676/800
3/3 - 0s - loss: 0.0126 - mae: 0.0126 - mse: 2.6396e-04 - 27ms/epoch - 9ms/step
Epoch 677/800
3/3 - 0s - loss: 0.0123 - mae: 0.0123 - mse: 2.5112e-04 - 27ms/epoch - 9ms/step
Epoch 678/800
3/3 - 0s - loss: 0.0112 - mae: 0.0112 - mse: 2.3078e-04 - 27ms/epoch - 9ms/step
Epoch 679/800
3/3 - 0s - loss: 0.0121 - mae: 0.0121 - mse: 2.6288e-04 - 27ms/epoch - 9ms/step
Epoch 680/800
3/3 - 0s - loss: 0.0104 - mae: 0.0104 - mse: 2.0246e-04 - 27ms/epoch - 9ms/step
Epoch 681/800
3/3 - 0s - loss: 0.0123 - mae: 0.0123 - mse: 2.5813e-04 - 27ms/epoch - 9ms/step
Epoch 682/800
3/3 - 0s - loss: 0.0143 - mae: 0.0143 - mse: 3.8322e-04 - 27ms/epoch - 9ms/step
Epoch 683/800
3/3 - 0s - loss: 0.0107 - mae: 0.0107 - mse: 2.0732e-04 - 27ms/epoch - 9ms/step
Epoch 684/800
3/3 - 0s - loss: 0.0136 - mae: 0.0136 - mse: 3.1560e-04 - 27ms/epoch - 9ms/step
Epoch 685/800
3/3 - 0s - loss: 0.0120 - mae: 0.0120 - mse: 2.3970e-04 - 27ms/epoch - 9ms/step
Epoch 686/800
3/3 - 0s - loss: 0.0115 - mae: 0.0115 - mse: 2.4614e-04 - 27ms/epoch - 9ms/step
Epoch 687/800
3/3 - 0s - loss: 0.0111 - mae: 0.0111 - mse: 2.2602e-04 - 27ms/epoch - 9ms/step
Epoch 688/800
3/3 - 0s - loss: 0.0113 - mae: 0.0113 - mse: 2.2898e-04 - 27ms/epoch - 9ms/step
Epoch 689/800
3/3 - 0s - loss: 0.0100 - mae: 0.0100 - mse: 1.8192e-04 - 27ms/epoch - 9ms/step
Epoch 690/800
3/3 - 0s - loss: 0.0108 - mae: 0.0108 - mse: 2.0797e-04 - 27ms/epoch - 9ms/step
Epoch 691/800
3/3 - 0s - loss: 0.0111 - mae: 0.0111 - mse: 2.0303e-04 - 27ms/epoch - 9ms/step
Epoch 692/800
3/3 - 0s - loss: 0.0156 - mae: 0.0156 - mse: 4.4069e-04 - 27ms/epoch - 9ms/step
Epoch 693/800
3/3 - 0s - loss: 0.0144 - mae: 0.0144 - mse: 3.5187e-04 - 27ms/epoch - 9ms/step
Epoch 694/800
3/3 - 0s - loss: 0.0149 - mae: 0.0149 - mse: 3.2220e-04 - 27ms/epoch - 9ms/step
Epoch 695/800
3/3 - 0s - loss: 0.0115 - mae: 0.0115 - mse: 2.2102e-04 - 26ms/epoch - 9ms/step
Epoch 696/800
3/3 - 0s - loss: 0.0169 - mae: 0.0169 - mse: 4.1493e-04 - 27ms/epoch - 9ms/step
Epoch 697/800
3/3 - 0s - loss: 0.0114 - mae: 0.0114 - mse: 2.3467e-04 - 27ms/epoch - 9ms/step
Epoch 698/800
3/3 - 0s - loss: 0.0127 - mae: 0.0127 - mse: 2.9060e-04 - 27ms/epoch - 9ms/step
Epoch 699/800
3/3 - 0s - loss: 0.0113 - mae: 0.0113 - mse: 2.0246e-04 - 27ms/epoch - 9ms/step
Epoch 700/800
3/3 - 0s - loss: 0.0124 - mae: 0.0124 - mse: 2.6473e-04 - 27ms/epoch - 9ms/step
Epoch 701/800
3/3 - 0s - loss: 0.0092 - mae: 0.0092 - mse: 1.6225e-04 - 27ms/epoch - 9ms/step
Epoch 702/800
3/3 - 0s - loss: 0.0107 - mae: 0.0107 - mse: 2.1037e-04 - 27ms/epoch - 9ms/step
Epoch 703/800
3/3 - 0s - loss: 0.0099 - mae: 0.0099 - mse: 1.5856e-04 - 27ms/epoch - 9ms/step
Epoch 704/800
3/3 - 0s - loss: 0.0080 - mae: 0.0080 - mse: 1.1062e-04 - 27ms/epoch - 9ms/step
Epoch 705/800
3/3 - 0s - loss: 0.0084 - mae: 0.0084 - mse: 1.4450e-04 - 27ms/epoch - 9ms/step
Epoch 706/800
3/3 - 0s - loss: 0.0086 - mae: 0.0086 - mse: 1.2423e-04 - 27ms/epoch - 9ms/step
Epoch 707/800
3/3 - 0s - loss: 0.0100 - mae: 0.0100 - mse: 1.7439e-04 - 27ms/epoch - 9ms/step
Epoch 708/800
3/3 - 0s - loss: 0.0100 - mae: 0.0100 - mse: 1.6686e-04 - 27ms/epoch - 9ms/step
Epoch 709/800
3/3 - 0s - loss: 0.0086 - mae: 0.0086 - mse: 1.2212e-04 - 27ms/epoch - 9ms/step
Epoch 710/800
3/3 - 0s - loss: 0.0093 - mae: 0.0093 - mse: 1.6109e-04 - 27ms/epoch - 9ms/step
Epoch 711/800
3/3 - 0s - loss: 0.0090 - mae: 0.0090 - mse: 1.4250e-04 - 27ms/epoch - 9ms/step
Epoch 712/800
3/3 - 0s - loss: 0.0081 - mae: 0.0081 - mse: 1.0745e-04 - 27ms/epoch - 9ms/step
Epoch 713/800
3/3 - 0s - loss: 0.0086 - mae: 0.0086 - mse: 1.2505e-04 - 26ms/epoch - 9ms/step
Epoch 714/800
3/3 - 0s - loss: 0.0095 - mae: 0.0095 - mse: 1.5027e-04 - 27ms/epoch - 9ms/step
Epoch 715/800
3/3 - 0s - loss: 0.0082 - mae: 0.0082 - mse: 1.1474e-04 - 27ms/epoch - 9ms/step
Epoch 716/800
3/3 - 0s - loss: 0.0073 - mae: 0.0073 - mse: 1.0364e-04 - 27ms/epoch - 9ms/step
Epoch 717/800
3/3 - 0s - loss: 0.0071 - mae: 0.0071 - mse: 9.5144e-05 - 27ms/epoch - 9ms/step
Epoch 718/800
3/3 - 0s - loss: 0.0063 - mae: 0.0063 - mse: 7.7466e-05 - 27ms/epoch - 9ms/step
Epoch 719/800
3/3 - 0s - loss: 0.0049 - mae: 0.0049 - mse: 5.7789e-05 - 27ms/epoch - 9ms/step
Epoch 720/800
3/3 - 0s - loss: 0.0058 - mae: 0.0058 - mse: 6.8866e-05 - 27ms/epoch - 9ms/step
Epoch 721/800
3/3 - 0s - loss: 0.0045 - mae: 0.0045 - mse: 4.7184e-05 - 27ms/epoch - 9ms/step
Epoch 722/800
3/3 - 0s - loss: 0.0049 - mae: 0.0049 - mse: 6.0891e-05 - 27ms/epoch - 9ms/step
Epoch 723/800
3/3 - 0s - loss: 0.0049 - mae: 0.0049 - mse: 5.2609e-05 - 27ms/epoch - 9ms/step
Epoch 724/800
3/3 - 0s - loss: 0.0052 - mae: 0.0052 - mse: 5.9007e-05 - 27ms/epoch - 9ms/step
Epoch 725/800
3/3 - 0s - loss: 0.0052 - mae: 0.0052 - mse: 5.8220e-05 - 27ms/epoch - 9ms/step
Epoch 726/800
3/3 - 0s - loss: 0.0052 - mae: 0.0052 - mse: 5.9393e-05 - 27ms/epoch - 9ms/step
Epoch 727/800
3/3 - 0s - loss: 0.0046 - mae: 0.0046 - mse: 5.1748e-05 - 27ms/epoch - 9ms/step
Epoch 728/800
3/3 - 0s - loss: 0.0046 - mae: 0.0046 - mse: 4.6786e-05 - 27ms/epoch - 9ms/step
Epoch 729/800
3/3 - 0s - loss: 0.0051 - mae: 0.0051 - mse: 5.5088e-05 - 28ms/epoch - 9ms/step
Epoch 730/800
3/3 - 0s - loss: 0.0041 - mae: 0.0041 - mse: 4.2269e-05 - 27ms/epoch - 9ms/step
Epoch 731/800
3/3 - 0s - loss: 0.0043 - mae: 0.0043 - mse: 4.7654e-05 - 27ms/epoch - 9ms/step
Epoch 732/800
3/3 - 0s - loss: 0.0044 - mae: 0.0044 - mse: 4.7837e-05 - 27ms/epoch - 9ms/step
Epoch 733/800
3/3 - 0s - loss: 0.0046 - mae: 0.0046 - mse: 4.5526e-05 - 27ms/epoch - 9ms/step
Epoch 734/800
3/3 - 0s - loss: 0.0045 - mae: 0.0045 - mse: 5.0182e-05 - 27ms/epoch - 9ms/step
Epoch 735/800
3/3 - 0s - loss: 0.0048 - mae: 0.0048 - mse: 4.7677e-05 - 27ms/epoch - 9ms/step
Epoch 736/800
3/3 - 0s - loss: 0.0051 - mae: 0.0051 - mse: 5.1937e-05 - 28ms/epoch - 9ms/step
Epoch 737/800
3/3 - 0s - loss: 0.0045 - mae: 0.0045 - mse: 4.2690e-05 - 27ms/epoch - 9ms/step
Epoch 738/800
3/3 - 0s - loss: 0.0031 - mae: 0.0031 - mse: 3.2422e-05 - 27ms/epoch - 9ms/step
Epoch 739/800
3/3 - 0s - loss: 0.0034 - mae: 0.0034 - mse: 3.3386e-05 - 27ms/epoch - 9ms/step
Epoch 740/800
3/3 - 0s - loss: 0.0031 - mae: 0.0031 - mse: 3.2019e-05 - 27ms/epoch - 9ms/step
Epoch 741/800
3/3 - 0s - loss: 0.0031 - mae: 0.0031 - mse: 3.0816e-05 - 27ms/epoch - 9ms/step
Epoch 742/800
3/3 - 0s - loss: 0.0029 - mae: 0.0029 - mse: 2.8508e-05 - 27ms/epoch - 9ms/step
Epoch 743/800
3/3 - 0s - loss: 0.0031 - mae: 0.0031 - mse: 3.0419e-05 - 27ms/epoch - 9ms/step
Epoch 744/800
3/3 - 0s - loss: 0.0028 - mae: 0.0028 - mse: 2.8730e-05 - 27ms/epoch - 9ms/step
Epoch 745/800
3/3 - 0s - loss: 0.0030 - mae: 0.0030 - mse: 3.0068e-05 - 27ms/epoch - 9ms/step
Epoch 746/800
3/3 - 0s - loss: 0.0031 - mae: 0.0031 - mse: 3.1950e-05 - 27ms/epoch - 9ms/step
Epoch 747/800
3/3 - 0s - loss: 0.0027 - mae: 0.0027 - mse: 2.7514e-05 - 27ms/epoch - 9ms/step
Epoch 748/800
3/3 - 0s - loss: 0.0027 - mae: 0.0027 - mse: 3.0381e-05 - 27ms/epoch - 9ms/step
Epoch 749/800
3/3 - 0s - loss: 0.0026 - mae: 0.0026 - mse: 2.8695e-05 - 26ms/epoch - 9ms/step
Epoch 750/800
3/3 - 0s - loss: 0.0026 - mae: 0.0026 - mse: 2.7263e-05 - 27ms/epoch - 9ms/step
Epoch 751/800
3/3 - 0s - loss: 0.0025 - mae: 0.0025 - mse: 2.6737e-05 - 27ms/epoch - 9ms/step
Epoch 752/800
3/3 - 0s - loss: 0.0027 - mae: 0.0027 - mse: 2.8359e-05 - 27ms/epoch - 9ms/step
Epoch 753/800
3/3 - 0s - loss: 0.0034 - mae: 0.0034 - mse: 3.2904e-05 - 27ms/epoch - 9ms/step
Epoch 754/800
3/3 - 0s - loss: 0.0039 - mae: 0.0039 - mse: 4.0698e-05 - 27ms/epoch - 9ms/step
Epoch 755/800
3/3 - 0s - loss: 0.0036 - mae: 0.0036 - mse: 3.5498e-05 - 27ms/epoch - 9ms/step
Epoch 756/800
3/3 - 0s - loss: 0.0037 - mae: 0.0037 - mse: 3.7029e-05 - 27ms/epoch - 9ms/step
Epoch 757/800
3/3 - 0s - loss: 0.0033 - mae: 0.0033 - mse: 3.1031e-05 - 27ms/epoch - 9ms/step
Epoch 758/800
3/3 - 0s - loss: 0.0035 - mae: 0.0035 - mse: 3.5416e-05 - 27ms/epoch - 9ms/step
Epoch 759/800
3/3 - 0s - loss: 0.0029 - mae: 0.0029 - mse: 2.9621e-05 - 27ms/epoch - 9ms/step
Epoch 760/800
3/3 - 0s - loss: 0.0032 - mae: 0.0032 - mse: 3.2323e-05 - 27ms/epoch - 9ms/step
Epoch 761/800
3/3 - 0s - loss: 0.0036 - mae: 0.0036 - mse: 3.6755e-05 - 27ms/epoch - 9ms/step
Epoch 762/800
3/3 - 0s - loss: 0.0034 - mae: 0.0034 - mse: 3.5523e-05 - 27ms/epoch - 9ms/step
Epoch 763/800
3/3 - 0s - loss: 0.0032 - mae: 0.0032 - mse: 3.3096e-05 - 27ms/epoch - 9ms/step
Epoch 764/800
3/3 - 0s - loss: 0.0029 - mae: 0.0029 - mse: 2.8209e-05 - 27ms/epoch - 9ms/step
Epoch 765/800
3/3 - 0s - loss: 0.0030 - mae: 0.0030 - mse: 3.0611e-05 - 27ms/epoch - 9ms/step
Epoch 766/800
3/3 - 0s - loss: 0.0032 - mae: 0.0032 - mse: 3.1805e-05 - 27ms/epoch - 9ms/step
Epoch 767/800
3/3 - 0s - loss: 0.0027 - mae: 0.0027 - mse: 2.7816e-05 - 27ms/epoch - 9ms/step
Epoch 768/800
3/3 - 0s - loss: 0.0029 - mae: 0.0029 - mse: 3.0431e-05 - 27ms/epoch - 9ms/step
Epoch 769/800
3/3 - 0s - loss: 0.0033 - mae: 0.0033 - mse: 3.4394e-05 - 27ms/epoch - 9ms/step
Epoch 770/800
3/3 - 0s - loss: 0.0028 - mae: 0.0028 - mse: 2.8386e-05 - 27ms/epoch - 9ms/step
Epoch 771/800
3/3 - 0s - loss: 0.0027 - mae: 0.0027 - mse: 2.9223e-05 - 27ms/epoch - 9ms/step
Epoch 772/800
3/3 - 0s - loss: 0.0028 - mae: 0.0028 - mse: 2.7853e-05 - 27ms/epoch - 9ms/step
Epoch 773/800
3/3 - 0s - loss: 0.0029 - mae: 0.0029 - mse: 2.9597e-05 - 27ms/epoch - 9ms/step
Epoch 774/800
3/3 - 0s - loss: 0.0028 - mae: 0.0028 - mse: 2.9041e-05 - 27ms/epoch - 9ms/step
Epoch 775/800
3/3 - 0s - loss: 0.0031 - mae: 0.0031 - mse: 3.2387e-05 - 27ms/epoch - 9ms/step
Epoch 776/800
3/3 - 0s - loss: 0.0034 - mae: 0.0034 - mse: 3.4080e-05 - 27ms/epoch - 9ms/step
Epoch 777/800
3/3 - 0s - loss: 0.0036 - mae: 0.0036 - mse: 3.5947e-05 - 27ms/epoch - 9ms/step
Epoch 778/800
3/3 - 0s - loss: 0.0038 - mae: 0.0038 - mse: 3.4511e-05 - 27ms/epoch - 9ms/step
Epoch 779/800
3/3 - 0s - loss: 0.0031 - mae: 0.0031 - mse: 3.2705e-05 - 27ms/epoch - 9ms/step
Epoch 780/800
3/3 - 0s - loss: 0.0029 - mae: 0.0029 - mse: 3.0458e-05 - 27ms/epoch - 9ms/step
Epoch 781/800
3/3 - 0s - loss: 0.0025 - mae: 0.0025 - mse: 2.7430e-05 - 27ms/epoch - 9ms/step
Epoch 782/800
3/3 - 0s - loss: 0.0027 - mae: 0.0027 - mse: 2.7719e-05 - 27ms/epoch - 9ms/step
Epoch 783/800
3/3 - 0s - loss: 0.0026 - mae: 0.0026 - mse: 2.7528e-05 - 27ms/epoch - 9ms/step
Epoch 784/800
3/3 - 0s - loss: 0.0025 - mae: 0.0025 - mse: 2.8136e-05 - 27ms/epoch - 9ms/step
Epoch 785/800
3/3 - 0s - loss: 0.0028 - mae: 0.0028 - mse: 3.1019e-05 - 27ms/epoch - 9ms/step
Epoch 786/800
3/3 - 0s - loss: 0.0024 - mae: 0.0024 - mse: 2.6396e-05 - 27ms/epoch - 9ms/step
Epoch 787/800
3/3 - 0s - loss: 0.0025 - mae: 0.0025 - mse: 2.6597e-05 - 27ms/epoch - 9ms/step
Epoch 788/800
3/3 - 0s - loss: 0.0027 - mae: 0.0027 - mse: 2.8186e-05 - 27ms/epoch - 9ms/step
Epoch 789/800
3/3 - 0s - loss: 0.0025 - mae: 0.0025 - mse: 2.6858e-05 - 27ms/epoch - 9ms/step
Epoch 790/800
3/3 - 0s - loss: 0.0029 - mae: 0.0029 - mse: 3.0382e-05 - 27ms/epoch - 9ms/step
Epoch 791/800
3/3 - 0s - loss: 0.0024 - mae: 0.0024 - mse: 2.6431e-05 - 27ms/epoch - 9ms/step
Epoch 792/800
3/3 - 0s - loss: 0.0031 - mae: 0.0031 - mse: 3.1033e-05 - 27ms/epoch - 9ms/step
Epoch 793/800
3/3 - 0s - loss: 0.0030 - mae: 0.0030 - mse: 2.9901e-05 - 27ms/epoch - 9ms/step
Epoch 794/800
3/3 - 0s - loss: 0.0027 - mae: 0.0027 - mse: 2.8953e-05 - 27ms/epoch - 9ms/step
Epoch 795/800
3/3 - 0s - loss: 0.0028 - mae: 0.0028 - mse: 2.8124e-05 - 27ms/epoch - 9ms/step
Epoch 796/800
3/3 - 0s - loss: 0.0034 - mae: 0.0034 - mse: 3.5246e-05 - 27ms/epoch - 9ms/step
Epoch 797/800
3/3 - 0s - loss: 0.0028 - mae: 0.0028 - mse: 2.7460e-05 - 27ms/epoch - 9ms/step
Epoch 798/800
3/3 - 0s - loss: 0.0030 - mae: 0.0030 - mse: 3.2179e-05 - 28ms/epoch - 9ms/step
Epoch 799/800
3/3 - 0s - loss: 0.0029 - mae: 0.0029 - mse: 2.9383e-05 - 27ms/epoch - 9ms/step
Epoch 800/800
3/3 - 0s - loss: 0.0028 - mae: 0.0028 - mse: 3.0017e-05 - 27ms/epoch - 9ms/step
Training finished in 29.86 seconds.

1/2 [==============>...............] - ETA: 0s
2/2 [==============================] - 1s 7ms/step
Fold 1 MAE: 7.5693

--- Starting Fold 2/5 ---
INFO:kgcnn.model.utils:Updated model kwargs: '{'name': 'coGN', 'inputs': {'offset': {'shape': (None, 3), 'name': 'offset', 'dtype': 'float32', 'ragged': True}, 'cell_translation': None, 'affine_matrix': None, 'voronoi_ridge_area': None, 'atomic_number': {'shape': (None,), 'name': 'atomic_number', 'dtype': 'int32', 'ragged': True}, 'frac_coords': None, 'coords': None, 'multiplicity': {'shape': (None,), 'name': 'multiplicity', 'dtype': 'int32', 'ragged': True}, 'lattice_matrix': None, 'edge_indices': {'shape': (None, 2), 'name': 'edge_indices', 'dtype': 'int32', 'ragged': True}, 'line_graph_edge_indices': None}, 'input_block_cfg': {'node_size': 128, 'edge_size': 128, 'atomic_mass': True, 'atomic_radius': True, 'electronegativity': True, 'ionization_energy': True, 'oxidation_states': True, 'edge_embedding_args': {'bins_distance': 32, 'max_distance': 8.0, 'distance_log_base': 1.0, 'bins_voronoi_area': None, 'max_voronoi_area': None}}, 'processing_blocks_cfg': [{'edge_mlp': {'units': [128, 128, 128, 128, 128], 'activation': ['swish', 'swish', 'swish', 'swish', 'swish']}, 'node_mlp': {'units': [128], 'activation': ['swish']}, 'global_mlp': None, 'nested_blocks_cfgs': None, 'aggregate_edges_local': 'sum', 'aggregate_edges_global': None, 'aggregate_nodes': None, 'return_updated_edges': False, 'return_updated_nodes': True, 'return_updated_globals': True, 'edge_attention_mlp_local': {'units': [32, 1], 'activation': ['swish', 'swish']}, 'edge_attention_mlp_global': {'units': [32, 1], 'activation': ['swish', 'swish']}, 'node_attention_mlp': {'units': [32, 1], 'activation': ['swish', 'swish']}, 'edge_gate': None, 'node_gate': None, 'global_gate': None, 'residual_node_update': True, 'residual_edge_update': False, 'residual_global_update': False, 'update_edges_input': [True, True, True, False], 'update_nodes_input': [True, False, False], 'update_global_input': [False, True, False], 'multiplicity_readout': False}, {'edge_mlp': {'units': [128, 128, 128, 128, 128], 'activation': ['swish', 'swish', 'swish', 'swish', 'swish']}, 'node_mlp': {'units': [128], 'activation': ['swish']}, 'global_mlp': None, 'nested_blocks_cfgs': None, 'aggregate_edges_local': 'sum', 'aggregate_edges_global': None, 'aggregate_nodes': None, 'return_updated_edges': False, 'return_updated_nodes': True, 'return_updated_globals': True, 'edge_attention_mlp_local': {'units': [32, 1], 'activation': ['swish', 'swish']}, 'edge_attention_mlp_global': {'units': [32, 1], 'activation': ['swish', 'swish']}, 'node_attention_mlp': {'units': [32, 1], 'activation': ['swish', 'swish']}, 'edge_gate': None, 'node_gate': None, 'global_gate': None, 'residual_node_update': True, 'residual_edge_update': False, 'residual_global_update': False, 'update_edges_input': [True, True, True, False], 'update_nodes_input': [True, False, False], 'update_global_input': [False, True, False], 'multiplicity_readout': False}, {'edge_mlp': {'units': [128, 128, 128, 128, 128], 'activation': ['swish', 'swish', 'swish', 'swish', 'swish']}, 'node_mlp': {'units': [128], 'activation': ['swish']}, 'global_mlp': None, 'nested_blocks_cfgs': None, 'aggregate_edges_local': 'sum', 'aggregate_edges_global': None, 'aggregate_nodes': None, 'return_updated_edges': False, 'return_updated_nodes': True, 'return_updated_globals': True, 'edge_attention_mlp_local': {'units': [32, 1], 'activation': ['swish', 'swish']}, 'edge_attention_mlp_global': {'units': [32, 1], 'activation': ['swish', 'swish']}, 'node_attention_mlp': {'units': [32, 1], 'activation': ['swish', 'swish']}, 'edge_gate': None, 'node_gate': None, 'global_gate': None, 'residual_node_update': True, 'residual_edge_update': False, 'residual_global_update': False, 'update_edges_input': [True, True, True, False], 'update_nodes_input': [True, False, False], 'update_global_input': [False, True, False], 'multiplicity_readout': False}, {'edge_mlp': {'units': [128, 128, 128, 128, 128], 'activation': ['swish', 'swish', 'swish', 'swish', 'swish']}, 'node_mlp': {'units': [128], 'activation': ['swish']}, 'global_mlp': None, 'nested_blocks_cfgs': None, 'aggregate_edges_local': 'sum', 'aggregate_edges_global': None, 'aggregate_nodes': None, 'return_updated_edges': False, 'return_updated_nodes': True, 'return_updated_globals': True, 'edge_attention_mlp_local': {'units': [32, 1], 'activation': ['swish', 'swish']}, 'edge_attention_mlp_global': {'units': [32, 1], 'activation': ['swish', 'swish']}, 'node_attention_mlp': {'units': [32, 1], 'activation': ['swish', 'swish']}, 'edge_gate': None, 'node_gate': None, 'global_gate': None, 'residual_node_update': True, 'residual_edge_update': False, 'residual_global_update': False, 'update_edges_input': [True, True, True, False], 'update_nodes_input': [True, False, False], 'update_global_input': [False, True, False], 'multiplicity_readout': False}, {'edge_mlp': {'units': [128, 128, 128, 128, 128], 'activation': ['swish', 'swish', 'swish', 'swish', 'swish']}, 'node_mlp': {'units': [128], 'activation': ['swish']}, 'global_mlp': None, 'nested_blocks_cfgs': None, 'aggregate_edges_local': 'sum', 'aggregate_edges_global': None, 'aggregate_nodes': None, 'return_updated_edges': False, 'return_updated_nodes': True, 'return_updated_globals': True, 'edge_attention_mlp_local': {'units': [32, 1], 'activation': ['swish', 'swish']}, 'edge_attention_mlp_global': {'units': [32, 1], 'activation': ['swish', 'swish']}, 'node_attention_mlp': {'units': [32, 1], 'activation': ['swish', 'swish']}, 'edge_gate': None, 'node_gate': None, 'global_gate': None, 'residual_node_update': True, 'residual_edge_update': False, 'residual_global_update': False, 'update_edges_input': [True, True, True, False], 'update_nodes_input': [True, False, False], 'update_global_input': [False, True, False], 'multiplicity_readout': False}], 'output_block_cfg': {'edge_mlp': None, 'node_mlp': None, 'global_mlp': {'units': [1], 'activation': ['linear']}, 'nested_blocks_cfgs': None, 'aggregate_edges_local': 'sum', 'aggregate_edges_global': None, 'aggregate_nodes': 'mean', 'return_updated_edges': False, 'return_updated_nodes': True, 'return_updated_globals': True, 'edge_attention_mlp_local': {'units': [32, 1], 'activation': ['swish', 'swish']}, 'edge_attention_mlp_global': {'units': [32, 1], 'activation': ['swish', 'swish']}, 'node_attention_mlp': {'units': [32, 1], 'activation': ['swish', 'swish']}, 'edge_gate': None, 'node_gate': None, 'global_gate': None, 'residual_node_update': False, 'residual_edge_update': False, 'residual_global_update': False, 'update_edges_input': [True, True, True, False], 'update_nodes_input': [True, False, False], 'update_global_input': [False, True, False], 'multiplicity_readout': True}}'.
/gpfs/scratch/acad/htforft/rgouvea/other_datasets/processed_datasets/.venv/lib/python3.9/site-packages/kgcnn/crystal/periodic_table/periodic_table.py:30: FutureWarning: A value is trying to be set on a copy of a DataFrame or Series through chained assignment using an inplace method.
The behavior will change in pandas 3.0. This inplace method will never work because the intermediate object on which we are setting values always behaves as a copy.

For example, when doing 'df[col].method(value, inplace=True)', try using 'df.method({col: value}, inplace=True)' or df[col] = df[col].method(value) instead, to perform the operation inplace on the original object.


  self.data['AtomicRadius'].fillna(imputation_atomic_radius, inplace=True)
/gpfs/scratch/acad/htforft/rgouvea/other_datasets/processed_datasets/.venv/lib/python3.9/site-packages/kgcnn/crystal/periodic_table/periodic_table.py:32: FutureWarning: A value is trying to be set on a copy of a DataFrame or Series through chained assignment using an inplace method.
The behavior will change in pandas 3.0. This inplace method will never work because the intermediate object on which we are setting values always behaves as a copy.

For example, when doing 'df[col].method(value, inplace=True)', try using 'df.method({col: value}, inplace=True)' or df[col] = df[col].method(value) instead, to perform the operation inplace on the original object.


  self.data['Electronegativity'].fillna(imputation_electronegativity, inplace=True)
/gpfs/scratch/acad/htforft/rgouvea/other_datasets/processed_datasets/.venv/lib/python3.9/site-packages/kgcnn/crystal/periodic_table/periodic_table.py:33: FutureWarning: A value is trying to be set on a copy of a DataFrame or Series through chained assignment using an inplace method.
The behavior will change in pandas 3.0. This inplace method will never work because the intermediate object on which we are setting values always behaves as a copy.

For example, when doing 'df[col].method(value, inplace=True)', try using 'df.method({col: value}, inplace=True)' or df[col] = df[col].method(value) instead, to perform the operation inplace on the original object.


  self.data['IonizationEnergy'].fillna(imputation_ionization_energy, inplace=True)
[<KerasTensor: type_spec=RaggedTensorSpec(TensorShape([None, None, 3]), tf.float32, 1, tf.int64) (created by layer 'offset')>, <KerasTensor: type_spec=RaggedTensorSpec(TensorShape([None, None]), tf.int32, 1, tf.int64) (created by layer 'atomic_number')>, <KerasTensor: type_spec=RaggedTensorSpec(TensorShape([None, None]), tf.int32, 1, tf.int64) (created by layer 'multiplicity')>, <KerasTensor: type_spec=RaggedTensorSpec(TensorShape([None, None, 2]), tf.int32, 1, tf.int64) (created by layer 'edge_indices')>]
Training on 178 samples...
Epoch 1/800
/gpfs/scratch/acad/htforft/rgouvea/other_datasets/processed_datasets/.venv/lib/python3.9/site-packages/tensorflow/python/framework/indexed_slices.py:444: UserWarning: Converting sparse IndexedSlices(IndexedSlices(indices=Tensor("gradient_tape/coGN/sequential_graph_network_1/graph_network_9/gather_embedding_selection_12/Reshape_1:0", shape=(None,), dtype=int32), values=Tensor("gradient_tape/coGN/sequential_graph_network_1/graph_network_9/gather_embedding_selection_12/Reshape:0", shape=(None, 128), dtype=float32), dense_shape=Tensor("gradient_tape/coGN/sequential_graph_network_1/graph_network_9/gather_embedding_selection_12/Cast:0", shape=(2,), dtype=int32))) to a dense Tensor of unknown shape. This may consume a large amount of memory.
  warnings.warn(
/gpfs/scratch/acad/htforft/rgouvea/other_datasets/processed_datasets/.venv/lib/python3.9/site-packages/tensorflow/python/framework/indexed_slices.py:444: UserWarning: Converting sparse IndexedSlices(IndexedSlices(indices=Tensor("gradient_tape/coGN/sequential_graph_network_1/graph_network_9/gather_embedding_selection_12/Reshape_3:0", shape=(None,), dtype=int32), values=Tensor("gradient_tape/coGN/sequential_graph_network_1/graph_network_9/gather_embedding_selection_12/Reshape_2:0", shape=(None, 128), dtype=float32), dense_shape=Tensor("gradient_tape/coGN/sequential_graph_network_1/graph_network_9/gather_embedding_selection_12/Cast_1:0", shape=(2,), dtype=int32))) to a dense Tensor of unknown shape. This may consume a large amount of memory.
  warnings.warn(
/gpfs/scratch/acad/htforft/rgouvea/other_datasets/processed_datasets/.venv/lib/python3.9/site-packages/tensorflow/python/framework/indexed_slices.py:444: UserWarning: Converting sparse IndexedSlices(IndexedSlices(indices=Tensor("gradient_tape/coGN/sequential_graph_network_1/graph_network_8/gather_embedding_selection_11/Reshape_1:0", shape=(None,), dtype=int32), values=Tensor("gradient_tape/coGN/sequential_graph_network_1/graph_network_8/gather_embedding_selection_11/Reshape:0", shape=(None, 128), dtype=float32), dense_shape=Tensor("gradient_tape/coGN/sequential_graph_network_1/graph_network_8/gather_embedding_selection_11/Cast:0", shape=(2,), dtype=int32))) to a dense Tensor of unknown shape. This may consume a large amount of memory.
  warnings.warn(
/gpfs/scratch/acad/htforft/rgouvea/other_datasets/processed_datasets/.venv/lib/python3.9/site-packages/tensorflow/python/framework/indexed_slices.py:444: UserWarning: Converting sparse IndexedSlices(IndexedSlices(indices=Tensor("gradient_tape/coGN/sequential_graph_network_1/graph_network_8/gather_embedding_selection_11/Reshape_3:0", shape=(None,), dtype=int32), values=Tensor("gradient_tape/coGN/sequential_graph_network_1/graph_network_8/gather_embedding_selection_11/Reshape_2:0", shape=(None, 128), dtype=float32), dense_shape=Tensor("gradient_tape/coGN/sequential_graph_network_1/graph_network_8/gather_embedding_selection_11/Cast_1:0", shape=(2,), dtype=int32))) to a dense Tensor of unknown shape. This may consume a large amount of memory.
  warnings.warn(
/gpfs/scratch/acad/htforft/rgouvea/other_datasets/processed_datasets/.venv/lib/python3.9/site-packages/tensorflow/python/framework/indexed_slices.py:444: UserWarning: Converting sparse IndexedSlices(IndexedSlices(indices=Tensor("gradient_tape/coGN/sequential_graph_network_1/graph_network_7/gather_embedding_selection_10/Reshape_1:0", shape=(None,), dtype=int32), values=Tensor("gradient_tape/coGN/sequential_graph_network_1/graph_network_7/gather_embedding_selection_10/Reshape:0", shape=(None, 128), dtype=float32), dense_shape=Tensor("gradient_tape/coGN/sequential_graph_network_1/graph_network_7/gather_embedding_selection_10/Cast:0", shape=(2,), dtype=int32))) to a dense Tensor of unknown shape. This may consume a large amount of memory.
  warnings.warn(
/gpfs/scratch/acad/htforft/rgouvea/other_datasets/processed_datasets/.venv/lib/python3.9/site-packages/tensorflow/python/framework/indexed_slices.py:444: UserWarning: Converting sparse IndexedSlices(IndexedSlices(indices=Tensor("gradient_tape/coGN/sequential_graph_network_1/graph_network_7/gather_embedding_selection_10/Reshape_3:0", shape=(None,), dtype=int32), values=Tensor("gradient_tape/coGN/sequential_graph_network_1/graph_network_7/gather_embedding_selection_10/Reshape_2:0", shape=(None, 128), dtype=float32), dense_shape=Tensor("gradient_tape/coGN/sequential_graph_network_1/graph_network_7/gather_embedding_selection_10/Cast_1:0", shape=(2,), dtype=int32))) to a dense Tensor of unknown shape. This may consume a large amount of memory.
  warnings.warn(
/gpfs/scratch/acad/htforft/rgouvea/other_datasets/processed_datasets/.venv/lib/python3.9/site-packages/tensorflow/python/framework/indexed_slices.py:444: UserWarning: Converting sparse IndexedSlices(IndexedSlices(indices=Tensor("gradient_tape/coGN/sequential_graph_network_1/graph_network_6/gather_embedding_selection_9/Reshape_1:0", shape=(None,), dtype=int32), values=Tensor("gradient_tape/coGN/sequential_graph_network_1/graph_network_6/gather_embedding_selection_9/Reshape:0", shape=(None, 128), dtype=float32), dense_shape=Tensor("gradient_tape/coGN/sequential_graph_network_1/graph_network_6/gather_embedding_selection_9/Cast:0", shape=(2,), dtype=int32))) to a dense Tensor of unknown shape. This may consume a large amount of memory.
  warnings.warn(
/gpfs/scratch/acad/htforft/rgouvea/other_datasets/processed_datasets/.venv/lib/python3.9/site-packages/tensorflow/python/framework/indexed_slices.py:444: UserWarning: Converting sparse IndexedSlices(IndexedSlices(indices=Tensor("gradient_tape/coGN/sequential_graph_network_1/graph_network_6/gather_embedding_selection_9/Reshape_3:0", shape=(None,), dtype=int32), values=Tensor("gradient_tape/coGN/sequential_graph_network_1/graph_network_6/gather_embedding_selection_9/Reshape_2:0", shape=(None, 128), dtype=float32), dense_shape=Tensor("gradient_tape/coGN/sequential_graph_network_1/graph_network_6/gather_embedding_selection_9/Cast_1:0", shape=(2,), dtype=int32))) to a dense Tensor of unknown shape. This may consume a large amount of memory.
  warnings.warn(
/gpfs/scratch/acad/htforft/rgouvea/other_datasets/processed_datasets/.venv/lib/python3.9/site-packages/tensorflow/python/framework/indexed_slices.py:444: UserWarning: Converting sparse IndexedSlices(IndexedSlices(indices=Tensor("gradient_tape/coGN/sequential_graph_network_1/graph_network_5/gather_embedding_selection_8/Reshape_1:0", shape=(None,), dtype=int32), values=Tensor("gradient_tape/coGN/sequential_graph_network_1/graph_network_5/gather_embedding_selection_8/Reshape:0", shape=(None, 128), dtype=float32), dense_shape=Tensor("gradient_tape/coGN/sequential_graph_network_1/graph_network_5/gather_embedding_selection_8/Cast:0", shape=(2,), dtype=int32))) to a dense Tensor of unknown shape. This may consume a large amount of memory.
  warnings.warn(
/gpfs/scratch/acad/htforft/rgouvea/other_datasets/processed_datasets/.venv/lib/python3.9/site-packages/tensorflow/python/framework/indexed_slices.py:444: UserWarning: Converting sparse IndexedSlices(IndexedSlices(indices=Tensor("gradient_tape/coGN/sequential_graph_network_1/graph_network_5/gather_embedding_selection_8/Reshape_3:0", shape=(None,), dtype=int32), values=Tensor("gradient_tape/coGN/sequential_graph_network_1/graph_network_5/gather_embedding_selection_8/Reshape_2:0", shape=(None, 128), dtype=float32), dense_shape=Tensor("gradient_tape/coGN/sequential_graph_network_1/graph_network_5/gather_embedding_selection_8/Cast_1:0", shape=(2,), dtype=int32))) to a dense Tensor of unknown shape. This may consume a large amount of memory.
  warnings.warn(
3/3 - 3s - loss: 1.2525 - mae: 1.2525 - mse: 2.4053 - 3s/epoch - 995ms/step
Epoch 2/800
3/3 - 0s - loss: 0.8543 - mae: 0.8543 - mse: 1.2355 - 30ms/epoch - 10ms/step
Epoch 3/800
3/3 - 0s - loss: 0.8222 - mae: 0.8222 - mse: 0.9482 - 30ms/epoch - 10ms/step
Epoch 4/800
3/3 - 0s - loss: 0.7288 - mae: 0.7288 - mse: 0.8460 - 30ms/epoch - 10ms/step
Epoch 5/800
3/3 - 0s - loss: 0.6676 - mae: 0.6676 - mse: 0.6689 - 30ms/epoch - 10ms/step
Epoch 6/800
3/3 - 0s - loss: 0.6143 - mae: 0.6143 - mse: 0.5583 - 30ms/epoch - 10ms/step
Epoch 7/800
3/3 - 0s - loss: 0.5109 - mae: 0.5109 - mse: 0.4243 - 30ms/epoch - 10ms/step
Epoch 8/800
3/3 - 0s - loss: 0.5103 - mae: 0.5103 - mse: 0.4321 - 28ms/epoch - 9ms/step
Epoch 9/800
3/3 - 0s - loss: 0.4456 - mae: 0.4456 - mse: 0.3431 - 27ms/epoch - 9ms/step
Epoch 10/800
3/3 - 0s - loss: 0.4243 - mae: 0.4243 - mse: 0.3085 - 27ms/epoch - 9ms/step
Epoch 11/800
3/3 - 0s - loss: 0.4127 - mae: 0.4127 - mse: 0.2815 - 27ms/epoch - 9ms/step
Epoch 12/800
3/3 - 0s - loss: 0.4106 - mae: 0.4106 - mse: 0.2772 - 28ms/epoch - 9ms/step
Epoch 13/800
3/3 - 0s - loss: 0.5059 - mae: 0.5059 - mse: 0.4035 - 27ms/epoch - 9ms/step
Epoch 14/800
3/3 - 0s - loss: 0.4797 - mae: 0.4797 - mse: 0.3551 - 27ms/epoch - 9ms/step
Epoch 15/800
3/3 - 0s - loss: 0.4287 - mae: 0.4287 - mse: 0.2929 - 27ms/epoch - 9ms/step
Epoch 16/800
3/3 - 0s - loss: 0.4551 - mae: 0.4551 - mse: 0.3244 - 27ms/epoch - 9ms/step
Epoch 17/800
3/3 - 0s - loss: 0.3859 - mae: 0.3859 - mse: 0.2470 - 27ms/epoch - 9ms/step
Epoch 18/800
3/3 - 0s - loss: 0.4313 - mae: 0.4313 - mse: 0.3058 - 27ms/epoch - 9ms/step
Epoch 19/800
3/3 - 0s - loss: 0.4122 - mae: 0.4122 - mse: 0.2817 - 27ms/epoch - 9ms/step
Epoch 20/800
3/3 - 0s - loss: 0.3593 - mae: 0.3593 - mse: 0.2204 - 27ms/epoch - 9ms/step
Epoch 21/800
3/3 - 0s - loss: 0.3531 - mae: 0.3531 - mse: 0.2140 - 27ms/epoch - 9ms/step
Epoch 22/800
3/3 - 0s - loss: 0.3375 - mae: 0.3375 - mse: 0.1988 - 27ms/epoch - 9ms/step
Epoch 23/800
3/3 - 0s - loss: 0.3142 - mae: 0.3142 - mse: 0.1872 - 27ms/epoch - 9ms/step
Epoch 24/800
3/3 - 0s - loss: 0.3008 - mae: 0.3008 - mse: 0.1812 - 27ms/epoch - 9ms/step
Epoch 25/800
3/3 - 0s - loss: 0.2847 - mae: 0.2847 - mse: 0.1683 - 27ms/epoch - 9ms/step
Epoch 26/800
3/3 - 0s - loss: 0.2862 - mae: 0.2862 - mse: 0.1654 - 27ms/epoch - 9ms/step
Epoch 27/800
3/3 - 0s - loss: 0.2803 - mae: 0.2803 - mse: 0.1613 - 27ms/epoch - 9ms/step
Epoch 28/800
3/3 - 0s - loss: 0.2890 - mae: 0.2890 - mse: 0.1605 - 27ms/epoch - 9ms/step
Epoch 29/800
3/3 - 0s - loss: 0.2736 - mae: 0.2736 - mse: 0.1540 - 27ms/epoch - 9ms/step
Epoch 30/800
3/3 - 0s - loss: 0.2588 - mae: 0.2588 - mse: 0.1431 - 27ms/epoch - 9ms/step
Epoch 31/800
3/3 - 0s - loss: 0.2483 - mae: 0.2483 - mse: 0.1384 - 27ms/epoch - 9ms/step
Epoch 32/800
3/3 - 0s - loss: 0.2647 - mae: 0.2647 - mse: 0.1377 - 27ms/epoch - 9ms/step
Epoch 33/800
3/3 - 0s - loss: 0.2566 - mae: 0.2566 - mse: 0.1464 - 27ms/epoch - 9ms/step
Epoch 34/800
3/3 - 0s - loss: 0.3221 - mae: 0.3221 - mse: 0.1930 - 27ms/epoch - 9ms/step
Epoch 35/800
3/3 - 0s - loss: 0.2770 - mae: 0.2770 - mse: 0.1503 - 27ms/epoch - 9ms/step
Epoch 36/800
3/3 - 0s - loss: 0.2386 - mae: 0.2386 - mse: 0.1212 - 27ms/epoch - 9ms/step
Epoch 37/800
3/3 - 0s - loss: 0.2949 - mae: 0.2949 - mse: 0.1522 - 27ms/epoch - 9ms/step
Epoch 38/800
3/3 - 0s - loss: 0.2861 - mae: 0.2861 - mse: 0.1420 - 27ms/epoch - 9ms/step
Epoch 39/800
3/3 - 0s - loss: 0.2539 - mae: 0.2539 - mse: 0.1207 - 27ms/epoch - 9ms/step
Epoch 40/800
3/3 - 0s - loss: 0.2509 - mae: 0.2509 - mse: 0.1200 - 27ms/epoch - 9ms/step
Epoch 41/800
3/3 - 0s - loss: 0.2669 - mae: 0.2669 - mse: 0.1475 - 27ms/epoch - 9ms/step
Epoch 42/800
3/3 - 0s - loss: 0.2742 - mae: 0.2742 - mse: 0.1352 - 27ms/epoch - 9ms/step
Epoch 43/800
3/3 - 0s - loss: 0.2680 - mae: 0.2680 - mse: 0.1500 - 27ms/epoch - 9ms/step
Epoch 44/800
3/3 - 0s - loss: 0.2625 - mae: 0.2625 - mse: 0.1499 - 27ms/epoch - 9ms/step
Epoch 45/800
3/3 - 0s - loss: 0.2499 - mae: 0.2499 - mse: 0.1156 - 27ms/epoch - 9ms/step
Epoch 46/800
3/3 - 0s - loss: 0.3036 - mae: 0.3036 - mse: 0.1844 - 27ms/epoch - 9ms/step
Epoch 47/800
3/3 - 0s - loss: 0.2758 - mae: 0.2758 - mse: 0.1366 - 27ms/epoch - 9ms/step
Epoch 48/800
3/3 - 0s - loss: 0.2999 - mae: 0.2999 - mse: 0.1427 - 27ms/epoch - 9ms/step
Epoch 49/800
3/3 - 0s - loss: 0.2512 - mae: 0.2512 - mse: 0.1402 - 27ms/epoch - 9ms/step
Epoch 50/800
3/3 - 0s - loss: 0.2326 - mae: 0.2326 - mse: 0.1241 - 27ms/epoch - 9ms/step
Epoch 51/800
3/3 - 0s - loss: 0.2329 - mae: 0.2329 - mse: 0.1014 - 27ms/epoch - 9ms/step
Epoch 52/800
3/3 - 0s - loss: 0.2224 - mae: 0.2224 - mse: 0.0943 - 27ms/epoch - 9ms/step
Epoch 53/800
3/3 - 0s - loss: 0.2607 - mae: 0.2607 - mse: 0.1156 - 27ms/epoch - 9ms/step
Epoch 54/800
3/3 - 0s - loss: 0.2240 - mae: 0.2240 - mse: 0.0957 - 27ms/epoch - 9ms/step
Epoch 55/800
3/3 - 0s - loss: 0.2626 - mae: 0.2626 - mse: 0.1346 - 27ms/epoch - 9ms/step
Epoch 56/800
3/3 - 0s - loss: 0.2024 - mae: 0.2024 - mse: 0.0899 - 27ms/epoch - 9ms/step
Epoch 57/800
3/3 - 0s - loss: 0.2279 - mae: 0.2279 - mse: 0.1005 - 27ms/epoch - 9ms/step
Epoch 58/800
3/3 - 0s - loss: 0.2021 - mae: 0.2021 - mse: 0.0851 - 27ms/epoch - 9ms/step
Epoch 59/800
3/3 - 0s - loss: 0.1849 - mae: 0.1849 - mse: 0.0716 - 27ms/epoch - 9ms/step
Epoch 60/800
3/3 - 0s - loss: 0.1897 - mae: 0.1897 - mse: 0.0780 - 27ms/epoch - 9ms/step
Epoch 61/800
3/3 - 0s - loss: 0.2011 - mae: 0.2011 - mse: 0.0877 - 27ms/epoch - 9ms/step
Epoch 62/800
3/3 - 0s - loss: 0.1839 - mae: 0.1839 - mse: 0.0785 - 27ms/epoch - 9ms/step
Epoch 63/800
3/3 - 0s - loss: 0.1874 - mae: 0.1874 - mse: 0.0735 - 27ms/epoch - 9ms/step
Epoch 64/800
3/3 - 0s - loss: 0.1967 - mae: 0.1967 - mse: 0.0925 - 27ms/epoch - 9ms/step
Epoch 65/800
3/3 - 0s - loss: 0.1812 - mae: 0.1812 - mse: 0.0719 - 27ms/epoch - 9ms/step
Epoch 66/800
3/3 - 0s - loss: 0.1769 - mae: 0.1769 - mse: 0.0740 - 27ms/epoch - 9ms/step
Epoch 67/800
3/3 - 0s - loss: 0.1874 - mae: 0.1874 - mse: 0.0723 - 27ms/epoch - 9ms/step
Epoch 68/800
3/3 - 0s - loss: 0.1660 - mae: 0.1660 - mse: 0.0604 - 27ms/epoch - 9ms/step
Epoch 69/800
3/3 - 0s - loss: 0.1886 - mae: 0.1886 - mse: 0.0688 - 27ms/epoch - 9ms/step
Epoch 70/800
3/3 - 0s - loss: 0.1579 - mae: 0.1579 - mse: 0.0557 - 27ms/epoch - 9ms/step
Epoch 71/800
3/3 - 0s - loss: 0.1766 - mae: 0.1766 - mse: 0.0674 - 27ms/epoch - 9ms/step
Epoch 72/800
3/3 - 0s - loss: 0.1776 - mae: 0.1776 - mse: 0.0644 - 27ms/epoch - 9ms/step
Epoch 73/800
3/3 - 0s - loss: 0.1838 - mae: 0.1838 - mse: 0.0678 - 27ms/epoch - 9ms/step
Epoch 74/800
3/3 - 0s - loss: 0.1788 - mae: 0.1788 - mse: 0.0670 - 27ms/epoch - 9ms/step
Epoch 75/800
3/3 - 0s - loss: 0.1925 - mae: 0.1925 - mse: 0.0681 - 27ms/epoch - 9ms/step
Epoch 76/800
3/3 - 0s - loss: 0.1826 - mae: 0.1826 - mse: 0.0644 - 27ms/epoch - 9ms/step
Epoch 77/800
3/3 - 0s - loss: 0.1714 - mae: 0.1714 - mse: 0.0630 - 27ms/epoch - 9ms/step
Epoch 78/800
3/3 - 0s - loss: 0.1914 - mae: 0.1914 - mse: 0.0748 - 27ms/epoch - 9ms/step
Epoch 79/800
3/3 - 0s - loss: 0.1916 - mae: 0.1916 - mse: 0.0824 - 27ms/epoch - 9ms/step
Epoch 80/800
3/3 - 0s - loss: 0.1807 - mae: 0.1807 - mse: 0.0662 - 27ms/epoch - 9ms/step
Epoch 81/800
3/3 - 0s - loss: 0.1810 - mae: 0.1810 - mse: 0.0672 - 27ms/epoch - 9ms/step
Epoch 82/800
3/3 - 0s - loss: 0.1876 - mae: 0.1876 - mse: 0.0700 - 27ms/epoch - 9ms/step
Epoch 83/800
3/3 - 0s - loss: 0.1757 - mae: 0.1757 - mse: 0.0654 - 27ms/epoch - 9ms/step
Epoch 84/800
3/3 - 0s - loss: 0.1671 - mae: 0.1671 - mse: 0.0596 - 27ms/epoch - 9ms/step
Epoch 85/800
3/3 - 0s - loss: 0.1780 - mae: 0.1780 - mse: 0.0654 - 27ms/epoch - 9ms/step
Epoch 86/800
3/3 - 0s - loss: 0.2066 - mae: 0.2066 - mse: 0.0877 - 27ms/epoch - 9ms/step
Epoch 87/800
3/3 - 0s - loss: 0.2164 - mae: 0.2164 - mse: 0.0832 - 27ms/epoch - 9ms/step
Epoch 88/800
3/3 - 0s - loss: 0.2183 - mae: 0.2183 - mse: 0.0940 - 27ms/epoch - 9ms/step
Epoch 89/800
3/3 - 0s - loss: 0.2082 - mae: 0.2082 - mse: 0.0844 - 27ms/epoch - 9ms/step
Epoch 90/800
3/3 - 0s - loss: 0.1906 - mae: 0.1906 - mse: 0.0732 - 27ms/epoch - 9ms/step
Epoch 91/800
3/3 - 0s - loss: 0.1948 - mae: 0.1948 - mse: 0.0740 - 27ms/epoch - 9ms/step
Epoch 92/800
3/3 - 0s - loss: 0.1751 - mae: 0.1751 - mse: 0.0576 - 27ms/epoch - 9ms/step
Epoch 93/800
3/3 - 0s - loss: 0.1600 - mae: 0.1600 - mse: 0.0545 - 27ms/epoch - 9ms/step
Epoch 94/800
3/3 - 0s - loss: 0.1607 - mae: 0.1607 - mse: 0.0553 - 27ms/epoch - 9ms/step
Epoch 95/800
3/3 - 0s - loss: 0.1579 - mae: 0.1579 - mse: 0.0532 - 28ms/epoch - 9ms/step
Epoch 96/800
3/3 - 0s - loss: 0.1949 - mae: 0.1949 - mse: 0.0678 - 27ms/epoch - 9ms/step
Epoch 97/800
3/3 - 0s - loss: 0.2016 - mae: 0.2016 - mse: 0.0728 - 27ms/epoch - 9ms/step
Epoch 98/800
3/3 - 0s - loss: 0.1934 - mae: 0.1934 - mse: 0.0616 - 27ms/epoch - 9ms/step
Epoch 99/800
3/3 - 0s - loss: 0.1852 - mae: 0.1852 - mse: 0.0682 - 27ms/epoch - 9ms/step
Epoch 100/800
3/3 - 0s - loss: 0.1669 - mae: 0.1669 - mse: 0.0605 - 27ms/epoch - 9ms/step
Epoch 101/800
3/3 - 0s - loss: 0.1633 - mae: 0.1633 - mse: 0.0563 - 27ms/epoch - 9ms/step
Epoch 102/800
3/3 - 0s - loss: 0.1767 - mae: 0.1767 - mse: 0.0656 - 27ms/epoch - 9ms/step
Epoch 103/800
3/3 - 0s - loss: 0.1707 - mae: 0.1707 - mse: 0.0665 - 27ms/epoch - 9ms/step
Epoch 104/800
3/3 - 0s - loss: 0.1723 - mae: 0.1723 - mse: 0.0680 - 27ms/epoch - 9ms/step
Epoch 105/800
3/3 - 0s - loss: 0.1419 - mae: 0.1419 - mse: 0.0487 - 27ms/epoch - 9ms/step
Epoch 106/800
3/3 - 0s - loss: 0.1380 - mae: 0.1380 - mse: 0.0458 - 27ms/epoch - 9ms/step
Epoch 107/800
3/3 - 0s - loss: 0.1569 - mae: 0.1569 - mse: 0.0481 - 27ms/epoch - 9ms/step
Epoch 108/800
3/3 - 0s - loss: 0.1755 - mae: 0.1755 - mse: 0.0693 - 27ms/epoch - 9ms/step
Epoch 109/800
3/3 - 0s - loss: 0.1640 - mae: 0.1640 - mse: 0.0474 - 27ms/epoch - 9ms/step
Epoch 110/800
3/3 - 0s - loss: 0.1604 - mae: 0.1604 - mse: 0.0497 - 27ms/epoch - 9ms/step
Epoch 111/800
3/3 - 0s - loss: 0.1371 - mae: 0.1371 - mse: 0.0432 - 27ms/epoch - 9ms/step
Epoch 112/800
3/3 - 0s - loss: 0.1317 - mae: 0.1317 - mse: 0.0403 - 28ms/epoch - 9ms/step
Epoch 113/800
3/3 - 0s - loss: 0.1449 - mae: 0.1449 - mse: 0.0507 - 27ms/epoch - 9ms/step
Epoch 114/800
3/3 - 0s - loss: 0.1431 - mae: 0.1431 - mse: 0.0473 - 27ms/epoch - 9ms/step
Epoch 115/800
3/3 - 0s - loss: 0.1479 - mae: 0.1479 - mse: 0.0503 - 27ms/epoch - 9ms/step
Epoch 116/800
3/3 - 0s - loss: 0.1451 - mae: 0.1451 - mse: 0.0472 - 27ms/epoch - 9ms/step
Epoch 117/800
3/3 - 0s - loss: 0.1214 - mae: 0.1214 - mse: 0.0375 - 27ms/epoch - 9ms/step
Epoch 118/800
3/3 - 0s - loss: 0.1264 - mae: 0.1264 - mse: 0.0420 - 27ms/epoch - 9ms/step
Epoch 119/800
3/3 - 0s - loss: 0.1395 - mae: 0.1395 - mse: 0.0463 - 27ms/epoch - 9ms/step
Epoch 120/800
3/3 - 0s - loss: 0.1311 - mae: 0.1311 - mse: 0.0443 - 27ms/epoch - 9ms/step
Epoch 121/800
3/3 - 0s - loss: 0.1579 - mae: 0.1579 - mse: 0.0487 - 27ms/epoch - 9ms/step
Epoch 122/800
3/3 - 0s - loss: 0.1370 - mae: 0.1370 - mse: 0.0491 - 27ms/epoch - 9ms/step
Epoch 123/800
3/3 - 0s - loss: 0.1405 - mae: 0.1405 - mse: 0.0470 - 27ms/epoch - 9ms/step
Epoch 124/800
3/3 - 0s - loss: 0.1296 - mae: 0.1296 - mse: 0.0386 - 27ms/epoch - 9ms/step
Epoch 125/800
3/3 - 0s - loss: 0.1434 - mae: 0.1434 - mse: 0.0410 - 27ms/epoch - 9ms/step
Epoch 126/800
3/3 - 0s - loss: 0.1354 - mae: 0.1354 - mse: 0.0400 - 27ms/epoch - 9ms/step
Epoch 127/800
3/3 - 0s - loss: 0.1412 - mae: 0.1412 - mse: 0.0405 - 27ms/epoch - 9ms/step
Epoch 128/800
3/3 - 0s - loss: 0.1383 - mae: 0.1383 - mse: 0.0435 - 27ms/epoch - 9ms/step
Epoch 129/800
3/3 - 0s - loss: 0.1653 - mae: 0.1653 - mse: 0.0541 - 27ms/epoch - 9ms/step
Epoch 130/800
3/3 - 0s - loss: 0.1567 - mae: 0.1567 - mse: 0.0523 - 27ms/epoch - 9ms/step
Epoch 131/800
3/3 - 0s - loss: 0.1471 - mae: 0.1471 - mse: 0.0430 - 27ms/epoch - 9ms/step
Epoch 132/800
3/3 - 0s - loss: 0.1371 - mae: 0.1371 - mse: 0.0409 - 27ms/epoch - 9ms/step
Epoch 133/800
3/3 - 0s - loss: 0.1459 - mae: 0.1459 - mse: 0.0411 - 27ms/epoch - 9ms/step
Epoch 134/800
3/3 - 0s - loss: 0.1418 - mae: 0.1418 - mse: 0.0441 - 27ms/epoch - 9ms/step
Epoch 135/800
3/3 - 0s - loss: 0.1381 - mae: 0.1381 - mse: 0.0461 - 27ms/epoch - 9ms/step
Epoch 136/800
3/3 - 0s - loss: 0.1070 - mae: 0.1070 - mse: 0.0312 - 27ms/epoch - 9ms/step
Epoch 137/800
3/3 - 0s - loss: 0.1234 - mae: 0.1234 - mse: 0.0358 - 27ms/epoch - 9ms/step
Epoch 138/800
3/3 - 0s - loss: 0.1275 - mae: 0.1275 - mse: 0.0389 - 27ms/epoch - 9ms/step
Epoch 139/800
3/3 - 0s - loss: 0.1200 - mae: 0.1200 - mse: 0.0351 - 27ms/epoch - 9ms/step
Epoch 140/800
3/3 - 0s - loss: 0.1351 - mae: 0.1351 - mse: 0.0414 - 27ms/epoch - 9ms/step
Epoch 141/800
3/3 - 0s - loss: 0.1280 - mae: 0.1280 - mse: 0.0385 - 27ms/epoch - 9ms/step
Epoch 142/800
3/3 - 0s - loss: 0.1437 - mae: 0.1437 - mse: 0.0489 - 27ms/epoch - 9ms/step
Epoch 143/800
3/3 - 0s - loss: 0.1267 - mae: 0.1267 - mse: 0.0380 - 27ms/epoch - 9ms/step
Epoch 144/800
3/3 - 0s - loss: 0.1229 - mae: 0.1229 - mse: 0.0391 - 27ms/epoch - 9ms/step
Epoch 145/800
3/3 - 0s - loss: 0.1074 - mae: 0.1074 - mse: 0.0340 - 27ms/epoch - 9ms/step
Epoch 146/800
3/3 - 0s - loss: 0.1493 - mae: 0.1493 - mse: 0.0541 - 27ms/epoch - 9ms/step
Epoch 147/800
3/3 - 0s - loss: 0.1285 - mae: 0.1285 - mse: 0.0388 - 27ms/epoch - 9ms/step
Epoch 148/800
3/3 - 0s - loss: 0.1313 - mae: 0.1313 - mse: 0.0409 - 27ms/epoch - 9ms/step
Epoch 149/800
3/3 - 0s - loss: 0.1505 - mae: 0.1505 - mse: 0.0499 - 27ms/epoch - 9ms/step
Epoch 150/800
3/3 - 0s - loss: 0.1385 - mae: 0.1385 - mse: 0.0444 - 27ms/epoch - 9ms/step
Epoch 151/800
3/3 - 0s - loss: 0.1187 - mae: 0.1187 - mse: 0.0325 - 27ms/epoch - 9ms/step
Epoch 152/800
3/3 - 0s - loss: 0.1243 - mae: 0.1243 - mse: 0.0315 - 27ms/epoch - 9ms/step
Epoch 153/800
3/3 - 0s - loss: 0.1374 - mae: 0.1374 - mse: 0.0362 - 27ms/epoch - 9ms/step
Epoch 154/800
3/3 - 0s - loss: 0.1205 - mae: 0.1205 - mse: 0.0347 - 27ms/epoch - 9ms/step
Epoch 155/800
3/3 - 0s - loss: 0.1191 - mae: 0.1191 - mse: 0.0321 - 27ms/epoch - 9ms/step
Epoch 156/800
3/3 - 0s - loss: 0.1226 - mae: 0.1226 - mse: 0.0330 - 27ms/epoch - 9ms/step
Epoch 157/800
3/3 - 0s - loss: 0.1125 - mae: 0.1125 - mse: 0.0299 - 27ms/epoch - 9ms/step
Epoch 158/800
3/3 - 0s - loss: 0.1075 - mae: 0.1075 - mse: 0.0267 - 27ms/epoch - 9ms/step
Epoch 159/800
3/3 - 0s - loss: 0.0979 - mae: 0.0979 - mse: 0.0236 - 27ms/epoch - 9ms/step
Epoch 160/800
3/3 - 0s - loss: 0.1064 - mae: 0.1064 - mse: 0.0282 - 27ms/epoch - 9ms/step
Epoch 161/800
3/3 - 0s - loss: 0.1059 - mae: 0.1059 - mse: 0.0268 - 27ms/epoch - 9ms/step
Epoch 162/800
3/3 - 0s - loss: 0.1220 - mae: 0.1220 - mse: 0.0329 - 27ms/epoch - 9ms/step
Epoch 163/800
3/3 - 0s - loss: 0.1059 - mae: 0.1059 - mse: 0.0298 - 27ms/epoch - 9ms/step
Epoch 164/800
3/3 - 0s - loss: 0.1137 - mae: 0.1137 - mse: 0.0320 - 27ms/epoch - 9ms/step
Epoch 165/800
3/3 - 0s - loss: 0.1048 - mae: 0.1048 - mse: 0.0285 - 27ms/epoch - 9ms/step
Epoch 166/800
3/3 - 0s - loss: 0.1103 - mae: 0.1103 - mse: 0.0265 - 27ms/epoch - 9ms/step
Epoch 167/800
3/3 - 0s - loss: 0.1050 - mae: 0.1050 - mse: 0.0254 - 27ms/epoch - 9ms/step
Epoch 168/800
3/3 - 0s - loss: 0.1054 - mae: 0.1054 - mse: 0.0255 - 27ms/epoch - 9ms/step
Epoch 169/800
3/3 - 0s - loss: 0.1086 - mae: 0.1086 - mse: 0.0271 - 27ms/epoch - 9ms/step
Epoch 170/800
3/3 - 0s - loss: 0.1159 - mae: 0.1159 - mse: 0.0289 - 27ms/epoch - 9ms/step
Epoch 171/800
3/3 - 0s - loss: 0.0886 - mae: 0.0886 - mse: 0.0205 - 27ms/epoch - 9ms/step
Epoch 172/800
3/3 - 0s - loss: 0.0963 - mae: 0.0963 - mse: 0.0244 - 27ms/epoch - 9ms/step
Epoch 173/800
3/3 - 0s - loss: 0.1206 - mae: 0.1206 - mse: 0.0363 - 27ms/epoch - 9ms/step
Epoch 174/800
3/3 - 0s - loss: 0.1039 - mae: 0.1039 - mse: 0.0248 - 27ms/epoch - 9ms/step
Epoch 175/800
3/3 - 0s - loss: 0.1063 - mae: 0.1063 - mse: 0.0253 - 27ms/epoch - 9ms/step
Epoch 176/800
3/3 - 0s - loss: 0.1048 - mae: 0.1048 - mse: 0.0240 - 27ms/epoch - 9ms/step
Epoch 177/800
3/3 - 0s - loss: 0.1038 - mae: 0.1038 - mse: 0.0252 - 27ms/epoch - 9ms/step
Epoch 178/800
3/3 - 0s - loss: 0.1286 - mae: 0.1286 - mse: 0.0334 - 27ms/epoch - 9ms/step
Epoch 179/800
3/3 - 0s - loss: 0.1150 - mae: 0.1150 - mse: 0.0276 - 27ms/epoch - 9ms/step
Epoch 180/800
3/3 - 0s - loss: 0.1215 - mae: 0.1215 - mse: 0.0319 - 27ms/epoch - 9ms/step
Epoch 181/800
3/3 - 0s - loss: 0.1398 - mae: 0.1398 - mse: 0.0415 - 27ms/epoch - 9ms/step
Epoch 182/800
3/3 - 0s - loss: 0.1159 - mae: 0.1159 - mse: 0.0305 - 27ms/epoch - 9ms/step
Epoch 183/800
3/3 - 0s - loss: 0.1200 - mae: 0.1200 - mse: 0.0285 - 27ms/epoch - 9ms/step
Epoch 184/800
3/3 - 0s - loss: 0.1173 - mae: 0.1173 - mse: 0.0288 - 27ms/epoch - 9ms/step
Epoch 185/800
3/3 - 0s - loss: 0.1086 - mae: 0.1086 - mse: 0.0245 - 27ms/epoch - 9ms/step
Epoch 186/800
3/3 - 0s - loss: 0.1013 - mae: 0.1013 - mse: 0.0247 - 27ms/epoch - 9ms/step
Epoch 187/800
3/3 - 0s - loss: 0.0997 - mae: 0.0997 - mse: 0.0225 - 27ms/epoch - 9ms/step
Epoch 188/800
3/3 - 0s - loss: 0.1195 - mae: 0.1195 - mse: 0.0271 - 27ms/epoch - 9ms/step
Epoch 189/800
3/3 - 0s - loss: 0.1140 - mae: 0.1140 - mse: 0.0277 - 27ms/epoch - 9ms/step
Epoch 190/800
3/3 - 0s - loss: 0.1127 - mae: 0.1127 - mse: 0.0265 - 27ms/epoch - 9ms/step
Epoch 191/800
3/3 - 0s - loss: 0.1079 - mae: 0.1079 - mse: 0.0268 - 27ms/epoch - 9ms/step
Epoch 192/800
3/3 - 0s - loss: 0.1373 - mae: 0.1373 - mse: 0.0349 - 27ms/epoch - 9ms/step
Epoch 193/800
3/3 - 0s - loss: 0.1151 - mae: 0.1151 - mse: 0.0277 - 27ms/epoch - 9ms/step
Epoch 194/800
3/3 - 0s - loss: 0.1147 - mae: 0.1147 - mse: 0.0266 - 27ms/epoch - 9ms/step
Epoch 195/800
3/3 - 0s - loss: 0.1148 - mae: 0.1148 - mse: 0.0289 - 27ms/epoch - 9ms/step
Epoch 196/800
3/3 - 0s - loss: 0.1036 - mae: 0.1036 - mse: 0.0247 - 27ms/epoch - 9ms/step
Epoch 197/800
3/3 - 0s - loss: 0.1125 - mae: 0.1125 - mse: 0.0261 - 27ms/epoch - 9ms/step
Epoch 198/800
3/3 - 0s - loss: 0.1046 - mae: 0.1046 - mse: 0.0215 - 27ms/epoch - 9ms/step
Epoch 199/800
3/3 - 0s - loss: 0.1247 - mae: 0.1247 - mse: 0.0324 - 27ms/epoch - 9ms/step
Epoch 200/800
3/3 - 0s - loss: 0.1144 - mae: 0.1144 - mse: 0.0244 - 27ms/epoch - 9ms/step
Epoch 201/800
3/3 - 0s - loss: 0.1105 - mae: 0.1105 - mse: 0.0239 - 27ms/epoch - 9ms/step
Epoch 202/800
3/3 - 0s - loss: 0.0953 - mae: 0.0953 - mse: 0.0190 - 27ms/epoch - 9ms/step
Epoch 203/800
3/3 - 0s - loss: 0.0931 - mae: 0.0931 - mse: 0.0180 - 27ms/epoch - 9ms/step
Epoch 204/800
3/3 - 0s - loss: 0.1159 - mae: 0.1159 - mse: 0.0252 - 27ms/epoch - 9ms/step
Epoch 205/800
3/3 - 0s - loss: 0.1187 - mae: 0.1187 - mse: 0.0245 - 27ms/epoch - 9ms/step
Epoch 206/800
3/3 - 0s - loss: 0.1004 - mae: 0.1004 - mse: 0.0206 - 27ms/epoch - 9ms/step
Epoch 207/800
3/3 - 0s - loss: 0.1003 - mae: 0.1003 - mse: 0.0213 - 27ms/epoch - 9ms/step
Epoch 208/800
3/3 - 0s - loss: 0.1363 - mae: 0.1363 - mse: 0.0402 - 27ms/epoch - 9ms/step
Epoch 209/800
3/3 - 0s - loss: 0.1192 - mae: 0.1192 - mse: 0.0262 - 27ms/epoch - 9ms/step
Epoch 210/800
3/3 - 0s - loss: 0.1122 - mae: 0.1122 - mse: 0.0235 - 27ms/epoch - 9ms/step
Epoch 211/800
3/3 - 0s - loss: 0.1076 - mae: 0.1076 - mse: 0.0253 - 27ms/epoch - 9ms/step
Epoch 212/800
3/3 - 0s - loss: 0.0979 - mae: 0.0979 - mse: 0.0178 - 27ms/epoch - 9ms/step
Epoch 213/800
3/3 - 0s - loss: 0.0922 - mae: 0.0922 - mse: 0.0159 - 27ms/epoch - 9ms/step
Epoch 214/800
3/3 - 0s - loss: 0.0875 - mae: 0.0875 - mse: 0.0148 - 27ms/epoch - 9ms/step
Epoch 215/800
3/3 - 0s - loss: 0.0918 - mae: 0.0918 - mse: 0.0167 - 27ms/epoch - 9ms/step
Epoch 216/800
3/3 - 0s - loss: 0.0983 - mae: 0.0983 - mse: 0.0179 - 27ms/epoch - 9ms/step
Epoch 217/800
3/3 - 0s - loss: 0.0906 - mae: 0.0906 - mse: 0.0171 - 27ms/epoch - 9ms/step
Epoch 218/800
3/3 - 0s - loss: 0.1018 - mae: 0.1018 - mse: 0.0196 - 27ms/epoch - 9ms/step
Epoch 219/800
3/3 - 0s - loss: 0.1003 - mae: 0.1003 - mse: 0.0192 - 27ms/epoch - 9ms/step
Epoch 220/800
3/3 - 0s - loss: 0.1173 - mae: 0.1173 - mse: 0.0246 - 27ms/epoch - 9ms/step
Epoch 221/800
3/3 - 0s - loss: 0.1201 - mae: 0.1201 - mse: 0.0250 - 27ms/epoch - 9ms/step
Epoch 222/800
3/3 - 0s - loss: 0.1065 - mae: 0.1065 - mse: 0.0220 - 27ms/epoch - 9ms/step
Epoch 223/800
3/3 - 0s - loss: 0.0890 - mae: 0.0890 - mse: 0.0186 - 27ms/epoch - 9ms/step
Epoch 224/800
3/3 - 0s - loss: 0.0923 - mae: 0.0923 - mse: 0.0186 - 27ms/epoch - 9ms/step
Epoch 225/800
3/3 - 0s - loss: 0.1040 - mae: 0.1040 - mse: 0.0218 - 27ms/epoch - 9ms/step
Epoch 226/800
3/3 - 0s - loss: 0.1077 - mae: 0.1077 - mse: 0.0253 - 27ms/epoch - 9ms/step
Epoch 227/800
3/3 - 0s - loss: 0.1083 - mae: 0.1083 - mse: 0.0221 - 27ms/epoch - 9ms/step
Epoch 228/800
3/3 - 0s - loss: 0.0923 - mae: 0.0923 - mse: 0.0190 - 27ms/epoch - 9ms/step
Epoch 229/800
3/3 - 0s - loss: 0.0819 - mae: 0.0819 - mse: 0.0120 - 27ms/epoch - 9ms/step
Epoch 230/800
3/3 - 0s - loss: 0.0915 - mae: 0.0915 - mse: 0.0155 - 27ms/epoch - 9ms/step
Epoch 231/800
3/3 - 0s - loss: 0.0772 - mae: 0.0772 - mse: 0.0110 - 27ms/epoch - 9ms/step
Epoch 232/800
3/3 - 0s - loss: 0.0812 - mae: 0.0812 - mse: 0.0125 - 27ms/epoch - 9ms/step
Epoch 233/800
3/3 - 0s - loss: 0.0818 - mae: 0.0818 - mse: 0.0137 - 27ms/epoch - 9ms/step
Epoch 234/800
3/3 - 0s - loss: 0.0825 - mae: 0.0825 - mse: 0.0132 - 27ms/epoch - 9ms/step
Epoch 235/800
3/3 - 0s - loss: 0.0720 - mae: 0.0720 - mse: 0.0098 - 27ms/epoch - 9ms/step
Epoch 236/800
3/3 - 0s - loss: 0.0937 - mae: 0.0937 - mse: 0.0197 - 27ms/epoch - 9ms/step
Epoch 237/800
3/3 - 0s - loss: 0.0975 - mae: 0.0975 - mse: 0.0198 - 27ms/epoch - 9ms/step
Epoch 238/800
3/3 - 0s - loss: 0.1070 - mae: 0.1070 - mse: 0.0252 - 27ms/epoch - 9ms/step
Epoch 239/800
3/3 - 0s - loss: 0.1169 - mae: 0.1169 - mse: 0.0262 - 27ms/epoch - 9ms/step
Epoch 240/800
3/3 - 0s - loss: 0.1038 - mae: 0.1038 - mse: 0.0209 - 27ms/epoch - 9ms/step
Epoch 241/800
3/3 - 0s - loss: 0.0912 - mae: 0.0912 - mse: 0.0146 - 27ms/epoch - 9ms/step
Epoch 242/800
3/3 - 0s - loss: 0.1041 - mae: 0.1041 - mse: 0.0232 - 27ms/epoch - 9ms/step
Epoch 243/800
3/3 - 0s - loss: 0.0993 - mae: 0.0993 - mse: 0.0171 - 27ms/epoch - 9ms/step
Epoch 244/800
3/3 - 0s - loss: 0.1064 - mae: 0.1064 - mse: 0.0228 - 27ms/epoch - 9ms/step
Epoch 245/800
3/3 - 0s - loss: 0.0862 - mae: 0.0862 - mse: 0.0152 - 27ms/epoch - 9ms/step
Epoch 246/800
3/3 - 0s - loss: 0.0844 - mae: 0.0844 - mse: 0.0144 - 27ms/epoch - 9ms/step
Epoch 247/800
3/3 - 0s - loss: 0.0942 - mae: 0.0942 - mse: 0.0193 - 27ms/epoch - 9ms/step
Epoch 248/800
3/3 - 0s - loss: 0.0946 - mae: 0.0946 - mse: 0.0173 - 27ms/epoch - 9ms/step
Epoch 249/800
3/3 - 0s - loss: 0.0856 - mae: 0.0856 - mse: 0.0139 - 27ms/epoch - 9ms/step
Epoch 250/800
3/3 - 0s - loss: 0.0812 - mae: 0.0812 - mse: 0.0119 - 27ms/epoch - 9ms/step
Epoch 251/800
3/3 - 0s - loss: 0.0822 - mae: 0.0822 - mse: 0.0124 - 27ms/epoch - 9ms/step
Epoch 252/800
3/3 - 0s - loss: 0.0746 - mae: 0.0746 - mse: 0.0101 - 27ms/epoch - 9ms/step
Epoch 253/800
3/3 - 0s - loss: 0.0904 - mae: 0.0904 - mse: 0.0163 - 27ms/epoch - 9ms/step
Epoch 254/800
3/3 - 0s - loss: 0.1032 - mae: 0.1032 - mse: 0.0221 - 27ms/epoch - 9ms/step
Epoch 255/800
3/3 - 0s - loss: 0.1040 - mae: 0.1040 - mse: 0.0184 - 27ms/epoch - 9ms/step
Epoch 256/800
3/3 - 0s - loss: 0.1063 - mae: 0.1063 - mse: 0.0184 - 27ms/epoch - 9ms/step
Epoch 257/800
3/3 - 0s - loss: 0.0973 - mae: 0.0973 - mse: 0.0168 - 27ms/epoch - 9ms/step
Epoch 258/800
3/3 - 0s - loss: 0.0839 - mae: 0.0839 - mse: 0.0132 - 29ms/epoch - 10ms/step
Epoch 259/800
3/3 - 0s - loss: 0.1114 - mae: 0.1114 - mse: 0.0185 - 27ms/epoch - 9ms/step
Epoch 260/800
3/3 - 0s - loss: 0.0880 - mae: 0.0880 - mse: 0.0126 - 27ms/epoch - 9ms/step
Epoch 261/800
3/3 - 0s - loss: 0.0908 - mae: 0.0908 - mse: 0.0158 - 27ms/epoch - 9ms/step
Epoch 262/800
3/3 - 0s - loss: 0.0807 - mae: 0.0807 - mse: 0.0115 - 27ms/epoch - 9ms/step
Epoch 263/800
3/3 - 0s - loss: 0.0744 - mae: 0.0744 - mse: 0.0110 - 27ms/epoch - 9ms/step
Epoch 264/800
3/3 - 0s - loss: 0.0651 - mae: 0.0651 - mse: 0.0080 - 27ms/epoch - 9ms/step
Epoch 265/800
3/3 - 0s - loss: 0.0789 - mae: 0.0789 - mse: 0.0118 - 27ms/epoch - 9ms/step
Epoch 266/800
3/3 - 0s - loss: 0.0739 - mae: 0.0739 - mse: 0.0108 - 27ms/epoch - 9ms/step
Epoch 267/800
3/3 - 0s - loss: 0.0836 - mae: 0.0836 - mse: 0.0118 - 27ms/epoch - 9ms/step
Epoch 268/800
3/3 - 0s - loss: 0.0687 - mae: 0.0687 - mse: 0.0081 - 27ms/epoch - 9ms/step
Epoch 269/800
3/3 - 0s - loss: 0.0555 - mae: 0.0555 - mse: 0.0064 - 27ms/epoch - 9ms/step
Epoch 270/800
3/3 - 0s - loss: 0.0505 - mae: 0.0505 - mse: 0.0051 - 27ms/epoch - 9ms/step
Epoch 271/800
3/3 - 0s - loss: 0.0667 - mae: 0.0667 - mse: 0.0087 - 27ms/epoch - 9ms/step
Epoch 272/800
3/3 - 0s - loss: 0.0596 - mae: 0.0596 - mse: 0.0074 - 27ms/epoch - 9ms/step
Epoch 273/800
3/3 - 0s - loss: 0.0571 - mae: 0.0571 - mse: 0.0064 - 27ms/epoch - 9ms/step
Epoch 274/800
3/3 - 0s - loss: 0.0763 - mae: 0.0763 - mse: 0.0113 - 27ms/epoch - 9ms/step
Epoch 275/800
3/3 - 0s - loss: 0.0606 - mae: 0.0606 - mse: 0.0065 - 27ms/epoch - 9ms/step
Epoch 276/800
3/3 - 0s - loss: 0.0597 - mae: 0.0597 - mse: 0.0065 - 27ms/epoch - 9ms/step
Epoch 277/800
3/3 - 0s - loss: 0.0624 - mae: 0.0624 - mse: 0.0075 - 27ms/epoch - 9ms/step
Epoch 278/800
3/3 - 0s - loss: 0.0640 - mae: 0.0640 - mse: 0.0079 - 27ms/epoch - 9ms/step
Epoch 279/800
3/3 - 0s - loss: 0.0658 - mae: 0.0658 - mse: 0.0072 - 27ms/epoch - 9ms/step
Epoch 280/800
3/3 - 0s - loss: 0.0767 - mae: 0.0767 - mse: 0.0089 - 27ms/epoch - 9ms/step
Epoch 281/800
3/3 - 0s - loss: 0.0925 - mae: 0.0925 - mse: 0.0143 - 27ms/epoch - 9ms/step
Epoch 282/800
3/3 - 0s - loss: 0.0911 - mae: 0.0911 - mse: 0.0137 - 27ms/epoch - 9ms/step
Epoch 283/800
3/3 - 0s - loss: 0.0888 - mae: 0.0888 - mse: 0.0132 - 27ms/epoch - 9ms/step
Epoch 284/800
3/3 - 0s - loss: 0.0740 - mae: 0.0740 - mse: 0.0102 - 27ms/epoch - 9ms/step
Epoch 285/800
3/3 - 0s - loss: 0.0775 - mae: 0.0775 - mse: 0.0108 - 27ms/epoch - 9ms/step
Epoch 286/800
3/3 - 0s - loss: 0.0743 - mae: 0.0743 - mse: 0.0101 - 27ms/epoch - 9ms/step
Epoch 287/800
3/3 - 0s - loss: 0.0737 - mae: 0.0737 - mse: 0.0110 - 27ms/epoch - 9ms/step
Epoch 288/800
3/3 - 0s - loss: 0.0763 - mae: 0.0763 - mse: 0.0094 - 27ms/epoch - 9ms/step
Epoch 289/800
3/3 - 0s - loss: 0.0556 - mae: 0.0556 - mse: 0.0059 - 27ms/epoch - 9ms/step
Epoch 290/800
3/3 - 0s - loss: 0.0547 - mae: 0.0547 - mse: 0.0066 - 27ms/epoch - 9ms/step
Epoch 291/800
3/3 - 0s - loss: 0.0588 - mae: 0.0588 - mse: 0.0063 - 27ms/epoch - 9ms/step
Epoch 292/800
3/3 - 0s - loss: 0.0813 - mae: 0.0813 - mse: 0.0104 - 27ms/epoch - 9ms/step
Epoch 293/800
3/3 - 0s - loss: 0.0606 - mae: 0.0606 - mse: 0.0060 - 27ms/epoch - 9ms/step
Epoch 294/800
3/3 - 0s - loss: 0.0589 - mae: 0.0589 - mse: 0.0060 - 27ms/epoch - 9ms/step
Epoch 295/800
3/3 - 0s - loss: 0.0589 - mae: 0.0589 - mse: 0.0065 - 27ms/epoch - 9ms/step
Epoch 296/800
3/3 - 0s - loss: 0.0759 - mae: 0.0759 - mse: 0.0088 - 27ms/epoch - 9ms/step
Epoch 297/800
3/3 - 0s - loss: 0.0888 - mae: 0.0888 - mse: 0.0147 - 27ms/epoch - 9ms/step
Epoch 298/800
3/3 - 0s - loss: 0.0800 - mae: 0.0800 - mse: 0.0114 - 27ms/epoch - 9ms/step
Epoch 299/800
3/3 - 0s - loss: 0.0816 - mae: 0.0816 - mse: 0.0105 - 28ms/epoch - 9ms/step
Epoch 300/800
3/3 - 0s - loss: 0.0705 - mae: 0.0705 - mse: 0.0084 - 28ms/epoch - 9ms/step
Epoch 301/800
3/3 - 0s - loss: 0.0766 - mae: 0.0766 - mse: 0.0101 - 27ms/epoch - 9ms/step
Epoch 302/800
3/3 - 0s - loss: 0.0771 - mae: 0.0771 - mse: 0.0108 - 27ms/epoch - 9ms/step
Epoch 303/800
3/3 - 0s - loss: 0.0743 - mae: 0.0743 - mse: 0.0095 - 27ms/epoch - 9ms/step
Epoch 304/800
3/3 - 0s - loss: 0.0669 - mae: 0.0669 - mse: 0.0076 - 27ms/epoch - 9ms/step
Epoch 305/800
3/3 - 0s - loss: 0.0767 - mae: 0.0767 - mse: 0.0128 - 27ms/epoch - 9ms/step
Epoch 306/800
3/3 - 0s - loss: 0.0775 - mae: 0.0775 - mse: 0.0116 - 27ms/epoch - 9ms/step
Epoch 307/800
3/3 - 0s - loss: 0.0752 - mae: 0.0752 - mse: 0.0097 - 27ms/epoch - 9ms/step
Epoch 308/800
3/3 - 0s - loss: 0.0871 - mae: 0.0871 - mse: 0.0126 - 27ms/epoch - 9ms/step
Epoch 309/800
3/3 - 0s - loss: 0.0717 - mae: 0.0717 - mse: 0.0108 - 27ms/epoch - 9ms/step
Epoch 310/800
3/3 - 0s - loss: 0.0846 - mae: 0.0846 - mse: 0.0123 - 27ms/epoch - 9ms/step
Epoch 311/800
3/3 - 0s - loss: 0.0710 - mae: 0.0710 - mse: 0.0100 - 27ms/epoch - 9ms/step
Epoch 312/800
3/3 - 0s - loss: 0.0676 - mae: 0.0676 - mse: 0.0090 - 27ms/epoch - 9ms/step
Epoch 313/800
3/3 - 0s - loss: 0.0699 - mae: 0.0699 - mse: 0.0104 - 27ms/epoch - 9ms/step
Epoch 314/800
3/3 - 0s - loss: 0.0583 - mae: 0.0583 - mse: 0.0068 - 27ms/epoch - 9ms/step
Epoch 315/800
3/3 - 0s - loss: 0.0512 - mae: 0.0512 - mse: 0.0051 - 27ms/epoch - 9ms/step
Epoch 316/800
3/3 - 0s - loss: 0.0572 - mae: 0.0572 - mse: 0.0061 - 27ms/epoch - 9ms/step
Epoch 317/800
3/3 - 0s - loss: 0.0492 - mae: 0.0492 - mse: 0.0050 - 27ms/epoch - 9ms/step
Epoch 318/800
3/3 - 0s - loss: 0.0441 - mae: 0.0441 - mse: 0.0039 - 27ms/epoch - 9ms/step
Epoch 319/800
3/3 - 0s - loss: 0.0556 - mae: 0.0556 - mse: 0.0053 - 27ms/epoch - 9ms/step
Epoch 320/800
3/3 - 0s - loss: 0.0537 - mae: 0.0537 - mse: 0.0065 - 27ms/epoch - 9ms/step
Epoch 321/800
3/3 - 0s - loss: 0.0496 - mae: 0.0496 - mse: 0.0046 - 27ms/epoch - 9ms/step
Epoch 322/800
3/3 - 0s - loss: 0.0574 - mae: 0.0574 - mse: 0.0070 - 27ms/epoch - 9ms/step
Epoch 323/800
3/3 - 0s - loss: 0.0628 - mae: 0.0628 - mse: 0.0074 - 27ms/epoch - 9ms/step
Epoch 324/800
3/3 - 0s - loss: 0.0597 - mae: 0.0597 - mse: 0.0069 - 27ms/epoch - 9ms/step
Epoch 325/800
3/3 - 0s - loss: 0.0539 - mae: 0.0539 - mse: 0.0047 - 27ms/epoch - 9ms/step
Epoch 326/800
3/3 - 0s - loss: 0.0492 - mae: 0.0492 - mse: 0.0041 - 27ms/epoch - 9ms/step
Epoch 327/800
3/3 - 0s - loss: 0.0459 - mae: 0.0459 - mse: 0.0049 - 27ms/epoch - 9ms/step
Epoch 328/800
3/3 - 0s - loss: 0.0603 - mae: 0.0603 - mse: 0.0063 - 27ms/epoch - 9ms/step
Epoch 329/800
3/3 - 0s - loss: 0.0541 - mae: 0.0541 - mse: 0.0054 - 27ms/epoch - 9ms/step
Epoch 330/800
3/3 - 0s - loss: 0.0561 - mae: 0.0561 - mse: 0.0057 - 27ms/epoch - 9ms/step
Epoch 331/800
3/3 - 0s - loss: 0.0591 - mae: 0.0591 - mse: 0.0056 - 27ms/epoch - 9ms/step
Epoch 332/800
3/3 - 0s - loss: 0.0627 - mae: 0.0627 - mse: 0.0065 - 27ms/epoch - 9ms/step
Epoch 333/800
3/3 - 0s - loss: 0.0675 - mae: 0.0675 - mse: 0.0070 - 27ms/epoch - 9ms/step
Epoch 334/800
3/3 - 0s - loss: 0.0668 - mae: 0.0668 - mse: 0.0073 - 27ms/epoch - 9ms/step
Epoch 335/800
3/3 - 0s - loss: 0.0626 - mae: 0.0626 - mse: 0.0074 - 27ms/epoch - 9ms/step
Epoch 336/800
3/3 - 0s - loss: 0.0612 - mae: 0.0612 - mse: 0.0060 - 27ms/epoch - 9ms/step
Epoch 337/800
3/3 - 0s - loss: 0.0718 - mae: 0.0718 - mse: 0.0083 - 27ms/epoch - 9ms/step
Epoch 338/800
3/3 - 0s - loss: 0.0673 - mae: 0.0673 - mse: 0.0072 - 27ms/epoch - 9ms/step
Epoch 339/800
3/3 - 0s - loss: 0.0806 - mae: 0.0806 - mse: 0.0112 - 27ms/epoch - 9ms/step
Epoch 340/800
3/3 - 0s - loss: 0.0739 - mae: 0.0739 - mse: 0.0100 - 27ms/epoch - 9ms/step
Epoch 341/800
3/3 - 0s - loss: 0.0757 - mae: 0.0757 - mse: 0.0098 - 27ms/epoch - 9ms/step
Epoch 342/800
3/3 - 0s - loss: 0.0669 - mae: 0.0669 - mse: 0.0072 - 28ms/epoch - 9ms/step
Epoch 343/800
3/3 - 0s - loss: 0.0724 - mae: 0.0724 - mse: 0.0079 - 27ms/epoch - 9ms/step
Epoch 344/800
3/3 - 0s - loss: 0.0743 - mae: 0.0743 - mse: 0.0102 - 27ms/epoch - 9ms/step
Epoch 345/800
3/3 - 0s - loss: 0.0709 - mae: 0.0709 - mse: 0.0083 - 27ms/epoch - 9ms/step
Epoch 346/800
3/3 - 0s - loss: 0.0750 - mae: 0.0750 - mse: 0.0087 - 27ms/epoch - 9ms/step
Epoch 347/800
3/3 - 0s - loss: 0.0777 - mae: 0.0777 - mse: 0.0110 - 27ms/epoch - 9ms/step
Epoch 348/800
3/3 - 0s - loss: 0.0762 - mae: 0.0762 - mse: 0.0101 - 27ms/epoch - 9ms/step
Epoch 349/800
3/3 - 0s - loss: 0.0944 - mae: 0.0944 - mse: 0.0164 - 27ms/epoch - 9ms/step
Epoch 350/800
3/3 - 0s - loss: 0.0914 - mae: 0.0914 - mse: 0.0140 - 27ms/epoch - 9ms/step
Epoch 351/800
3/3 - 0s - loss: 0.0731 - mae: 0.0731 - mse: 0.0100 - 27ms/epoch - 9ms/step
Epoch 352/800
3/3 - 0s - loss: 0.0624 - mae: 0.0624 - mse: 0.0062 - 27ms/epoch - 9ms/step
Epoch 353/800
3/3 - 0s - loss: 0.0616 - mae: 0.0616 - mse: 0.0068 - 27ms/epoch - 9ms/step
Epoch 354/800
3/3 - 0s - loss: 0.0623 - mae: 0.0623 - mse: 0.0071 - 27ms/epoch - 9ms/step
Epoch 355/800
3/3 - 0s - loss: 0.0683 - mae: 0.0683 - mse: 0.0087 - 27ms/epoch - 9ms/step
Epoch 356/800
3/3 - 0s - loss: 0.0574 - mae: 0.0574 - mse: 0.0060 - 27ms/epoch - 9ms/step
Epoch 357/800
3/3 - 0s - loss: 0.0683 - mae: 0.0683 - mse: 0.0080 - 27ms/epoch - 9ms/step
Epoch 358/800
3/3 - 0s - loss: 0.0553 - mae: 0.0553 - mse: 0.0056 - 27ms/epoch - 9ms/step
Epoch 359/800
3/3 - 0s - loss: 0.0604 - mae: 0.0604 - mse: 0.0064 - 27ms/epoch - 9ms/step
Epoch 360/800
3/3 - 0s - loss: 0.0627 - mae: 0.0627 - mse: 0.0069 - 27ms/epoch - 9ms/step
Epoch 361/800
3/3 - 0s - loss: 0.0539 - mae: 0.0539 - mse: 0.0055 - 27ms/epoch - 9ms/step
Epoch 362/800
3/3 - 0s - loss: 0.0616 - mae: 0.0616 - mse: 0.0089 - 27ms/epoch - 9ms/step
Epoch 363/800
3/3 - 0s - loss: 0.0526 - mae: 0.0526 - mse: 0.0059 - 27ms/epoch - 9ms/step
Epoch 364/800
3/3 - 0s - loss: 0.0585 - mae: 0.0585 - mse: 0.0066 - 27ms/epoch - 9ms/step
Epoch 365/800
3/3 - 0s - loss: 0.0554 - mae: 0.0554 - mse: 0.0055 - 27ms/epoch - 9ms/step
Epoch 366/800
3/3 - 0s - loss: 0.0688 - mae: 0.0688 - mse: 0.0078 - 27ms/epoch - 9ms/step
Epoch 367/800
3/3 - 0s - loss: 0.0503 - mae: 0.0503 - mse: 0.0046 - 27ms/epoch - 9ms/step
Epoch 368/800
3/3 - 0s - loss: 0.0558 - mae: 0.0558 - mse: 0.0050 - 27ms/epoch - 9ms/step
Epoch 369/800
3/3 - 0s - loss: 0.0517 - mae: 0.0517 - mse: 0.0048 - 27ms/epoch - 9ms/step
Epoch 370/800
3/3 - 0s - loss: 0.0443 - mae: 0.0443 - mse: 0.0035 - 27ms/epoch - 9ms/step
Epoch 371/800
3/3 - 0s - loss: 0.0511 - mae: 0.0511 - mse: 0.0052 - 27ms/epoch - 9ms/step
Epoch 372/800
3/3 - 0s - loss: 0.0565 - mae: 0.0565 - mse: 0.0053 - 27ms/epoch - 9ms/step
Epoch 373/800
3/3 - 0s - loss: 0.0576 - mae: 0.0576 - mse: 0.0064 - 27ms/epoch - 9ms/step
Epoch 374/800
3/3 - 0s - loss: 0.0498 - mae: 0.0498 - mse: 0.0043 - 27ms/epoch - 9ms/step
Epoch 375/800
3/3 - 0s - loss: 0.0521 - mae: 0.0521 - mse: 0.0055 - 27ms/epoch - 9ms/step
Epoch 376/800
3/3 - 0s - loss: 0.0477 - mae: 0.0477 - mse: 0.0039 - 27ms/epoch - 9ms/step
Epoch 377/800
3/3 - 0s - loss: 0.0403 - mae: 0.0403 - mse: 0.0026 - 27ms/epoch - 9ms/step
Epoch 378/800
3/3 - 0s - loss: 0.0439 - mae: 0.0439 - mse: 0.0037 - 27ms/epoch - 9ms/step
Epoch 379/800
3/3 - 0s - loss: 0.0465 - mae: 0.0465 - mse: 0.0037 - 27ms/epoch - 9ms/step
Epoch 380/800
3/3 - 0s - loss: 0.0568 - mae: 0.0568 - mse: 0.0055 - 27ms/epoch - 9ms/step
Epoch 381/800
3/3 - 0s - loss: 0.0681 - mae: 0.0681 - mse: 0.0075 - 27ms/epoch - 9ms/step
Epoch 382/800
3/3 - 0s - loss: 0.0617 - mae: 0.0617 - mse: 0.0082 - 27ms/epoch - 9ms/step
Epoch 383/800
3/3 - 0s - loss: 0.0752 - mae: 0.0752 - mse: 0.0093 - 27ms/epoch - 9ms/step
Epoch 384/800
3/3 - 0s - loss: 0.0559 - mae: 0.0559 - mse: 0.0049 - 27ms/epoch - 9ms/step
Epoch 385/800
3/3 - 0s - loss: 0.0622 - mae: 0.0622 - mse: 0.0076 - 27ms/epoch - 9ms/step
Epoch 386/800
3/3 - 0s - loss: 0.0612 - mae: 0.0612 - mse: 0.0064 - 27ms/epoch - 9ms/step
Epoch 387/800
3/3 - 0s - loss: 0.0572 - mae: 0.0572 - mse: 0.0051 - 27ms/epoch - 9ms/step
Epoch 388/800
3/3 - 0s - loss: 0.0534 - mae: 0.0534 - mse: 0.0051 - 27ms/epoch - 9ms/step
Epoch 389/800
3/3 - 0s - loss: 0.0582 - mae: 0.0582 - mse: 0.0059 - 27ms/epoch - 9ms/step
Epoch 390/800
3/3 - 0s - loss: 0.0599 - mae: 0.0599 - mse: 0.0073 - 27ms/epoch - 9ms/step
Epoch 391/800
3/3 - 0s - loss: 0.0495 - mae: 0.0495 - mse: 0.0050 - 27ms/epoch - 9ms/step
Epoch 392/800
3/3 - 0s - loss: 0.0559 - mae: 0.0559 - mse: 0.0057 - 27ms/epoch - 9ms/step
Epoch 393/800
3/3 - 0s - loss: 0.0412 - mae: 0.0412 - mse: 0.0032 - 27ms/epoch - 9ms/step
Epoch 394/800
3/3 - 0s - loss: 0.0391 - mae: 0.0391 - mse: 0.0028 - 27ms/epoch - 9ms/step
Epoch 395/800
3/3 - 0s - loss: 0.0440 - mae: 0.0440 - mse: 0.0033 - 27ms/epoch - 9ms/step
Epoch 396/800
3/3 - 0s - loss: 0.0443 - mae: 0.0443 - mse: 0.0034 - 27ms/epoch - 9ms/step
Epoch 397/800
3/3 - 0s - loss: 0.0402 - mae: 0.0402 - mse: 0.0031 - 27ms/epoch - 9ms/step
Epoch 398/800
3/3 - 0s - loss: 0.0428 - mae: 0.0428 - mse: 0.0035 - 27ms/epoch - 9ms/step
Epoch 399/800
3/3 - 0s - loss: 0.0423 - mae: 0.0423 - mse: 0.0041 - 27ms/epoch - 9ms/step
Epoch 400/800
3/3 - 0s - loss: 0.0406 - mae: 0.0406 - mse: 0.0029 - 27ms/epoch - 9ms/step
Epoch 401/800
3/3 - 0s - loss: 0.0415 - mae: 0.0415 - mse: 0.0031 - 27ms/epoch - 9ms/step
Epoch 402/800
3/3 - 0s - loss: 0.0407 - mae: 0.0407 - mse: 0.0032 - 27ms/epoch - 9ms/step
Epoch 403/800
3/3 - 0s - loss: 0.0389 - mae: 0.0389 - mse: 0.0026 - 27ms/epoch - 9ms/step
Epoch 404/800
3/3 - 0s - loss: 0.0439 - mae: 0.0439 - mse: 0.0032 - 27ms/epoch - 9ms/step
Epoch 405/800
3/3 - 0s - loss: 0.0448 - mae: 0.0448 - mse: 0.0033 - 27ms/epoch - 9ms/step
Epoch 406/800
3/3 - 0s - loss: 0.0411 - mae: 0.0411 - mse: 0.0032 - 27ms/epoch - 9ms/step
Epoch 407/800
3/3 - 0s - loss: 0.0401 - mae: 0.0401 - mse: 0.0027 - 27ms/epoch - 9ms/step
Epoch 408/800
3/3 - 0s - loss: 0.0461 - mae: 0.0461 - mse: 0.0038 - 27ms/epoch - 9ms/step
Epoch 409/800
3/3 - 0s - loss: 0.0416 - mae: 0.0416 - mse: 0.0033 - 27ms/epoch - 9ms/step
Epoch 410/800
3/3 - 0s - loss: 0.0512 - mae: 0.0512 - mse: 0.0056 - 27ms/epoch - 9ms/step
Epoch 411/800
3/3 - 0s - loss: 0.0525 - mae: 0.0525 - mse: 0.0057 - 27ms/epoch - 9ms/step
Epoch 412/800
3/3 - 0s - loss: 0.0613 - mae: 0.0613 - mse: 0.0058 - 27ms/epoch - 9ms/step
Epoch 413/800
3/3 - 0s - loss: 0.0513 - mae: 0.0513 - mse: 0.0045 - 27ms/epoch - 9ms/step
Epoch 414/800
3/3 - 0s - loss: 0.0596 - mae: 0.0596 - mse: 0.0061 - 27ms/epoch - 9ms/step
Epoch 415/800
3/3 - 0s - loss: 0.0619 - mae: 0.0619 - mse: 0.0069 - 27ms/epoch - 9ms/step
Epoch 416/800
3/3 - 0s - loss: 0.0663 - mae: 0.0663 - mse: 0.0076 - 27ms/epoch - 9ms/step
Epoch 417/800
3/3 - 0s - loss: 0.0537 - mae: 0.0537 - mse: 0.0052 - 27ms/epoch - 9ms/step
Epoch 418/800
3/3 - 0s - loss: 0.0609 - mae: 0.0609 - mse: 0.0057 - 27ms/epoch - 9ms/step
Epoch 419/800
3/3 - 0s - loss: 0.0530 - mae: 0.0530 - mse: 0.0048 - 27ms/epoch - 9ms/step
Epoch 420/800
3/3 - 0s - loss: 0.0569 - mae: 0.0569 - mse: 0.0052 - 27ms/epoch - 9ms/step
Epoch 421/800
3/3 - 0s - loss: 0.0443 - mae: 0.0443 - mse: 0.0039 - 27ms/epoch - 9ms/step
Epoch 422/800
3/3 - 0s - loss: 0.0520 - mae: 0.0520 - mse: 0.0050 - 27ms/epoch - 9ms/step
Epoch 423/800
3/3 - 0s - loss: 0.0492 - mae: 0.0492 - mse: 0.0049 - 27ms/epoch - 9ms/step
Epoch 424/800
3/3 - 0s - loss: 0.0406 - mae: 0.0406 - mse: 0.0030 - 27ms/epoch - 9ms/step
Epoch 425/800
3/3 - 0s - loss: 0.0517 - mae: 0.0517 - mse: 0.0053 - 27ms/epoch - 9ms/step
Epoch 426/800
3/3 - 0s - loss: 0.0500 - mae: 0.0500 - mse: 0.0043 - 27ms/epoch - 9ms/step
Epoch 427/800
3/3 - 0s - loss: 0.0521 - mae: 0.0521 - mse: 0.0044 - 27ms/epoch - 9ms/step
Epoch 428/800
3/3 - 0s - loss: 0.0480 - mae: 0.0480 - mse: 0.0038 - 27ms/epoch - 9ms/step
Epoch 429/800
3/3 - 0s - loss: 0.0635 - mae: 0.0635 - mse: 0.0075 - 27ms/epoch - 9ms/step
Epoch 430/800
3/3 - 0s - loss: 0.0638 - mae: 0.0638 - mse: 0.0058 - 27ms/epoch - 9ms/step
Epoch 431/800
3/3 - 0s - loss: 0.0542 - mae: 0.0542 - mse: 0.0045 - 27ms/epoch - 9ms/step
Epoch 432/800
3/3 - 0s - loss: 0.0426 - mae: 0.0426 - mse: 0.0035 - 27ms/epoch - 9ms/step
Epoch 433/800
3/3 - 0s - loss: 0.0441 - mae: 0.0441 - mse: 0.0032 - 27ms/epoch - 9ms/step
Epoch 434/800
3/3 - 0s - loss: 0.0417 - mae: 0.0417 - mse: 0.0033 - 27ms/epoch - 9ms/step
Epoch 435/800
3/3 - 0s - loss: 0.0394 - mae: 0.0394 - mse: 0.0027 - 27ms/epoch - 9ms/step
Epoch 436/800
3/3 - 0s - loss: 0.0430 - mae: 0.0430 - mse: 0.0033 - 27ms/epoch - 9ms/step
Epoch 437/800
3/3 - 0s - loss: 0.0403 - mae: 0.0403 - mse: 0.0033 - 27ms/epoch - 9ms/step
Epoch 438/800
3/3 - 0s - loss: 0.0366 - mae: 0.0366 - mse: 0.0026 - 27ms/epoch - 9ms/step
Epoch 439/800
3/3 - 0s - loss: 0.0423 - mae: 0.0423 - mse: 0.0037 - 27ms/epoch - 9ms/step
Epoch 440/800
3/3 - 0s - loss: 0.0415 - mae: 0.0415 - mse: 0.0032 - 27ms/epoch - 9ms/step
Epoch 441/800
3/3 - 0s - loss: 0.0370 - mae: 0.0370 - mse: 0.0024 - 27ms/epoch - 9ms/step
Epoch 442/800
3/3 - 0s - loss: 0.0323 - mae: 0.0323 - mse: 0.0020 - 27ms/epoch - 9ms/step
Epoch 443/800
3/3 - 0s - loss: 0.0353 - mae: 0.0353 - mse: 0.0020 - 27ms/epoch - 9ms/step
Epoch 444/800
3/3 - 0s - loss: 0.0375 - mae: 0.0375 - mse: 0.0026 - 27ms/epoch - 9ms/step
Epoch 445/800
3/3 - 0s - loss: 0.0440 - mae: 0.0440 - mse: 0.0042 - 27ms/epoch - 9ms/step
Epoch 446/800
3/3 - 0s - loss: 0.0489 - mae: 0.0489 - mse: 0.0046 - 27ms/epoch - 9ms/step
Epoch 447/800
3/3 - 0s - loss: 0.0497 - mae: 0.0497 - mse: 0.0040 - 27ms/epoch - 9ms/step
Epoch 448/800
3/3 - 0s - loss: 0.0433 - mae: 0.0433 - mse: 0.0034 - 27ms/epoch - 9ms/step
Epoch 449/800
3/3 - 0s - loss: 0.0416 - mae: 0.0416 - mse: 0.0031 - 28ms/epoch - 9ms/step
Epoch 450/800
3/3 - 0s - loss: 0.0472 - mae: 0.0472 - mse: 0.0036 - 27ms/epoch - 9ms/step
Epoch 451/800
3/3 - 0s - loss: 0.0494 - mae: 0.0494 - mse: 0.0040 - 29ms/epoch - 10ms/step
Epoch 452/800
3/3 - 0s - loss: 0.0517 - mae: 0.0517 - mse: 0.0043 - 28ms/epoch - 9ms/step
Epoch 453/800
3/3 - 0s - loss: 0.0453 - mae: 0.0453 - mse: 0.0033 - 27ms/epoch - 9ms/step
Epoch 454/800
3/3 - 0s - loss: 0.0429 - mae: 0.0429 - mse: 0.0032 - 27ms/epoch - 9ms/step
Epoch 455/800
3/3 - 0s - loss: 0.0483 - mae: 0.0483 - mse: 0.0039 - 27ms/epoch - 9ms/step
Epoch 456/800
3/3 - 0s - loss: 0.0470 - mae: 0.0470 - mse: 0.0039 - 27ms/epoch - 9ms/step
Epoch 457/800
3/3 - 0s - loss: 0.0424 - mae: 0.0424 - mse: 0.0028 - 27ms/epoch - 9ms/step
Epoch 458/800
3/3 - 0s - loss: 0.0446 - mae: 0.0446 - mse: 0.0032 - 27ms/epoch - 9ms/step
Epoch 459/800
3/3 - 0s - loss: 0.0367 - mae: 0.0367 - mse: 0.0022 - 27ms/epoch - 9ms/step
Epoch 460/800
3/3 - 0s - loss: 0.0352 - mae: 0.0352 - mse: 0.0023 - 27ms/epoch - 9ms/step
Epoch 461/800
3/3 - 0s - loss: 0.0348 - mae: 0.0348 - mse: 0.0028 - 27ms/epoch - 9ms/step
Epoch 462/800
3/3 - 0s - loss: 0.0459 - mae: 0.0459 - mse: 0.0035 - 27ms/epoch - 9ms/step
Epoch 463/800
3/3 - 0s - loss: 0.0497 - mae: 0.0497 - mse: 0.0037 - 27ms/epoch - 9ms/step
Epoch 464/800
3/3 - 0s - loss: 0.0434 - mae: 0.0434 - mse: 0.0031 - 27ms/epoch - 9ms/step
Epoch 465/800
3/3 - 0s - loss: 0.0415 - mae: 0.0415 - mse: 0.0027 - 27ms/epoch - 9ms/step
Epoch 466/800
3/3 - 0s - loss: 0.0384 - mae: 0.0384 - mse: 0.0025 - 27ms/epoch - 9ms/step
Epoch 467/800
3/3 - 0s - loss: 0.0415 - mae: 0.0415 - mse: 0.0030 - 27ms/epoch - 9ms/step
Epoch 468/800
3/3 - 0s - loss: 0.0349 - mae: 0.0349 - mse: 0.0023 - 27ms/epoch - 9ms/step
Epoch 469/800
3/3 - 0s - loss: 0.0408 - mae: 0.0408 - mse: 0.0028 - 27ms/epoch - 9ms/step
Epoch 470/800
3/3 - 0s - loss: 0.0410 - mae: 0.0410 - mse: 0.0027 - 27ms/epoch - 9ms/step
Epoch 471/800
3/3 - 0s - loss: 0.0447 - mae: 0.0447 - mse: 0.0031 - 27ms/epoch - 9ms/step
Epoch 472/800
3/3 - 0s - loss: 0.0456 - mae: 0.0456 - mse: 0.0032 - 27ms/epoch - 9ms/step
Epoch 473/800
3/3 - 0s - loss: 0.0457 - mae: 0.0457 - mse: 0.0037 - 27ms/epoch - 9ms/step
Epoch 474/800
3/3 - 0s - loss: 0.0408 - mae: 0.0408 - mse: 0.0025 - 27ms/epoch - 9ms/step
Epoch 475/800
3/3 - 0s - loss: 0.0410 - mae: 0.0410 - mse: 0.0029 - 27ms/epoch - 9ms/step
Epoch 476/800
3/3 - 0s - loss: 0.0519 - mae: 0.0519 - mse: 0.0065 - 27ms/epoch - 9ms/step
Epoch 477/800
3/3 - 0s - loss: 0.0399 - mae: 0.0399 - mse: 0.0030 - 27ms/epoch - 9ms/step
Epoch 478/800
3/3 - 0s - loss: 0.0381 - mae: 0.0381 - mse: 0.0024 - 27ms/epoch - 9ms/step
Epoch 479/800
3/3 - 0s - loss: 0.0382 - mae: 0.0382 - mse: 0.0027 - 27ms/epoch - 9ms/step
Epoch 480/800
3/3 - 0s - loss: 0.0333 - mae: 0.0333 - mse: 0.0020 - 27ms/epoch - 9ms/step
Epoch 481/800
3/3 - 0s - loss: 0.0340 - mae: 0.0340 - mse: 0.0021 - 27ms/epoch - 9ms/step
Epoch 482/800
3/3 - 0s - loss: 0.0361 - mae: 0.0361 - mse: 0.0023 - 27ms/epoch - 9ms/step
Epoch 483/800
3/3 - 0s - loss: 0.0345 - mae: 0.0345 - mse: 0.0022 - 27ms/epoch - 9ms/step
Epoch 484/800
3/3 - 0s - loss: 0.0352 - mae: 0.0352 - mse: 0.0025 - 27ms/epoch - 9ms/step
Epoch 485/800
3/3 - 0s - loss: 0.0314 - mae: 0.0314 - mse: 0.0016 - 27ms/epoch - 9ms/step
Epoch 486/800
3/3 - 0s - loss: 0.0329 - mae: 0.0329 - mse: 0.0019 - 27ms/epoch - 9ms/step
Epoch 487/800
3/3 - 0s - loss: 0.0287 - mae: 0.0287 - mse: 0.0014 - 27ms/epoch - 9ms/step
Epoch 488/800
3/3 - 0s - loss: 0.0334 - mae: 0.0334 - mse: 0.0020 - 27ms/epoch - 9ms/step
Epoch 489/800
3/3 - 0s - loss: 0.0259 - mae: 0.0259 - mse: 0.0012 - 27ms/epoch - 9ms/step
Epoch 490/800
3/3 - 0s - loss: 0.0315 - mae: 0.0315 - mse: 0.0016 - 27ms/epoch - 9ms/step
Epoch 491/800
3/3 - 0s - loss: 0.0295 - mae: 0.0295 - mse: 0.0016 - 27ms/epoch - 9ms/step
Epoch 492/800
3/3 - 0s - loss: 0.0240 - mae: 0.0240 - mse: 0.0011 - 27ms/epoch - 9ms/step
Epoch 493/800
3/3 - 0s - loss: 0.0310 - mae: 0.0310 - mse: 0.0017 - 27ms/epoch - 9ms/step
Epoch 494/800
3/3 - 0s - loss: 0.0331 - mae: 0.0331 - mse: 0.0020 - 27ms/epoch - 9ms/step
Epoch 495/800
3/3 - 0s - loss: 0.0375 - mae: 0.0375 - mse: 0.0027 - 27ms/epoch - 9ms/step
Epoch 496/800
3/3 - 0s - loss: 0.0377 - mae: 0.0377 - mse: 0.0022 - 27ms/epoch - 9ms/step
Epoch 497/800
3/3 - 0s - loss: 0.0394 - mae: 0.0394 - mse: 0.0027 - 27ms/epoch - 9ms/step
Epoch 498/800
3/3 - 0s - loss: 0.0384 - mae: 0.0384 - mse: 0.0025 - 27ms/epoch - 9ms/step
Epoch 499/800
3/3 - 0s - loss: 0.0408 - mae: 0.0408 - mse: 0.0028 - 27ms/epoch - 9ms/step
Epoch 500/800
3/3 - 0s - loss: 0.0440 - mae: 0.0440 - mse: 0.0031 - 27ms/epoch - 9ms/step
Epoch 501/800
3/3 - 0s - loss: 0.0471 - mae: 0.0471 - mse: 0.0037 - 27ms/epoch - 9ms/step
Epoch 502/800
3/3 - 0s - loss: 0.0516 - mae: 0.0516 - mse: 0.0047 - 27ms/epoch - 9ms/step
Epoch 503/800
3/3 - 0s - loss: 0.0397 - mae: 0.0397 - mse: 0.0031 - 27ms/epoch - 9ms/step
Epoch 504/800
3/3 - 0s - loss: 0.0410 - mae: 0.0410 - mse: 0.0031 - 27ms/epoch - 9ms/step
Epoch 505/800
3/3 - 0s - loss: 0.0392 - mae: 0.0392 - mse: 0.0034 - 27ms/epoch - 9ms/step
Epoch 506/800
3/3 - 0s - loss: 0.0271 - mae: 0.0271 - mse: 0.0015 - 27ms/epoch - 9ms/step
Epoch 507/800
3/3 - 0s - loss: 0.0319 - mae: 0.0319 - mse: 0.0020 - 27ms/epoch - 9ms/step
Epoch 508/800
3/3 - 0s - loss: 0.0277 - mae: 0.0277 - mse: 0.0013 - 27ms/epoch - 9ms/step
Epoch 509/800
3/3 - 0s - loss: 0.0270 - mae: 0.0270 - mse: 0.0015 - 27ms/epoch - 9ms/step
Epoch 510/800
3/3 - 0s - loss: 0.0286 - mae: 0.0286 - mse: 0.0014 - 26ms/epoch - 9ms/step
Epoch 511/800
3/3 - 0s - loss: 0.0249 - mae: 0.0249 - mse: 0.0011 - 27ms/epoch - 9ms/step
Epoch 512/800
3/3 - 0s - loss: 0.0246 - mae: 0.0246 - mse: 0.0011 - 27ms/epoch - 9ms/step
Epoch 513/800
3/3 - 0s - loss: 0.0253 - mae: 0.0253 - mse: 0.0011 - 27ms/epoch - 9ms/step
Epoch 514/800
3/3 - 0s - loss: 0.0230 - mae: 0.0230 - mse: 9.2922e-04 - 27ms/epoch - 9ms/step
Epoch 515/800
3/3 - 0s - loss: 0.0240 - mae: 0.0240 - mse: 9.5547e-04 - 27ms/epoch - 9ms/step
Epoch 516/800
3/3 - 0s - loss: 0.0265 - mae: 0.0265 - mse: 0.0012 - 27ms/epoch - 9ms/step
Epoch 517/800
3/3 - 0s - loss: 0.0285 - mae: 0.0285 - mse: 0.0015 - 27ms/epoch - 9ms/step
Epoch 518/800
3/3 - 0s - loss: 0.0267 - mae: 0.0267 - mse: 0.0012 - 27ms/epoch - 9ms/step
Epoch 519/800
3/3 - 0s - loss: 0.0251 - mae: 0.0251 - mse: 0.0011 - 27ms/epoch - 9ms/step
Epoch 520/800
3/3 - 0s - loss: 0.0301 - mae: 0.0301 - mse: 0.0015 - 27ms/epoch - 9ms/step
Epoch 521/800
3/3 - 0s - loss: 0.0336 - mae: 0.0336 - mse: 0.0018 - 27ms/epoch - 9ms/step
Epoch 522/800
3/3 - 0s - loss: 0.0390 - mae: 0.0390 - mse: 0.0024 - 27ms/epoch - 9ms/step
Epoch 523/800
3/3 - 0s - loss: 0.0357 - mae: 0.0357 - mse: 0.0025 - 27ms/epoch - 9ms/step
Epoch 524/800
3/3 - 0s - loss: 0.0388 - mae: 0.0388 - mse: 0.0031 - 27ms/epoch - 9ms/step
Epoch 525/800
3/3 - 0s - loss: 0.0396 - mae: 0.0396 - mse: 0.0031 - 27ms/epoch - 9ms/step
Epoch 526/800
3/3 - 0s - loss: 0.0348 - mae: 0.0348 - mse: 0.0021 - 27ms/epoch - 9ms/step
Epoch 527/800
3/3 - 0s - loss: 0.0340 - mae: 0.0340 - mse: 0.0021 - 27ms/epoch - 9ms/step
Epoch 528/800
3/3 - 0s - loss: 0.0364 - mae: 0.0364 - mse: 0.0025 - 27ms/epoch - 9ms/step
Epoch 529/800
3/3 - 0s - loss: 0.0330 - mae: 0.0330 - mse: 0.0020 - 27ms/epoch - 9ms/step
Epoch 530/800
3/3 - 0s - loss: 0.0244 - mae: 0.0244 - mse: 9.6210e-04 - 27ms/epoch - 9ms/step
Epoch 531/800
3/3 - 0s - loss: 0.0258 - mae: 0.0258 - mse: 0.0012 - 27ms/epoch - 9ms/step
Epoch 532/800
3/3 - 0s - loss: 0.0246 - mae: 0.0246 - mse: 0.0012 - 27ms/epoch - 9ms/step
Epoch 533/800
3/3 - 0s - loss: 0.0212 - mae: 0.0212 - mse: 8.1186e-04 - 27ms/epoch - 9ms/step
Epoch 534/800
3/3 - 0s - loss: 0.0215 - mae: 0.0215 - mse: 7.8407e-04 - 27ms/epoch - 9ms/step
Epoch 535/800
3/3 - 0s - loss: 0.0254 - mae: 0.0254 - mse: 0.0011 - 27ms/epoch - 9ms/step
Epoch 536/800
3/3 - 0s - loss: 0.0248 - mae: 0.0248 - mse: 9.9566e-04 - 27ms/epoch - 9ms/step
Epoch 537/800
3/3 - 0s - loss: 0.0315 - mae: 0.0315 - mse: 0.0015 - 27ms/epoch - 9ms/step
Epoch 538/800
3/3 - 0s - loss: 0.0303 - mae: 0.0303 - mse: 0.0015 - 27ms/epoch - 9ms/step
Epoch 539/800
3/3 - 0s - loss: 0.0289 - mae: 0.0289 - mse: 0.0013 - 27ms/epoch - 9ms/step
Epoch 540/800
3/3 - 0s - loss: 0.0306 - mae: 0.0306 - mse: 0.0016 - 27ms/epoch - 9ms/step
Epoch 541/800
3/3 - 0s - loss: 0.0272 - mae: 0.0272 - mse: 0.0013 - 27ms/epoch - 9ms/step
Epoch 542/800
3/3 - 0s - loss: 0.0286 - mae: 0.0286 - mse: 0.0012 - 27ms/epoch - 9ms/step
Epoch 543/800
3/3 - 0s - loss: 0.0312 - mae: 0.0312 - mse: 0.0015 - 27ms/epoch - 9ms/step
Epoch 544/800
3/3 - 0s - loss: 0.0330 - mae: 0.0330 - mse: 0.0017 - 27ms/epoch - 9ms/step
Epoch 545/800
3/3 - 0s - loss: 0.0319 - mae: 0.0319 - mse: 0.0019 - 27ms/epoch - 9ms/step
Epoch 546/800
3/3 - 0s - loss: 0.0322 - mae: 0.0322 - mse: 0.0018 - 27ms/epoch - 9ms/step
Epoch 547/800
3/3 - 0s - loss: 0.0310 - mae: 0.0310 - mse: 0.0016 - 27ms/epoch - 9ms/step
Epoch 548/800
3/3 - 0s - loss: 0.0381 - mae: 0.0381 - mse: 0.0024 - 27ms/epoch - 9ms/step
Epoch 549/800
3/3 - 0s - loss: 0.0326 - mae: 0.0326 - mse: 0.0018 - 27ms/epoch - 9ms/step
Epoch 550/800
3/3 - 0s - loss: 0.0371 - mae: 0.0371 - mse: 0.0025 - 27ms/epoch - 9ms/step
Epoch 551/800
3/3 - 0s - loss: 0.0390 - mae: 0.0390 - mse: 0.0022 - 27ms/epoch - 9ms/step
Epoch 552/800
3/3 - 0s - loss: 0.0403 - mae: 0.0403 - mse: 0.0028 - 27ms/epoch - 9ms/step
Epoch 553/800
3/3 - 0s - loss: 0.0439 - mae: 0.0439 - mse: 0.0031 - 27ms/epoch - 9ms/step
Epoch 554/800
3/3 - 0s - loss: 0.0301 - mae: 0.0301 - mse: 0.0016 - 27ms/epoch - 9ms/step
Epoch 555/800
3/3 - 0s - loss: 0.0354 - mae: 0.0354 - mse: 0.0022 - 27ms/epoch - 9ms/step
Epoch 556/800
3/3 - 0s - loss: 0.0382 - mae: 0.0382 - mse: 0.0024 - 27ms/epoch - 9ms/step
Epoch 557/800
3/3 - 0s - loss: 0.0328 - mae: 0.0328 - mse: 0.0022 - 27ms/epoch - 9ms/step
Epoch 558/800
3/3 - 0s - loss: 0.0317 - mae: 0.0317 - mse: 0.0017 - 27ms/epoch - 9ms/step
Epoch 559/800
3/3 - 0s - loss: 0.0339 - mae: 0.0339 - mse: 0.0021 - 27ms/epoch - 9ms/step
Epoch 560/800
3/3 - 0s - loss: 0.0347 - mae: 0.0347 - mse: 0.0021 - 27ms/epoch - 9ms/step
Epoch 561/800
3/3 - 0s - loss: 0.0252 - mae: 0.0252 - mse: 0.0011 - 27ms/epoch - 9ms/step
Epoch 562/800
3/3 - 0s - loss: 0.0217 - mae: 0.0217 - mse: 7.8335e-04 - 27ms/epoch - 9ms/step
Epoch 563/800
3/3 - 0s - loss: 0.0281 - mae: 0.0281 - mse: 0.0013 - 27ms/epoch - 9ms/step
Epoch 564/800
3/3 - 0s - loss: 0.0259 - mae: 0.0259 - mse: 0.0014 - 27ms/epoch - 9ms/step
Epoch 565/800
3/3 - 0s - loss: 0.0238 - mae: 0.0238 - mse: 9.6829e-04 - 27ms/epoch - 9ms/step
Epoch 566/800
3/3 - 0s - loss: 0.0225 - mae: 0.0225 - mse: 9.8010e-04 - 27ms/epoch - 9ms/step
Epoch 567/800
3/3 - 0s - loss: 0.0239 - mae: 0.0239 - mse: 0.0013 - 27ms/epoch - 9ms/step
Epoch 568/800
3/3 - 0s - loss: 0.0221 - mae: 0.0221 - mse: 0.0011 - 27ms/epoch - 9ms/step
Epoch 569/800
3/3 - 0s - loss: 0.0201 - mae: 0.0201 - mse: 7.2554e-04 - 27ms/epoch - 9ms/step
Epoch 570/800
3/3 - 0s - loss: 0.0266 - mae: 0.0266 - mse: 0.0013 - 27ms/epoch - 9ms/step
Epoch 571/800
3/3 - 0s - loss: 0.0243 - mae: 0.0243 - mse: 0.0010 - 27ms/epoch - 9ms/step
Epoch 572/800
3/3 - 0s - loss: 0.0195 - mae: 0.0195 - mse: 5.9716e-04 - 27ms/epoch - 9ms/step
Epoch 573/800
3/3 - 0s - loss: 0.0194 - mae: 0.0194 - mse: 6.2973e-04 - 27ms/epoch - 9ms/step
Epoch 574/800
3/3 - 0s - loss: 0.0238 - mae: 0.0238 - mse: 9.5828e-04 - 27ms/epoch - 9ms/step
Epoch 575/800
3/3 - 0s - loss: 0.0224 - mae: 0.0224 - mse: 8.5316e-04 - 27ms/epoch - 9ms/step
Epoch 576/800
3/3 - 0s - loss: 0.0221 - mae: 0.0221 - mse: 7.4159e-04 - 27ms/epoch - 9ms/step
Epoch 577/800
3/3 - 0s - loss: 0.0217 - mae: 0.0217 - mse: 8.5230e-04 - 27ms/epoch - 9ms/step
Epoch 578/800
3/3 - 0s - loss: 0.0239 - mae: 0.0239 - mse: 9.2777e-04 - 27ms/epoch - 9ms/step
Epoch 579/800
3/3 - 0s - loss: 0.0250 - mae: 0.0250 - mse: 0.0010 - 27ms/epoch - 9ms/step
Epoch 580/800
3/3 - 0s - loss: 0.0207 - mae: 0.0207 - mse: 6.9756e-04 - 27ms/epoch - 9ms/step
Epoch 581/800
3/3 - 0s - loss: 0.0248 - mae: 0.0248 - mse: 9.9161e-04 - 27ms/epoch - 9ms/step
Epoch 582/800
3/3 - 0s - loss: 0.0202 - mae: 0.0202 - mse: 6.9790e-04 - 27ms/epoch - 9ms/step
Epoch 583/800
3/3 - 0s - loss: 0.0192 - mae: 0.0192 - mse: 6.0834e-04 - 27ms/epoch - 9ms/step
Epoch 584/800
3/3 - 0s - loss: 0.0219 - mae: 0.0219 - mse: 7.4877e-04 - 27ms/epoch - 9ms/step
Epoch 585/800
3/3 - 0s - loss: 0.0210 - mae: 0.0210 - mse: 6.9645e-04 - 27ms/epoch - 9ms/step
Epoch 586/800
3/3 - 0s - loss: 0.0224 - mae: 0.0224 - mse: 9.2352e-04 - 27ms/epoch - 9ms/step
Epoch 587/800
3/3 - 0s - loss: 0.0202 - mae: 0.0202 - mse: 8.3333e-04 - 27ms/epoch - 9ms/step
Epoch 588/800
3/3 - 0s - loss: 0.0205 - mae: 0.0205 - mse: 6.6839e-04 - 27ms/epoch - 9ms/step
Epoch 589/800
3/3 - 0s - loss: 0.0211 - mae: 0.0211 - mse: 8.3200e-04 - 27ms/epoch - 9ms/step
Epoch 590/800
3/3 - 0s - loss: 0.0223 - mae: 0.0223 - mse: 9.4164e-04 - 27ms/epoch - 9ms/step
Epoch 591/800
3/3 - 0s - loss: 0.0221 - mae: 0.0221 - mse: 8.1591e-04 - 27ms/epoch - 9ms/step
Epoch 592/800
3/3 - 0s - loss: 0.0191 - mae: 0.0191 - mse: 6.4176e-04 - 27ms/epoch - 9ms/step
Epoch 593/800
3/3 - 0s - loss: 0.0221 - mae: 0.0221 - mse: 8.8852e-04 - 27ms/epoch - 9ms/step
Epoch 594/800
3/3 - 0s - loss: 0.0206 - mae: 0.0206 - mse: 7.4216e-04 - 27ms/epoch - 9ms/step
Epoch 595/800
3/3 - 0s - loss: 0.0187 - mae: 0.0187 - mse: 6.1451e-04 - 27ms/epoch - 9ms/step
Epoch 596/800
3/3 - 0s - loss: 0.0237 - mae: 0.0237 - mse: 9.3172e-04 - 27ms/epoch - 9ms/step
Epoch 597/800
3/3 - 0s - loss: 0.0181 - mae: 0.0181 - mse: 5.0151e-04 - 27ms/epoch - 9ms/step
Epoch 598/800
3/3 - 0s - loss: 0.0209 - mae: 0.0209 - mse: 7.0355e-04 - 27ms/epoch - 9ms/step
Epoch 599/800
3/3 - 0s - loss: 0.0205 - mae: 0.0205 - mse: 8.0532e-04 - 27ms/epoch - 9ms/step
Epoch 600/800
3/3 - 0s - loss: 0.0212 - mae: 0.0212 - mse: 7.4677e-04 - 27ms/epoch - 9ms/step
Epoch 601/800
3/3 - 0s - loss: 0.0193 - mae: 0.0193 - mse: 6.6712e-04 - 27ms/epoch - 9ms/step
Epoch 602/800
3/3 - 0s - loss: 0.0189 - mae: 0.0189 - mse: 6.7506e-04 - 27ms/epoch - 9ms/step
Epoch 603/800
3/3 - 0s - loss: 0.0191 - mae: 0.0191 - mse: 6.2871e-04 - 27ms/epoch - 9ms/step
Epoch 604/800
3/3 - 0s - loss: 0.0170 - mae: 0.0170 - mse: 4.4171e-04 - 27ms/epoch - 9ms/step
Epoch 605/800
3/3 - 0s - loss: 0.0193 - mae: 0.0193 - mse: 6.3948e-04 - 27ms/epoch - 9ms/step
Epoch 606/800
3/3 - 0s - loss: 0.0160 - mae: 0.0160 - mse: 4.3186e-04 - 27ms/epoch - 9ms/step
Epoch 607/800
3/3 - 0s - loss: 0.0168 - mae: 0.0168 - mse: 5.3769e-04 - 27ms/epoch - 9ms/step
Epoch 608/800
3/3 - 0s - loss: 0.0161 - mae: 0.0161 - mse: 4.4284e-04 - 27ms/epoch - 9ms/step
Epoch 609/800
3/3 - 0s - loss: 0.0171 - mae: 0.0171 - mse: 5.4303e-04 - 27ms/epoch - 9ms/step
Epoch 610/800
3/3 - 0s - loss: 0.0164 - mae: 0.0164 - mse: 4.0651e-04 - 27ms/epoch - 9ms/step
Epoch 611/800
3/3 - 0s - loss: 0.0136 - mae: 0.0136 - mse: 3.2588e-04 - 27ms/epoch - 9ms/step
Epoch 612/800
3/3 - 0s - loss: 0.0176 - mae: 0.0176 - mse: 6.3059e-04 - 27ms/epoch - 9ms/step
Epoch 613/800
3/3 - 0s - loss: 0.0168 - mae: 0.0168 - mse: 4.8456e-04 - 27ms/epoch - 9ms/step
Epoch 614/800
3/3 - 0s - loss: 0.0186 - mae: 0.0186 - mse: 6.1069e-04 - 27ms/epoch - 9ms/step
Epoch 615/800
3/3 - 0s - loss: 0.0148 - mae: 0.0148 - mse: 4.0649e-04 - 27ms/epoch - 9ms/step
Epoch 616/800
3/3 - 0s - loss: 0.0166 - mae: 0.0166 - mse: 5.1351e-04 - 27ms/epoch - 9ms/step
Epoch 617/800
3/3 - 0s - loss: 0.0137 - mae: 0.0137 - mse: 3.3427e-04 - 27ms/epoch - 9ms/step
Epoch 618/800
3/3 - 0s - loss: 0.0136 - mae: 0.0136 - mse: 3.4101e-04 - 27ms/epoch - 9ms/step
Epoch 619/800
3/3 - 0s - loss: 0.0154 - mae: 0.0154 - mse: 5.5148e-04 - 27ms/epoch - 9ms/step
Epoch 620/800
3/3 - 0s - loss: 0.0118 - mae: 0.0118 - mse: 2.2060e-04 - 27ms/epoch - 9ms/step
Epoch 621/800
3/3 - 0s - loss: 0.0177 - mae: 0.0177 - mse: 6.1125e-04 - 27ms/epoch - 9ms/step
Epoch 622/800
3/3 - 0s - loss: 0.0169 - mae: 0.0169 - mse: 5.2180e-04 - 27ms/epoch - 9ms/step
Epoch 623/800
3/3 - 0s - loss: 0.0195 - mae: 0.0195 - mse: 6.2876e-04 - 27ms/epoch - 9ms/step
Epoch 624/800
3/3 - 0s - loss: 0.0137 - mae: 0.0137 - mse: 3.2346e-04 - 27ms/epoch - 9ms/step
Epoch 625/800
3/3 - 0s - loss: 0.0147 - mae: 0.0147 - mse: 4.2082e-04 - 27ms/epoch - 9ms/step
Epoch 626/800
3/3 - 0s - loss: 0.0130 - mae: 0.0130 - mse: 2.9276e-04 - 27ms/epoch - 9ms/step
Epoch 627/800
3/3 - 0s - loss: 0.0119 - mae: 0.0119 - mse: 2.5058e-04 - 27ms/epoch - 9ms/step
Epoch 628/800
3/3 - 0s - loss: 0.0158 - mae: 0.0158 - mse: 4.6848e-04 - 27ms/epoch - 9ms/step
Epoch 629/800
3/3 - 0s - loss: 0.0122 - mae: 0.0122 - mse: 2.4947e-04 - 27ms/epoch - 9ms/step
Epoch 630/800
3/3 - 0s - loss: 0.0156 - mae: 0.0156 - mse: 4.7330e-04 - 27ms/epoch - 9ms/step
Epoch 631/800
3/3 - 0s - loss: 0.0102 - mae: 0.0102 - mse: 1.8587e-04 - 29ms/epoch - 10ms/step
Epoch 632/800
3/3 - 0s - loss: 0.0152 - mae: 0.0152 - mse: 4.5758e-04 - 28ms/epoch - 9ms/step
Epoch 633/800
3/3 - 0s - loss: 0.0138 - mae: 0.0138 - mse: 3.6513e-04 - 27ms/epoch - 9ms/step
Epoch 634/800
3/3 - 0s - loss: 0.0137 - mae: 0.0137 - mse: 3.4390e-04 - 27ms/epoch - 9ms/step
Epoch 635/800
3/3 - 0s - loss: 0.0144 - mae: 0.0144 - mse: 4.3390e-04 - 27ms/epoch - 9ms/step
Epoch 636/800
3/3 - 0s - loss: 0.0150 - mae: 0.0150 - mse: 4.5918e-04 - 27ms/epoch - 9ms/step
Epoch 637/800
3/3 - 0s - loss: 0.0120 - mae: 0.0120 - mse: 3.0737e-04 - 27ms/epoch - 9ms/step
Epoch 638/800
3/3 - 0s - loss: 0.0125 - mae: 0.0125 - mse: 3.0690e-04 - 27ms/epoch - 9ms/step
Epoch 639/800
3/3 - 0s - loss: 0.0110 - mae: 0.0110 - mse: 2.3170e-04 - 27ms/epoch - 9ms/step
Epoch 640/800
3/3 - 0s - loss: 0.0126 - mae: 0.0126 - mse: 2.5492e-04 - 27ms/epoch - 9ms/step
Epoch 641/800
3/3 - 0s - loss: 0.0123 - mae: 0.0123 - mse: 2.4671e-04 - 27ms/epoch - 9ms/step
Epoch 642/800
3/3 - 0s - loss: 0.0108 - mae: 0.0108 - mse: 1.9030e-04 - 27ms/epoch - 9ms/step
Epoch 643/800
3/3 - 0s - loss: 0.0131 - mae: 0.0131 - mse: 3.6433e-04 - 27ms/epoch - 9ms/step
Epoch 644/800
3/3 - 0s - loss: 0.0132 - mae: 0.0132 - mse: 2.6044e-04 - 27ms/epoch - 9ms/step
Epoch 645/800
3/3 - 0s - loss: 0.0120 - mae: 0.0120 - mse: 2.4379e-04 - 27ms/epoch - 9ms/step
Epoch 646/800
3/3 - 0s - loss: 0.0168 - mae: 0.0168 - mse: 5.8460e-04 - 27ms/epoch - 9ms/step
Epoch 647/800
3/3 - 0s - loss: 0.0134 - mae: 0.0134 - mse: 3.5439e-04 - 27ms/epoch - 9ms/step
Epoch 648/800
3/3 - 0s - loss: 0.0134 - mae: 0.0134 - mse: 3.2059e-04 - 27ms/epoch - 9ms/step
Epoch 649/800
3/3 - 0s - loss: 0.0125 - mae: 0.0125 - mse: 2.6296e-04 - 27ms/epoch - 9ms/step
Epoch 650/800
3/3 - 0s - loss: 0.0152 - mae: 0.0152 - mse: 3.6263e-04 - 27ms/epoch - 9ms/step
Epoch 651/800
3/3 - 0s - loss: 0.0153 - mae: 0.0153 - mse: 3.9711e-04 - 27ms/epoch - 9ms/step
Epoch 652/800
3/3 - 0s - loss: 0.0134 - mae: 0.0134 - mse: 2.8521e-04 - 27ms/epoch - 9ms/step
Epoch 653/800
3/3 - 0s - loss: 0.0152 - mae: 0.0152 - mse: 3.6000e-04 - 27ms/epoch - 9ms/step
Epoch 654/800
3/3 - 0s - loss: 0.0170 - mae: 0.0170 - mse: 4.6706e-04 - 27ms/epoch - 9ms/step
Epoch 655/800
3/3 - 0s - loss: 0.0161 - mae: 0.0161 - mse: 4.5069e-04 - 27ms/epoch - 9ms/step
Epoch 656/800
3/3 - 0s - loss: 0.0189 - mae: 0.0189 - mse: 5.6600e-04 - 27ms/epoch - 9ms/step
Epoch 657/800
3/3 - 0s - loss: 0.0152 - mae: 0.0152 - mse: 3.7877e-04 - 27ms/epoch - 9ms/step
Epoch 658/800
3/3 - 0s - loss: 0.0149 - mae: 0.0149 - mse: 4.5190e-04 - 27ms/epoch - 9ms/step
Epoch 659/800
3/3 - 0s - loss: 0.0158 - mae: 0.0158 - mse: 4.3173e-04 - 27ms/epoch - 9ms/step
Epoch 660/800
3/3 - 0s - loss: 0.0124 - mae: 0.0124 - mse: 2.3089e-04 - 27ms/epoch - 9ms/step
Epoch 661/800
3/3 - 0s - loss: 0.0132 - mae: 0.0132 - mse: 3.4027e-04 - 28ms/epoch - 9ms/step
Epoch 662/800
3/3 - 0s - loss: 0.0107 - mae: 0.0107 - mse: 2.2086e-04 - 27ms/epoch - 9ms/step
Epoch 663/800
3/3 - 0s - loss: 0.0120 - mae: 0.0120 - mse: 2.8651e-04 - 27ms/epoch - 9ms/step
Epoch 664/800
3/3 - 0s - loss: 0.0114 - mae: 0.0114 - mse: 2.4864e-04 - 27ms/epoch - 9ms/step
Epoch 665/800
3/3 - 0s - loss: 0.0112 - mae: 0.0112 - mse: 2.0253e-04 - 27ms/epoch - 9ms/step
Epoch 666/800
3/3 - 0s - loss: 0.0105 - mae: 0.0105 - mse: 1.7280e-04 - 27ms/epoch - 9ms/step
Epoch 667/800
3/3 - 0s - loss: 0.0125 - mae: 0.0125 - mse: 3.2028e-04 - 27ms/epoch - 9ms/step
Epoch 668/800
3/3 - 0s - loss: 0.0130 - mae: 0.0130 - mse: 3.4230e-04 - 27ms/epoch - 9ms/step
Epoch 669/800
3/3 - 0s - loss: 0.0120 - mae: 0.0120 - mse: 2.4194e-04 - 27ms/epoch - 9ms/step
Epoch 670/800
3/3 - 0s - loss: 0.0086 - mae: 0.0086 - mse: 1.3778e-04 - 27ms/epoch - 9ms/step
Epoch 671/800
3/3 - 0s - loss: 0.0088 - mae: 0.0088 - mse: 1.3816e-04 - 27ms/epoch - 9ms/step
Epoch 672/800
3/3 - 0s - loss: 0.0088 - mae: 0.0088 - mse: 1.3584e-04 - 27ms/epoch - 9ms/step
Epoch 673/800
3/3 - 0s - loss: 0.0097 - mae: 0.0097 - mse: 1.5220e-04 - 27ms/epoch - 9ms/step
Epoch 674/800
3/3 - 0s - loss: 0.0086 - mae: 0.0086 - mse: 1.2308e-04 - 27ms/epoch - 9ms/step
Epoch 675/800
3/3 - 0s - loss: 0.0110 - mae: 0.0110 - mse: 2.1332e-04 - 27ms/epoch - 9ms/step
Epoch 676/800
3/3 - 0s - loss: 0.0080 - mae: 0.0080 - mse: 1.0937e-04 - 27ms/epoch - 9ms/step
Epoch 677/800
3/3 - 0s - loss: 0.0113 - mae: 0.0113 - mse: 2.0463e-04 - 27ms/epoch - 9ms/step
Epoch 678/800
3/3 - 0s - loss: 0.0107 - mae: 0.0107 - mse: 2.3114e-04 - 27ms/epoch - 9ms/step
Epoch 679/800
3/3 - 0s - loss: 0.0132 - mae: 0.0132 - mse: 2.7053e-04 - 27ms/epoch - 9ms/step
Epoch 680/800
3/3 - 0s - loss: 0.0110 - mae: 0.0110 - mse: 1.8806e-04 - 27ms/epoch - 9ms/step
Epoch 681/800
3/3 - 0s - loss: 0.0079 - mae: 0.0079 - mse: 1.0578e-04 - 27ms/epoch - 9ms/step
Epoch 682/800
3/3 - 0s - loss: 0.0085 - mae: 0.0085 - mse: 1.2727e-04 - 27ms/epoch - 9ms/step
Epoch 683/800
3/3 - 0s - loss: 0.0088 - mae: 0.0088 - mse: 1.3949e-04 - 27ms/epoch - 9ms/step
Epoch 684/800
3/3 - 0s - loss: 0.0090 - mae: 0.0090 - mse: 1.2231e-04 - 27ms/epoch - 9ms/step
Epoch 685/800
3/3 - 0s - loss: 0.0079 - mae: 0.0079 - mse: 9.7357e-05 - 27ms/epoch - 9ms/step
Epoch 686/800
3/3 - 0s - loss: 0.0095 - mae: 0.0095 - mse: 1.4485e-04 - 27ms/epoch - 9ms/step
Epoch 687/800
3/3 - 0s - loss: 0.0098 - mae: 0.0098 - mse: 1.9470e-04 - 27ms/epoch - 9ms/step
Epoch 688/800
3/3 - 0s - loss: 0.0103 - mae: 0.0103 - mse: 1.8515e-04 - 27ms/epoch - 9ms/step
Epoch 689/800
3/3 - 0s - loss: 0.0101 - mae: 0.0101 - mse: 1.8529e-04 - 27ms/epoch - 9ms/step
Epoch 690/800
3/3 - 0s - loss: 0.0109 - mae: 0.0109 - mse: 1.8350e-04 - 27ms/epoch - 9ms/step
Epoch 691/800
3/3 - 0s - loss: 0.0094 - mae: 0.0094 - mse: 1.4843e-04 - 27ms/epoch - 9ms/step
Epoch 692/800
3/3 - 0s - loss: 0.0105 - mae: 0.0105 - mse: 1.8165e-04 - 27ms/epoch - 9ms/step
Epoch 693/800
3/3 - 0s - loss: 0.0089 - mae: 0.0089 - mse: 1.3248e-04 - 27ms/epoch - 9ms/step
Epoch 694/800
3/3 - 0s - loss: 0.0075 - mae: 0.0075 - mse: 1.0077e-04 - 27ms/epoch - 9ms/step
Epoch 695/800
3/3 - 0s - loss: 0.0074 - mae: 0.0074 - mse: 8.2005e-05 - 27ms/epoch - 9ms/step
Epoch 696/800
3/3 - 0s - loss: 0.0091 - mae: 0.0091 - mse: 1.2228e-04 - 27ms/epoch - 9ms/step
Epoch 697/800
3/3 - 0s - loss: 0.0099 - mae: 0.0099 - mse: 1.6798e-04 - 27ms/epoch - 9ms/step
Epoch 698/800
3/3 - 0s - loss: 0.0097 - mae: 0.0097 - mse: 1.8029e-04 - 27ms/epoch - 9ms/step
Epoch 699/800
3/3 - 0s - loss: 0.0106 - mae: 0.0106 - mse: 1.6536e-04 - 27ms/epoch - 9ms/step
Epoch 700/800
3/3 - 0s - loss: 0.0091 - mae: 0.0091 - mse: 1.2265e-04 - 27ms/epoch - 9ms/step
Epoch 701/800
3/3 - 0s - loss: 0.0100 - mae: 0.0100 - mse: 1.5937e-04 - 27ms/epoch - 9ms/step
Epoch 702/800
3/3 - 0s - loss: 0.0084 - mae: 0.0084 - mse: 1.1341e-04 - 27ms/epoch - 9ms/step
Epoch 703/800
3/3 - 0s - loss: 0.0087 - mae: 0.0087 - mse: 1.3160e-04 - 27ms/epoch - 9ms/step
Epoch 704/800
3/3 - 0s - loss: 0.0087 - mae: 0.0087 - mse: 1.1996e-04 - 27ms/epoch - 9ms/step
Epoch 705/800
3/3 - 0s - loss: 0.0088 - mae: 0.0088 - mse: 1.2790e-04 - 27ms/epoch - 9ms/step
Epoch 706/800
3/3 - 0s - loss: 0.0097 - mae: 0.0097 - mse: 1.3960e-04 - 27ms/epoch - 9ms/step
Epoch 707/800
3/3 - 0s - loss: 0.0110 - mae: 0.0110 - mse: 1.8160e-04 - 27ms/epoch - 9ms/step
Epoch 708/800
3/3 - 0s - loss: 0.0115 - mae: 0.0115 - mse: 1.9997e-04 - 27ms/epoch - 9ms/step
Epoch 709/800
3/3 - 0s - loss: 0.0083 - mae: 0.0083 - mse: 1.0749e-04 - 27ms/epoch - 9ms/step
Epoch 710/800
3/3 - 0s - loss: 0.0081 - mae: 0.0081 - mse: 1.0411e-04 - 27ms/epoch - 9ms/step
Epoch 711/800
3/3 - 0s - loss: 0.0071 - mae: 0.0071 - mse: 8.6140e-05 - 27ms/epoch - 9ms/step
Epoch 712/800
3/3 - 0s - loss: 0.0069 - mae: 0.0069 - mse: 9.2584e-05 - 27ms/epoch - 9ms/step
Epoch 713/800
3/3 - 0s - loss: 0.0062 - mae: 0.0062 - mse: 6.3777e-05 - 27ms/epoch - 9ms/step
Epoch 714/800
3/3 - 0s - loss: 0.0073 - mae: 0.0073 - mse: 9.1963e-05 - 27ms/epoch - 9ms/step
Epoch 715/800
3/3 - 0s - loss: 0.0063 - mae: 0.0063 - mse: 6.2604e-05 - 27ms/epoch - 9ms/step
Epoch 716/800
3/3 - 0s - loss: 0.0061 - mae: 0.0061 - mse: 6.2827e-05 - 27ms/epoch - 9ms/step
Epoch 717/800
3/3 - 0s - loss: 0.0068 - mae: 0.0068 - mse: 7.2259e-05 - 27ms/epoch - 9ms/step
Epoch 718/800
3/3 - 0s - loss: 0.0053 - mae: 0.0053 - mse: 5.3345e-05 - 27ms/epoch - 9ms/step
Epoch 719/800
3/3 - 0s - loss: 0.0053 - mae: 0.0053 - mse: 4.3374e-05 - 27ms/epoch - 9ms/step
Epoch 720/800
3/3 - 0s - loss: 0.0047 - mae: 0.0047 - mse: 4.0426e-05 - 27ms/epoch - 9ms/step
Epoch 721/800
3/3 - 0s - loss: 0.0047 - mae: 0.0047 - mse: 3.7083e-05 - 27ms/epoch - 9ms/step
Epoch 722/800
3/3 - 0s - loss: 0.0041 - mae: 0.0041 - mse: 2.7240e-05 - 27ms/epoch - 9ms/step
Epoch 723/800
3/3 - 0s - loss: 0.0042 - mae: 0.0042 - mse: 3.2182e-05 - 27ms/epoch - 9ms/step
Epoch 724/800
3/3 - 0s - loss: 0.0037 - mae: 0.0037 - mse: 2.5119e-05 - 27ms/epoch - 9ms/step
Epoch 725/800
3/3 - 0s - loss: 0.0039 - mae: 0.0039 - mse: 2.6825e-05 - 27ms/epoch - 9ms/step
Epoch 726/800
3/3 - 0s - loss: 0.0037 - mae: 0.0037 - mse: 2.2804e-05 - 27ms/epoch - 9ms/step
Epoch 727/800
3/3 - 0s - loss: 0.0040 - mae: 0.0040 - mse: 2.8013e-05 - 27ms/epoch - 9ms/step
Epoch 728/800
3/3 - 0s - loss: 0.0039 - mae: 0.0039 - mse: 2.8351e-05 - 27ms/epoch - 9ms/step
Epoch 729/800
3/3 - 0s - loss: 0.0038 - mae: 0.0038 - mse: 2.5164e-05 - 27ms/epoch - 9ms/step
Epoch 730/800
3/3 - 0s - loss: 0.0040 - mae: 0.0040 - mse: 2.5477e-05 - 27ms/epoch - 9ms/step
Epoch 731/800
3/3 - 0s - loss: 0.0042 - mae: 0.0042 - mse: 2.7715e-05 - 27ms/epoch - 9ms/step
Epoch 732/800
3/3 - 0s - loss: 0.0041 - mae: 0.0041 - mse: 2.6767e-05 - 27ms/epoch - 9ms/step
Epoch 733/800
3/3 - 0s - loss: 0.0033 - mae: 0.0033 - mse: 1.9804e-05 - 27ms/epoch - 9ms/step
Epoch 734/800
3/3 - 0s - loss: 0.0030 - mae: 0.0030 - mse: 1.8344e-05 - 27ms/epoch - 9ms/step
Epoch 735/800
3/3 - 0s - loss: 0.0031 - mae: 0.0031 - mse: 1.8213e-05 - 27ms/epoch - 9ms/step
Epoch 736/800
3/3 - 0s - loss: 0.0034 - mae: 0.0034 - mse: 2.0533e-05 - 27ms/epoch - 9ms/step
Epoch 737/800
3/3 - 0s - loss: 0.0027 - mae: 0.0027 - mse: 1.3494e-05 - 27ms/epoch - 9ms/step
Epoch 738/800
3/3 - 0s - loss: 0.0032 - mae: 0.0032 - mse: 1.7786e-05 - 27ms/epoch - 9ms/step
Epoch 739/800
3/3 - 0s - loss: 0.0035 - mae: 0.0035 - mse: 2.0056e-05 - 27ms/epoch - 9ms/step
Epoch 740/800
3/3 - 0s - loss: 0.0029 - mae: 0.0029 - mse: 1.3972e-05 - 27ms/epoch - 9ms/step
Epoch 741/800
3/3 - 0s - loss: 0.0029 - mae: 0.0029 - mse: 1.5595e-05 - 27ms/epoch - 9ms/step
Epoch 742/800
3/3 - 0s - loss: 0.0025 - mae: 0.0025 - mse: 1.1666e-05 - 27ms/epoch - 9ms/step
Epoch 743/800
3/3 - 0s - loss: 0.0028 - mae: 0.0028 - mse: 1.3086e-05 - 27ms/epoch - 9ms/step
Epoch 744/800
3/3 - 0s - loss: 0.0022 - mae: 0.0022 - mse: 9.3015e-06 - 27ms/epoch - 9ms/step
Epoch 745/800
3/3 - 0s - loss: 0.0025 - mae: 0.0025 - mse: 1.0806e-05 - 27ms/epoch - 9ms/step
Epoch 746/800
3/3 - 0s - loss: 0.0025 - mae: 0.0025 - mse: 1.1816e-05 - 27ms/epoch - 9ms/step
Epoch 747/800
3/3 - 0s - loss: 0.0024 - mae: 0.0024 - mse: 1.0336e-05 - 27ms/epoch - 9ms/step
Epoch 748/800
3/3 - 0s - loss: 0.0027 - mae: 0.0027 - mse: 1.2883e-05 - 27ms/epoch - 9ms/step
Epoch 749/800
3/3 - 0s - loss: 0.0025 - mae: 0.0025 - mse: 1.1348e-05 - 27ms/epoch - 9ms/step
Epoch 750/800
3/3 - 0s - loss: 0.0026 - mae: 0.0026 - mse: 1.1935e-05 - 27ms/epoch - 9ms/step
Epoch 751/800
3/3 - 0s - loss: 0.0021 - mae: 0.0021 - mse: 1.0169e-05 - 27ms/epoch - 9ms/step
Epoch 752/800
3/3 - 0s - loss: 0.0022 - mae: 0.0022 - mse: 1.0086e-05 - 27ms/epoch - 9ms/step
Epoch 753/800
3/3 - 0s - loss: 0.0026 - mae: 0.0026 - mse: 1.2735e-05 - 27ms/epoch - 9ms/step
Epoch 754/800
3/3 - 0s - loss: 0.0023 - mae: 0.0023 - mse: 1.0270e-05 - 27ms/epoch - 9ms/step
Epoch 755/800
3/3 - 0s - loss: 0.0023 - mae: 0.0023 - mse: 9.9878e-06 - 27ms/epoch - 9ms/step
Epoch 756/800
3/3 - 0s - loss: 0.0024 - mae: 0.0024 - mse: 1.1511e-05 - 27ms/epoch - 9ms/step
Epoch 757/800
3/3 - 0s - loss: 0.0022 - mae: 0.0022 - mse: 1.0812e-05 - 27ms/epoch - 9ms/step
Epoch 758/800
3/3 - 0s - loss: 0.0021 - mae: 0.0021 - mse: 8.8494e-06 - 27ms/epoch - 9ms/step
Epoch 759/800
3/3 - 0s - loss: 0.0022 - mae: 0.0022 - mse: 1.0216e-05 - 27ms/epoch - 9ms/step
Epoch 760/800
3/3 - 0s - loss: 0.0024 - mae: 0.0024 - mse: 1.0791e-05 - 27ms/epoch - 9ms/step
Epoch 761/800
3/3 - 0s - loss: 0.0024 - mae: 0.0024 - mse: 1.1318e-05 - 27ms/epoch - 9ms/step
Epoch 762/800
3/3 - 0s - loss: 0.0024 - mae: 0.0024 - mse: 1.0877e-05 - 27ms/epoch - 9ms/step
Epoch 763/800
3/3 - 0s - loss: 0.0021 - mae: 0.0021 - mse: 9.1686e-06 - 27ms/epoch - 9ms/step
Epoch 764/800
3/3 - 0s - loss: 0.0018 - mae: 0.0018 - mse: 7.4180e-06 - 27ms/epoch - 9ms/step
Epoch 765/800
3/3 - 0s - loss: 0.0020 - mae: 0.0020 - mse: 8.4596e-06 - 27ms/epoch - 9ms/step
Epoch 766/800
3/3 - 0s - loss: 0.0022 - mae: 0.0022 - mse: 9.4982e-06 - 29ms/epoch - 10ms/step
Epoch 767/800
3/3 - 0s - loss: 0.0024 - mae: 0.0024 - mse: 1.1480e-05 - 27ms/epoch - 9ms/step
Epoch 768/800
3/3 - 0s - loss: 0.0026 - mae: 0.0026 - mse: 1.2376e-05 - 27ms/epoch - 9ms/step
Epoch 769/800
3/3 - 0s - loss: 0.0021 - mae: 0.0021 - mse: 9.6551e-06 - 27ms/epoch - 9ms/step
Epoch 770/800
3/3 - 0s - loss: 0.0020 - mae: 0.0020 - mse: 8.6681e-06 - 27ms/epoch - 9ms/step
Epoch 771/800
3/3 - 0s - loss: 0.0024 - mae: 0.0024 - mse: 1.1157e-05 - 27ms/epoch - 9ms/step
Epoch 772/800
3/3 - 0s - loss: 0.0022 - mae: 0.0022 - mse: 1.0123e-05 - 27ms/epoch - 9ms/step
Epoch 773/800
3/3 - 0s - loss: 0.0024 - mae: 0.0024 - mse: 1.1521e-05 - 27ms/epoch - 9ms/step
Epoch 774/800
3/3 - 0s - loss: 0.0027 - mae: 0.0027 - mse: 1.2527e-05 - 27ms/epoch - 9ms/step
Epoch 775/800
3/3 - 0s - loss: 0.0030 - mae: 0.0030 - mse: 1.5319e-05 - 27ms/epoch - 9ms/step
Epoch 776/800
3/3 - 0s - loss: 0.0029 - mae: 0.0029 - mse: 1.3944e-05 - 27ms/epoch - 9ms/step
Epoch 777/800
3/3 - 0s - loss: 0.0025 - mae: 0.0025 - mse: 1.1382e-05 - 27ms/epoch - 9ms/step
Epoch 778/800
3/3 - 0s - loss: 0.0028 - mae: 0.0028 - mse: 1.3839e-05 - 27ms/epoch - 9ms/step
Epoch 779/800
3/3 - 0s - loss: 0.0024 - mae: 0.0024 - mse: 1.0281e-05 - 27ms/epoch - 9ms/step
Epoch 780/800
3/3 - 0s - loss: 0.0025 - mae: 0.0025 - mse: 1.2615e-05 - 27ms/epoch - 9ms/step
Epoch 781/800
3/3 - 0s - loss: 0.0022 - mae: 0.0022 - mse: 8.9501e-06 - 27ms/epoch - 9ms/step
Epoch 782/800
3/3 - 0s - loss: 0.0023 - mae: 0.0023 - mse: 1.0341e-05 - 27ms/epoch - 9ms/step
Epoch 783/800
3/3 - 0s - loss: 0.0021 - mae: 0.0021 - mse: 9.3052e-06 - 27ms/epoch - 9ms/step
Epoch 784/800
3/3 - 0s - loss: 0.0020 - mae: 0.0020 - mse: 8.4715e-06 - 27ms/epoch - 9ms/step
Epoch 785/800
3/3 - 0s - loss: 0.0019 - mae: 0.0019 - mse: 7.7862e-06 - 27ms/epoch - 9ms/step
Epoch 786/800
3/3 - 0s - loss: 0.0024 - mae: 0.0024 - mse: 1.1321e-05 - 27ms/epoch - 9ms/step
Epoch 787/800
3/3 - 0s - loss: 0.0022 - mae: 0.0022 - mse: 1.0028e-05 - 27ms/epoch - 9ms/step
Epoch 788/800
3/3 - 0s - loss: 0.0025 - mae: 0.0025 - mse: 1.1574e-05 - 27ms/epoch - 9ms/step
Epoch 789/800
3/3 - 0s - loss: 0.0021 - mae: 0.0021 - mse: 9.3905e-06 - 27ms/epoch - 9ms/step
Epoch 790/800
3/3 - 0s - loss: 0.0023 - mae: 0.0023 - mse: 1.0346e-05 - 27ms/epoch - 9ms/step
Epoch 791/800
3/3 - 0s - loss: 0.0024 - mae: 0.0024 - mse: 1.0457e-05 - 27ms/epoch - 9ms/step
Epoch 792/800
3/3 - 0s - loss: 0.0025 - mae: 0.0025 - mse: 1.1345e-05 - 27ms/epoch - 9ms/step
Epoch 793/800
3/3 - 0s - loss: 0.0022 - mae: 0.0022 - mse: 9.9281e-06 - 27ms/epoch - 9ms/step
Epoch 794/800
3/3 - 0s - loss: 0.0026 - mae: 0.0026 - mse: 1.2585e-05 - 27ms/epoch - 9ms/step
Epoch 795/800
3/3 - 0s - loss: 0.0025 - mae: 0.0025 - mse: 1.2284e-05 - 27ms/epoch - 9ms/step
Epoch 796/800
3/3 - 0s - loss: 0.0024 - mae: 0.0024 - mse: 1.1803e-05 - 27ms/epoch - 9ms/step
Epoch 797/800
3/3 - 0s - loss: 0.0021 - mae: 0.0021 - mse: 9.8059e-06 - 27ms/epoch - 9ms/step
Epoch 798/800
3/3 - 0s - loss: 0.0020 - mae: 0.0020 - mse: 8.7464e-06 - 27ms/epoch - 9ms/step
Epoch 799/800
3/3 - 0s - loss: 0.0019 - mae: 0.0019 - mse: 8.6042e-06 - 27ms/epoch - 9ms/step
Epoch 800/800
3/3 - 0s - loss: 0.0023 - mae: 0.0023 - mse: 1.1197e-05 - 27ms/epoch - 9ms/step
Training finished in 29.37 seconds.

1/2 [==============>...............] - ETA: 0s
2/2 [==============================] - 1s 7ms/step
Fold 2 MAE: 8.2208

--- Starting Fold 3/5 ---
INFO:kgcnn.model.utils:Updated model kwargs: '{'name': 'coGN', 'inputs': {'offset': {'shape': (None, 3), 'name': 'offset', 'dtype': 'float32', 'ragged': True}, 'cell_translation': None, 'affine_matrix': None, 'voronoi_ridge_area': None, 'atomic_number': {'shape': (None,), 'name': 'atomic_number', 'dtype': 'int32', 'ragged': True}, 'frac_coords': None, 'coords': None, 'multiplicity': {'shape': (None,), 'name': 'multiplicity', 'dtype': 'int32', 'ragged': True}, 'lattice_matrix': None, 'edge_indices': {'shape': (None, 2), 'name': 'edge_indices', 'dtype': 'int32', 'ragged': True}, 'line_graph_edge_indices': None}, 'input_block_cfg': {'node_size': 128, 'edge_size': 128, 'atomic_mass': True, 'atomic_radius': True, 'electronegativity': True, 'ionization_energy': True, 'oxidation_states': True, 'edge_embedding_args': {'bins_distance': 32, 'max_distance': 8.0, 'distance_log_base': 1.0, 'bins_voronoi_area': None, 'max_voronoi_area': None}}, 'processing_blocks_cfg': [{'edge_mlp': {'units': [128, 128, 128, 128, 128], 'activation': ['swish', 'swish', 'swish', 'swish', 'swish']}, 'node_mlp': {'units': [128], 'activation': ['swish']}, 'global_mlp': None, 'nested_blocks_cfgs': None, 'aggregate_edges_local': 'sum', 'aggregate_edges_global': None, 'aggregate_nodes': None, 'return_updated_edges': False, 'return_updated_nodes': True, 'return_updated_globals': True, 'edge_attention_mlp_local': {'units': [32, 1], 'activation': ['swish', 'swish']}, 'edge_attention_mlp_global': {'units': [32, 1], 'activation': ['swish', 'swish']}, 'node_attention_mlp': {'units': [32, 1], 'activation': ['swish', 'swish']}, 'edge_gate': None, 'node_gate': None, 'global_gate': None, 'residual_node_update': True, 'residual_edge_update': False, 'residual_global_update': False, 'update_edges_input': [True, True, True, False], 'update_nodes_input': [True, False, False], 'update_global_input': [False, True, False], 'multiplicity_readout': False}, {'edge_mlp': {'units': [128, 128, 128, 128, 128], 'activation': ['swish', 'swish', 'swish', 'swish', 'swish']}, 'node_mlp': {'units': [128], 'activation': ['swish']}, 'global_mlp': None, 'nested_blocks_cfgs': None, 'aggregate_edges_local': 'sum', 'aggregate_edges_global': None, 'aggregate_nodes': None, 'return_updated_edges': False, 'return_updated_nodes': True, 'return_updated_globals': True, 'edge_attention_mlp_local': {'units': [32, 1], 'activation': ['swish', 'swish']}, 'edge_attention_mlp_global': {'units': [32, 1], 'activation': ['swish', 'swish']}, 'node_attention_mlp': {'units': [32, 1], 'activation': ['swish', 'swish']}, 'edge_gate': None, 'node_gate': None, 'global_gate': None, 'residual_node_update': True, 'residual_edge_update': False, 'residual_global_update': False, 'update_edges_input': [True, True, True, False], 'update_nodes_input': [True, False, False], 'update_global_input': [False, True, False], 'multiplicity_readout': False}, {'edge_mlp': {'units': [128, 128, 128, 128, 128], 'activation': ['swish', 'swish', 'swish', 'swish', 'swish']}, 'node_mlp': {'units': [128], 'activation': ['swish']}, 'global_mlp': None, 'nested_blocks_cfgs': None, 'aggregate_edges_local': 'sum', 'aggregate_edges_global': None, 'aggregate_nodes': None, 'return_updated_edges': False, 'return_updated_nodes': True, 'return_updated_globals': True, 'edge_attention_mlp_local': {'units': [32, 1], 'activation': ['swish', 'swish']}, 'edge_attention_mlp_global': {'units': [32, 1], 'activation': ['swish', 'swish']}, 'node_attention_mlp': {'units': [32, 1], 'activation': ['swish', 'swish']}, 'edge_gate': None, 'node_gate': None, 'global_gate': None, 'residual_node_update': True, 'residual_edge_update': False, 'residual_global_update': False, 'update_edges_input': [True, True, True, False], 'update_nodes_input': [True, False, False], 'update_global_input': [False, True, False], 'multiplicity_readout': False}, {'edge_mlp': {'units': [128, 128, 128, 128, 128], 'activation': ['swish', 'swish', 'swish', 'swish', 'swish']}, 'node_mlp': {'units': [128], 'activation': ['swish']}, 'global_mlp': None, 'nested_blocks_cfgs': None, 'aggregate_edges_local': 'sum', 'aggregate_edges_global': None, 'aggregate_nodes': None, 'return_updated_edges': False, 'return_updated_nodes': True, 'return_updated_globals': True, 'edge_attention_mlp_local': {'units': [32, 1], 'activation': ['swish', 'swish']}, 'edge_attention_mlp_global': {'units': [32, 1], 'activation': ['swish', 'swish']}, 'node_attention_mlp': {'units': [32, 1], 'activation': ['swish', 'swish']}, 'edge_gate': None, 'node_gate': None, 'global_gate': None, 'residual_node_update': True, 'residual_edge_update': False, 'residual_global_update': False, 'update_edges_input': [True, True, True, False], 'update_nodes_input': [True, False, False], 'update_global_input': [False, True, False], 'multiplicity_readout': False}, {'edge_mlp': {'units': [128, 128, 128, 128, 128], 'activation': ['swish', 'swish', 'swish', 'swish', 'swish']}, 'node_mlp': {'units': [128], 'activation': ['swish']}, 'global_mlp': None, 'nested_blocks_cfgs': None, 'aggregate_edges_local': 'sum', 'aggregate_edges_global': None, 'aggregate_nodes': None, 'return_updated_edges': False, 'return_updated_nodes': True, 'return_updated_globals': True, 'edge_attention_mlp_local': {'units': [32, 1], 'activation': ['swish', 'swish']}, 'edge_attention_mlp_global': {'units': [32, 1], 'activation': ['swish', 'swish']}, 'node_attention_mlp': {'units': [32, 1], 'activation': ['swish', 'swish']}, 'edge_gate': None, 'node_gate': None, 'global_gate': None, 'residual_node_update': True, 'residual_edge_update': False, 'residual_global_update': False, 'update_edges_input': [True, True, True, False], 'update_nodes_input': [True, False, False], 'update_global_input': [False, True, False], 'multiplicity_readout': False}], 'output_block_cfg': {'edge_mlp': None, 'node_mlp': None, 'global_mlp': {'units': [1], 'activation': ['linear']}, 'nested_blocks_cfgs': None, 'aggregate_edges_local': 'sum', 'aggregate_edges_global': None, 'aggregate_nodes': 'mean', 'return_updated_edges': False, 'return_updated_nodes': True, 'return_updated_globals': True, 'edge_attention_mlp_local': {'units': [32, 1], 'activation': ['swish', 'swish']}, 'edge_attention_mlp_global': {'units': [32, 1], 'activation': ['swish', 'swish']}, 'node_attention_mlp': {'units': [32, 1], 'activation': ['swish', 'swish']}, 'edge_gate': None, 'node_gate': None, 'global_gate': None, 'residual_node_update': False, 'residual_edge_update': False, 'residual_global_update': False, 'update_edges_input': [True, True, True, False], 'update_nodes_input': [True, False, False], 'update_global_input': [False, True, False], 'multiplicity_readout': True}}'.
/gpfs/scratch/acad/htforft/rgouvea/other_datasets/processed_datasets/.venv/lib/python3.9/site-packages/kgcnn/crystal/periodic_table/periodic_table.py:30: FutureWarning: A value is trying to be set on a copy of a DataFrame or Series through chained assignment using an inplace method.
The behavior will change in pandas 3.0. This inplace method will never work because the intermediate object on which we are setting values always behaves as a copy.

For example, when doing 'df[col].method(value, inplace=True)', try using 'df.method({col: value}, inplace=True)' or df[col] = df[col].method(value) instead, to perform the operation inplace on the original object.


  self.data['AtomicRadius'].fillna(imputation_atomic_radius, inplace=True)
/gpfs/scratch/acad/htforft/rgouvea/other_datasets/processed_datasets/.venv/lib/python3.9/site-packages/kgcnn/crystal/periodic_table/periodic_table.py:32: FutureWarning: A value is trying to be set on a copy of a DataFrame or Series through chained assignment using an inplace method.
The behavior will change in pandas 3.0. This inplace method will never work because the intermediate object on which we are setting values always behaves as a copy.

For example, when doing 'df[col].method(value, inplace=True)', try using 'df.method({col: value}, inplace=True)' or df[col] = df[col].method(value) instead, to perform the operation inplace on the original object.


  self.data['Electronegativity'].fillna(imputation_electronegativity, inplace=True)
/gpfs/scratch/acad/htforft/rgouvea/other_datasets/processed_datasets/.venv/lib/python3.9/site-packages/kgcnn/crystal/periodic_table/periodic_table.py:33: FutureWarning: A value is trying to be set on a copy of a DataFrame or Series through chained assignment using an inplace method.
The behavior will change in pandas 3.0. This inplace method will never work because the intermediate object on which we are setting values always behaves as a copy.

For example, when doing 'df[col].method(value, inplace=True)', try using 'df.method({col: value}, inplace=True)' or df[col] = df[col].method(value) instead, to perform the operation inplace on the original object.


  self.data['IonizationEnergy'].fillna(imputation_ionization_energy, inplace=True)
[<KerasTensor: type_spec=RaggedTensorSpec(TensorShape([None, None, 3]), tf.float32, 1, tf.int64) (created by layer 'offset')>, <KerasTensor: type_spec=RaggedTensorSpec(TensorShape([None, None]), tf.int32, 1, tf.int64) (created by layer 'atomic_number')>, <KerasTensor: type_spec=RaggedTensorSpec(TensorShape([None, None]), tf.int32, 1, tf.int64) (created by layer 'multiplicity')>, <KerasTensor: type_spec=RaggedTensorSpec(TensorShape([None, None, 2]), tf.int32, 1, tf.int64) (created by layer 'edge_indices')>]
Training on 178 samples...
Epoch 1/800
/gpfs/scratch/acad/htforft/rgouvea/other_datasets/processed_datasets/.venv/lib/python3.9/site-packages/tensorflow/python/framework/indexed_slices.py:444: UserWarning: Converting sparse IndexedSlices(IndexedSlices(indices=Tensor("gradient_tape/coGN/sequential_graph_network_2/graph_network_14/gather_embedding_selection_19/Reshape_1:0", shape=(None,), dtype=int32), values=Tensor("gradient_tape/coGN/sequential_graph_network_2/graph_network_14/gather_embedding_selection_19/Reshape:0", shape=(None, 128), dtype=float32), dense_shape=Tensor("gradient_tape/coGN/sequential_graph_network_2/graph_network_14/gather_embedding_selection_19/Cast:0", shape=(2,), dtype=int32))) to a dense Tensor of unknown shape. This may consume a large amount of memory.
  warnings.warn(
/gpfs/scratch/acad/htforft/rgouvea/other_datasets/processed_datasets/.venv/lib/python3.9/site-packages/tensorflow/python/framework/indexed_slices.py:444: UserWarning: Converting sparse IndexedSlices(IndexedSlices(indices=Tensor("gradient_tape/coGN/sequential_graph_network_2/graph_network_14/gather_embedding_selection_19/Reshape_3:0", shape=(None,), dtype=int32), values=Tensor("gradient_tape/coGN/sequential_graph_network_2/graph_network_14/gather_embedding_selection_19/Reshape_2:0", shape=(None, 128), dtype=float32), dense_shape=Tensor("gradient_tape/coGN/sequential_graph_network_2/graph_network_14/gather_embedding_selection_19/Cast_1:0", shape=(2,), dtype=int32))) to a dense Tensor of unknown shape. This may consume a large amount of memory.
  warnings.warn(
/gpfs/scratch/acad/htforft/rgouvea/other_datasets/processed_datasets/.venv/lib/python3.9/site-packages/tensorflow/python/framework/indexed_slices.py:444: UserWarning: Converting sparse IndexedSlices(IndexedSlices(indices=Tensor("gradient_tape/coGN/sequential_graph_network_2/graph_network_13/gather_embedding_selection_18/Reshape_1:0", shape=(None,), dtype=int32), values=Tensor("gradient_tape/coGN/sequential_graph_network_2/graph_network_13/gather_embedding_selection_18/Reshape:0", shape=(None, 128), dtype=float32), dense_shape=Tensor("gradient_tape/coGN/sequential_graph_network_2/graph_network_13/gather_embedding_selection_18/Cast:0", shape=(2,), dtype=int32))) to a dense Tensor of unknown shape. This may consume a large amount of memory.
  warnings.warn(
/gpfs/scratch/acad/htforft/rgouvea/other_datasets/processed_datasets/.venv/lib/python3.9/site-packages/tensorflow/python/framework/indexed_slices.py:444: UserWarning: Converting sparse IndexedSlices(IndexedSlices(indices=Tensor("gradient_tape/coGN/sequential_graph_network_2/graph_network_13/gather_embedding_selection_18/Reshape_3:0", shape=(None,), dtype=int32), values=Tensor("gradient_tape/coGN/sequential_graph_network_2/graph_network_13/gather_embedding_selection_18/Reshape_2:0", shape=(None, 128), dtype=float32), dense_shape=Tensor("gradient_tape/coGN/sequential_graph_network_2/graph_network_13/gather_embedding_selection_18/Cast_1:0", shape=(2,), dtype=int32))) to a dense Tensor of unknown shape. This may consume a large amount of memory.
  warnings.warn(
/gpfs/scratch/acad/htforft/rgouvea/other_datasets/processed_datasets/.venv/lib/python3.9/site-packages/tensorflow/python/framework/indexed_slices.py:444: UserWarning: Converting sparse IndexedSlices(IndexedSlices(indices=Tensor("gradient_tape/coGN/sequential_graph_network_2/graph_network_12/gather_embedding_selection_17/Reshape_1:0", shape=(None,), dtype=int32), values=Tensor("gradient_tape/coGN/sequential_graph_network_2/graph_network_12/gather_embedding_selection_17/Reshape:0", shape=(None, 128), dtype=float32), dense_shape=Tensor("gradient_tape/coGN/sequential_graph_network_2/graph_network_12/gather_embedding_selection_17/Cast:0", shape=(2,), dtype=int32))) to a dense Tensor of unknown shape. This may consume a large amount of memory.
  warnings.warn(
/gpfs/scratch/acad/htforft/rgouvea/other_datasets/processed_datasets/.venv/lib/python3.9/site-packages/tensorflow/python/framework/indexed_slices.py:444: UserWarning: Converting sparse IndexedSlices(IndexedSlices(indices=Tensor("gradient_tape/coGN/sequential_graph_network_2/graph_network_12/gather_embedding_selection_17/Reshape_3:0", shape=(None,), dtype=int32), values=Tensor("gradient_tape/coGN/sequential_graph_network_2/graph_network_12/gather_embedding_selection_17/Reshape_2:0", shape=(None, 128), dtype=float32), dense_shape=Tensor("gradient_tape/coGN/sequential_graph_network_2/graph_network_12/gather_embedding_selection_17/Cast_1:0", shape=(2,), dtype=int32))) to a dense Tensor of unknown shape. This may consume a large amount of memory.
  warnings.warn(
/gpfs/scratch/acad/htforft/rgouvea/other_datasets/processed_datasets/.venv/lib/python3.9/site-packages/tensorflow/python/framework/indexed_slices.py:444: UserWarning: Converting sparse IndexedSlices(IndexedSlices(indices=Tensor("gradient_tape/coGN/sequential_graph_network_2/graph_network_11/gather_embedding_selection_16/Reshape_1:0", shape=(None,), dtype=int32), values=Tensor("gradient_tape/coGN/sequential_graph_network_2/graph_network_11/gather_embedding_selection_16/Reshape:0", shape=(None, 128), dtype=float32), dense_shape=Tensor("gradient_tape/coGN/sequential_graph_network_2/graph_network_11/gather_embedding_selection_16/Cast:0", shape=(2,), dtype=int32))) to a dense Tensor of unknown shape. This may consume a large amount of memory.
  warnings.warn(
/gpfs/scratch/acad/htforft/rgouvea/other_datasets/processed_datasets/.venv/lib/python3.9/site-packages/tensorflow/python/framework/indexed_slices.py:444: UserWarning: Converting sparse IndexedSlices(IndexedSlices(indices=Tensor("gradient_tape/coGN/sequential_graph_network_2/graph_network_11/gather_embedding_selection_16/Reshape_3:0", shape=(None,), dtype=int32), values=Tensor("gradient_tape/coGN/sequential_graph_network_2/graph_network_11/gather_embedding_selection_16/Reshape_2:0", shape=(None, 128), dtype=float32), dense_shape=Tensor("gradient_tape/coGN/sequential_graph_network_2/graph_network_11/gather_embedding_selection_16/Cast_1:0", shape=(2,), dtype=int32))) to a dense Tensor of unknown shape. This may consume a large amount of memory.
  warnings.warn(
/gpfs/scratch/acad/htforft/rgouvea/other_datasets/processed_datasets/.venv/lib/python3.9/site-packages/tensorflow/python/framework/indexed_slices.py:444: UserWarning: Converting sparse IndexedSlices(IndexedSlices(indices=Tensor("gradient_tape/coGN/sequential_graph_network_2/graph_network_10/gather_embedding_selection_15/Reshape_1:0", shape=(None,), dtype=int32), values=Tensor("gradient_tape/coGN/sequential_graph_network_2/graph_network_10/gather_embedding_selection_15/Reshape:0", shape=(None, 128), dtype=float32), dense_shape=Tensor("gradient_tape/coGN/sequential_graph_network_2/graph_network_10/gather_embedding_selection_15/Cast:0", shape=(2,), dtype=int32))) to a dense Tensor of unknown shape. This may consume a large amount of memory.
  warnings.warn(
/gpfs/scratch/acad/htforft/rgouvea/other_datasets/processed_datasets/.venv/lib/python3.9/site-packages/tensorflow/python/framework/indexed_slices.py:444: UserWarning: Converting sparse IndexedSlices(IndexedSlices(indices=Tensor("gradient_tape/coGN/sequential_graph_network_2/graph_network_10/gather_embedding_selection_15/Reshape_3:0", shape=(None,), dtype=int32), values=Tensor("gradient_tape/coGN/sequential_graph_network_2/graph_network_10/gather_embedding_selection_15/Reshape_2:0", shape=(None, 128), dtype=float32), dense_shape=Tensor("gradient_tape/coGN/sequential_graph_network_2/graph_network_10/gather_embedding_selection_15/Cast_1:0", shape=(2,), dtype=int32))) to a dense Tensor of unknown shape. This may consume a large amount of memory.
  warnings.warn(
3/3 - 3s - loss: 1.3728 - mae: 1.3728 - mse: 3.0006 - 3s/epoch - 939ms/step
Epoch 2/800
3/3 - 0s - loss: 0.9490 - mae: 0.9490 - mse: 1.4157 - 30ms/epoch - 10ms/step
Epoch 3/800
3/3 - 0s - loss: 0.7958 - mae: 0.7958 - mse: 0.8887 - 30ms/epoch - 10ms/step
Epoch 4/800
3/3 - 0s - loss: 0.7680 - mae: 0.7680 - mse: 0.9772 - 30ms/epoch - 10ms/step
Epoch 5/800
3/3 - 0s - loss: 0.6752 - mae: 0.6752 - mse: 0.7252 - 30ms/epoch - 10ms/step
Epoch 6/800
3/3 - 0s - loss: 0.6719 - mae: 0.6719 - mse: 0.6658 - 30ms/epoch - 10ms/step
Epoch 7/800
3/3 - 0s - loss: 0.6129 - mae: 0.6129 - mse: 0.6096 - 30ms/epoch - 10ms/step
Epoch 8/800
3/3 - 0s - loss: 0.6278 - mae: 0.6278 - mse: 0.5971 - 29ms/epoch - 10ms/step
Epoch 9/800
3/3 - 0s - loss: 0.6498 - mae: 0.6498 - mse: 0.6427 - 27ms/epoch - 9ms/step
Epoch 10/800
3/3 - 0s - loss: 0.5302 - mae: 0.5302 - mse: 0.4279 - 27ms/epoch - 9ms/step
Epoch 11/800
3/3 - 0s - loss: 0.5464 - mae: 0.5464 - mse: 0.4678 - 27ms/epoch - 9ms/step
Epoch 12/800
3/3 - 0s - loss: 0.4820 - mae: 0.4820 - mse: 0.3604 - 27ms/epoch - 9ms/step
Epoch 13/800
3/3 - 0s - loss: 0.4413 - mae: 0.4413 - mse: 0.3173 - 27ms/epoch - 9ms/step
Epoch 14/800
3/3 - 0s - loss: 0.4118 - mae: 0.4118 - mse: 0.2766 - 27ms/epoch - 9ms/step
Epoch 15/800
3/3 - 0s - loss: 0.3874 - mae: 0.3874 - mse: 0.2549 - 27ms/epoch - 9ms/step
Epoch 16/800
3/3 - 0s - loss: 0.3674 - mae: 0.3674 - mse: 0.2441 - 27ms/epoch - 9ms/step
Epoch 17/800
3/3 - 0s - loss: 0.3529 - mae: 0.3529 - mse: 0.2340 - 27ms/epoch - 9ms/step
Epoch 18/800
3/3 - 0s - loss: 0.3324 - mae: 0.3324 - mse: 0.2021 - 27ms/epoch - 9ms/step
Epoch 19/800
3/3 - 0s - loss: 0.3286 - mae: 0.3286 - mse: 0.1920 - 27ms/epoch - 9ms/step
Epoch 20/800
3/3 - 0s - loss: 0.3103 - mae: 0.3103 - mse: 0.1768 - 27ms/epoch - 9ms/step
Epoch 21/800
3/3 - 0s - loss: 0.2968 - mae: 0.2968 - mse: 0.1670 - 27ms/epoch - 9ms/step
Epoch 22/800
3/3 - 0s - loss: 0.3134 - mae: 0.3134 - mse: 0.1765 - 27ms/epoch - 9ms/step
Epoch 23/800
3/3 - 0s - loss: 0.2801 - mae: 0.2801 - mse: 0.1595 - 27ms/epoch - 9ms/step
Epoch 24/800
3/3 - 0s - loss: 0.2945 - mae: 0.2945 - mse: 0.1683 - 27ms/epoch - 9ms/step
Epoch 25/800
3/3 - 0s - loss: 0.2913 - mae: 0.2913 - mse: 0.1635 - 27ms/epoch - 9ms/step
Epoch 26/800
3/3 - 0s - loss: 0.2699 - mae: 0.2699 - mse: 0.1466 - 27ms/epoch - 9ms/step
Epoch 27/800
3/3 - 0s - loss: 0.2983 - mae: 0.2983 - mse: 0.1588 - 27ms/epoch - 9ms/step
Epoch 28/800
3/3 - 0s - loss: 0.2849 - mae: 0.2849 - mse: 0.1576 - 27ms/epoch - 9ms/step
Epoch 29/800
3/3 - 0s - loss: 0.2658 - mae: 0.2658 - mse: 0.1414 - 27ms/epoch - 9ms/step
Epoch 30/800
3/3 - 0s - loss: 0.3014 - mae: 0.3014 - mse: 0.1650 - 27ms/epoch - 9ms/step
Epoch 31/800
3/3 - 0s - loss: 0.2884 - mae: 0.2884 - mse: 0.1589 - 27ms/epoch - 9ms/step
Epoch 32/800
3/3 - 0s - loss: 0.3065 - mae: 0.3065 - mse: 0.1520 - 27ms/epoch - 9ms/step
Epoch 33/800
3/3 - 0s - loss: 0.3054 - mae: 0.3054 - mse: 0.1554 - 27ms/epoch - 9ms/step
Epoch 34/800
3/3 - 0s - loss: 0.3440 - mae: 0.3440 - mse: 0.2145 - 27ms/epoch - 9ms/step
Epoch 35/800
3/3 - 0s - loss: 0.3492 - mae: 0.3492 - mse: 0.2629 - 27ms/epoch - 9ms/step
Epoch 36/800
3/3 - 0s - loss: 0.2853 - mae: 0.2853 - mse: 0.1668 - 27ms/epoch - 9ms/step
Epoch 37/800
3/3 - 0s - loss: 0.3184 - mae: 0.3184 - mse: 0.1679 - 27ms/epoch - 9ms/step
Epoch 38/800
3/3 - 0s - loss: 0.3241 - mae: 0.3241 - mse: 0.1737 - 27ms/epoch - 9ms/step
Epoch 39/800
3/3 - 0s - loss: 0.2759 - mae: 0.2759 - mse: 0.1364 - 27ms/epoch - 9ms/step
Epoch 40/800
3/3 - 0s - loss: 0.2811 - mae: 0.2811 - mse: 0.1547 - 27ms/epoch - 9ms/step
Epoch 41/800
3/3 - 0s - loss: 0.3054 - mae: 0.3054 - mse: 0.1636 - 27ms/epoch - 9ms/step
Epoch 42/800
3/3 - 0s - loss: 0.2770 - mae: 0.2770 - mse: 0.1368 - 27ms/epoch - 9ms/step
Epoch 43/800
3/3 - 0s - loss: 0.2673 - mae: 0.2673 - mse: 0.1449 - 27ms/epoch - 9ms/step
Epoch 44/800
3/3 - 0s - loss: 0.2603 - mae: 0.2603 - mse: 0.1293 - 27ms/epoch - 9ms/step
Epoch 45/800
3/3 - 0s - loss: 0.2405 - mae: 0.2405 - mse: 0.1190 - 27ms/epoch - 9ms/step
Epoch 46/800
3/3 - 0s - loss: 0.2201 - mae: 0.2201 - mse: 0.1036 - 28ms/epoch - 9ms/step
Epoch 47/800
3/3 - 0s - loss: 0.2057 - mae: 0.2057 - mse: 0.0878 - 28ms/epoch - 9ms/step
Epoch 48/800
3/3 - 0s - loss: 0.2098 - mae: 0.2098 - mse: 0.0969 - 27ms/epoch - 9ms/step
Epoch 49/800
3/3 - 0s - loss: 0.2186 - mae: 0.2186 - mse: 0.1058 - 27ms/epoch - 9ms/step
Epoch 50/800
3/3 - 0s - loss: 0.2058 - mae: 0.2058 - mse: 0.0854 - 27ms/epoch - 9ms/step
Epoch 51/800
3/3 - 0s - loss: 0.2155 - mae: 0.2155 - mse: 0.0966 - 27ms/epoch - 9ms/step
Epoch 52/800
3/3 - 0s - loss: 0.2285 - mae: 0.2285 - mse: 0.1103 - 27ms/epoch - 9ms/step
Epoch 53/800
3/3 - 0s - loss: 0.2282 - mae: 0.2282 - mse: 0.1067 - 27ms/epoch - 9ms/step
Epoch 54/800
3/3 - 0s - loss: 0.2286 - mae: 0.2286 - mse: 0.0978 - 27ms/epoch - 9ms/step
Epoch 55/800
3/3 - 0s - loss: 0.2112 - mae: 0.2112 - mse: 0.0939 - 27ms/epoch - 9ms/step
Epoch 56/800
3/3 - 0s - loss: 0.2179 - mae: 0.2179 - mse: 0.0929 - 27ms/epoch - 9ms/step
Epoch 57/800
3/3 - 0s - loss: 0.2414 - mae: 0.2414 - mse: 0.1021 - 27ms/epoch - 9ms/step
Epoch 58/800
3/3 - 0s - loss: 0.2339 - mae: 0.2339 - mse: 0.0959 - 27ms/epoch - 9ms/step
Epoch 59/800
3/3 - 0s - loss: 0.2098 - mae: 0.2098 - mse: 0.0886 - 27ms/epoch - 9ms/step
Epoch 60/800
3/3 - 0s - loss: 0.2467 - mae: 0.2467 - mse: 0.1140 - 27ms/epoch - 9ms/step
Epoch 61/800
3/3 - 0s - loss: 0.2444 - mae: 0.2444 - mse: 0.1177 - 27ms/epoch - 9ms/step
Epoch 62/800
3/3 - 0s - loss: 0.2154 - mae: 0.2154 - mse: 0.1125 - 27ms/epoch - 9ms/step
Epoch 63/800
3/3 - 0s - loss: 0.2056 - mae: 0.2056 - mse: 0.0842 - 27ms/epoch - 9ms/step
Epoch 64/800
3/3 - 0s - loss: 0.2013 - mae: 0.2013 - mse: 0.0811 - 27ms/epoch - 9ms/step
Epoch 65/800
3/3 - 0s - loss: 0.1904 - mae: 0.1904 - mse: 0.0810 - 27ms/epoch - 9ms/step
Epoch 66/800
3/3 - 0s - loss: 0.1950 - mae: 0.1950 - mse: 0.0873 - 27ms/epoch - 9ms/step
Epoch 67/800
3/3 - 0s - loss: 0.1989 - mae: 0.1989 - mse: 0.0819 - 27ms/epoch - 9ms/step
Epoch 68/800
3/3 - 0s - loss: 0.2023 - mae: 0.2023 - mse: 0.0762 - 27ms/epoch - 9ms/step
Epoch 69/800
3/3 - 0s - loss: 0.1998 - mae: 0.1998 - mse: 0.0732 - 27ms/epoch - 9ms/step
Epoch 70/800
3/3 - 0s - loss: 0.1870 - mae: 0.1870 - mse: 0.0710 - 27ms/epoch - 9ms/step
Epoch 71/800
3/3 - 0s - loss: 0.1769 - mae: 0.1769 - mse: 0.0710 - 27ms/epoch - 9ms/step
Epoch 72/800
3/3 - 0s - loss: 0.1811 - mae: 0.1811 - mse: 0.0666 - 27ms/epoch - 9ms/step
Epoch 73/800
3/3 - 0s - loss: 0.2068 - mae: 0.2068 - mse: 0.0875 - 27ms/epoch - 9ms/step
Epoch 74/800
3/3 - 0s - loss: 0.2031 - mae: 0.2031 - mse: 0.0792 - 27ms/epoch - 9ms/step
Epoch 75/800
3/3 - 0s - loss: 0.1669 - mae: 0.1669 - mse: 0.0651 - 27ms/epoch - 9ms/step
Epoch 76/800
3/3 - 0s - loss: 0.1911 - mae: 0.1911 - mse: 0.0684 - 27ms/epoch - 9ms/step
Epoch 77/800
3/3 - 0s - loss: 0.1711 - mae: 0.1711 - mse: 0.0584 - 27ms/epoch - 9ms/step
Epoch 78/800
3/3 - 0s - loss: 0.1844 - mae: 0.1844 - mse: 0.0715 - 27ms/epoch - 9ms/step
Epoch 79/800
3/3 - 0s - loss: 0.2132 - mae: 0.2132 - mse: 0.0940 - 27ms/epoch - 9ms/step
Epoch 80/800
3/3 - 0s - loss: 0.1780 - mae: 0.1780 - mse: 0.0604 - 27ms/epoch - 9ms/step
Epoch 81/800
3/3 - 0s - loss: 0.1978 - mae: 0.1978 - mse: 0.0779 - 27ms/epoch - 9ms/step
Epoch 82/800
3/3 - 0s - loss: 0.1644 - mae: 0.1644 - mse: 0.0580 - 27ms/epoch - 9ms/step
Epoch 83/800
3/3 - 0s - loss: 0.1732 - mae: 0.1732 - mse: 0.0595 - 27ms/epoch - 9ms/step
Epoch 84/800
3/3 - 0s - loss: 0.1888 - mae: 0.1888 - mse: 0.0669 - 27ms/epoch - 9ms/step
Epoch 85/800
3/3 - 0s - loss: 0.1951 - mae: 0.1951 - mse: 0.0654 - 27ms/epoch - 9ms/step
Epoch 86/800
3/3 - 0s - loss: 0.2270 - mae: 0.2270 - mse: 0.0922 - 27ms/epoch - 9ms/step
Epoch 87/800
3/3 - 0s - loss: 0.2280 - mae: 0.2280 - mse: 0.0910 - 27ms/epoch - 9ms/step
Epoch 88/800
3/3 - 0s - loss: 0.2217 - mae: 0.2217 - mse: 0.0894 - 27ms/epoch - 9ms/step
Epoch 89/800
3/3 - 0s - loss: 0.2212 - mae: 0.2212 - mse: 0.0887 - 27ms/epoch - 9ms/step
Epoch 90/800
3/3 - 0s - loss: 0.2116 - mae: 0.2116 - mse: 0.0762 - 27ms/epoch - 9ms/step
Epoch 91/800
3/3 - 0s - loss: 0.2185 - mae: 0.2185 - mse: 0.0844 - 27ms/epoch - 9ms/step
Epoch 92/800
3/3 - 0s - loss: 0.2183 - mae: 0.2183 - mse: 0.0854 - 27ms/epoch - 9ms/step
Epoch 93/800
3/3 - 0s - loss: 0.2328 - mae: 0.2328 - mse: 0.0860 - 27ms/epoch - 9ms/step
Epoch 94/800
3/3 - 0s - loss: 0.2027 - mae: 0.2027 - mse: 0.0693 - 27ms/epoch - 9ms/step
Epoch 95/800
3/3 - 0s - loss: 0.1680 - mae: 0.1680 - mse: 0.0604 - 27ms/epoch - 9ms/step
Epoch 96/800
3/3 - 0s - loss: 0.1726 - mae: 0.1726 - mse: 0.0619 - 27ms/epoch - 9ms/step
Epoch 97/800
3/3 - 0s - loss: 0.1679 - mae: 0.1679 - mse: 0.0634 - 27ms/epoch - 9ms/step
Epoch 98/800
3/3 - 0s - loss: 0.1710 - mae: 0.1710 - mse: 0.0619 - 27ms/epoch - 9ms/step
Epoch 99/800
3/3 - 0s - loss: 0.1692 - mae: 0.1692 - mse: 0.0600 - 27ms/epoch - 9ms/step
Epoch 100/800
3/3 - 0s - loss: 0.1670 - mae: 0.1670 - mse: 0.0579 - 27ms/epoch - 9ms/step
Epoch 101/800
3/3 - 0s - loss: 0.1435 - mae: 0.1435 - mse: 0.0492 - 27ms/epoch - 9ms/step
Epoch 102/800
3/3 - 0s - loss: 0.1328 - mae: 0.1328 - mse: 0.0431 - 27ms/epoch - 9ms/step
Epoch 103/800
3/3 - 0s - loss: 0.1311 - mae: 0.1311 - mse: 0.0406 - 27ms/epoch - 9ms/step
Epoch 104/800
3/3 - 0s - loss: 0.1315 - mae: 0.1315 - mse: 0.0399 - 27ms/epoch - 9ms/step
Epoch 105/800
3/3 - 0s - loss: 0.1407 - mae: 0.1407 - mse: 0.0440 - 27ms/epoch - 9ms/step
Epoch 106/800
3/3 - 0s - loss: 0.1347 - mae: 0.1347 - mse: 0.0450 - 27ms/epoch - 9ms/step
Epoch 107/800
3/3 - 0s - loss: 0.1248 - mae: 0.1248 - mse: 0.0372 - 27ms/epoch - 9ms/step
Epoch 108/800
3/3 - 0s - loss: 0.1295 - mae: 0.1295 - mse: 0.0394 - 27ms/epoch - 9ms/step
Epoch 109/800
3/3 - 0s - loss: 0.1286 - mae: 0.1286 - mse: 0.0395 - 27ms/epoch - 9ms/step
Epoch 110/800
3/3 - 0s - loss: 0.1235 - mae: 0.1235 - mse: 0.0379 - 27ms/epoch - 9ms/step
Epoch 111/800
3/3 - 0s - loss: 0.1406 - mae: 0.1406 - mse: 0.0464 - 27ms/epoch - 9ms/step
Epoch 112/800
3/3 - 0s - loss: 0.1643 - mae: 0.1643 - mse: 0.0486 - 27ms/epoch - 9ms/step
Epoch 113/800
3/3 - 0s - loss: 0.1651 - mae: 0.1651 - mse: 0.0513 - 27ms/epoch - 9ms/step
Epoch 114/800
3/3 - 0s - loss: 0.1703 - mae: 0.1703 - mse: 0.0589 - 27ms/epoch - 9ms/step
Epoch 115/800
3/3 - 0s - loss: 0.1580 - mae: 0.1580 - mse: 0.0508 - 27ms/epoch - 9ms/step
Epoch 116/800
3/3 - 0s - loss: 0.1587 - mae: 0.1587 - mse: 0.0504 - 27ms/epoch - 9ms/step
Epoch 117/800
3/3 - 0s - loss: 0.1427 - mae: 0.1427 - mse: 0.0407 - 27ms/epoch - 9ms/step
Epoch 118/800
3/3 - 0s - loss: 0.1596 - mae: 0.1596 - mse: 0.0527 - 27ms/epoch - 9ms/step
Epoch 119/800
3/3 - 0s - loss: 0.1404 - mae: 0.1404 - mse: 0.0413 - 27ms/epoch - 9ms/step
Epoch 120/800
3/3 - 0s - loss: 0.1552 - mae: 0.1552 - mse: 0.0463 - 27ms/epoch - 9ms/step
Epoch 121/800
3/3 - 0s - loss: 0.1533 - mae: 0.1533 - mse: 0.0469 - 27ms/epoch - 9ms/step
Epoch 122/800
3/3 - 0s - loss: 0.1485 - mae: 0.1485 - mse: 0.0463 - 27ms/epoch - 9ms/step
Epoch 123/800
3/3 - 0s - loss: 0.1354 - mae: 0.1354 - mse: 0.0393 - 27ms/epoch - 9ms/step
Epoch 124/800
3/3 - 0s - loss: 0.1430 - mae: 0.1430 - mse: 0.0437 - 27ms/epoch - 9ms/step
Epoch 125/800
3/3 - 0s - loss: 0.1485 - mae: 0.1485 - mse: 0.0448 - 27ms/epoch - 9ms/step
Epoch 126/800
3/3 - 0s - loss: 0.1573 - mae: 0.1573 - mse: 0.0490 - 27ms/epoch - 9ms/step
Epoch 127/800
3/3 - 0s - loss: 0.1511 - mae: 0.1511 - mse: 0.0468 - 27ms/epoch - 9ms/step
Epoch 128/800
3/3 - 0s - loss: 0.1274 - mae: 0.1274 - mse: 0.0391 - 27ms/epoch - 9ms/step
Epoch 129/800
3/3 - 0s - loss: 0.1279 - mae: 0.1279 - mse: 0.0373 - 27ms/epoch - 9ms/step
Epoch 130/800
3/3 - 0s - loss: 0.1181 - mae: 0.1181 - mse: 0.0320 - 27ms/epoch - 9ms/step
Epoch 131/800
3/3 - 0s - loss: 0.1153 - mae: 0.1153 - mse: 0.0323 - 27ms/epoch - 9ms/step
Epoch 132/800
3/3 - 0s - loss: 0.1305 - mae: 0.1305 - mse: 0.0367 - 27ms/epoch - 9ms/step
Epoch 133/800
3/3 - 0s - loss: 0.1395 - mae: 0.1395 - mse: 0.0389 - 27ms/epoch - 9ms/step
Epoch 134/800
3/3 - 0s - loss: 0.1650 - mae: 0.1650 - mse: 0.0535 - 27ms/epoch - 9ms/step
Epoch 135/800
3/3 - 0s - loss: 0.1529 - mae: 0.1529 - mse: 0.0471 - 27ms/epoch - 9ms/step
Epoch 136/800
3/3 - 0s - loss: 0.1662 - mae: 0.1662 - mse: 0.0540 - 27ms/epoch - 9ms/step
Epoch 137/800
3/3 - 0s - loss: 0.1391 - mae: 0.1391 - mse: 0.0370 - 27ms/epoch - 9ms/step
Epoch 138/800
3/3 - 0s - loss: 0.1327 - mae: 0.1327 - mse: 0.0334 - 27ms/epoch - 9ms/step
Epoch 139/800
3/3 - 0s - loss: 0.1386 - mae: 0.1386 - mse: 0.0415 - 27ms/epoch - 9ms/step
Epoch 140/800
3/3 - 0s - loss: 0.1351 - mae: 0.1351 - mse: 0.0384 - 27ms/epoch - 9ms/step
Epoch 141/800
3/3 - 0s - loss: 0.1220 - mae: 0.1220 - mse: 0.0321 - 27ms/epoch - 9ms/step
Epoch 142/800
3/3 - 0s - loss: 0.1295 - mae: 0.1295 - mse: 0.0356 - 27ms/epoch - 9ms/step
Epoch 143/800
3/3 - 0s - loss: 0.1189 - mae: 0.1189 - mse: 0.0325 - 27ms/epoch - 9ms/step
Epoch 144/800
3/3 - 0s - loss: 0.1376 - mae: 0.1376 - mse: 0.0391 - 27ms/epoch - 9ms/step
Epoch 145/800
3/3 - 0s - loss: 0.1405 - mae: 0.1405 - mse: 0.0389 - 27ms/epoch - 9ms/step
Epoch 146/800
3/3 - 0s - loss: 0.1351 - mae: 0.1351 - mse: 0.0362 - 27ms/epoch - 9ms/step
Epoch 147/800
3/3 - 0s - loss: 0.1337 - mae: 0.1337 - mse: 0.0380 - 28ms/epoch - 9ms/step
Epoch 148/800
3/3 - 0s - loss: 0.1509 - mae: 0.1509 - mse: 0.0406 - 27ms/epoch - 9ms/step
Epoch 149/800
3/3 - 0s - loss: 0.1665 - mae: 0.1665 - mse: 0.0475 - 27ms/epoch - 9ms/step
Epoch 150/800
3/3 - 0s - loss: 0.1446 - mae: 0.1446 - mse: 0.0392 - 27ms/epoch - 9ms/step
Epoch 151/800
3/3 - 0s - loss: 0.1469 - mae: 0.1469 - mse: 0.0416 - 27ms/epoch - 9ms/step
Epoch 152/800
3/3 - 0s - loss: 0.1204 - mae: 0.1204 - mse: 0.0288 - 27ms/epoch - 9ms/step
Epoch 153/800
3/3 - 0s - loss: 0.1338 - mae: 0.1338 - mse: 0.0359 - 27ms/epoch - 9ms/step
Epoch 154/800
3/3 - 0s - loss: 0.1240 - mae: 0.1240 - mse: 0.0329 - 27ms/epoch - 9ms/step
Epoch 155/800
3/3 - 0s - loss: 0.1196 - mae: 0.1196 - mse: 0.0325 - 27ms/epoch - 9ms/step
Epoch 156/800
3/3 - 0s - loss: 0.1176 - mae: 0.1176 - mse: 0.0270 - 27ms/epoch - 9ms/step
Epoch 157/800
3/3 - 0s - loss: 0.1415 - mae: 0.1415 - mse: 0.0373 - 27ms/epoch - 9ms/step
Epoch 158/800
3/3 - 0s - loss: 0.1291 - mae: 0.1291 - mse: 0.0295 - 27ms/epoch - 9ms/step
Epoch 159/800
3/3 - 0s - loss: 0.1270 - mae: 0.1270 - mse: 0.0334 - 27ms/epoch - 9ms/step
Epoch 160/800
3/3 - 0s - loss: 0.1145 - mae: 0.1145 - mse: 0.0255 - 27ms/epoch - 9ms/step
Epoch 161/800
3/3 - 0s - loss: 0.1445 - mae: 0.1445 - mse: 0.0375 - 27ms/epoch - 9ms/step
Epoch 162/800
3/3 - 0s - loss: 0.1326 - mae: 0.1326 - mse: 0.0315 - 27ms/epoch - 9ms/step
Epoch 163/800
3/3 - 0s - loss: 0.1395 - mae: 0.1395 - mse: 0.0389 - 27ms/epoch - 9ms/step
Epoch 164/800
3/3 - 0s - loss: 0.1176 - mae: 0.1176 - mse: 0.0253 - 27ms/epoch - 9ms/step
Epoch 165/800
3/3 - 0s - loss: 0.1206 - mae: 0.1206 - mse: 0.0277 - 27ms/epoch - 9ms/step
Epoch 166/800
3/3 - 0s - loss: 0.1182 - mae: 0.1182 - mse: 0.0276 - 27ms/epoch - 9ms/step
Epoch 167/800
3/3 - 0s - loss: 0.1185 - mae: 0.1185 - mse: 0.0270 - 27ms/epoch - 9ms/step
Epoch 168/800
3/3 - 0s - loss: 0.1185 - mae: 0.1185 - mse: 0.0286 - 27ms/epoch - 9ms/step
Epoch 169/800
3/3 - 0s - loss: 0.1053 - mae: 0.1053 - mse: 0.0221 - 27ms/epoch - 9ms/step
Epoch 170/800
3/3 - 0s - loss: 0.1123 - mae: 0.1123 - mse: 0.0263 - 27ms/epoch - 9ms/step
Epoch 171/800
3/3 - 0s - loss: 0.1017 - mae: 0.1017 - mse: 0.0203 - 27ms/epoch - 9ms/step
Epoch 172/800
3/3 - 0s - loss: 0.1010 - mae: 0.1010 - mse: 0.0197 - 27ms/epoch - 9ms/step
Epoch 173/800
3/3 - 0s - loss: 0.1126 - mae: 0.1126 - mse: 0.0234 - 27ms/epoch - 9ms/step
Epoch 174/800
3/3 - 0s - loss: 0.1175 - mae: 0.1175 - mse: 0.0268 - 27ms/epoch - 9ms/step
Epoch 175/800
3/3 - 0s - loss: 0.1065 - mae: 0.1065 - mse: 0.0226 - 27ms/epoch - 9ms/step
Epoch 176/800
3/3 - 0s - loss: 0.1042 - mae: 0.1042 - mse: 0.0219 - 27ms/epoch - 9ms/step
Epoch 177/800
3/3 - 0s - loss: 0.1017 - mae: 0.1017 - mse: 0.0212 - 27ms/epoch - 9ms/step
Epoch 178/800
3/3 - 0s - loss: 0.1072 - mae: 0.1072 - mse: 0.0231 - 27ms/epoch - 9ms/step
Epoch 179/800
3/3 - 0s - loss: 0.1050 - mae: 0.1050 - mse: 0.0194 - 27ms/epoch - 9ms/step
Epoch 180/800
3/3 - 0s - loss: 0.0888 - mae: 0.0888 - mse: 0.0163 - 27ms/epoch - 9ms/step
Epoch 181/800
3/3 - 0s - loss: 0.1090 - mae: 0.1090 - mse: 0.0244 - 27ms/epoch - 9ms/step
Epoch 182/800
3/3 - 0s - loss: 0.0873 - mae: 0.0873 - mse: 0.0151 - 27ms/epoch - 9ms/step
Epoch 183/800
3/3 - 0s - loss: 0.0998 - mae: 0.0998 - mse: 0.0189 - 27ms/epoch - 9ms/step
Epoch 184/800
3/3 - 0s - loss: 0.0928 - mae: 0.0928 - mse: 0.0176 - 27ms/epoch - 9ms/step
Epoch 185/800
3/3 - 0s - loss: 0.1013 - mae: 0.1013 - mse: 0.0272 - 27ms/epoch - 9ms/step
Epoch 186/800
3/3 - 0s - loss: 0.1014 - mae: 0.1014 - mse: 0.0246 - 27ms/epoch - 9ms/step
Epoch 187/800
3/3 - 0s - loss: 0.1067 - mae: 0.1067 - mse: 0.0230 - 27ms/epoch - 9ms/step
Epoch 188/800
3/3 - 0s - loss: 0.1157 - mae: 0.1157 - mse: 0.0244 - 27ms/epoch - 9ms/step
Epoch 189/800
3/3 - 0s - loss: 0.1167 - mae: 0.1167 - mse: 0.0251 - 27ms/epoch - 9ms/step
Epoch 190/800
3/3 - 0s - loss: 0.1049 - mae: 0.1049 - mse: 0.0196 - 27ms/epoch - 9ms/step
Epoch 191/800
3/3 - 0s - loss: 0.1231 - mae: 0.1231 - mse: 0.0270 - 27ms/epoch - 9ms/step
Epoch 192/800
3/3 - 0s - loss: 0.1207 - mae: 0.1207 - mse: 0.0271 - 27ms/epoch - 9ms/step
Epoch 193/800
3/3 - 0s - loss: 0.1132 - mae: 0.1132 - mse: 0.0227 - 27ms/epoch - 9ms/step
Epoch 194/800
3/3 - 0s - loss: 0.1131 - mae: 0.1131 - mse: 0.0242 - 27ms/epoch - 9ms/step
Epoch 195/800
3/3 - 0s - loss: 0.1089 - mae: 0.1089 - mse: 0.0226 - 27ms/epoch - 9ms/step
Epoch 196/800
3/3 - 0s - loss: 0.1110 - mae: 0.1110 - mse: 0.0238 - 27ms/epoch - 9ms/step
Epoch 197/800
3/3 - 0s - loss: 0.1156 - mae: 0.1156 - mse: 0.0233 - 27ms/epoch - 9ms/step
Epoch 198/800
3/3 - 0s - loss: 0.1020 - mae: 0.1020 - mse: 0.0205 - 27ms/epoch - 9ms/step
Epoch 199/800
3/3 - 0s - loss: 0.0941 - mae: 0.0941 - mse: 0.0203 - 27ms/epoch - 9ms/step
Epoch 200/800
3/3 - 0s - loss: 0.0909 - mae: 0.0909 - mse: 0.0171 - 27ms/epoch - 9ms/step
Epoch 201/800
3/3 - 0s - loss: 0.0923 - mae: 0.0923 - mse: 0.0174 - 27ms/epoch - 9ms/step
Epoch 202/800
3/3 - 0s - loss: 0.1211 - mae: 0.1211 - mse: 0.0267 - 27ms/epoch - 9ms/step
Epoch 203/800
3/3 - 0s - loss: 0.1151 - mae: 0.1151 - mse: 0.0238 - 27ms/epoch - 9ms/step
Epoch 204/800
3/3 - 0s - loss: 0.1111 - mae: 0.1111 - mse: 0.0210 - 27ms/epoch - 9ms/step
Epoch 205/800
3/3 - 0s - loss: 0.0976 - mae: 0.0976 - mse: 0.0232 - 27ms/epoch - 9ms/step
Epoch 206/800
3/3 - 0s - loss: 0.0986 - mae: 0.0986 - mse: 0.0211 - 27ms/epoch - 9ms/step
Epoch 207/800
3/3 - 0s - loss: 0.0918 - mae: 0.0918 - mse: 0.0147 - 27ms/epoch - 9ms/step
Epoch 208/800
3/3 - 0s - loss: 0.0976 - mae: 0.0976 - mse: 0.0186 - 27ms/epoch - 9ms/step
Epoch 209/800
3/3 - 0s - loss: 0.0794 - mae: 0.0794 - mse: 0.0140 - 27ms/epoch - 9ms/step
Epoch 210/800
3/3 - 0s - loss: 0.0864 - mae: 0.0864 - mse: 0.0165 - 27ms/epoch - 9ms/step
Epoch 211/800
3/3 - 0s - loss: 0.0987 - mae: 0.0987 - mse: 0.0220 - 27ms/epoch - 9ms/step
Epoch 212/800
3/3 - 0s - loss: 0.0934 - mae: 0.0934 - mse: 0.0180 - 27ms/epoch - 9ms/step
Epoch 213/800
3/3 - 0s - loss: 0.0817 - mae: 0.0817 - mse: 0.0151 - 27ms/epoch - 9ms/step
Epoch 214/800
3/3 - 0s - loss: 0.1088 - mae: 0.1088 - mse: 0.0278 - 27ms/epoch - 9ms/step
Epoch 215/800
3/3 - 0s - loss: 0.0934 - mae: 0.0934 - mse: 0.0206 - 27ms/epoch - 9ms/step
Epoch 216/800
3/3 - 0s - loss: 0.0883 - mae: 0.0883 - mse: 0.0168 - 27ms/epoch - 9ms/step
Epoch 217/800
3/3 - 0s - loss: 0.0860 - mae: 0.0860 - mse: 0.0156 - 27ms/epoch - 9ms/step
Epoch 218/800
3/3 - 0s - loss: 0.1058 - mae: 0.1058 - mse: 0.0239 - 27ms/epoch - 9ms/step
Epoch 219/800
3/3 - 0s - loss: 0.1015 - mae: 0.1015 - mse: 0.0190 - 27ms/epoch - 9ms/step
Epoch 220/800
3/3 - 0s - loss: 0.1039 - mae: 0.1039 - mse: 0.0215 - 27ms/epoch - 9ms/step
Epoch 221/800
3/3 - 0s - loss: 0.0970 - mae: 0.0970 - mse: 0.0173 - 27ms/epoch - 9ms/step
Epoch 222/800
3/3 - 0s - loss: 0.1018 - mae: 0.1018 - mse: 0.0204 - 27ms/epoch - 9ms/step
Epoch 223/800
3/3 - 0s - loss: 0.0849 - mae: 0.0849 - mse: 0.0139 - 27ms/epoch - 9ms/step
Epoch 224/800
3/3 - 0s - loss: 0.0958 - mae: 0.0958 - mse: 0.0170 - 27ms/epoch - 9ms/step
Epoch 225/800
3/3 - 0s - loss: 0.0860 - mae: 0.0860 - mse: 0.0148 - 27ms/epoch - 9ms/step
Epoch 226/800
3/3 - 0s - loss: 0.0798 - mae: 0.0798 - mse: 0.0138 - 27ms/epoch - 9ms/step
Epoch 227/800
3/3 - 0s - loss: 0.0760 - mae: 0.0760 - mse: 0.0120 - 27ms/epoch - 9ms/step
Epoch 228/800
3/3 - 0s - loss: 0.0807 - mae: 0.0807 - mse: 0.0133 - 27ms/epoch - 9ms/step
Epoch 229/800
3/3 - 0s - loss: 0.0759 - mae: 0.0759 - mse: 0.0106 - 27ms/epoch - 9ms/step
Epoch 230/800
3/3 - 0s - loss: 0.0826 - mae: 0.0826 - mse: 0.0115 - 27ms/epoch - 9ms/step
Epoch 231/800
3/3 - 0s - loss: 0.0797 - mae: 0.0797 - mse: 0.0142 - 27ms/epoch - 9ms/step
Epoch 232/800
3/3 - 0s - loss: 0.0864 - mae: 0.0864 - mse: 0.0155 - 27ms/epoch - 9ms/step
Epoch 233/800
3/3 - 0s - loss: 0.0773 - mae: 0.0773 - mse: 0.0126 - 27ms/epoch - 9ms/step
Epoch 234/800
3/3 - 0s - loss: 0.0792 - mae: 0.0792 - mse: 0.0125 - 27ms/epoch - 9ms/step
Epoch 235/800
3/3 - 0s - loss: 0.0747 - mae: 0.0747 - mse: 0.0118 - 27ms/epoch - 9ms/step
Epoch 236/800
3/3 - 0s - loss: 0.0706 - mae: 0.0706 - mse: 0.0112 - 27ms/epoch - 9ms/step
Epoch 237/800
3/3 - 0s - loss: 0.0775 - mae: 0.0775 - mse: 0.0111 - 27ms/epoch - 9ms/step
Epoch 238/800
3/3 - 0s - loss: 0.0701 - mae: 0.0701 - mse: 0.0097 - 27ms/epoch - 9ms/step
Epoch 239/800
3/3 - 0s - loss: 0.0876 - mae: 0.0876 - mse: 0.0136 - 27ms/epoch - 9ms/step
Epoch 240/800
3/3 - 0s - loss: 0.0995 - mae: 0.0995 - mse: 0.0182 - 27ms/epoch - 9ms/step
Epoch 241/800
3/3 - 0s - loss: 0.0923 - mae: 0.0923 - mse: 0.0161 - 27ms/epoch - 9ms/step
Epoch 242/800
3/3 - 0s - loss: 0.0852 - mae: 0.0852 - mse: 0.0119 - 27ms/epoch - 9ms/step
Epoch 243/800
3/3 - 0s - loss: 0.1018 - mae: 0.1018 - mse: 0.0185 - 27ms/epoch - 9ms/step
Epoch 244/800
3/3 - 0s - loss: 0.0939 - mae: 0.0939 - mse: 0.0161 - 27ms/epoch - 9ms/step
Epoch 245/800
3/3 - 0s - loss: 0.0789 - mae: 0.0789 - mse: 0.0135 - 27ms/epoch - 9ms/step
Epoch 246/800
3/3 - 0s - loss: 0.0850 - mae: 0.0850 - mse: 0.0121 - 27ms/epoch - 9ms/step
Epoch 247/800
3/3 - 0s - loss: 0.0854 - mae: 0.0854 - mse: 0.0130 - 27ms/epoch - 9ms/step
Epoch 248/800
3/3 - 0s - loss: 0.0606 - mae: 0.0606 - mse: 0.0074 - 27ms/epoch - 9ms/step
Epoch 249/800
3/3 - 0s - loss: 0.0713 - mae: 0.0713 - mse: 0.0103 - 27ms/epoch - 9ms/step
Epoch 250/800
3/3 - 0s - loss: 0.0702 - mae: 0.0702 - mse: 0.0098 - 27ms/epoch - 9ms/step
Epoch 251/800
3/3 - 0s - loss: 0.0795 - mae: 0.0795 - mse: 0.0113 - 27ms/epoch - 9ms/step
Epoch 252/800
3/3 - 0s - loss: 0.0784 - mae: 0.0784 - mse: 0.0132 - 27ms/epoch - 9ms/step
Epoch 253/800
3/3 - 0s - loss: 0.0663 - mae: 0.0663 - mse: 0.0104 - 27ms/epoch - 9ms/step
Epoch 254/800
3/3 - 0s - loss: 0.0833 - mae: 0.0833 - mse: 0.0127 - 27ms/epoch - 9ms/step
Epoch 255/800
3/3 - 0s - loss: 0.0906 - mae: 0.0906 - mse: 0.0136 - 27ms/epoch - 9ms/step
Epoch 256/800
3/3 - 0s - loss: 0.0755 - mae: 0.0755 - mse: 0.0113 - 27ms/epoch - 9ms/step
Epoch 257/800
3/3 - 0s - loss: 0.0755 - mae: 0.0755 - mse: 0.0116 - 27ms/epoch - 9ms/step
Epoch 258/800
3/3 - 0s - loss: 0.0760 - mae: 0.0760 - mse: 0.0116 - 27ms/epoch - 9ms/step
Epoch 259/800
3/3 - 0s - loss: 0.0743 - mae: 0.0743 - mse: 0.0113 - 27ms/epoch - 9ms/step
Epoch 260/800
3/3 - 0s - loss: 0.0651 - mae: 0.0651 - mse: 0.0081 - 27ms/epoch - 9ms/step
Epoch 261/800
3/3 - 0s - loss: 0.0628 - mae: 0.0628 - mse: 0.0074 - 27ms/epoch - 9ms/step
Epoch 262/800
3/3 - 0s - loss: 0.0553 - mae: 0.0553 - mse: 0.0065 - 27ms/epoch - 9ms/step
Epoch 263/800
3/3 - 0s - loss: 0.0655 - mae: 0.0655 - mse: 0.0087 - 27ms/epoch - 9ms/step
Epoch 264/800
3/3 - 0s - loss: 0.0670 - mae: 0.0670 - mse: 0.0088 - 27ms/epoch - 9ms/step
Epoch 265/800
3/3 - 0s - loss: 0.0630 - mae: 0.0630 - mse: 0.0072 - 27ms/epoch - 9ms/step
Epoch 266/800
3/3 - 0s - loss: 0.0813 - mae: 0.0813 - mse: 0.0124 - 27ms/epoch - 9ms/step
Epoch 267/800
3/3 - 0s - loss: 0.0853 - mae: 0.0853 - mse: 0.0132 - 27ms/epoch - 9ms/step
Epoch 268/800
3/3 - 0s - loss: 0.0820 - mae: 0.0820 - mse: 0.0110 - 27ms/epoch - 9ms/step
Epoch 269/800
3/3 - 0s - loss: 0.0922 - mae: 0.0922 - mse: 0.0151 - 27ms/epoch - 9ms/step
Epoch 270/800
3/3 - 0s - loss: 0.0886 - mae: 0.0886 - mse: 0.0132 - 27ms/epoch - 9ms/step
Epoch 271/800
3/3 - 0s - loss: 0.0778 - mae: 0.0778 - mse: 0.0106 - 27ms/epoch - 9ms/step
Epoch 272/800
3/3 - 0s - loss: 0.1103 - mae: 0.1103 - mse: 0.0217 - 27ms/epoch - 9ms/step
Epoch 273/800
3/3 - 0s - loss: 0.1030 - mae: 0.1030 - mse: 0.0180 - 27ms/epoch - 9ms/step
Epoch 274/800
3/3 - 0s - loss: 0.0828 - mae: 0.0828 - mse: 0.0110 - 27ms/epoch - 9ms/step
Epoch 275/800
3/3 - 0s - loss: 0.0694 - mae: 0.0694 - mse: 0.0097 - 27ms/epoch - 9ms/step
Epoch 276/800
3/3 - 0s - loss: 0.0882 - mae: 0.0882 - mse: 0.0146 - 27ms/epoch - 9ms/step
Epoch 277/800
3/3 - 0s - loss: 0.0757 - mae: 0.0757 - mse: 0.0106 - 27ms/epoch - 9ms/step
Epoch 278/800
3/3 - 0s - loss: 0.0791 - mae: 0.0791 - mse: 0.0112 - 28ms/epoch - 9ms/step
Epoch 279/800
3/3 - 0s - loss: 0.0686 - mae: 0.0686 - mse: 0.0098 - 27ms/epoch - 9ms/step
Epoch 280/800
3/3 - 0s - loss: 0.0607 - mae: 0.0607 - mse: 0.0073 - 27ms/epoch - 9ms/step
Epoch 281/800
3/3 - 0s - loss: 0.0706 - mae: 0.0706 - mse: 0.0106 - 27ms/epoch - 9ms/step
Epoch 282/800
3/3 - 0s - loss: 0.0620 - mae: 0.0620 - mse: 0.0070 - 27ms/epoch - 9ms/step
Epoch 283/800
3/3 - 0s - loss: 0.0707 - mae: 0.0707 - mse: 0.0096 - 27ms/epoch - 9ms/step
Epoch 284/800
3/3 - 0s - loss: 0.0728 - mae: 0.0728 - mse: 0.0103 - 27ms/epoch - 9ms/step
Epoch 285/800
3/3 - 0s - loss: 0.0799 - mae: 0.0799 - mse: 0.0103 - 27ms/epoch - 9ms/step
Epoch 286/800
3/3 - 0s - loss: 0.0831 - mae: 0.0831 - mse: 0.0138 - 28ms/epoch - 9ms/step
Epoch 287/800
3/3 - 0s - loss: 0.0860 - mae: 0.0860 - mse: 0.0122 - 28ms/epoch - 9ms/step
Epoch 288/800
3/3 - 0s - loss: 0.0720 - mae: 0.0720 - mse: 0.0089 - 27ms/epoch - 9ms/step
Epoch 289/800
3/3 - 0s - loss: 0.0793 - mae: 0.0793 - mse: 0.0114 - 28ms/epoch - 9ms/step
Epoch 290/800
3/3 - 0s - loss: 0.0668 - mae: 0.0668 - mse: 0.0077 - 27ms/epoch - 9ms/step
Epoch 291/800
3/3 - 0s - loss: 0.0734 - mae: 0.0734 - mse: 0.0101 - 27ms/epoch - 9ms/step
Epoch 292/800
3/3 - 0s - loss: 0.0715 - mae: 0.0715 - mse: 0.0080 - 27ms/epoch - 9ms/step
Epoch 293/800
3/3 - 0s - loss: 0.0808 - mae: 0.0808 - mse: 0.0105 - 27ms/epoch - 9ms/step
Epoch 294/800
3/3 - 0s - loss: 0.0802 - mae: 0.0802 - mse: 0.0109 - 27ms/epoch - 9ms/step
Epoch 295/800
3/3 - 0s - loss: 0.0715 - mae: 0.0715 - mse: 0.0089 - 27ms/epoch - 9ms/step
Epoch 296/800
3/3 - 0s - loss: 0.0602 - mae: 0.0602 - mse: 0.0060 - 27ms/epoch - 9ms/step
Epoch 297/800
3/3 - 0s - loss: 0.0615 - mae: 0.0615 - mse: 0.0066 - 27ms/epoch - 9ms/step
Epoch 298/800
3/3 - 0s - loss: 0.0707 - mae: 0.0707 - mse: 0.0089 - 27ms/epoch - 9ms/step
Epoch 299/800
3/3 - 0s - loss: 0.0630 - mae: 0.0630 - mse: 0.0062 - 27ms/epoch - 9ms/step
Epoch 300/800
3/3 - 0s - loss: 0.0707 - mae: 0.0707 - mse: 0.0087 - 27ms/epoch - 9ms/step
Epoch 301/800
3/3 - 0s - loss: 0.0692 - mae: 0.0692 - mse: 0.0083 - 27ms/epoch - 9ms/step
Epoch 302/800
3/3 - 0s - loss: 0.0803 - mae: 0.0803 - mse: 0.0112 - 27ms/epoch - 9ms/step
Epoch 303/800
3/3 - 0s - loss: 0.0747 - mae: 0.0747 - mse: 0.0100 - 27ms/epoch - 9ms/step
Epoch 304/800
3/3 - 0s - loss: 0.0695 - mae: 0.0695 - mse: 0.0084 - 27ms/epoch - 9ms/step
Epoch 305/800
3/3 - 0s - loss: 0.0586 - mae: 0.0586 - mse: 0.0070 - 27ms/epoch - 9ms/step
Epoch 306/800
3/3 - 0s - loss: 0.0725 - mae: 0.0725 - mse: 0.0086 - 27ms/epoch - 9ms/step
Epoch 307/800
3/3 - 0s - loss: 0.0648 - mae: 0.0648 - mse: 0.0076 - 27ms/epoch - 9ms/step
Epoch 308/800
3/3 - 0s - loss: 0.0709 - mae: 0.0709 - mse: 0.0084 - 27ms/epoch - 9ms/step
Epoch 309/800
3/3 - 0s - loss: 0.0668 - mae: 0.0668 - mse: 0.0075 - 27ms/epoch - 9ms/step
Epoch 310/800
3/3 - 0s - loss: 0.0856 - mae: 0.0856 - mse: 0.0119 - 27ms/epoch - 9ms/step
Epoch 311/800
3/3 - 0s - loss: 0.0619 - mae: 0.0619 - mse: 0.0072 - 27ms/epoch - 9ms/step
Epoch 312/800
3/3 - 0s - loss: 0.0726 - mae: 0.0726 - mse: 0.0102 - 27ms/epoch - 9ms/step
Epoch 313/800
3/3 - 0s - loss: 0.0579 - mae: 0.0579 - mse: 0.0053 - 27ms/epoch - 9ms/step
Epoch 314/800
3/3 - 0s - loss: 0.0670 - mae: 0.0670 - mse: 0.0081 - 27ms/epoch - 9ms/step
Epoch 315/800
3/3 - 0s - loss: 0.0656 - mae: 0.0656 - mse: 0.0076 - 27ms/epoch - 9ms/step
Epoch 316/800
3/3 - 0s - loss: 0.0733 - mae: 0.0733 - mse: 0.0086 - 27ms/epoch - 9ms/step
Epoch 317/800
3/3 - 0s - loss: 0.0689 - mae: 0.0689 - mse: 0.0086 - 27ms/epoch - 9ms/step
Epoch 318/800
3/3 - 0s - loss: 0.0652 - mae: 0.0652 - mse: 0.0071 - 27ms/epoch - 9ms/step
Epoch 319/800
3/3 - 0s - loss: 0.0687 - mae: 0.0687 - mse: 0.0082 - 27ms/epoch - 9ms/step
Epoch 320/800
3/3 - 0s - loss: 0.0553 - mae: 0.0553 - mse: 0.0055 - 27ms/epoch - 9ms/step
Epoch 321/800
3/3 - 0s - loss: 0.0496 - mae: 0.0496 - mse: 0.0063 - 27ms/epoch - 9ms/step
Epoch 322/800
3/3 - 0s - loss: 0.0575 - mae: 0.0575 - mse: 0.0072 - 27ms/epoch - 9ms/step
Epoch 323/800
3/3 - 0s - loss: 0.0444 - mae: 0.0444 - mse: 0.0033 - 27ms/epoch - 9ms/step
Epoch 324/800
3/3 - 0s - loss: 0.0492 - mae: 0.0492 - mse: 0.0047 - 27ms/epoch - 9ms/step
Epoch 325/800
3/3 - 0s - loss: 0.0539 - mae: 0.0539 - mse: 0.0050 - 27ms/epoch - 9ms/step
Epoch 326/800
3/3 - 0s - loss: 0.0504 - mae: 0.0504 - mse: 0.0044 - 26ms/epoch - 9ms/step
Epoch 327/800
3/3 - 0s - loss: 0.0542 - mae: 0.0542 - mse: 0.0049 - 27ms/epoch - 9ms/step
Epoch 328/800
3/3 - 0s - loss: 0.0633 - mae: 0.0633 - mse: 0.0083 - 27ms/epoch - 9ms/step
Epoch 329/800
3/3 - 0s - loss: 0.0703 - mae: 0.0703 - mse: 0.0088 - 27ms/epoch - 9ms/step
Epoch 330/800
3/3 - 0s - loss: 0.0613 - mae: 0.0613 - mse: 0.0060 - 27ms/epoch - 9ms/step
Epoch 331/800
3/3 - 0s - loss: 0.0681 - mae: 0.0681 - mse: 0.0087 - 27ms/epoch - 9ms/step
Epoch 332/800
3/3 - 0s - loss: 0.0665 - mae: 0.0665 - mse: 0.0097 - 27ms/epoch - 9ms/step
Epoch 333/800
3/3 - 0s - loss: 0.0584 - mae: 0.0584 - mse: 0.0066 - 27ms/epoch - 9ms/step
Epoch 334/800
3/3 - 0s - loss: 0.0699 - mae: 0.0699 - mse: 0.0098 - 27ms/epoch - 9ms/step
Epoch 335/800
3/3 - 0s - loss: 0.0859 - mae: 0.0859 - mse: 0.0140 - 27ms/epoch - 9ms/step
Epoch 336/800
3/3 - 0s - loss: 0.0768 - mae: 0.0768 - mse: 0.0114 - 27ms/epoch - 9ms/step
Epoch 337/800
3/3 - 0s - loss: 0.0701 - mae: 0.0701 - mse: 0.0091 - 27ms/epoch - 9ms/step
Epoch 338/800
3/3 - 0s - loss: 0.0639 - mae: 0.0639 - mse: 0.0081 - 27ms/epoch - 9ms/step
Epoch 339/800
3/3 - 0s - loss: 0.0695 - mae: 0.0695 - mse: 0.0092 - 27ms/epoch - 9ms/step
Epoch 340/800
3/3 - 0s - loss: 0.0645 - mae: 0.0645 - mse: 0.0072 - 27ms/epoch - 9ms/step
Epoch 341/800
3/3 - 0s - loss: 0.0625 - mae: 0.0625 - mse: 0.0076 - 27ms/epoch - 9ms/step
Epoch 342/800
3/3 - 0s - loss: 0.0468 - mae: 0.0468 - mse: 0.0047 - 27ms/epoch - 9ms/step
Epoch 343/800
3/3 - 0s - loss: 0.0552 - mae: 0.0552 - mse: 0.0064 - 28ms/epoch - 9ms/step
Epoch 344/800
3/3 - 0s - loss: 0.0571 - mae: 0.0571 - mse: 0.0059 - 28ms/epoch - 9ms/step
Epoch 345/800
3/3 - 0s - loss: 0.0699 - mae: 0.0699 - mse: 0.0089 - 27ms/epoch - 9ms/step
Epoch 346/800
3/3 - 0s - loss: 0.0569 - mae: 0.0569 - mse: 0.0057 - 27ms/epoch - 9ms/step
Epoch 347/800
3/3 - 0s - loss: 0.0552 - mae: 0.0552 - mse: 0.0064 - 27ms/epoch - 9ms/step
Epoch 348/800
3/3 - 0s - loss: 0.0649 - mae: 0.0649 - mse: 0.0087 - 27ms/epoch - 9ms/step
Epoch 349/800
3/3 - 0s - loss: 0.0545 - mae: 0.0545 - mse: 0.0058 - 27ms/epoch - 9ms/step
Epoch 350/800
3/3 - 0s - loss: 0.0543 - mae: 0.0543 - mse: 0.0059 - 27ms/epoch - 9ms/step
Epoch 351/800
3/3 - 0s - loss: 0.0617 - mae: 0.0617 - mse: 0.0063 - 27ms/epoch - 9ms/step
Epoch 352/800
3/3 - 0s - loss: 0.0621 - mae: 0.0621 - mse: 0.0066 - 27ms/epoch - 9ms/step
Epoch 353/800
3/3 - 0s - loss: 0.0646 - mae: 0.0646 - mse: 0.0075 - 27ms/epoch - 9ms/step
Epoch 354/800
3/3 - 0s - loss: 0.0664 - mae: 0.0664 - mse: 0.0084 - 27ms/epoch - 9ms/step
Epoch 355/800
3/3 - 0s - loss: 0.0638 - mae: 0.0638 - mse: 0.0067 - 27ms/epoch - 9ms/step
Epoch 356/800
3/3 - 0s - loss: 0.0595 - mae: 0.0595 - mse: 0.0056 - 30ms/epoch - 10ms/step
Epoch 357/800
3/3 - 0s - loss: 0.0580 - mae: 0.0580 - mse: 0.0054 - 33ms/epoch - 11ms/step
Epoch 358/800
3/3 - 0s - loss: 0.0635 - mae: 0.0635 - mse: 0.0064 - 34ms/epoch - 11ms/step
Epoch 359/800
3/3 - 0s - loss: 0.0529 - mae: 0.0529 - mse: 0.0047 - 31ms/epoch - 10ms/step
Epoch 360/800
3/3 - 0s - loss: 0.0543 - mae: 0.0543 - mse: 0.0043 - 31ms/epoch - 10ms/step
Epoch 361/800
3/3 - 0s - loss: 0.0553 - mae: 0.0553 - mse: 0.0060 - 32ms/epoch - 11ms/step
Epoch 362/800
3/3 - 0s - loss: 0.0531 - mae: 0.0531 - mse: 0.0046 - 29ms/epoch - 10ms/step
Epoch 363/800
3/3 - 0s - loss: 0.0493 - mae: 0.0493 - mse: 0.0044 - 30ms/epoch - 10ms/step
Epoch 364/800
3/3 - 0s - loss: 0.0535 - mae: 0.0535 - mse: 0.0059 - 30ms/epoch - 10ms/step
Epoch 365/800
3/3 - 0s - loss: 0.0584 - mae: 0.0584 - mse: 0.0052 - 31ms/epoch - 10ms/step
Epoch 366/800
3/3 - 0s - loss: 0.0726 - mae: 0.0726 - mse: 0.0085 - 31ms/epoch - 10ms/step
Epoch 367/800
3/3 - 0s - loss: 0.0689 - mae: 0.0689 - mse: 0.0084 - 33ms/epoch - 11ms/step
Epoch 368/800
3/3 - 0s - loss: 0.0685 - mae: 0.0685 - mse: 0.0085 - 34ms/epoch - 11ms/step
Epoch 369/800
3/3 - 0s - loss: 0.0621 - mae: 0.0621 - mse: 0.0068 - 34ms/epoch - 11ms/step
Epoch 370/800
3/3 - 0s - loss: 0.0465 - mae: 0.0465 - mse: 0.0038 - 33ms/epoch - 11ms/step
Epoch 371/800
3/3 - 0s - loss: 0.0453 - mae: 0.0453 - mse: 0.0041 - 35ms/epoch - 12ms/step
Epoch 372/800
3/3 - 0s - loss: 0.0602 - mae: 0.0602 - mse: 0.0063 - 32ms/epoch - 11ms/step
Epoch 373/800
3/3 - 0s - loss: 0.0484 - mae: 0.0484 - mse: 0.0038 - 31ms/epoch - 10ms/step
Epoch 374/800
3/3 - 0s - loss: 0.0408 - mae: 0.0408 - mse: 0.0029 - 32ms/epoch - 11ms/step
Epoch 375/800
3/3 - 0s - loss: 0.0497 - mae: 0.0497 - mse: 0.0045 - 30ms/epoch - 10ms/step
Epoch 376/800
3/3 - 0s - loss: 0.0498 - mae: 0.0498 - mse: 0.0040 - 29ms/epoch - 10ms/step
Epoch 377/800
3/3 - 0s - loss: 0.0476 - mae: 0.0476 - mse: 0.0038 - 30ms/epoch - 10ms/step
Epoch 378/800
3/3 - 0s - loss: 0.0429 - mae: 0.0429 - mse: 0.0041 - 33ms/epoch - 11ms/step
Epoch 379/800
3/3 - 0s - loss: 0.0515 - mae: 0.0515 - mse: 0.0056 - 33ms/epoch - 11ms/step
Epoch 380/800
3/3 - 0s - loss: 0.0481 - mae: 0.0481 - mse: 0.0042 - 34ms/epoch - 11ms/step
Epoch 381/800
3/3 - 0s - loss: 0.0467 - mae: 0.0467 - mse: 0.0039 - 33ms/epoch - 11ms/step
Epoch 382/800
3/3 - 0s - loss: 0.0407 - mae: 0.0407 - mse: 0.0027 - 33ms/epoch - 11ms/step
Epoch 383/800
3/3 - 0s - loss: 0.0335 - mae: 0.0335 - mse: 0.0018 - 37ms/epoch - 12ms/step
Epoch 384/800
3/3 - 0s - loss: 0.0394 - mae: 0.0394 - mse: 0.0035 - 33ms/epoch - 11ms/step
Epoch 385/800
3/3 - 0s - loss: 0.0426 - mae: 0.0426 - mse: 0.0035 - 35ms/epoch - 12ms/step
Epoch 386/800
3/3 - 0s - loss: 0.0406 - mae: 0.0406 - mse: 0.0031 - 34ms/epoch - 11ms/step
Epoch 387/800
3/3 - 0s - loss: 0.0494 - mae: 0.0494 - mse: 0.0040 - 34ms/epoch - 11ms/step
Epoch 388/800
3/3 - 0s - loss: 0.0443 - mae: 0.0443 - mse: 0.0037 - 31ms/epoch - 10ms/step
Epoch 389/800
3/3 - 0s - loss: 0.0462 - mae: 0.0462 - mse: 0.0036 - 32ms/epoch - 11ms/step
Epoch 390/800
3/3 - 0s - loss: 0.0590 - mae: 0.0590 - mse: 0.0060 - 30ms/epoch - 10ms/step
Epoch 391/800
3/3 - 0s - loss: 0.0502 - mae: 0.0502 - mse: 0.0043 - 32ms/epoch - 11ms/step
Epoch 392/800
3/3 - 0s - loss: 0.0517 - mae: 0.0517 - mse: 0.0044 - 32ms/epoch - 11ms/step
Epoch 393/800
3/3 - 0s - loss: 0.0446 - mae: 0.0446 - mse: 0.0032 - 32ms/epoch - 11ms/step
Epoch 394/800
3/3 - 0s - loss: 0.0518 - mae: 0.0518 - mse: 0.0043 - 30ms/epoch - 10ms/step
Epoch 395/800
3/3 - 0s - loss: 0.0445 - mae: 0.0445 - mse: 0.0041 - 30ms/epoch - 10ms/step
Epoch 396/800
3/3 - 0s - loss: 0.0467 - mae: 0.0467 - mse: 0.0040 - 33ms/epoch - 11ms/step
Epoch 397/800
3/3 - 0s - loss: 0.0408 - mae: 0.0408 - mse: 0.0029 - 30ms/epoch - 10ms/step
Epoch 398/800
3/3 - 0s - loss: 0.0404 - mae: 0.0404 - mse: 0.0028 - 34ms/epoch - 11ms/step
Epoch 399/800
3/3 - 0s - loss: 0.0452 - mae: 0.0452 - mse: 0.0038 - 32ms/epoch - 11ms/step
Epoch 400/800
3/3 - 0s - loss: 0.0411 - mae: 0.0411 - mse: 0.0031 - 34ms/epoch - 11ms/step
Epoch 401/800
3/3 - 0s - loss: 0.0524 - mae: 0.0524 - mse: 0.0046 - 30ms/epoch - 10ms/step
Epoch 402/800
3/3 - 0s - loss: 0.0431 - mae: 0.0431 - mse: 0.0030 - 28ms/epoch - 9ms/step
Epoch 403/800
3/3 - 0s - loss: 0.0409 - mae: 0.0409 - mse: 0.0028 - 27ms/epoch - 9ms/step
Epoch 404/800
3/3 - 0s - loss: 0.0422 - mae: 0.0422 - mse: 0.0030 - 27ms/epoch - 9ms/step
Epoch 405/800
3/3 - 0s - loss: 0.0348 - mae: 0.0348 - mse: 0.0020 - 27ms/epoch - 9ms/step
Epoch 406/800
3/3 - 0s - loss: 0.0364 - mae: 0.0364 - mse: 0.0024 - 27ms/epoch - 9ms/step
Epoch 407/800
3/3 - 0s - loss: 0.0415 - mae: 0.0415 - mse: 0.0032 - 27ms/epoch - 9ms/step
Epoch 408/800
3/3 - 0s - loss: 0.0386 - mae: 0.0386 - mse: 0.0025 - 27ms/epoch - 9ms/step
Epoch 409/800
3/3 - 0s - loss: 0.0302 - mae: 0.0302 - mse: 0.0017 - 27ms/epoch - 9ms/step
Epoch 410/800
3/3 - 0s - loss: 0.0389 - mae: 0.0389 - mse: 0.0026 - 27ms/epoch - 9ms/step
Epoch 411/800
3/3 - 0s - loss: 0.0337 - mae: 0.0337 - mse: 0.0019 - 27ms/epoch - 9ms/step
Epoch 412/800
3/3 - 0s - loss: 0.0375 - mae: 0.0375 - mse: 0.0023 - 27ms/epoch - 9ms/step
Epoch 413/800
3/3 - 0s - loss: 0.0325 - mae: 0.0325 - mse: 0.0018 - 27ms/epoch - 9ms/step
Epoch 414/800
3/3 - 0s - loss: 0.0353 - mae: 0.0353 - mse: 0.0022 - 27ms/epoch - 9ms/step
Epoch 415/800
3/3 - 0s - loss: 0.0269 - mae: 0.0269 - mse: 0.0012 - 27ms/epoch - 9ms/step
Epoch 416/800
3/3 - 0s - loss: 0.0283 - mae: 0.0283 - mse: 0.0015 - 27ms/epoch - 9ms/step
Epoch 417/800
3/3 - 0s - loss: 0.0396 - mae: 0.0396 - mse: 0.0027 - 27ms/epoch - 9ms/step
Epoch 418/800
3/3 - 0s - loss: 0.0406 - mae: 0.0406 - mse: 0.0027 - 27ms/epoch - 9ms/step
Epoch 419/800
3/3 - 0s - loss: 0.0387 - mae: 0.0387 - mse: 0.0024 - 27ms/epoch - 9ms/step
Epoch 420/800
3/3 - 0s - loss: 0.0363 - mae: 0.0363 - mse: 0.0021 - 27ms/epoch - 9ms/step
Epoch 421/800
3/3 - 0s - loss: 0.0431 - mae: 0.0431 - mse: 0.0032 - 27ms/epoch - 9ms/step
Epoch 422/800
3/3 - 0s - loss: 0.0495 - mae: 0.0495 - mse: 0.0045 - 27ms/epoch - 9ms/step
Epoch 423/800
3/3 - 0s - loss: 0.0414 - mae: 0.0414 - mse: 0.0028 - 27ms/epoch - 9ms/step
Epoch 424/800
3/3 - 0s - loss: 0.0483 - mae: 0.0483 - mse: 0.0040 - 27ms/epoch - 9ms/step
Epoch 425/800
3/3 - 0s - loss: 0.0464 - mae: 0.0464 - mse: 0.0034 - 27ms/epoch - 9ms/step
Epoch 426/800
3/3 - 0s - loss: 0.0558 - mae: 0.0558 - mse: 0.0048 - 27ms/epoch - 9ms/step
Epoch 427/800
3/3 - 0s - loss: 0.0540 - mae: 0.0540 - mse: 0.0051 - 27ms/epoch - 9ms/step
Epoch 428/800
3/3 - 0s - loss: 0.0479 - mae: 0.0479 - mse: 0.0038 - 27ms/epoch - 9ms/step
Epoch 429/800
3/3 - 0s - loss: 0.0411 - mae: 0.0411 - mse: 0.0029 - 27ms/epoch - 9ms/step
Epoch 430/800
3/3 - 0s - loss: 0.0376 - mae: 0.0376 - mse: 0.0024 - 27ms/epoch - 9ms/step
Epoch 431/800
3/3 - 0s - loss: 0.0384 - mae: 0.0384 - mse: 0.0025 - 27ms/epoch - 9ms/step
Epoch 432/800
3/3 - 0s - loss: 0.0342 - mae: 0.0342 - mse: 0.0021 - 27ms/epoch - 9ms/step
Epoch 433/800
3/3 - 0s - loss: 0.0319 - mae: 0.0319 - mse: 0.0018 - 27ms/epoch - 9ms/step
Epoch 434/800
3/3 - 0s - loss: 0.0301 - mae: 0.0301 - mse: 0.0016 - 27ms/epoch - 9ms/step
Epoch 435/800
3/3 - 0s - loss: 0.0340 - mae: 0.0340 - mse: 0.0021 - 27ms/epoch - 9ms/step
Epoch 436/800
3/3 - 0s - loss: 0.0308 - mae: 0.0308 - mse: 0.0017 - 27ms/epoch - 9ms/step
Epoch 437/800
3/3 - 0s - loss: 0.0271 - mae: 0.0271 - mse: 0.0013 - 27ms/epoch - 9ms/step
Epoch 438/800
3/3 - 0s - loss: 0.0380 - mae: 0.0380 - mse: 0.0026 - 27ms/epoch - 9ms/step
Epoch 439/800
3/3 - 0s - loss: 0.0360 - mae: 0.0360 - mse: 0.0022 - 27ms/epoch - 9ms/step
Epoch 440/800
3/3 - 0s - loss: 0.0405 - mae: 0.0405 - mse: 0.0030 - 27ms/epoch - 9ms/step
Epoch 441/800
3/3 - 0s - loss: 0.0444 - mae: 0.0444 - mse: 0.0041 - 27ms/epoch - 9ms/step
Epoch 442/800
3/3 - 0s - loss: 0.0434 - mae: 0.0434 - mse: 0.0034 - 27ms/epoch - 9ms/step
Epoch 443/800
3/3 - 0s - loss: 0.0415 - mae: 0.0415 - mse: 0.0034 - 27ms/epoch - 9ms/step
Epoch 444/800
3/3 - 0s - loss: 0.0465 - mae: 0.0465 - mse: 0.0034 - 27ms/epoch - 9ms/step
Epoch 445/800
3/3 - 0s - loss: 0.0437 - mae: 0.0437 - mse: 0.0030 - 27ms/epoch - 9ms/step
Epoch 446/800
3/3 - 0s - loss: 0.0441 - mae: 0.0441 - mse: 0.0034 - 27ms/epoch - 9ms/step
Epoch 447/800
3/3 - 0s - loss: 0.0426 - mae: 0.0426 - mse: 0.0032 - 27ms/epoch - 9ms/step
Epoch 448/800
3/3 - 0s - loss: 0.0450 - mae: 0.0450 - mse: 0.0037 - 27ms/epoch - 9ms/step
Epoch 449/800
3/3 - 0s - loss: 0.0422 - mae: 0.0422 - mse: 0.0029 - 27ms/epoch - 9ms/step
Epoch 450/800
3/3 - 0s - loss: 0.0455 - mae: 0.0455 - mse: 0.0036 - 27ms/epoch - 9ms/step
Epoch 451/800
3/3 - 0s - loss: 0.0316 - mae: 0.0316 - mse: 0.0017 - 27ms/epoch - 9ms/step
Epoch 452/800
3/3 - 0s - loss: 0.0406 - mae: 0.0406 - mse: 0.0032 - 27ms/epoch - 9ms/step
Epoch 453/800
3/3 - 0s - loss: 0.0382 - mae: 0.0382 - mse: 0.0027 - 27ms/epoch - 9ms/step
Epoch 454/800
3/3 - 0s - loss: 0.0347 - mae: 0.0347 - mse: 0.0021 - 27ms/epoch - 9ms/step
Epoch 455/800
3/3 - 0s - loss: 0.0348 - mae: 0.0348 - mse: 0.0020 - 27ms/epoch - 9ms/step
Epoch 456/800
3/3 - 0s - loss: 0.0333 - mae: 0.0333 - mse: 0.0018 - 27ms/epoch - 9ms/step
Epoch 457/800
3/3 - 0s - loss: 0.0299 - mae: 0.0299 - mse: 0.0016 - 27ms/epoch - 9ms/step
Epoch 458/800
3/3 - 0s - loss: 0.0295 - mae: 0.0295 - mse: 0.0014 - 27ms/epoch - 9ms/step
Epoch 459/800
3/3 - 0s - loss: 0.0281 - mae: 0.0281 - mse: 0.0014 - 27ms/epoch - 9ms/step
Epoch 460/800
3/3 - 0s - loss: 0.0307 - mae: 0.0307 - mse: 0.0018 - 27ms/epoch - 9ms/step
Epoch 461/800
3/3 - 0s - loss: 0.0300 - mae: 0.0300 - mse: 0.0018 - 27ms/epoch - 9ms/step
Epoch 462/800
3/3 - 0s - loss: 0.0322 - mae: 0.0322 - mse: 0.0019 - 27ms/epoch - 9ms/step
Epoch 463/800
3/3 - 0s - loss: 0.0304 - mae: 0.0304 - mse: 0.0015 - 27ms/epoch - 9ms/step
Epoch 464/800
3/3 - 0s - loss: 0.0284 - mae: 0.0284 - mse: 0.0016 - 27ms/epoch - 9ms/step
Epoch 465/800
3/3 - 0s - loss: 0.0302 - mae: 0.0302 - mse: 0.0016 - 27ms/epoch - 9ms/step
Epoch 466/800
3/3 - 0s - loss: 0.0311 - mae: 0.0311 - mse: 0.0019 - 27ms/epoch - 9ms/step
Epoch 467/800
3/3 - 0s - loss: 0.0357 - mae: 0.0357 - mse: 0.0019 - 27ms/epoch - 9ms/step
Epoch 468/800
3/3 - 0s - loss: 0.0418 - mae: 0.0418 - mse: 0.0030 - 27ms/epoch - 9ms/step
Epoch 469/800
3/3 - 0s - loss: 0.0475 - mae: 0.0475 - mse: 0.0044 - 27ms/epoch - 9ms/step
Epoch 470/800
3/3 - 0s - loss: 0.0406 - mae: 0.0406 - mse: 0.0035 - 27ms/epoch - 9ms/step
Epoch 471/800
3/3 - 0s - loss: 0.0347 - mae: 0.0347 - mse: 0.0023 - 27ms/epoch - 9ms/step
Epoch 472/800
3/3 - 0s - loss: 0.0339 - mae: 0.0339 - mse: 0.0021 - 27ms/epoch - 9ms/step
Epoch 473/800
3/3 - 0s - loss: 0.0355 - mae: 0.0355 - mse: 0.0023 - 28ms/epoch - 9ms/step
Epoch 474/800
3/3 - 0s - loss: 0.0387 - mae: 0.0387 - mse: 0.0026 - 27ms/epoch - 9ms/step
Epoch 475/800
3/3 - 0s - loss: 0.0372 - mae: 0.0372 - mse: 0.0021 - 27ms/epoch - 9ms/step
Epoch 476/800
3/3 - 0s - loss: 0.0384 - mae: 0.0384 - mse: 0.0023 - 27ms/epoch - 9ms/step
Epoch 477/800
3/3 - 0s - loss: 0.0352 - mae: 0.0352 - mse: 0.0018 - 27ms/epoch - 9ms/step
Epoch 478/800
3/3 - 0s - loss: 0.0394 - mae: 0.0394 - mse: 0.0023 - 27ms/epoch - 9ms/step
Epoch 479/800
3/3 - 0s - loss: 0.0409 - mae: 0.0409 - mse: 0.0027 - 27ms/epoch - 9ms/step
Epoch 480/800
3/3 - 0s - loss: 0.0317 - mae: 0.0317 - mse: 0.0017 - 27ms/epoch - 9ms/step
Epoch 481/800
3/3 - 0s - loss: 0.0232 - mae: 0.0232 - mse: 9.1857e-04 - 27ms/epoch - 9ms/step
Epoch 482/800
3/3 - 0s - loss: 0.0233 - mae: 0.0233 - mse: 8.9333e-04 - 27ms/epoch - 9ms/step
Epoch 483/800
3/3 - 0s - loss: 0.0259 - mae: 0.0259 - mse: 0.0012 - 27ms/epoch - 9ms/step
Epoch 484/800
3/3 - 0s - loss: 0.0309 - mae: 0.0309 - mse: 0.0016 - 27ms/epoch - 9ms/step
Epoch 485/800
3/3 - 0s - loss: 0.0332 - mae: 0.0332 - mse: 0.0017 - 27ms/epoch - 9ms/step
Epoch 486/800
3/3 - 0s - loss: 0.0369 - mae: 0.0369 - mse: 0.0022 - 27ms/epoch - 9ms/step
Epoch 487/800
3/3 - 0s - loss: 0.0368 - mae: 0.0368 - mse: 0.0023 - 27ms/epoch - 9ms/step
Epoch 488/800
3/3 - 0s - loss: 0.0476 - mae: 0.0476 - mse: 0.0035 - 27ms/epoch - 9ms/step
Epoch 489/800
3/3 - 0s - loss: 0.0409 - mae: 0.0409 - mse: 0.0025 - 27ms/epoch - 9ms/step
Epoch 490/800
3/3 - 0s - loss: 0.0429 - mae: 0.0429 - mse: 0.0029 - 27ms/epoch - 9ms/step
Epoch 491/800
3/3 - 0s - loss: 0.0436 - mae: 0.0436 - mse: 0.0035 - 27ms/epoch - 9ms/step
Epoch 492/800
3/3 - 0s - loss: 0.0408 - mae: 0.0408 - mse: 0.0028 - 27ms/epoch - 9ms/step
Epoch 493/800
3/3 - 0s - loss: 0.0390 - mae: 0.0390 - mse: 0.0025 - 27ms/epoch - 9ms/step
Epoch 494/800
3/3 - 0s - loss: 0.0331 - mae: 0.0331 - mse: 0.0018 - 27ms/epoch - 9ms/step
Epoch 495/800
3/3 - 0s - loss: 0.0406 - mae: 0.0406 - mse: 0.0027 - 27ms/epoch - 9ms/step
Epoch 496/800
3/3 - 0s - loss: 0.0338 - mae: 0.0338 - mse: 0.0021 - 27ms/epoch - 9ms/step
Epoch 497/800
3/3 - 0s - loss: 0.0356 - mae: 0.0356 - mse: 0.0022 - 27ms/epoch - 9ms/step
Epoch 498/800
3/3 - 0s - loss: 0.0310 - mae: 0.0310 - mse: 0.0016 - 27ms/epoch - 9ms/step
Epoch 499/800
3/3 - 0s - loss: 0.0287 - mae: 0.0287 - mse: 0.0015 - 27ms/epoch - 9ms/step
Epoch 500/800
3/3 - 0s - loss: 0.0298 - mae: 0.0298 - mse: 0.0018 - 27ms/epoch - 9ms/step
Epoch 501/800
3/3 - 0s - loss: 0.0322 - mae: 0.0322 - mse: 0.0019 - 27ms/epoch - 9ms/step
Epoch 502/800
3/3 - 0s - loss: 0.0328 - mae: 0.0328 - mse: 0.0017 - 27ms/epoch - 9ms/step
Epoch 503/800
3/3 - 0s - loss: 0.0351 - mae: 0.0351 - mse: 0.0019 - 27ms/epoch - 9ms/step
Epoch 504/800
3/3 - 0s - loss: 0.0468 - mae: 0.0468 - mse: 0.0037 - 27ms/epoch - 9ms/step
Epoch 505/800
3/3 - 0s - loss: 0.0350 - mae: 0.0350 - mse: 0.0020 - 27ms/epoch - 9ms/step
Epoch 506/800
3/3 - 0s - loss: 0.0290 - mae: 0.0290 - mse: 0.0014 - 27ms/epoch - 9ms/step
Epoch 507/800
3/3 - 0s - loss: 0.0366 - mae: 0.0366 - mse: 0.0024 - 27ms/epoch - 9ms/step
Epoch 508/800
3/3 - 0s - loss: 0.0363 - mae: 0.0363 - mse: 0.0024 - 27ms/epoch - 9ms/step
Epoch 509/800
3/3 - 0s - loss: 0.0368 - mae: 0.0368 - mse: 0.0029 - 27ms/epoch - 9ms/step
Epoch 510/800
3/3 - 0s - loss: 0.0311 - mae: 0.0311 - mse: 0.0018 - 27ms/epoch - 9ms/step
Epoch 511/800
3/3 - 0s - loss: 0.0274 - mae: 0.0274 - mse: 0.0014 - 27ms/epoch - 9ms/step
Epoch 512/800
3/3 - 0s - loss: 0.0300 - mae: 0.0300 - mse: 0.0015 - 27ms/epoch - 9ms/step
Epoch 513/800
3/3 - 0s - loss: 0.0256 - mae: 0.0256 - mse: 0.0011 - 27ms/epoch - 9ms/step
Epoch 514/800
3/3 - 0s - loss: 0.0264 - mae: 0.0264 - mse: 0.0011 - 27ms/epoch - 9ms/step
Epoch 515/800
3/3 - 0s - loss: 0.0262 - mae: 0.0262 - mse: 0.0012 - 27ms/epoch - 9ms/step
Epoch 516/800
3/3 - 0s - loss: 0.0291 - mae: 0.0291 - mse: 0.0014 - 27ms/epoch - 9ms/step
Epoch 517/800
3/3 - 0s - loss: 0.0298 - mae: 0.0298 - mse: 0.0016 - 27ms/epoch - 9ms/step
Epoch 518/800
3/3 - 0s - loss: 0.0293 - mae: 0.0293 - mse: 0.0016 - 27ms/epoch - 9ms/step
Epoch 519/800
3/3 - 0s - loss: 0.0297 - mae: 0.0297 - mse: 0.0017 - 27ms/epoch - 9ms/step
Epoch 520/800
3/3 - 0s - loss: 0.0253 - mae: 0.0253 - mse: 0.0012 - 27ms/epoch - 9ms/step
Epoch 521/800
3/3 - 0s - loss: 0.0275 - mae: 0.0275 - mse: 0.0014 - 27ms/epoch - 9ms/step
Epoch 522/800
3/3 - 0s - loss: 0.0273 - mae: 0.0273 - mse: 0.0013 - 27ms/epoch - 9ms/step
Epoch 523/800
3/3 - 0s - loss: 0.0310 - mae: 0.0310 - mse: 0.0017 - 27ms/epoch - 9ms/step
Epoch 524/800
3/3 - 0s - loss: 0.0246 - mae: 0.0246 - mse: 0.0011 - 27ms/epoch - 9ms/step
Epoch 525/800
3/3 - 0s - loss: 0.0279 - mae: 0.0279 - mse: 0.0013 - 27ms/epoch - 9ms/step
Epoch 526/800
3/3 - 0s - loss: 0.0268 - mae: 0.0268 - mse: 0.0012 - 27ms/epoch - 9ms/step
Epoch 527/800
3/3 - 0s - loss: 0.0244 - mae: 0.0244 - mse: 0.0011 - 27ms/epoch - 9ms/step
Epoch 528/800
3/3 - 0s - loss: 0.0285 - mae: 0.0285 - mse: 0.0015 - 27ms/epoch - 9ms/step
Epoch 529/800
3/3 - 0s - loss: 0.0249 - mae: 0.0249 - mse: 0.0011 - 27ms/epoch - 9ms/step
Epoch 530/800
3/3 - 0s - loss: 0.0292 - mae: 0.0292 - mse: 0.0014 - 27ms/epoch - 9ms/step
Epoch 531/800
3/3 - 0s - loss: 0.0262 - mae: 0.0262 - mse: 0.0011 - 27ms/epoch - 9ms/step
Epoch 532/800
3/3 - 0s - loss: 0.0238 - mae: 0.0238 - mse: 9.3541e-04 - 27ms/epoch - 9ms/step
Epoch 533/800
3/3 - 0s - loss: 0.0234 - mae: 0.0234 - mse: 0.0010 - 27ms/epoch - 9ms/step
Epoch 534/800
3/3 - 0s - loss: 0.0228 - mae: 0.0228 - mse: 9.8906e-04 - 27ms/epoch - 9ms/step
Epoch 535/800
3/3 - 0s - loss: 0.0272 - mae: 0.0272 - mse: 0.0013 - 27ms/epoch - 9ms/step
Epoch 536/800
3/3 - 0s - loss: 0.0277 - mae: 0.0277 - mse: 0.0013 - 27ms/epoch - 9ms/step
Epoch 537/800
3/3 - 0s - loss: 0.0301 - mae: 0.0301 - mse: 0.0016 - 27ms/epoch - 9ms/step
Epoch 538/800
3/3 - 0s - loss: 0.0262 - mae: 0.0262 - mse: 0.0012 - 27ms/epoch - 9ms/step
Epoch 539/800
3/3 - 0s - loss: 0.0231 - mae: 0.0231 - mse: 9.2725e-04 - 27ms/epoch - 9ms/step
Epoch 540/800
3/3 - 0s - loss: 0.0220 - mae: 0.0220 - mse: 7.4123e-04 - 27ms/epoch - 9ms/step
Epoch 541/800
3/3 - 0s - loss: 0.0252 - mae: 0.0252 - mse: 0.0011 - 27ms/epoch - 9ms/step
Epoch 542/800
3/3 - 0s - loss: 0.0244 - mae: 0.0244 - mse: 0.0010 - 27ms/epoch - 9ms/step
Epoch 543/800
3/3 - 0s - loss: 0.0224 - mae: 0.0224 - mse: 8.3203e-04 - 27ms/epoch - 9ms/step
Epoch 544/800
3/3 - 0s - loss: 0.0252 - mae: 0.0252 - mse: 0.0011 - 27ms/epoch - 9ms/step
Epoch 545/800
3/3 - 0s - loss: 0.0271 - mae: 0.0271 - mse: 0.0012 - 27ms/epoch - 9ms/step
Epoch 546/800
3/3 - 0s - loss: 0.0202 - mae: 0.0202 - mse: 6.4340e-04 - 27ms/epoch - 9ms/step
Epoch 547/800
3/3 - 0s - loss: 0.0237 - mae: 0.0237 - mse: 0.0010 - 27ms/epoch - 9ms/step
Epoch 548/800
3/3 - 0s - loss: 0.0241 - mae: 0.0241 - mse: 0.0012 - 27ms/epoch - 9ms/step
Epoch 549/800
3/3 - 0s - loss: 0.0242 - mae: 0.0242 - mse: 0.0011 - 27ms/epoch - 9ms/step
Epoch 550/800
3/3 - 0s - loss: 0.0245 - mae: 0.0245 - mse: 0.0011 - 27ms/epoch - 9ms/step
Epoch 551/800
3/3 - 0s - loss: 0.0231 - mae: 0.0231 - mse: 9.8104e-04 - 27ms/epoch - 9ms/step
Epoch 552/800
3/3 - 0s - loss: 0.0296 - mae: 0.0296 - mse: 0.0015 - 27ms/epoch - 9ms/step
Epoch 553/800
3/3 - 0s - loss: 0.0265 - mae: 0.0265 - mse: 0.0012 - 27ms/epoch - 9ms/step
Epoch 554/800
3/3 - 0s - loss: 0.0279 - mae: 0.0279 - mse: 0.0013 - 27ms/epoch - 9ms/step
Epoch 555/800
3/3 - 0s - loss: 0.0243 - mae: 0.0243 - mse: 9.6497e-04 - 27ms/epoch - 9ms/step
Epoch 556/800
3/3 - 0s - loss: 0.0267 - mae: 0.0267 - mse: 0.0011 - 27ms/epoch - 9ms/step
Epoch 557/800
3/3 - 0s - loss: 0.0250 - mae: 0.0250 - mse: 9.7533e-04 - 27ms/epoch - 9ms/step
Epoch 558/800
3/3 - 0s - loss: 0.0259 - mae: 0.0259 - mse: 0.0011 - 27ms/epoch - 9ms/step
Epoch 559/800
3/3 - 0s - loss: 0.0255 - mae: 0.0255 - mse: 0.0011 - 27ms/epoch - 9ms/step
Epoch 560/800
3/3 - 0s - loss: 0.0266 - mae: 0.0266 - mse: 0.0017 - 27ms/epoch - 9ms/step
Epoch 561/800
3/3 - 0s - loss: 0.0227 - mae: 0.0227 - mse: 9.6804e-04 - 27ms/epoch - 9ms/step
Epoch 562/800
3/3 - 0s - loss: 0.0275 - mae: 0.0275 - mse: 0.0013 - 27ms/epoch - 9ms/step
Epoch 563/800
3/3 - 0s - loss: 0.0279 - mae: 0.0279 - mse: 0.0013 - 27ms/epoch - 9ms/step
Epoch 564/800
3/3 - 0s - loss: 0.0242 - mae: 0.0242 - mse: 0.0010 - 27ms/epoch - 9ms/step
Epoch 565/800
3/3 - 0s - loss: 0.0242 - mae: 0.0242 - mse: 0.0013 - 27ms/epoch - 9ms/step
Epoch 566/800
3/3 - 0s - loss: 0.0215 - mae: 0.0215 - mse: 0.0010 - 27ms/epoch - 9ms/step
Epoch 567/800
3/3 - 0s - loss: 0.0234 - mae: 0.0234 - mse: 0.0010 - 27ms/epoch - 9ms/step
Epoch 568/800
3/3 - 0s - loss: 0.0198 - mae: 0.0198 - mse: 6.0857e-04 - 27ms/epoch - 9ms/step
Epoch 569/800
3/3 - 0s - loss: 0.0191 - mae: 0.0191 - mse: 5.7508e-04 - 27ms/epoch - 9ms/step
Epoch 570/800
3/3 - 0s - loss: 0.0224 - mae: 0.0224 - mse: 9.8928e-04 - 27ms/epoch - 9ms/step
Epoch 571/800
3/3 - 0s - loss: 0.0220 - mae: 0.0220 - mse: 7.9102e-04 - 27ms/epoch - 9ms/step
Epoch 572/800
3/3 - 0s - loss: 0.0212 - mae: 0.0212 - mse: 7.5122e-04 - 27ms/epoch - 9ms/step
Epoch 573/800
3/3 - 0s - loss: 0.0222 - mae: 0.0222 - mse: 7.5631e-04 - 27ms/epoch - 9ms/step
Epoch 574/800
3/3 - 0s - loss: 0.0178 - mae: 0.0178 - mse: 5.4240e-04 - 27ms/epoch - 9ms/step
Epoch 575/800
3/3 - 0s - loss: 0.0168 - mae: 0.0168 - mse: 5.0475e-04 - 27ms/epoch - 9ms/step
Epoch 576/800
3/3 - 0s - loss: 0.0173 - mae: 0.0173 - mse: 5.3677e-04 - 27ms/epoch - 9ms/step
Epoch 577/800
3/3 - 0s - loss: 0.0167 - mae: 0.0167 - mse: 5.3451e-04 - 27ms/epoch - 9ms/step
Epoch 578/800
3/3 - 0s - loss: 0.0170 - mae: 0.0170 - mse: 5.6444e-04 - 27ms/epoch - 9ms/step
Epoch 579/800
3/3 - 0s - loss: 0.0158 - mae: 0.0158 - mse: 3.8896e-04 - 27ms/epoch - 9ms/step
Epoch 580/800
3/3 - 0s - loss: 0.0179 - mae: 0.0179 - mse: 5.0057e-04 - 27ms/epoch - 9ms/step
Epoch 581/800
3/3 - 0s - loss: 0.0182 - mae: 0.0182 - mse: 6.4182e-04 - 27ms/epoch - 9ms/step
Epoch 582/800
3/3 - 0s - loss: 0.0180 - mae: 0.0180 - mse: 5.7290e-04 - 27ms/epoch - 9ms/step
Epoch 583/800
3/3 - 0s - loss: 0.0159 - mae: 0.0159 - mse: 4.3091e-04 - 27ms/epoch - 9ms/step
Epoch 584/800
3/3 - 0s - loss: 0.0171 - mae: 0.0171 - mse: 5.9852e-04 - 27ms/epoch - 9ms/step
Epoch 585/800
3/3 - 0s - loss: 0.0193 - mae: 0.0193 - mse: 6.8241e-04 - 27ms/epoch - 9ms/step
Epoch 586/800
3/3 - 0s - loss: 0.0159 - mae: 0.0159 - mse: 4.4436e-04 - 27ms/epoch - 9ms/step
Epoch 587/800
3/3 - 0s - loss: 0.0152 - mae: 0.0152 - mse: 4.0542e-04 - 27ms/epoch - 9ms/step
Epoch 588/800
3/3 - 0s - loss: 0.0148 - mae: 0.0148 - mse: 4.2457e-04 - 27ms/epoch - 9ms/step
Epoch 589/800
3/3 - 0s - loss: 0.0144 - mae: 0.0144 - mse: 3.4963e-04 - 27ms/epoch - 9ms/step
Epoch 590/800
3/3 - 0s - loss: 0.0173 - mae: 0.0173 - mse: 5.0435e-04 - 27ms/epoch - 9ms/step
Epoch 591/800
3/3 - 0s - loss: 0.0161 - mae: 0.0161 - mse: 4.2733e-04 - 27ms/epoch - 9ms/step
Epoch 592/800
3/3 - 0s - loss: 0.0169 - mae: 0.0169 - mse: 4.7945e-04 - 27ms/epoch - 9ms/step
Epoch 593/800
3/3 - 0s - loss: 0.0172 - mae: 0.0172 - mse: 5.5822e-04 - 27ms/epoch - 9ms/step
Epoch 594/800
3/3 - 0s - loss: 0.0166 - mae: 0.0166 - mse: 4.5110e-04 - 27ms/epoch - 9ms/step
Epoch 595/800
3/3 - 0s - loss: 0.0150 - mae: 0.0150 - mse: 3.5013e-04 - 27ms/epoch - 9ms/step
Epoch 596/800
3/3 - 0s - loss: 0.0126 - mae: 0.0126 - mse: 2.6818e-04 - 27ms/epoch - 9ms/step
Epoch 597/800
3/3 - 0s - loss: 0.0142 - mae: 0.0142 - mse: 3.4973e-04 - 27ms/epoch - 9ms/step
Epoch 598/800
3/3 - 0s - loss: 0.0150 - mae: 0.0150 - mse: 4.3177e-04 - 27ms/epoch - 9ms/step
Epoch 599/800
3/3 - 0s - loss: 0.0193 - mae: 0.0193 - mse: 6.7675e-04 - 27ms/epoch - 9ms/step
Epoch 600/800
3/3 - 0s - loss: 0.0160 - mae: 0.0160 - mse: 4.1563e-04 - 27ms/epoch - 9ms/step
Epoch 601/800
3/3 - 0s - loss: 0.0231 - mae: 0.0231 - mse: 0.0011 - 27ms/epoch - 9ms/step
Epoch 602/800
3/3 - 0s - loss: 0.0201 - mae: 0.0201 - mse: 8.0473e-04 - 27ms/epoch - 9ms/step
Epoch 603/800
3/3 - 0s - loss: 0.0207 - mae: 0.0207 - mse: 7.0825e-04 - 27ms/epoch - 9ms/step
Epoch 604/800
3/3 - 0s - loss: 0.0209 - mae: 0.0209 - mse: 6.8459e-04 - 27ms/epoch - 9ms/step
Epoch 605/800
3/3 - 0s - loss: 0.0217 - mae: 0.0217 - mse: 7.5762e-04 - 27ms/epoch - 9ms/step
Epoch 606/800
3/3 - 0s - loss: 0.0259 - mae: 0.0259 - mse: 9.9218e-04 - 27ms/epoch - 9ms/step
Epoch 607/800
3/3 - 0s - loss: 0.0275 - mae: 0.0275 - mse: 0.0011 - 27ms/epoch - 9ms/step
Epoch 608/800
3/3 - 0s - loss: 0.0242 - mae: 0.0242 - mse: 0.0011 - 27ms/epoch - 9ms/step
Epoch 609/800
3/3 - 0s - loss: 0.0228 - mae: 0.0228 - mse: 8.5357e-04 - 27ms/epoch - 9ms/step
Epoch 610/800
3/3 - 0s - loss: 0.0201 - mae: 0.0201 - mse: 6.6547e-04 - 27ms/epoch - 9ms/step
Epoch 611/800
3/3 - 0s - loss: 0.0186 - mae: 0.0186 - mse: 6.2479e-04 - 27ms/epoch - 9ms/step
Epoch 612/800
3/3 - 0s - loss: 0.0240 - mae: 0.0240 - mse: 0.0010 - 27ms/epoch - 9ms/step
Epoch 613/800
3/3 - 0s - loss: 0.0217 - mae: 0.0217 - mse: 8.0047e-04 - 27ms/epoch - 9ms/step
Epoch 614/800
3/3 - 0s - loss: 0.0222 - mae: 0.0222 - mse: 7.3849e-04 - 27ms/epoch - 9ms/step
Epoch 615/800
3/3 - 0s - loss: 0.0160 - mae: 0.0160 - mse: 4.6065e-04 - 27ms/epoch - 9ms/step
Epoch 616/800
3/3 - 0s - loss: 0.0149 - mae: 0.0149 - mse: 3.9527e-04 - 27ms/epoch - 9ms/step
Epoch 617/800
3/3 - 0s - loss: 0.0149 - mae: 0.0149 - mse: 4.3409e-04 - 27ms/epoch - 9ms/step
Epoch 618/800
3/3 - 0s - loss: 0.0183 - mae: 0.0183 - mse: 6.1394e-04 - 27ms/epoch - 9ms/step
Epoch 619/800
3/3 - 0s - loss: 0.0145 - mae: 0.0145 - mse: 3.6208e-04 - 27ms/epoch - 9ms/step
Epoch 620/800
3/3 - 0s - loss: 0.0133 - mae: 0.0133 - mse: 3.4662e-04 - 27ms/epoch - 9ms/step
Epoch 621/800
3/3 - 0s - loss: 0.0169 - mae: 0.0169 - mse: 4.8445e-04 - 27ms/epoch - 9ms/step
Epoch 622/800
3/3 - 0s - loss: 0.0145 - mae: 0.0145 - mse: 3.4576e-04 - 27ms/epoch - 9ms/step
Epoch 623/800
3/3 - 0s - loss: 0.0138 - mae: 0.0138 - mse: 2.9675e-04 - 27ms/epoch - 9ms/step
Epoch 624/800
3/3 - 0s - loss: 0.0169 - mae: 0.0169 - mse: 4.8634e-04 - 27ms/epoch - 9ms/step
Epoch 625/800
3/3 - 0s - loss: 0.0150 - mae: 0.0150 - mse: 3.9292e-04 - 27ms/epoch - 9ms/step
Epoch 626/800
3/3 - 0s - loss: 0.0154 - mae: 0.0154 - mse: 3.8896e-04 - 27ms/epoch - 9ms/step
Epoch 627/800
3/3 - 0s - loss: 0.0152 - mae: 0.0152 - mse: 4.5157e-04 - 27ms/epoch - 9ms/step
Epoch 628/800
3/3 - 0s - loss: 0.0163 - mae: 0.0163 - mse: 4.9366e-04 - 27ms/epoch - 9ms/step
Epoch 629/800
3/3 - 0s - loss: 0.0158 - mae: 0.0158 - mse: 4.2637e-04 - 27ms/epoch - 9ms/step
Epoch 630/800
3/3 - 0s - loss: 0.0145 - mae: 0.0145 - mse: 3.6973e-04 - 27ms/epoch - 9ms/step
Epoch 631/800
3/3 - 0s - loss: 0.0143 - mae: 0.0143 - mse: 4.1655e-04 - 27ms/epoch - 9ms/step
Epoch 632/800
3/3 - 0s - loss: 0.0138 - mae: 0.0138 - mse: 3.7372e-04 - 27ms/epoch - 9ms/step
Epoch 633/800
3/3 - 0s - loss: 0.0117 - mae: 0.0117 - mse: 2.4188e-04 - 27ms/epoch - 9ms/step
Epoch 634/800
3/3 - 0s - loss: 0.0128 - mae: 0.0128 - mse: 3.4151e-04 - 27ms/epoch - 9ms/step
Epoch 635/800
3/3 - 0s - loss: 0.0114 - mae: 0.0114 - mse: 2.3547e-04 - 27ms/epoch - 9ms/step
Epoch 636/800
3/3 - 0s - loss: 0.0124 - mae: 0.0124 - mse: 2.4517e-04 - 27ms/epoch - 9ms/step
Epoch 637/800
3/3 - 0s - loss: 0.0137 - mae: 0.0137 - mse: 3.8919e-04 - 27ms/epoch - 9ms/step
Epoch 638/800
3/3 - 0s - loss: 0.0135 - mae: 0.0135 - mse: 3.3038e-04 - 27ms/epoch - 9ms/step
Epoch 639/800
3/3 - 0s - loss: 0.0156 - mae: 0.0156 - mse: 4.8176e-04 - 27ms/epoch - 9ms/step
Epoch 640/800
3/3 - 0s - loss: 0.0162 - mae: 0.0162 - mse: 4.4388e-04 - 27ms/epoch - 9ms/step
Epoch 641/800
3/3 - 0s - loss: 0.0158 - mae: 0.0158 - mse: 4.1444e-04 - 27ms/epoch - 9ms/step
Epoch 642/800
3/3 - 0s - loss: 0.0123 - mae: 0.0123 - mse: 2.6106e-04 - 27ms/epoch - 9ms/step
Epoch 643/800
3/3 - 0s - loss: 0.0165 - mae: 0.0165 - mse: 4.3259e-04 - 27ms/epoch - 9ms/step
Epoch 644/800
3/3 - 0s - loss: 0.0191 - mae: 0.0191 - mse: 5.9877e-04 - 27ms/epoch - 9ms/step
Epoch 645/800
3/3 - 0s - loss: 0.0223 - mae: 0.0223 - mse: 8.3438e-04 - 27ms/epoch - 9ms/step
Epoch 646/800
3/3 - 0s - loss: 0.0221 - mae: 0.0221 - mse: 8.0043e-04 - 27ms/epoch - 9ms/step
Epoch 647/800
3/3 - 0s - loss: 0.0199 - mae: 0.0199 - mse: 6.3978e-04 - 27ms/epoch - 9ms/step
Epoch 648/800
3/3 - 0s - loss: 0.0263 - mae: 0.0263 - mse: 0.0012 - 27ms/epoch - 9ms/step
Epoch 649/800
3/3 - 0s - loss: 0.0156 - mae: 0.0156 - mse: 3.9977e-04 - 27ms/epoch - 9ms/step
Epoch 650/800
3/3 - 0s - loss: 0.0162 - mae: 0.0162 - mse: 4.6725e-04 - 27ms/epoch - 9ms/step
Epoch 651/800
3/3 - 0s - loss: 0.0145 - mae: 0.0145 - mse: 3.3319e-04 - 27ms/epoch - 9ms/step
Epoch 652/800
3/3 - 0s - loss: 0.0148 - mae: 0.0148 - mse: 3.8921e-04 - 27ms/epoch - 9ms/step
Epoch 653/800
3/3 - 0s - loss: 0.0164 - mae: 0.0164 - mse: 5.2733e-04 - 27ms/epoch - 9ms/step
Epoch 654/800
3/3 - 0s - loss: 0.0147 - mae: 0.0147 - mse: 3.4822e-04 - 27ms/epoch - 9ms/step
Epoch 655/800
3/3 - 0s - loss: 0.0117 - mae: 0.0117 - mse: 2.5004e-04 - 27ms/epoch - 9ms/step
Epoch 656/800
3/3 - 0s - loss: 0.0131 - mae: 0.0131 - mse: 2.7449e-04 - 27ms/epoch - 9ms/step
Epoch 657/800
3/3 - 0s - loss: 0.0104 - mae: 0.0104 - mse: 1.9562e-04 - 27ms/epoch - 9ms/step
Epoch 658/800
3/3 - 0s - loss: 0.0112 - mae: 0.0112 - mse: 2.5263e-04 - 27ms/epoch - 9ms/step
Epoch 659/800
3/3 - 0s - loss: 0.0127 - mae: 0.0127 - mse: 3.1118e-04 - 27ms/epoch - 9ms/step
Epoch 660/800
3/3 - 0s - loss: 0.0123 - mae: 0.0123 - mse: 2.5585e-04 - 27ms/epoch - 9ms/step
Epoch 661/800
3/3 - 0s - loss: 0.0107 - mae: 0.0107 - mse: 2.0158e-04 - 27ms/epoch - 9ms/step
Epoch 662/800
3/3 - 0s - loss: 0.0111 - mae: 0.0111 - mse: 2.0402e-04 - 27ms/epoch - 9ms/step
Epoch 663/800
3/3 - 0s - loss: 0.0092 - mae: 0.0092 - mse: 1.5741e-04 - 27ms/epoch - 9ms/step
Epoch 664/800
3/3 - 0s - loss: 0.0141 - mae: 0.0141 - mse: 3.9661e-04 - 27ms/epoch - 9ms/step
Epoch 665/800
3/3 - 0s - loss: 0.0156 - mae: 0.0156 - mse: 3.8809e-04 - 27ms/epoch - 9ms/step
Epoch 666/800
3/3 - 0s - loss: 0.0151 - mae: 0.0151 - mse: 3.8040e-04 - 27ms/epoch - 9ms/step
Epoch 667/800
3/3 - 0s - loss: 0.0206 - mae: 0.0206 - mse: 6.8658e-04 - 27ms/epoch - 9ms/step
Epoch 668/800
3/3 - 0s - loss: 0.0186 - mae: 0.0186 - mse: 5.5417e-04 - 27ms/epoch - 9ms/step
Epoch 669/800
3/3 - 0s - loss: 0.0150 - mae: 0.0150 - mse: 3.5486e-04 - 27ms/epoch - 9ms/step
Epoch 670/800
3/3 - 0s - loss: 0.0151 - mae: 0.0151 - mse: 3.8838e-04 - 27ms/epoch - 9ms/step
Epoch 671/800
3/3 - 0s - loss: 0.0124 - mae: 0.0124 - mse: 2.3301e-04 - 27ms/epoch - 9ms/step
Epoch 672/800
3/3 - 0s - loss: 0.0109 - mae: 0.0109 - mse: 2.0222e-04 - 27ms/epoch - 9ms/step
Epoch 673/800
3/3 - 0s - loss: 0.0105 - mae: 0.0105 - mse: 2.1898e-04 - 27ms/epoch - 9ms/step
Epoch 674/800
3/3 - 0s - loss: 0.0107 - mae: 0.0107 - mse: 2.0156e-04 - 27ms/epoch - 9ms/step
Epoch 675/800
3/3 - 0s - loss: 0.0115 - mae: 0.0115 - mse: 2.1998e-04 - 27ms/epoch - 9ms/step
Epoch 676/800
3/3 - 0s - loss: 0.0091 - mae: 0.0091 - mse: 1.3930e-04 - 27ms/epoch - 9ms/step
Epoch 677/800
3/3 - 0s - loss: 0.0100 - mae: 0.0100 - mse: 1.6324e-04 - 27ms/epoch - 9ms/step
Epoch 678/800
3/3 - 0s - loss: 0.0109 - mae: 0.0109 - mse: 2.1101e-04 - 27ms/epoch - 9ms/step
Epoch 679/800
3/3 - 0s - loss: 0.0100 - mae: 0.0100 - mse: 1.6713e-04 - 27ms/epoch - 9ms/step
Epoch 680/800
3/3 - 0s - loss: 0.0127 - mae: 0.0127 - mse: 2.7756e-04 - 27ms/epoch - 9ms/step
Epoch 681/800
3/3 - 0s - loss: 0.0135 - mae: 0.0135 - mse: 3.4925e-04 - 27ms/epoch - 9ms/step
Epoch 682/800
3/3 - 0s - loss: 0.0107 - mae: 0.0107 - mse: 1.8831e-04 - 27ms/epoch - 9ms/step
Epoch 683/800
3/3 - 0s - loss: 0.0123 - mae: 0.0123 - mse: 2.4290e-04 - 27ms/epoch - 9ms/step
Epoch 684/800
3/3 - 0s - loss: 0.0129 - mae: 0.0129 - mse: 2.9517e-04 - 27ms/epoch - 9ms/step
Epoch 685/800
3/3 - 0s - loss: 0.0120 - mae: 0.0120 - mse: 2.1719e-04 - 27ms/epoch - 9ms/step
Epoch 686/800
3/3 - 0s - loss: 0.0090 - mae: 0.0090 - mse: 1.2527e-04 - 27ms/epoch - 9ms/step
Epoch 687/800
3/3 - 0s - loss: 0.0117 - mae: 0.0117 - mse: 2.3965e-04 - 27ms/epoch - 9ms/step
Epoch 688/800
3/3 - 0s - loss: 0.0103 - mae: 0.0103 - mse: 1.5888e-04 - 27ms/epoch - 9ms/step
Epoch 689/800
3/3 - 0s - loss: 0.0101 - mae: 0.0101 - mse: 1.9486e-04 - 27ms/epoch - 9ms/step
Epoch 690/800
3/3 - 0s - loss: 0.0112 - mae: 0.0112 - mse: 2.0839e-04 - 27ms/epoch - 9ms/step
Epoch 691/800
3/3 - 0s - loss: 0.0090 - mae: 0.0090 - mse: 1.3642e-04 - 27ms/epoch - 9ms/step
Epoch 692/800
3/3 - 0s - loss: 0.0097 - mae: 0.0097 - mse: 1.5029e-04 - 27ms/epoch - 9ms/step
Epoch 693/800
3/3 - 0s - loss: 0.0088 - mae: 0.0088 - mse: 1.2202e-04 - 27ms/epoch - 9ms/step
Epoch 694/800
3/3 - 0s - loss: 0.0096 - mae: 0.0096 - mse: 1.7841e-04 - 27ms/epoch - 9ms/step
Epoch 695/800
3/3 - 0s - loss: 0.0107 - mae: 0.0107 - mse: 1.8712e-04 - 27ms/epoch - 9ms/step
Epoch 696/800
3/3 - 0s - loss: 0.0094 - mae: 0.0094 - mse: 1.3511e-04 - 27ms/epoch - 9ms/step
Epoch 697/800
3/3 - 0s - loss: 0.0086 - mae: 0.0086 - mse: 1.2862e-04 - 27ms/epoch - 9ms/step
Epoch 698/800
3/3 - 0s - loss: 0.0087 - mae: 0.0087 - mse: 1.2502e-04 - 27ms/epoch - 9ms/step
Epoch 699/800
3/3 - 0s - loss: 0.0073 - mae: 0.0073 - mse: 9.1955e-05 - 27ms/epoch - 9ms/step
Epoch 700/800
3/3 - 0s - loss: 0.0071 - mae: 0.0071 - mse: 9.1534e-05 - 27ms/epoch - 9ms/step
Epoch 701/800
3/3 - 0s - loss: 0.0065 - mae: 0.0065 - mse: 7.1766e-05 - 27ms/epoch - 9ms/step
Epoch 702/800
3/3 - 0s - loss: 0.0072 - mae: 0.0072 - mse: 7.7370e-05 - 27ms/epoch - 9ms/step
Epoch 703/800
3/3 - 0s - loss: 0.0064 - mae: 0.0064 - mse: 6.4191e-05 - 27ms/epoch - 9ms/step
Epoch 704/800
3/3 - 0s - loss: 0.0050 - mae: 0.0050 - mse: 4.2796e-05 - 27ms/epoch - 9ms/step
Epoch 705/800
3/3 - 0s - loss: 0.0051 - mae: 0.0051 - mse: 4.8772e-05 - 27ms/epoch - 9ms/step
Epoch 706/800
3/3 - 0s - loss: 0.0064 - mae: 0.0064 - mse: 6.4177e-05 - 27ms/epoch - 9ms/step
Epoch 707/800
3/3 - 0s - loss: 0.0061 - mae: 0.0061 - mse: 5.9222e-05 - 27ms/epoch - 9ms/step
Epoch 708/800
3/3 - 0s - loss: 0.0077 - mae: 0.0077 - mse: 8.8772e-05 - 27ms/epoch - 9ms/step
Epoch 709/800
3/3 - 0s - loss: 0.0065 - mae: 0.0065 - mse: 6.7213e-05 - 27ms/epoch - 9ms/step
Epoch 710/800
3/3 - 0s - loss: 0.0062 - mae: 0.0062 - mse: 6.2946e-05 - 27ms/epoch - 9ms/step
Epoch 711/800
3/3 - 0s - loss: 0.0062 - mae: 0.0062 - mse: 6.5906e-05 - 27ms/epoch - 9ms/step
Epoch 712/800
3/3 - 0s - loss: 0.0069 - mae: 0.0069 - mse: 7.5852e-05 - 27ms/epoch - 9ms/step
Epoch 713/800
3/3 - 0s - loss: 0.0096 - mae: 0.0096 - mse: 1.5639e-04 - 27ms/epoch - 9ms/step
Epoch 714/800
3/3 - 0s - loss: 0.0071 - mae: 0.0071 - mse: 8.7562e-05 - 27ms/epoch - 9ms/step
Epoch 715/800
3/3 - 0s - loss: 0.0068 - mae: 0.0068 - mse: 7.4290e-05 - 27ms/epoch - 9ms/step
Epoch 716/800
3/3 - 0s - loss: 0.0071 - mae: 0.0071 - mse: 8.0226e-05 - 27ms/epoch - 9ms/step
Epoch 717/800
3/3 - 0s - loss: 0.0062 - mae: 0.0062 - mse: 6.4186e-05 - 27ms/epoch - 9ms/step
Epoch 718/800
3/3 - 0s - loss: 0.0076 - mae: 0.0076 - mse: 9.4759e-05 - 27ms/epoch - 9ms/step
Epoch 719/800
3/3 - 0s - loss: 0.0057 - mae: 0.0057 - mse: 5.3616e-05 - 27ms/epoch - 9ms/step
Epoch 720/800
3/3 - 0s - loss: 0.0050 - mae: 0.0050 - mse: 4.4581e-05 - 27ms/epoch - 9ms/step
Epoch 721/800
3/3 - 0s - loss: 0.0057 - mae: 0.0057 - mse: 5.6858e-05 - 27ms/epoch - 9ms/step
Epoch 722/800
3/3 - 0s - loss: 0.0056 - mae: 0.0056 - mse: 5.0321e-05 - 27ms/epoch - 9ms/step
Epoch 723/800
3/3 - 0s - loss: 0.0074 - mae: 0.0074 - mse: 8.2742e-05 - 27ms/epoch - 9ms/step
Epoch 724/800
3/3 - 0s - loss: 0.0068 - mae: 0.0068 - mse: 7.1354e-05 - 27ms/epoch - 9ms/step
Epoch 725/800
3/3 - 0s - loss: 0.0059 - mae: 0.0059 - mse: 6.0824e-05 - 27ms/epoch - 9ms/step
Epoch 726/800
3/3 - 0s - loss: 0.0050 - mae: 0.0050 - mse: 3.9259e-05 - 27ms/epoch - 9ms/step
Epoch 727/800
3/3 - 0s - loss: 0.0042 - mae: 0.0042 - mse: 2.8076e-05 - 27ms/epoch - 9ms/step
Epoch 728/800
3/3 - 0s - loss: 0.0037 - mae: 0.0037 - mse: 2.3921e-05 - 27ms/epoch - 9ms/step
Epoch 729/800
3/3 - 0s - loss: 0.0037 - mae: 0.0037 - mse: 2.2648e-05 - 27ms/epoch - 9ms/step
Epoch 730/800
3/3 - 0s - loss: 0.0041 - mae: 0.0041 - mse: 3.0030e-05 - 27ms/epoch - 9ms/step
Epoch 731/800
3/3 - 0s - loss: 0.0038 - mae: 0.0038 - mse: 2.6831e-05 - 27ms/epoch - 9ms/step
Epoch 732/800
3/3 - 0s - loss: 0.0040 - mae: 0.0040 - mse: 2.8617e-05 - 27ms/epoch - 9ms/step
Epoch 733/800
3/3 - 0s - loss: 0.0040 - mae: 0.0040 - mse: 2.8499e-05 - 27ms/epoch - 9ms/step
Epoch 734/800
3/3 - 0s - loss: 0.0036 - mae: 0.0036 - mse: 2.2422e-05 - 27ms/epoch - 9ms/step
Epoch 735/800
3/3 - 0s - loss: 0.0032 - mae: 0.0032 - mse: 1.9289e-05 - 27ms/epoch - 9ms/step
Epoch 736/800
3/3 - 0s - loss: 0.0030 - mae: 0.0030 - mse: 1.8665e-05 - 27ms/epoch - 9ms/step
Epoch 737/800
3/3 - 0s - loss: 0.0029 - mae: 0.0029 - mse: 1.5559e-05 - 27ms/epoch - 9ms/step
Epoch 738/800
3/3 - 0s - loss: 0.0023 - mae: 0.0023 - mse: 1.1656e-05 - 27ms/epoch - 9ms/step
Epoch 739/800
3/3 - 0s - loss: 0.0027 - mae: 0.0027 - mse: 1.4755e-05 - 27ms/epoch - 9ms/step
Epoch 740/800
3/3 - 0s - loss: 0.0024 - mae: 0.0024 - mse: 1.2593e-05 - 27ms/epoch - 9ms/step
Epoch 741/800
3/3 - 0s - loss: 0.0027 - mae: 0.0027 - mse: 1.4039e-05 - 27ms/epoch - 9ms/step
Epoch 742/800
3/3 - 0s - loss: 0.0026 - mae: 0.0026 - mse: 1.3118e-05 - 27ms/epoch - 9ms/step
Epoch 743/800
3/3 - 0s - loss: 0.0023 - mae: 0.0023 - mse: 1.2081e-05 - 27ms/epoch - 9ms/step
Epoch 744/800
3/3 - 0s - loss: 0.0022 - mae: 0.0022 - mse: 1.1185e-05 - 27ms/epoch - 9ms/step
Epoch 745/800
3/3 - 0s - loss: 0.0024 - mae: 0.0024 - mse: 1.2251e-05 - 27ms/epoch - 9ms/step
Epoch 746/800
3/3 - 0s - loss: 0.0022 - mae: 0.0022 - mse: 1.1271e-05 - 27ms/epoch - 9ms/step
Epoch 747/800
3/3 - 0s - loss: 0.0025 - mae: 0.0025 - mse: 1.3758e-05 - 27ms/epoch - 9ms/step
Epoch 748/800
3/3 - 0s - loss: 0.0024 - mae: 0.0024 - mse: 1.2590e-05 - 27ms/epoch - 9ms/step
Epoch 749/800
3/3 - 0s - loss: 0.0024 - mae: 0.0024 - mse: 1.2905e-05 - 27ms/epoch - 9ms/step
Epoch 750/800
3/3 - 0s - loss: 0.0023 - mae: 0.0023 - mse: 1.1572e-05 - 27ms/epoch - 9ms/step
Epoch 751/800
3/3 - 0s - loss: 0.0025 - mae: 0.0025 - mse: 1.3269e-05 - 27ms/epoch - 9ms/step
Epoch 752/800
3/3 - 0s - loss: 0.0028 - mae: 0.0028 - mse: 1.5400e-05 - 27ms/epoch - 9ms/step
Epoch 753/800
3/3 - 0s - loss: 0.0029 - mae: 0.0029 - mse: 1.5254e-05 - 27ms/epoch - 9ms/step
Epoch 754/800
3/3 - 0s - loss: 0.0026 - mae: 0.0026 - mse: 1.3198e-05 - 27ms/epoch - 9ms/step
Epoch 755/800
3/3 - 0s - loss: 0.0025 - mae: 0.0025 - mse: 1.3527e-05 - 27ms/epoch - 9ms/step
Epoch 756/800
3/3 - 0s - loss: 0.0030 - mae: 0.0030 - mse: 1.7683e-05 - 27ms/epoch - 9ms/step
Epoch 757/800
3/3 - 0s - loss: 0.0024 - mae: 0.0024 - mse: 1.3308e-05 - 27ms/epoch - 9ms/step
Epoch 758/800
3/3 - 0s - loss: 0.0023 - mae: 0.0023 - mse: 1.1587e-05 - 27ms/epoch - 9ms/step
Epoch 759/800
3/3 - 0s - loss: 0.0023 - mae: 0.0023 - mse: 1.1675e-05 - 27ms/epoch - 9ms/step
Epoch 760/800
3/3 - 0s - loss: 0.0024 - mae: 0.0024 - mse: 1.3124e-05 - 27ms/epoch - 9ms/step
Epoch 761/800
3/3 - 0s - loss: 0.0023 - mae: 0.0023 - mse: 1.2591e-05 - 27ms/epoch - 9ms/step
Epoch 762/800
3/3 - 0s - loss: 0.0023 - mae: 0.0023 - mse: 1.1916e-05 - 27ms/epoch - 9ms/step
Epoch 763/800
3/3 - 0s - loss: 0.0024 - mae: 0.0024 - mse: 1.3202e-05 - 27ms/epoch - 9ms/step
Epoch 764/800
3/3 - 0s - loss: 0.0024 - mae: 0.0024 - mse: 1.3496e-05 - 27ms/epoch - 9ms/step
Epoch 765/800
3/3 - 0s - loss: 0.0023 - mae: 0.0023 - mse: 1.2896e-05 - 27ms/epoch - 9ms/step
Epoch 766/800
3/3 - 0s - loss: 0.0024 - mae: 0.0024 - mse: 1.2670e-05 - 27ms/epoch - 9ms/step
Epoch 767/800
3/3 - 0s - loss: 0.0026 - mae: 0.0026 - mse: 1.3053e-05 - 27ms/epoch - 9ms/step
Epoch 768/800
3/3 - 0s - loss: 0.0024 - mae: 0.0024 - mse: 1.3453e-05 - 27ms/epoch - 9ms/step
Epoch 769/800
3/3 - 0s - loss: 0.0027 - mae: 0.0027 - mse: 1.6203e-05 - 27ms/epoch - 9ms/step
Epoch 770/800
3/3 - 0s - loss: 0.0024 - mae: 0.0024 - mse: 1.3057e-05 - 27ms/epoch - 9ms/step
Epoch 771/800
3/3 - 0s - loss: 0.0025 - mae: 0.0025 - mse: 1.3268e-05 - 27ms/epoch - 9ms/step
Epoch 772/800
3/3 - 0s - loss: 0.0027 - mae: 0.0027 - mse: 1.4373e-05 - 27ms/epoch - 9ms/step
Epoch 773/800
3/3 - 0s - loss: 0.0026 - mae: 0.0026 - mse: 1.4513e-05 - 27ms/epoch - 9ms/step
Epoch 774/800
3/3 - 0s - loss: 0.0027 - mae: 0.0027 - mse: 1.6680e-05 - 27ms/epoch - 9ms/step
Epoch 775/800
3/3 - 0s - loss: 0.0030 - mae: 0.0030 - mse: 1.9647e-05 - 27ms/epoch - 9ms/step
Epoch 776/800
3/3 - 0s - loss: 0.0028 - mae: 0.0028 - mse: 1.5461e-05 - 27ms/epoch - 9ms/step
Epoch 777/800
3/3 - 0s - loss: 0.0029 - mae: 0.0029 - mse: 1.7765e-05 - 27ms/epoch - 9ms/step
Epoch 778/800
3/3 - 0s - loss: 0.0027 - mae: 0.0027 - mse: 1.5172e-05 - 27ms/epoch - 9ms/step
Epoch 779/800
3/3 - 0s - loss: 0.0024 - mae: 0.0024 - mse: 1.3376e-05 - 27ms/epoch - 9ms/step
Epoch 780/800
3/3 - 0s - loss: 0.0025 - mae: 0.0025 - mse: 1.4610e-05 - 27ms/epoch - 9ms/step
Epoch 781/800
3/3 - 0s - loss: 0.0024 - mae: 0.0024 - mse: 1.3853e-05 - 27ms/epoch - 9ms/step
Epoch 782/800
3/3 - 0s - loss: 0.0023 - mae: 0.0023 - mse: 1.2235e-05 - 27ms/epoch - 9ms/step
Epoch 783/800
3/3 - 0s - loss: 0.0027 - mae: 0.0027 - mse: 1.4990e-05 - 27ms/epoch - 9ms/step
Epoch 784/800
3/3 - 0s - loss: 0.0023 - mae: 0.0023 - mse: 1.1341e-05 - 27ms/epoch - 9ms/step
Epoch 785/800
3/3 - 0s - loss: 0.0032 - mae: 0.0032 - mse: 1.9423e-05 - 27ms/epoch - 9ms/step
Epoch 786/800
3/3 - 0s - loss: 0.0029 - mae: 0.0029 - mse: 1.6331e-05 - 27ms/epoch - 9ms/step
Epoch 787/800
3/3 - 0s - loss: 0.0033 - mae: 0.0033 - mse: 2.2661e-05 - 27ms/epoch - 9ms/step
Epoch 788/800
3/3 - 0s - loss: 0.0029 - mae: 0.0029 - mse: 1.6548e-05 - 27ms/epoch - 9ms/step
Epoch 789/800
3/3 - 0s - loss: 0.0026 - mae: 0.0026 - mse: 1.3978e-05 - 27ms/epoch - 9ms/step
Epoch 790/800
3/3 - 0s - loss: 0.0026 - mae: 0.0026 - mse: 1.4521e-05 - 27ms/epoch - 9ms/step
Epoch 791/800
3/3 - 0s - loss: 0.0026 - mae: 0.0026 - mse: 1.5177e-05 - 27ms/epoch - 9ms/step
Epoch 792/800
3/3 - 0s - loss: 0.0027 - mae: 0.0027 - mse: 1.5090e-05 - 27ms/epoch - 9ms/step
Epoch 793/800
3/3 - 0s - loss: 0.0025 - mae: 0.0025 - mse: 1.2719e-05 - 27ms/epoch - 9ms/step
Epoch 794/800
3/3 - 0s - loss: 0.0026 - mae: 0.0026 - mse: 1.5106e-05 - 27ms/epoch - 9ms/step
Epoch 795/800
3/3 - 0s - loss: 0.0027 - mae: 0.0027 - mse: 1.5362e-05 - 27ms/epoch - 9ms/step
Epoch 796/800
3/3 - 0s - loss: 0.0025 - mae: 0.0025 - mse: 1.2717e-05 - 27ms/epoch - 9ms/step
Epoch 797/800
3/3 - 0s - loss: 0.0025 - mae: 0.0025 - mse: 1.3341e-05 - 27ms/epoch - 9ms/step
Epoch 798/800
3/3 - 0s - loss: 0.0024 - mae: 0.0024 - mse: 1.2659e-05 - 27ms/epoch - 9ms/step
Epoch 799/800
3/3 - 0s - loss: 0.0021 - mae: 0.0021 - mse: 1.2442e-05 - 27ms/epoch - 9ms/step
Epoch 800/800
3/3 - 0s - loss: 0.0022 - mae: 0.0022 - mse: 1.3803e-05 - 27ms/epoch - 9ms/step
Training finished in 29.61 seconds.

1/2 [==============>...............] - ETA: 0s
2/2 [==============================] - 1s 7ms/step
Fold 3 MAE: 8.7353

--- Starting Fold 4/5 ---
INFO:kgcnn.model.utils:Updated model kwargs: '{'name': 'coGN', 'inputs': {'offset': {'shape': (None, 3), 'name': 'offset', 'dtype': 'float32', 'ragged': True}, 'cell_translation': None, 'affine_matrix': None, 'voronoi_ridge_area': None, 'atomic_number': {'shape': (None,), 'name': 'atomic_number', 'dtype': 'int32', 'ragged': True}, 'frac_coords': None, 'coords': None, 'multiplicity': {'shape': (None,), 'name': 'multiplicity', 'dtype': 'int32', 'ragged': True}, 'lattice_matrix': None, 'edge_indices': {'shape': (None, 2), 'name': 'edge_indices', 'dtype': 'int32', 'ragged': True}, 'line_graph_edge_indices': None}, 'input_block_cfg': {'node_size': 128, 'edge_size': 128, 'atomic_mass': True, 'atomic_radius': True, 'electronegativity': True, 'ionization_energy': True, 'oxidation_states': True, 'edge_embedding_args': {'bins_distance': 32, 'max_distance': 8.0, 'distance_log_base': 1.0, 'bins_voronoi_area': None, 'max_voronoi_area': None}}, 'processing_blocks_cfg': [{'edge_mlp': {'units': [128, 128, 128, 128, 128], 'activation': ['swish', 'swish', 'swish', 'swish', 'swish']}, 'node_mlp': {'units': [128], 'activation': ['swish']}, 'global_mlp': None, 'nested_blocks_cfgs': None, 'aggregate_edges_local': 'sum', 'aggregate_edges_global': None, 'aggregate_nodes': None, 'return_updated_edges': False, 'return_updated_nodes': True, 'return_updated_globals': True, 'edge_attention_mlp_local': {'units': [32, 1], 'activation': ['swish', 'swish']}, 'edge_attention_mlp_global': {'units': [32, 1], 'activation': ['swish', 'swish']}, 'node_attention_mlp': {'units': [32, 1], 'activation': ['swish', 'swish']}, 'edge_gate': None, 'node_gate': None, 'global_gate': None, 'residual_node_update': True, 'residual_edge_update': False, 'residual_global_update': False, 'update_edges_input': [True, True, True, False], 'update_nodes_input': [True, False, False], 'update_global_input': [False, True, False], 'multiplicity_readout': False}, {'edge_mlp': {'units': [128, 128, 128, 128, 128], 'activation': ['swish', 'swish', 'swish', 'swish', 'swish']}, 'node_mlp': {'units': [128], 'activation': ['swish']}, 'global_mlp': None, 'nested_blocks_cfgs': None, 'aggregate_edges_local': 'sum', 'aggregate_edges_global': None, 'aggregate_nodes': None, 'return_updated_edges': False, 'return_updated_nodes': True, 'return_updated_globals': True, 'edge_attention_mlp_local': {'units': [32, 1], 'activation': ['swish', 'swish']}, 'edge_attention_mlp_global': {'units': [32, 1], 'activation': ['swish', 'swish']}, 'node_attention_mlp': {'units': [32, 1], 'activation': ['swish', 'swish']}, 'edge_gate': None, 'node_gate': None, 'global_gate': None, 'residual_node_update': True, 'residual_edge_update': False, 'residual_global_update': False, 'update_edges_input': [True, True, True, False], 'update_nodes_input': [True, False, False], 'update_global_input': [False, True, False], 'multiplicity_readout': False}, {'edge_mlp': {'units': [128, 128, 128, 128, 128], 'activation': ['swish', 'swish', 'swish', 'swish', 'swish']}, 'node_mlp': {'units': [128], 'activation': ['swish']}, 'global_mlp': None, 'nested_blocks_cfgs': None, 'aggregate_edges_local': 'sum', 'aggregate_edges_global': None, 'aggregate_nodes': None, 'return_updated_edges': False, 'return_updated_nodes': True, 'return_updated_globals': True, 'edge_attention_mlp_local': {'units': [32, 1], 'activation': ['swish', 'swish']}, 'edge_attention_mlp_global': {'units': [32, 1], 'activation': ['swish', 'swish']}, 'node_attention_mlp': {'units': [32, 1], 'activation': ['swish', 'swish']}, 'edge_gate': None, 'node_gate': None, 'global_gate': None, 'residual_node_update': True, 'residual_edge_update': False, 'residual_global_update': False, 'update_edges_input': [True, True, True, False], 'update_nodes_input': [True, False, False], 'update_global_input': [False, True, False], 'multiplicity_readout': False}, {'edge_mlp': {'units': [128, 128, 128, 128, 128], 'activation': ['swish', 'swish', 'swish', 'swish', 'swish']}, 'node_mlp': {'units': [128], 'activation': ['swish']}, 'global_mlp': None, 'nested_blocks_cfgs': None, 'aggregate_edges_local': 'sum', 'aggregate_edges_global': None, 'aggregate_nodes': None, 'return_updated_edges': False, 'return_updated_nodes': True, 'return_updated_globals': True, 'edge_attention_mlp_local': {'units': [32, 1], 'activation': ['swish', 'swish']}, 'edge_attention_mlp_global': {'units': [32, 1], 'activation': ['swish', 'swish']}, 'node_attention_mlp': {'units': [32, 1], 'activation': ['swish', 'swish']}, 'edge_gate': None, 'node_gate': None, 'global_gate': None, 'residual_node_update': True, 'residual_edge_update': False, 'residual_global_update': False, 'update_edges_input': [True, True, True, False], 'update_nodes_input': [True, False, False], 'update_global_input': [False, True, False], 'multiplicity_readout': False}, {'edge_mlp': {'units': [128, 128, 128, 128, 128], 'activation': ['swish', 'swish', 'swish', 'swish', 'swish']}, 'node_mlp': {'units': [128], 'activation': ['swish']}, 'global_mlp': None, 'nested_blocks_cfgs': None, 'aggregate_edges_local': 'sum', 'aggregate_edges_global': None, 'aggregate_nodes': None, 'return_updated_edges': False, 'return_updated_nodes': True, 'return_updated_globals': True, 'edge_attention_mlp_local': {'units': [32, 1], 'activation': ['swish', 'swish']}, 'edge_attention_mlp_global': {'units': [32, 1], 'activation': ['swish', 'swish']}, 'node_attention_mlp': {'units': [32, 1], 'activation': ['swish', 'swish']}, 'edge_gate': None, 'node_gate': None, 'global_gate': None, 'residual_node_update': True, 'residual_edge_update': False, 'residual_global_update': False, 'update_edges_input': [True, True, True, False], 'update_nodes_input': [True, False, False], 'update_global_input': [False, True, False], 'multiplicity_readout': False}], 'output_block_cfg': {'edge_mlp': None, 'node_mlp': None, 'global_mlp': {'units': [1], 'activation': ['linear']}, 'nested_blocks_cfgs': None, 'aggregate_edges_local': 'sum', 'aggregate_edges_global': None, 'aggregate_nodes': 'mean', 'return_updated_edges': False, 'return_updated_nodes': True, 'return_updated_globals': True, 'edge_attention_mlp_local': {'units': [32, 1], 'activation': ['swish', 'swish']}, 'edge_attention_mlp_global': {'units': [32, 1], 'activation': ['swish', 'swish']}, 'node_attention_mlp': {'units': [32, 1], 'activation': ['swish', 'swish']}, 'edge_gate': None, 'node_gate': None, 'global_gate': None, 'residual_node_update': False, 'residual_edge_update': False, 'residual_global_update': False, 'update_edges_input': [True, True, True, False], 'update_nodes_input': [True, False, False], 'update_global_input': [False, True, False], 'multiplicity_readout': True}}'.
/gpfs/scratch/acad/htforft/rgouvea/other_datasets/processed_datasets/.venv/lib/python3.9/site-packages/kgcnn/crystal/periodic_table/periodic_table.py:30: FutureWarning: A value is trying to be set on a copy of a DataFrame or Series through chained assignment using an inplace method.
The behavior will change in pandas 3.0. This inplace method will never work because the intermediate object on which we are setting values always behaves as a copy.

For example, when doing 'df[col].method(value, inplace=True)', try using 'df.method({col: value}, inplace=True)' or df[col] = df[col].method(value) instead, to perform the operation inplace on the original object.


  self.data['AtomicRadius'].fillna(imputation_atomic_radius, inplace=True)
/gpfs/scratch/acad/htforft/rgouvea/other_datasets/processed_datasets/.venv/lib/python3.9/site-packages/kgcnn/crystal/periodic_table/periodic_table.py:32: FutureWarning: A value is trying to be set on a copy of a DataFrame or Series through chained assignment using an inplace method.
The behavior will change in pandas 3.0. This inplace method will never work because the intermediate object on which we are setting values always behaves as a copy.

For example, when doing 'df[col].method(value, inplace=True)', try using 'df.method({col: value}, inplace=True)' or df[col] = df[col].method(value) instead, to perform the operation inplace on the original object.


  self.data['Electronegativity'].fillna(imputation_electronegativity, inplace=True)
/gpfs/scratch/acad/htforft/rgouvea/other_datasets/processed_datasets/.venv/lib/python3.9/site-packages/kgcnn/crystal/periodic_table/periodic_table.py:33: FutureWarning: A value is trying to be set on a copy of a DataFrame or Series through chained assignment using an inplace method.
The behavior will change in pandas 3.0. This inplace method will never work because the intermediate object on which we are setting values always behaves as a copy.

For example, when doing 'df[col].method(value, inplace=True)', try using 'df.method({col: value}, inplace=True)' or df[col] = df[col].method(value) instead, to perform the operation inplace on the original object.


  self.data['IonizationEnergy'].fillna(imputation_ionization_energy, inplace=True)
[<KerasTensor: type_spec=RaggedTensorSpec(TensorShape([None, None, 3]), tf.float32, 1, tf.int64) (created by layer 'offset')>, <KerasTensor: type_spec=RaggedTensorSpec(TensorShape([None, None]), tf.int32, 1, tf.int64) (created by layer 'atomic_number')>, <KerasTensor: type_spec=RaggedTensorSpec(TensorShape([None, None]), tf.int32, 1, tf.int64) (created by layer 'multiplicity')>, <KerasTensor: type_spec=RaggedTensorSpec(TensorShape([None, None, 2]), tf.int32, 1, tf.int64) (created by layer 'edge_indices')>]
Training on 179 samples...
Epoch 1/800
/gpfs/scratch/acad/htforft/rgouvea/other_datasets/processed_datasets/.venv/lib/python3.9/site-packages/tensorflow/python/framework/indexed_slices.py:444: UserWarning: Converting sparse IndexedSlices(IndexedSlices(indices=Tensor("gradient_tape/coGN/sequential_graph_network_3/graph_network_19/gather_embedding_selection_26/Reshape_1:0", shape=(None,), dtype=int32), values=Tensor("gradient_tape/coGN/sequential_graph_network_3/graph_network_19/gather_embedding_selection_26/Reshape:0", shape=(None, 128), dtype=float32), dense_shape=Tensor("gradient_tape/coGN/sequential_graph_network_3/graph_network_19/gather_embedding_selection_26/Cast:0", shape=(2,), dtype=int32))) to a dense Tensor of unknown shape. This may consume a large amount of memory.
  warnings.warn(
/gpfs/scratch/acad/htforft/rgouvea/other_datasets/processed_datasets/.venv/lib/python3.9/site-packages/tensorflow/python/framework/indexed_slices.py:444: UserWarning: Converting sparse IndexedSlices(IndexedSlices(indices=Tensor("gradient_tape/coGN/sequential_graph_network_3/graph_network_19/gather_embedding_selection_26/Reshape_3:0", shape=(None,), dtype=int32), values=Tensor("gradient_tape/coGN/sequential_graph_network_3/graph_network_19/gather_embedding_selection_26/Reshape_2:0", shape=(None, 128), dtype=float32), dense_shape=Tensor("gradient_tape/coGN/sequential_graph_network_3/graph_network_19/gather_embedding_selection_26/Cast_1:0", shape=(2,), dtype=int32))) to a dense Tensor of unknown shape. This may consume a large amount of memory.
  warnings.warn(
/gpfs/scratch/acad/htforft/rgouvea/other_datasets/processed_datasets/.venv/lib/python3.9/site-packages/tensorflow/python/framework/indexed_slices.py:444: UserWarning: Converting sparse IndexedSlices(IndexedSlices(indices=Tensor("gradient_tape/coGN/sequential_graph_network_3/graph_network_18/gather_embedding_selection_25/Reshape_1:0", shape=(None,), dtype=int32), values=Tensor("gradient_tape/coGN/sequential_graph_network_3/graph_network_18/gather_embedding_selection_25/Reshape:0", shape=(None, 128), dtype=float32), dense_shape=Tensor("gradient_tape/coGN/sequential_graph_network_3/graph_network_18/gather_embedding_selection_25/Cast:0", shape=(2,), dtype=int32))) to a dense Tensor of unknown shape. This may consume a large amount of memory.
  warnings.warn(
/gpfs/scratch/acad/htforft/rgouvea/other_datasets/processed_datasets/.venv/lib/python3.9/site-packages/tensorflow/python/framework/indexed_slices.py:444: UserWarning: Converting sparse IndexedSlices(IndexedSlices(indices=Tensor("gradient_tape/coGN/sequential_graph_network_3/graph_network_18/gather_embedding_selection_25/Reshape_3:0", shape=(None,), dtype=int32), values=Tensor("gradient_tape/coGN/sequential_graph_network_3/graph_network_18/gather_embedding_selection_25/Reshape_2:0", shape=(None, 128), dtype=float32), dense_shape=Tensor("gradient_tape/coGN/sequential_graph_network_3/graph_network_18/gather_embedding_selection_25/Cast_1:0", shape=(2,), dtype=int32))) to a dense Tensor of unknown shape. This may consume a large amount of memory.
  warnings.warn(
/gpfs/scratch/acad/htforft/rgouvea/other_datasets/processed_datasets/.venv/lib/python3.9/site-packages/tensorflow/python/framework/indexed_slices.py:444: UserWarning: Converting sparse IndexedSlices(IndexedSlices(indices=Tensor("gradient_tape/coGN/sequential_graph_network_3/graph_network_17/gather_embedding_selection_24/Reshape_1:0", shape=(None,), dtype=int32), values=Tensor("gradient_tape/coGN/sequential_graph_network_3/graph_network_17/gather_embedding_selection_24/Reshape:0", shape=(None, 128), dtype=float32), dense_shape=Tensor("gradient_tape/coGN/sequential_graph_network_3/graph_network_17/gather_embedding_selection_24/Cast:0", shape=(2,), dtype=int32))) to a dense Tensor of unknown shape. This may consume a large amount of memory.
  warnings.warn(
/gpfs/scratch/acad/htforft/rgouvea/other_datasets/processed_datasets/.venv/lib/python3.9/site-packages/tensorflow/python/framework/indexed_slices.py:444: UserWarning: Converting sparse IndexedSlices(IndexedSlices(indices=Tensor("gradient_tape/coGN/sequential_graph_network_3/graph_network_17/gather_embedding_selection_24/Reshape_3:0", shape=(None,), dtype=int32), values=Tensor("gradient_tape/coGN/sequential_graph_network_3/graph_network_17/gather_embedding_selection_24/Reshape_2:0", shape=(None, 128), dtype=float32), dense_shape=Tensor("gradient_tape/coGN/sequential_graph_network_3/graph_network_17/gather_embedding_selection_24/Cast_1:0", shape=(2,), dtype=int32))) to a dense Tensor of unknown shape. This may consume a large amount of memory.
  warnings.warn(
/gpfs/scratch/acad/htforft/rgouvea/other_datasets/processed_datasets/.venv/lib/python3.9/site-packages/tensorflow/python/framework/indexed_slices.py:444: UserWarning: Converting sparse IndexedSlices(IndexedSlices(indices=Tensor("gradient_tape/coGN/sequential_graph_network_3/graph_network_16/gather_embedding_selection_23/Reshape_1:0", shape=(None,), dtype=int32), values=Tensor("gradient_tape/coGN/sequential_graph_network_3/graph_network_16/gather_embedding_selection_23/Reshape:0", shape=(None, 128), dtype=float32), dense_shape=Tensor("gradient_tape/coGN/sequential_graph_network_3/graph_network_16/gather_embedding_selection_23/Cast:0", shape=(2,), dtype=int32))) to a dense Tensor of unknown shape. This may consume a large amount of memory.
  warnings.warn(
/gpfs/scratch/acad/htforft/rgouvea/other_datasets/processed_datasets/.venv/lib/python3.9/site-packages/tensorflow/python/framework/indexed_slices.py:444: UserWarning: Converting sparse IndexedSlices(IndexedSlices(indices=Tensor("gradient_tape/coGN/sequential_graph_network_3/graph_network_16/gather_embedding_selection_23/Reshape_3:0", shape=(None,), dtype=int32), values=Tensor("gradient_tape/coGN/sequential_graph_network_3/graph_network_16/gather_embedding_selection_23/Reshape_2:0", shape=(None, 128), dtype=float32), dense_shape=Tensor("gradient_tape/coGN/sequential_graph_network_3/graph_network_16/gather_embedding_selection_23/Cast_1:0", shape=(2,), dtype=int32))) to a dense Tensor of unknown shape. This may consume a large amount of memory.
  warnings.warn(
/gpfs/scratch/acad/htforft/rgouvea/other_datasets/processed_datasets/.venv/lib/python3.9/site-packages/tensorflow/python/framework/indexed_slices.py:444: UserWarning: Converting sparse IndexedSlices(IndexedSlices(indices=Tensor("gradient_tape/coGN/sequential_graph_network_3/graph_network_15/gather_embedding_selection_22/Reshape_1:0", shape=(None,), dtype=int32), values=Tensor("gradient_tape/coGN/sequential_graph_network_3/graph_network_15/gather_embedding_selection_22/Reshape:0", shape=(None, 128), dtype=float32), dense_shape=Tensor("gradient_tape/coGN/sequential_graph_network_3/graph_network_15/gather_embedding_selection_22/Cast:0", shape=(2,), dtype=int32))) to a dense Tensor of unknown shape. This may consume a large amount of memory.
  warnings.warn(
/gpfs/scratch/acad/htforft/rgouvea/other_datasets/processed_datasets/.venv/lib/python3.9/site-packages/tensorflow/python/framework/indexed_slices.py:444: UserWarning: Converting sparse IndexedSlices(IndexedSlices(indices=Tensor("gradient_tape/coGN/sequential_graph_network_3/graph_network_15/gather_embedding_selection_22/Reshape_3:0", shape=(None,), dtype=int32), values=Tensor("gradient_tape/coGN/sequential_graph_network_3/graph_network_15/gather_embedding_selection_22/Reshape_2:0", shape=(None, 128), dtype=float32), dense_shape=Tensor("gradient_tape/coGN/sequential_graph_network_3/graph_network_15/gather_embedding_selection_22/Cast_1:0", shape=(2,), dtype=int32))) to a dense Tensor of unknown shape. This may consume a large amount of memory.
  warnings.warn(
3/3 - 3s - loss: 1.6667 - mae: 1.6667 - mse: 4.6551 - 3s/epoch - 960ms/step
Epoch 2/800
3/3 - 0s - loss: 0.8429 - mae: 0.8429 - mse: 1.1220 - 33ms/epoch - 11ms/step
Epoch 3/800
3/3 - 0s - loss: 0.7808 - mae: 0.7808 - mse: 0.8876 - 36ms/epoch - 12ms/step
Epoch 4/800
3/3 - 0s - loss: 0.7930 - mae: 0.7930 - mse: 0.9959 - 35ms/epoch - 12ms/step
Epoch 5/800
3/3 - 0s - loss: 0.6974 - mae: 0.6974 - mse: 0.7352 - 36ms/epoch - 12ms/step
Epoch 6/800
3/3 - 0s - loss: 0.6356 - mae: 0.6356 - mse: 0.6281 - 36ms/epoch - 12ms/step
Epoch 7/800
3/3 - 0s - loss: 0.6567 - mae: 0.6567 - mse: 0.6891 - 34ms/epoch - 11ms/step
Epoch 8/800
3/3 - 0s - loss: 0.5616 - mae: 0.5616 - mse: 0.4892 - 34ms/epoch - 11ms/step
Epoch 9/800
3/3 - 0s - loss: 0.4808 - mae: 0.4808 - mse: 0.3866 - 35ms/epoch - 12ms/step
Epoch 10/800
3/3 - 0s - loss: 0.4532 - mae: 0.4532 - mse: 0.3310 - 34ms/epoch - 11ms/step
Epoch 11/800
3/3 - 0s - loss: 0.3973 - mae: 0.3973 - mse: 0.2588 - 34ms/epoch - 11ms/step
Epoch 12/800
3/3 - 0s - loss: 0.3757 - mae: 0.3757 - mse: 0.2632 - 33ms/epoch - 11ms/step
Epoch 13/800
3/3 - 0s - loss: 0.3603 - mae: 0.3603 - mse: 0.2499 - 34ms/epoch - 11ms/step
Epoch 14/800
3/3 - 0s - loss: 0.3344 - mae: 0.3344 - mse: 0.2202 - 34ms/epoch - 11ms/step
Epoch 15/800
3/3 - 0s - loss: 0.3256 - mae: 0.3256 - mse: 0.1991 - 32ms/epoch - 11ms/step
Epoch 16/800
3/3 - 0s - loss: 0.3206 - mae: 0.3206 - mse: 0.1830 - 30ms/epoch - 10ms/step
Epoch 17/800
3/3 - 0s - loss: 0.3313 - mae: 0.3313 - mse: 0.1902 - 28ms/epoch - 9ms/step
Epoch 18/800
3/3 - 0s - loss: 0.3249 - mae: 0.3249 - mse: 0.1796 - 29ms/epoch - 10ms/step
Epoch 19/800
3/3 - 0s - loss: 0.3355 - mae: 0.3355 - mse: 0.1994 - 30ms/epoch - 10ms/step
Epoch 20/800
3/3 - 0s - loss: 0.3393 - mae: 0.3393 - mse: 0.2024 - 30ms/epoch - 10ms/step
Epoch 21/800
3/3 - 0s - loss: 0.3789 - mae: 0.3789 - mse: 0.2397 - 30ms/epoch - 10ms/step
Epoch 22/800
3/3 - 0s - loss: 0.3718 - mae: 0.3718 - mse: 0.2259 - 30ms/epoch - 10ms/step
Epoch 23/800
3/3 - 0s - loss: 0.3279 - mae: 0.3279 - mse: 0.2079 - 30ms/epoch - 10ms/step
Epoch 24/800
3/3 - 0s - loss: 0.3208 - mae: 0.3208 - mse: 0.1692 - 29ms/epoch - 10ms/step
Epoch 25/800
3/3 - 0s - loss: 0.3017 - mae: 0.3017 - mse: 0.1821 - 30ms/epoch - 10ms/step
Epoch 26/800
3/3 - 0s - loss: 0.3054 - mae: 0.3054 - mse: 0.1732 - 35ms/epoch - 12ms/step
Epoch 27/800
3/3 - 0s - loss: 0.2742 - mae: 0.2742 - mse: 0.1553 - 34ms/epoch - 11ms/step
Epoch 28/800
3/3 - 0s - loss: 0.2656 - mae: 0.2656 - mse: 0.1507 - 36ms/epoch - 12ms/step
Epoch 29/800
3/3 - 0s - loss: 0.2498 - mae: 0.2498 - mse: 0.1275 - 32ms/epoch - 11ms/step
Epoch 30/800
3/3 - 0s - loss: 0.2585 - mae: 0.2585 - mse: 0.1277 - 33ms/epoch - 11ms/step
Epoch 31/800
3/3 - 0s - loss: 0.2504 - mae: 0.2504 - mse: 0.1382 - 32ms/epoch - 11ms/step
Epoch 32/800
3/3 - 0s - loss: 0.2424 - mae: 0.2424 - mse: 0.1268 - 32ms/epoch - 11ms/step
Epoch 33/800
3/3 - 0s - loss: 0.2394 - mae: 0.2394 - mse: 0.1261 - 32ms/epoch - 11ms/step
Epoch 34/800
3/3 - 0s - loss: 0.2323 - mae: 0.2323 - mse: 0.1246 - 31ms/epoch - 10ms/step
Epoch 35/800
3/3 - 0s - loss: 0.2406 - mae: 0.2406 - mse: 0.1183 - 32ms/epoch - 11ms/step
Epoch 36/800
3/3 - 0s - loss: 0.2407 - mae: 0.2407 - mse: 0.1292 - 32ms/epoch - 11ms/step
Epoch 37/800
3/3 - 0s - loss: 0.2320 - mae: 0.2320 - mse: 0.1193 - 33ms/epoch - 11ms/step
Epoch 38/800
3/3 - 0s - loss: 0.2354 - mae: 0.2354 - mse: 0.1272 - 32ms/epoch - 11ms/step
Epoch 39/800
3/3 - 0s - loss: 0.2191 - mae: 0.2191 - mse: 0.1226 - 33ms/epoch - 11ms/step
Epoch 40/800
3/3 - 0s - loss: 0.2457 - mae: 0.2457 - mse: 0.1182 - 33ms/epoch - 11ms/step
Epoch 41/800
3/3 - 0s - loss: 0.2070 - mae: 0.2070 - mse: 0.0964 - 32ms/epoch - 11ms/step
Epoch 42/800
3/3 - 0s - loss: 0.2258 - mae: 0.2258 - mse: 0.1107 - 34ms/epoch - 11ms/step
Epoch 43/800
3/3 - 0s - loss: 0.2172 - mae: 0.2172 - mse: 0.1008 - 33ms/epoch - 11ms/step
Epoch 44/800
3/3 - 0s - loss: 0.2143 - mae: 0.2143 - mse: 0.1022 - 33ms/epoch - 11ms/step
Epoch 45/800
3/3 - 0s - loss: 0.2091 - mae: 0.2091 - mse: 0.1107 - 32ms/epoch - 11ms/step
Epoch 46/800
3/3 - 0s - loss: 0.2289 - mae: 0.2289 - mse: 0.1010 - 34ms/epoch - 11ms/step
Epoch 47/800
3/3 - 0s - loss: 0.2764 - mae: 0.2764 - mse: 0.1570 - 35ms/epoch - 12ms/step
Epoch 48/800
3/3 - 0s - loss: 0.3075 - mae: 0.3075 - mse: 0.1751 - 33ms/epoch - 11ms/step
Epoch 49/800
3/3 - 0s - loss: 0.2418 - mae: 0.2418 - mse: 0.1145 - 32ms/epoch - 11ms/step
Epoch 50/800
3/3 - 0s - loss: 0.2415 - mae: 0.2415 - mse: 0.1115 - 33ms/epoch - 11ms/step
Epoch 51/800
3/3 - 0s - loss: 0.2261 - mae: 0.2261 - mse: 0.1095 - 33ms/epoch - 11ms/step
Epoch 52/800
3/3 - 0s - loss: 0.2067 - mae: 0.2067 - mse: 0.1069 - 32ms/epoch - 11ms/step
Epoch 53/800
3/3 - 0s - loss: 0.2268 - mae: 0.2268 - mse: 0.0959 - 33ms/epoch - 11ms/step
Epoch 54/800
3/3 - 0s - loss: 0.2068 - mae: 0.2068 - mse: 0.0975 - 34ms/epoch - 11ms/step
Epoch 55/800
3/3 - 0s - loss: 0.2169 - mae: 0.2169 - mse: 0.1028 - 32ms/epoch - 11ms/step
Epoch 56/800
3/3 - 0s - loss: 0.2223 - mae: 0.2223 - mse: 0.1013 - 33ms/epoch - 11ms/step
Epoch 57/800
3/3 - 0s - loss: 0.2099 - mae: 0.2099 - mse: 0.0911 - 31ms/epoch - 10ms/step
Epoch 58/800
3/3 - 0s - loss: 0.2279 - mae: 0.2279 - mse: 0.0941 - 28ms/epoch - 9ms/step
Epoch 59/800
3/3 - 0s - loss: 0.2076 - mae: 0.2076 - mse: 0.0966 - 27ms/epoch - 9ms/step
Epoch 60/800
3/3 - 0s - loss: 0.2204 - mae: 0.2204 - mse: 0.0978 - 28ms/epoch - 9ms/step
Epoch 61/800
3/3 - 0s - loss: 0.2206 - mae: 0.2206 - mse: 0.0960 - 29ms/epoch - 10ms/step
Epoch 62/800
3/3 - 0s - loss: 0.2093 - mae: 0.2093 - mse: 0.0907 - 29ms/epoch - 10ms/step
Epoch 63/800
3/3 - 0s - loss: 0.2188 - mae: 0.2188 - mse: 0.1086 - 29ms/epoch - 10ms/step
Epoch 64/800
3/3 - 0s - loss: 0.2076 - mae: 0.2076 - mse: 0.0921 - 29ms/epoch - 10ms/step
Epoch 65/800
3/3 - 0s - loss: 0.1795 - mae: 0.1795 - mse: 0.0751 - 29ms/epoch - 10ms/step
Epoch 66/800
3/3 - 0s - loss: 0.2052 - mae: 0.2052 - mse: 0.0930 - 28ms/epoch - 9ms/step
Epoch 67/800
3/3 - 0s - loss: 0.2021 - mae: 0.2021 - mse: 0.0991 - 28ms/epoch - 9ms/step
Epoch 68/800
3/3 - 0s - loss: 0.2698 - mae: 0.2698 - mse: 0.1342 - 27ms/epoch - 9ms/step
Epoch 69/800
3/3 - 0s - loss: 0.2570 - mae: 0.2570 - mse: 0.1372 - 27ms/epoch - 9ms/step
Epoch 70/800
3/3 - 0s - loss: 0.2270 - mae: 0.2270 - mse: 0.1205 - 28ms/epoch - 9ms/step
Epoch 71/800
3/3 - 0s - loss: 0.2547 - mae: 0.2547 - mse: 0.1241 - 28ms/epoch - 9ms/step
Epoch 72/800
3/3 - 0s - loss: 0.2224 - mae: 0.2224 - mse: 0.1100 - 27ms/epoch - 9ms/step
Epoch 73/800
3/3 - 0s - loss: 0.2045 - mae: 0.2045 - mse: 0.0952 - 27ms/epoch - 9ms/step
Epoch 74/800
3/3 - 0s - loss: 0.2281 - mae: 0.2281 - mse: 0.1057 - 27ms/epoch - 9ms/step
Epoch 75/800
3/3 - 0s - loss: 0.2248 - mae: 0.2248 - mse: 0.1058 - 27ms/epoch - 9ms/step
Epoch 76/800
3/3 - 0s - loss: 0.2020 - mae: 0.2020 - mse: 0.0889 - 27ms/epoch - 9ms/step
Epoch 77/800
3/3 - 0s - loss: 0.2163 - mae: 0.2163 - mse: 0.1037 - 27ms/epoch - 9ms/step
Epoch 78/800
3/3 - 0s - loss: 0.2153 - mae: 0.2153 - mse: 0.0991 - 27ms/epoch - 9ms/step
Epoch 79/800
3/3 - 0s - loss: 0.2067 - mae: 0.2067 - mse: 0.0955 - 27ms/epoch - 9ms/step
Epoch 80/800
3/3 - 0s - loss: 0.1856 - mae: 0.1856 - mse: 0.0764 - 27ms/epoch - 9ms/step
Epoch 81/800
3/3 - 0s - loss: 0.1838 - mae: 0.1838 - mse: 0.0760 - 27ms/epoch - 9ms/step
Epoch 82/800
3/3 - 0s - loss: 0.1708 - mae: 0.1708 - mse: 0.0700 - 27ms/epoch - 9ms/step
Epoch 83/800
3/3 - 0s - loss: 0.1665 - mae: 0.1665 - mse: 0.0710 - 27ms/epoch - 9ms/step
Epoch 84/800
3/3 - 0s - loss: 0.1630 - mae: 0.1630 - mse: 0.0689 - 27ms/epoch - 9ms/step
Epoch 85/800
3/3 - 0s - loss: 0.1746 - mae: 0.1746 - mse: 0.0713 - 27ms/epoch - 9ms/step
Epoch 86/800
3/3 - 0s - loss: 0.1797 - mae: 0.1797 - mse: 0.0748 - 27ms/epoch - 9ms/step
Epoch 87/800
3/3 - 0s - loss: 0.1610 - mae: 0.1610 - mse: 0.0661 - 27ms/epoch - 9ms/step
Epoch 88/800
3/3 - 0s - loss: 0.1834 - mae: 0.1834 - mse: 0.0802 - 27ms/epoch - 9ms/step
Epoch 89/800
3/3 - 0s - loss: 0.1881 - mae: 0.1881 - mse: 0.0772 - 27ms/epoch - 9ms/step
Epoch 90/800
3/3 - 0s - loss: 0.1786 - mae: 0.1786 - mse: 0.0721 - 27ms/epoch - 9ms/step
Epoch 91/800
3/3 - 0s - loss: 0.1784 - mae: 0.1784 - mse: 0.0709 - 27ms/epoch - 9ms/step
Epoch 92/800
3/3 - 0s - loss: 0.1477 - mae: 0.1477 - mse: 0.0584 - 27ms/epoch - 9ms/step
Epoch 93/800
3/3 - 0s - loss: 0.1558 - mae: 0.1558 - mse: 0.0643 - 27ms/epoch - 9ms/step
Epoch 94/800
3/3 - 0s - loss: 0.1481 - mae: 0.1481 - mse: 0.0632 - 27ms/epoch - 9ms/step
Epoch 95/800
3/3 - 0s - loss: 0.1501 - mae: 0.1501 - mse: 0.0625 - 27ms/epoch - 9ms/step
Epoch 96/800
3/3 - 0s - loss: 0.1415 - mae: 0.1415 - mse: 0.0583 - 28ms/epoch - 9ms/step
Epoch 97/800
3/3 - 0s - loss: 0.1604 - mae: 0.1604 - mse: 0.0630 - 27ms/epoch - 9ms/step
Epoch 98/800
3/3 - 0s - loss: 0.1639 - mae: 0.1639 - mse: 0.0689 - 27ms/epoch - 9ms/step
Epoch 99/800
3/3 - 0s - loss: 0.1695 - mae: 0.1695 - mse: 0.0661 - 27ms/epoch - 9ms/step
Epoch 100/800
3/3 - 0s - loss: 0.1552 - mae: 0.1552 - mse: 0.0667 - 27ms/epoch - 9ms/step
Epoch 101/800
3/3 - 0s - loss: 0.1569 - mae: 0.1569 - mse: 0.0660 - 29ms/epoch - 10ms/step
Epoch 102/800
3/3 - 0s - loss: 0.1663 - mae: 0.1663 - mse: 0.0660 - 35ms/epoch - 12ms/step
Epoch 103/800
3/3 - 0s - loss: 0.1747 - mae: 0.1747 - mse: 0.0694 - 28ms/epoch - 9ms/step
Epoch 104/800
3/3 - 0s - loss: 0.1467 - mae: 0.1467 - mse: 0.0575 - 30ms/epoch - 10ms/step
Epoch 105/800
3/3 - 0s - loss: 0.1632 - mae: 0.1632 - mse: 0.0684 - 28ms/epoch - 9ms/step
Epoch 106/800
3/3 - 0s - loss: 0.1568 - mae: 0.1568 - mse: 0.0622 - 29ms/epoch - 10ms/step
Epoch 107/800
3/3 - 0s - loss: 0.1521 - mae: 0.1521 - mse: 0.0564 - 28ms/epoch - 9ms/step
Epoch 108/800
3/3 - 0s - loss: 0.1606 - mae: 0.1606 - mse: 0.0613 - 27ms/epoch - 9ms/step
Epoch 109/800
3/3 - 0s - loss: 0.1691 - mae: 0.1691 - mse: 0.0649 - 28ms/epoch - 9ms/step
Epoch 110/800
3/3 - 0s - loss: 0.1760 - mae: 0.1760 - mse: 0.0827 - 27ms/epoch - 9ms/step
Epoch 111/800
3/3 - 0s - loss: 0.1706 - mae: 0.1706 - mse: 0.0705 - 27ms/epoch - 9ms/step
Epoch 112/800
3/3 - 0s - loss: 0.1609 - mae: 0.1609 - mse: 0.0702 - 27ms/epoch - 9ms/step
Epoch 113/800
3/3 - 0s - loss: 0.1642 - mae: 0.1642 - mse: 0.0668 - 27ms/epoch - 9ms/step
Epoch 114/800
3/3 - 0s - loss: 0.1836 - mae: 0.1836 - mse: 0.0727 - 27ms/epoch - 9ms/step
Epoch 115/800
3/3 - 0s - loss: 0.1771 - mae: 0.1771 - mse: 0.0713 - 27ms/epoch - 9ms/step
Epoch 116/800
3/3 - 0s - loss: 0.1664 - mae: 0.1664 - mse: 0.0605 - 27ms/epoch - 9ms/step
Epoch 117/800
3/3 - 0s - loss: 0.1649 - mae: 0.1649 - mse: 0.0610 - 27ms/epoch - 9ms/step
Epoch 118/800
3/3 - 0s - loss: 0.1649 - mae: 0.1649 - mse: 0.0637 - 27ms/epoch - 9ms/step
Epoch 119/800
3/3 - 0s - loss: 0.1536 - mae: 0.1536 - mse: 0.0616 - 28ms/epoch - 9ms/step
Epoch 120/800
3/3 - 0s - loss: 0.1526 - mae: 0.1526 - mse: 0.0631 - 34ms/epoch - 11ms/step
Epoch 121/800
3/3 - 0s - loss: 0.1376 - mae: 0.1376 - mse: 0.0512 - 51ms/epoch - 17ms/step
Epoch 122/800
3/3 - 0s - loss: 0.1628 - mae: 0.1628 - mse: 0.0640 - 51ms/epoch - 17ms/step
Epoch 123/800
3/3 - 0s - loss: 0.1533 - mae: 0.1533 - mse: 0.0614 - 50ms/epoch - 17ms/step
Epoch 124/800
3/3 - 0s - loss: 0.1600 - mae: 0.1600 - mse: 0.0559 - 45ms/epoch - 15ms/step
Epoch 125/800
3/3 - 0s - loss: 0.1419 - mae: 0.1419 - mse: 0.0494 - 44ms/epoch - 15ms/step
Epoch 126/800
3/3 - 0s - loss: 0.1490 - mae: 0.1490 - mse: 0.0549 - 51ms/epoch - 17ms/step
Epoch 127/800
3/3 - 0s - loss: 0.1427 - mae: 0.1427 - mse: 0.0511 - 49ms/epoch - 16ms/step
Epoch 128/800
3/3 - 0s - loss: 0.1469 - mae: 0.1469 - mse: 0.0508 - 46ms/epoch - 15ms/step
Epoch 129/800
3/3 - 0s - loss: 0.1709 - mae: 0.1709 - mse: 0.0621 - 45ms/epoch - 15ms/step
Epoch 130/800
3/3 - 0s - loss: 0.1619 - mae: 0.1619 - mse: 0.0599 - 43ms/epoch - 14ms/step
Epoch 131/800
3/3 - 0s - loss: 0.1754 - mae: 0.1754 - mse: 0.0674 - 44ms/epoch - 15ms/step
Epoch 132/800
3/3 - 0s - loss: 0.1465 - mae: 0.1465 - mse: 0.0498 - 44ms/epoch - 15ms/step
Epoch 133/800
3/3 - 0s - loss: 0.1380 - mae: 0.1380 - mse: 0.0519 - 46ms/epoch - 15ms/step
Epoch 134/800
3/3 - 0s - loss: 0.1285 - mae: 0.1285 - mse: 0.0438 - 46ms/epoch - 15ms/step
Epoch 135/800
3/3 - 0s - loss: 0.1383 - mae: 0.1383 - mse: 0.0527 - 45ms/epoch - 15ms/step
Epoch 136/800
3/3 - 0s - loss: 0.1507 - mae: 0.1507 - mse: 0.0497 - 46ms/epoch - 15ms/step
Epoch 137/800
3/3 - 0s - loss: 0.1266 - mae: 0.1266 - mse: 0.0462 - 45ms/epoch - 15ms/step
Epoch 138/800
3/3 - 0s - loss: 0.1470 - mae: 0.1470 - mse: 0.0589 - 44ms/epoch - 15ms/step
Epoch 139/800
3/3 - 0s - loss: 0.1333 - mae: 0.1333 - mse: 0.0527 - 49ms/epoch - 16ms/step
Epoch 140/800
3/3 - 0s - loss: 0.1528 - mae: 0.1528 - mse: 0.0640 - 51ms/epoch - 17ms/step
Epoch 141/800
3/3 - 0s - loss: 0.1405 - mae: 0.1405 - mse: 0.0519 - 55ms/epoch - 18ms/step
Epoch 142/800
3/3 - 0s - loss: 0.1438 - mae: 0.1438 - mse: 0.0516 - 47ms/epoch - 16ms/step
Epoch 143/800
3/3 - 0s - loss: 0.1382 - mae: 0.1382 - mse: 0.0521 - 47ms/epoch - 16ms/step
Epoch 144/800
3/3 - 0s - loss: 0.1253 - mae: 0.1253 - mse: 0.0448 - 45ms/epoch - 15ms/step
Epoch 145/800
3/3 - 0s - loss: 0.1212 - mae: 0.1212 - mse: 0.0419 - 43ms/epoch - 14ms/step
Epoch 146/800
3/3 - 0s - loss: 0.1258 - mae: 0.1258 - mse: 0.0468 - 45ms/epoch - 15ms/step
Epoch 147/800
3/3 - 0s - loss: 0.1288 - mae: 0.1288 - mse: 0.0474 - 46ms/epoch - 15ms/step
Epoch 148/800
3/3 - 0s - loss: 0.1377 - mae: 0.1377 - mse: 0.0492 - 46ms/epoch - 15ms/step
Epoch 149/800
3/3 - 0s - loss: 0.1449 - mae: 0.1449 - mse: 0.0505 - 48ms/epoch - 16ms/step
Epoch 150/800
3/3 - 0s - loss: 0.1747 - mae: 0.1747 - mse: 0.0614 - 46ms/epoch - 15ms/step
Epoch 151/800
3/3 - 0s - loss: 0.1426 - mae: 0.1426 - mse: 0.0469 - 51ms/epoch - 17ms/step
Epoch 152/800
3/3 - 0s - loss: 0.1470 - mae: 0.1470 - mse: 0.0495 - 47ms/epoch - 16ms/step
Epoch 153/800
3/3 - 0s - loss: 0.1700 - mae: 0.1700 - mse: 0.0724 - 49ms/epoch - 16ms/step
Epoch 154/800
3/3 - 0s - loss: 0.1665 - mae: 0.1665 - mse: 0.0632 - 48ms/epoch - 16ms/step
Epoch 155/800
3/3 - 0s - loss: 0.1671 - mae: 0.1671 - mse: 0.0565 - 48ms/epoch - 16ms/step
Epoch 156/800
3/3 - 0s - loss: 0.1543 - mae: 0.1543 - mse: 0.0503 - 47ms/epoch - 16ms/step
Epoch 157/800
3/3 - 0s - loss: 0.1529 - mae: 0.1529 - mse: 0.0579 - 49ms/epoch - 16ms/step
Epoch 158/800
3/3 - 0s - loss: 0.1511 - mae: 0.1511 - mse: 0.0607 - 47ms/epoch - 16ms/step
Epoch 159/800
3/3 - 0s - loss: 0.1428 - mae: 0.1428 - mse: 0.0516 - 45ms/epoch - 15ms/step
Epoch 160/800
3/3 - 0s - loss: 0.1350 - mae: 0.1350 - mse: 0.0487 - 46ms/epoch - 15ms/step
Epoch 161/800
3/3 - 0s - loss: 0.1294 - mae: 0.1294 - mse: 0.0467 - 45ms/epoch - 15ms/step
Epoch 162/800
3/3 - 0s - loss: 0.1212 - mae: 0.1212 - mse: 0.0408 - 44ms/epoch - 15ms/step
Epoch 163/800
3/3 - 0s - loss: 0.1360 - mae: 0.1360 - mse: 0.0490 - 45ms/epoch - 15ms/step
Epoch 164/800
3/3 - 0s - loss: 0.1387 - mae: 0.1387 - mse: 0.0445 - 39ms/epoch - 13ms/step
Epoch 165/800
3/3 - 0s - loss: 0.1358 - mae: 0.1358 - mse: 0.0454 - 34ms/epoch - 11ms/step
Epoch 166/800
3/3 - 0s - loss: 0.1353 - mae: 0.1353 - mse: 0.0443 - 32ms/epoch - 11ms/step
Epoch 167/800
3/3 - 0s - loss: 0.1357 - mae: 0.1357 - mse: 0.0413 - 48ms/epoch - 16ms/step
Epoch 168/800
3/3 - 0s - loss: 0.1344 - mae: 0.1344 - mse: 0.0463 - 47ms/epoch - 16ms/step
Epoch 169/800
3/3 - 0s - loss: 0.1398 - mae: 0.1398 - mse: 0.0421 - 49ms/epoch - 16ms/step
Epoch 170/800
3/3 - 0s - loss: 0.1338 - mae: 0.1338 - mse: 0.0429 - 48ms/epoch - 16ms/step
Epoch 171/800
3/3 - 0s - loss: 0.1210 - mae: 0.1210 - mse: 0.0366 - 48ms/epoch - 16ms/step
Epoch 172/800
3/3 - 0s - loss: 0.1201 - mae: 0.1201 - mse: 0.0353 - 50ms/epoch - 17ms/step
Epoch 173/800
3/3 - 0s - loss: 0.1144 - mae: 0.1144 - mse: 0.0361 - 47ms/epoch - 16ms/step
Epoch 174/800
3/3 - 0s - loss: 0.1101 - mae: 0.1101 - mse: 0.0325 - 48ms/epoch - 16ms/step
Epoch 175/800
3/3 - 0s - loss: 0.1142 - mae: 0.1142 - mse: 0.0352 - 49ms/epoch - 16ms/step
Epoch 176/800
3/3 - 0s - loss: 0.1236 - mae: 0.1236 - mse: 0.0337 - 46ms/epoch - 15ms/step
Epoch 177/800
3/3 - 0s - loss: 0.1182 - mae: 0.1182 - mse: 0.0365 - 45ms/epoch - 15ms/step
Epoch 178/800
3/3 - 0s - loss: 0.1128 - mae: 0.1128 - mse: 0.0305 - 46ms/epoch - 15ms/step
Epoch 179/800
3/3 - 0s - loss: 0.1245 - mae: 0.1245 - mse: 0.0351 - 51ms/epoch - 17ms/step
Epoch 180/800
3/3 - 0s - loss: 0.1419 - mae: 0.1419 - mse: 0.0427 - 49ms/epoch - 16ms/step
Epoch 181/800
3/3 - 0s - loss: 0.1209 - mae: 0.1209 - mse: 0.0332 - 45ms/epoch - 15ms/step
Epoch 182/800
3/3 - 0s - loss: 0.1113 - mae: 0.1113 - mse: 0.0314 - 47ms/epoch - 16ms/step
Epoch 183/800
3/3 - 0s - loss: 0.1104 - mae: 0.1104 - mse: 0.0276 - 47ms/epoch - 16ms/step
Epoch 184/800
3/3 - 0s - loss: 0.1241 - mae: 0.1241 - mse: 0.0370 - 50ms/epoch - 17ms/step
Epoch 185/800
3/3 - 0s - loss: 0.1619 - mae: 0.1619 - mse: 0.0480 - 56ms/epoch - 19ms/step
Epoch 186/800
3/3 - 0s - loss: 0.1363 - mae: 0.1363 - mse: 0.0347 - 51ms/epoch - 17ms/step
Epoch 187/800
3/3 - 0s - loss: 0.1583 - mae: 0.1583 - mse: 0.0438 - 49ms/epoch - 16ms/step
Epoch 188/800
3/3 - 0s - loss: 0.1455 - mae: 0.1455 - mse: 0.0383 - 49ms/epoch - 16ms/step
Epoch 189/800
3/3 - 0s - loss: 0.1154 - mae: 0.1154 - mse: 0.0276 - 46ms/epoch - 15ms/step
Epoch 190/800
3/3 - 0s - loss: 0.1188 - mae: 0.1188 - mse: 0.0302 - 46ms/epoch - 15ms/step
Epoch 191/800
3/3 - 0s - loss: 0.0991 - mae: 0.0991 - mse: 0.0252 - 51ms/epoch - 17ms/step
Epoch 192/800
3/3 - 0s - loss: 0.1201 - mae: 0.1201 - mse: 0.0314 - 49ms/epoch - 16ms/step
Epoch 193/800
3/3 - 0s - loss: 0.1181 - mae: 0.1181 - mse: 0.0280 - 50ms/epoch - 17ms/step
Epoch 194/800
3/3 - 0s - loss: 0.1095 - mae: 0.1095 - mse: 0.0294 - 49ms/epoch - 16ms/step
Epoch 195/800
3/3 - 0s - loss: 0.1187 - mae: 0.1187 - mse: 0.0284 - 48ms/epoch - 16ms/step
Epoch 196/800
3/3 - 0s - loss: 0.1280 - mae: 0.1280 - mse: 0.0347 - 49ms/epoch - 16ms/step
Epoch 197/800
3/3 - 0s - loss: 0.1250 - mae: 0.1250 - mse: 0.0304 - 48ms/epoch - 16ms/step
Epoch 198/800
3/3 - 0s - loss: 0.1104 - mae: 0.1104 - mse: 0.0248 - 50ms/epoch - 17ms/step
Epoch 199/800
3/3 - 0s - loss: 0.1218 - mae: 0.1218 - mse: 0.0351 - 50ms/epoch - 17ms/step
Epoch 200/800
3/3 - 0s - loss: 0.1001 - mae: 0.1001 - mse: 0.0211 - 48ms/epoch - 16ms/step
Epoch 201/800
3/3 - 0s - loss: 0.0960 - mae: 0.0960 - mse: 0.0203 - 50ms/epoch - 17ms/step
Epoch 202/800
3/3 - 0s - loss: 0.1137 - mae: 0.1137 - mse: 0.0251 - 47ms/epoch - 16ms/step
Epoch 203/800
3/3 - 0s - loss: 0.1362 - mae: 0.1362 - mse: 0.0366 - 45ms/epoch - 15ms/step
Epoch 204/800
3/3 - 0s - loss: 0.1319 - mae: 0.1319 - mse: 0.0327 - 43ms/epoch - 14ms/step
Epoch 205/800
3/3 - 0s - loss: 0.1141 - mae: 0.1141 - mse: 0.0258 - 51ms/epoch - 17ms/step
Epoch 206/800
3/3 - 0s - loss: 0.1080 - mae: 0.1080 - mse: 0.0291 - 49ms/epoch - 16ms/step
Epoch 207/800
3/3 - 0s - loss: 0.0998 - mae: 0.0998 - mse: 0.0238 - 48ms/epoch - 16ms/step
Epoch 208/800
3/3 - 0s - loss: 0.0868 - mae: 0.0868 - mse: 0.0177 - 49ms/epoch - 16ms/step
Epoch 209/800
3/3 - 0s - loss: 0.1123 - mae: 0.1123 - mse: 0.0272 - 54ms/epoch - 18ms/step
Epoch 210/800
3/3 - 0s - loss: 0.1098 - mae: 0.1098 - mse: 0.0256 - 49ms/epoch - 16ms/step
Epoch 211/800
3/3 - 0s - loss: 0.1077 - mae: 0.1077 - mse: 0.0242 - 50ms/epoch - 17ms/step
Epoch 212/800
3/3 - 0s - loss: 0.1232 - mae: 0.1232 - mse: 0.0285 - 47ms/epoch - 16ms/step
Epoch 213/800
3/3 - 0s - loss: 0.1276 - mae: 0.1276 - mse: 0.0372 - 49ms/epoch - 16ms/step
Epoch 214/800
3/3 - 0s - loss: 0.1165 - mae: 0.1165 - mse: 0.0298 - 49ms/epoch - 16ms/step
Epoch 215/800
3/3 - 0s - loss: 0.1056 - mae: 0.1056 - mse: 0.0247 - 47ms/epoch - 16ms/step
Epoch 216/800
3/3 - 0s - loss: 0.1039 - mae: 0.1039 - mse: 0.0206 - 47ms/epoch - 16ms/step
Epoch 217/800
3/3 - 0s - loss: 0.1004 - mae: 0.1004 - mse: 0.0211 - 49ms/epoch - 16ms/step
Epoch 218/800
3/3 - 0s - loss: 0.0928 - mae: 0.0928 - mse: 0.0193 - 51ms/epoch - 17ms/step
Epoch 219/800
3/3 - 0s - loss: 0.1115 - mae: 0.1115 - mse: 0.0279 - 48ms/epoch - 16ms/step
Epoch 220/800
3/3 - 0s - loss: 0.1213 - mae: 0.1213 - mse: 0.0302 - 47ms/epoch - 16ms/step
Epoch 221/800
3/3 - 0s - loss: 0.1409 - mae: 0.1409 - mse: 0.0429 - 48ms/epoch - 16ms/step
Epoch 222/800
3/3 - 0s - loss: 0.1107 - mae: 0.1107 - mse: 0.0252 - 47ms/epoch - 16ms/step
Epoch 223/800
3/3 - 0s - loss: 0.1176 - mae: 0.1176 - mse: 0.0297 - 46ms/epoch - 15ms/step
Epoch 224/800
3/3 - 0s - loss: 0.1389 - mae: 0.1389 - mse: 0.0342 - 47ms/epoch - 16ms/step
Epoch 225/800
3/3 - 0s - loss: 0.0928 - mae: 0.0928 - mse: 0.0174 - 48ms/epoch - 16ms/step
Epoch 226/800
3/3 - 0s - loss: 0.1022 - mae: 0.1022 - mse: 0.0219 - 46ms/epoch - 15ms/step
Epoch 227/800
3/3 - 0s - loss: 0.0894 - mae: 0.0894 - mse: 0.0169 - 49ms/epoch - 16ms/step
Epoch 228/800
3/3 - 0s - loss: 0.0991 - mae: 0.0991 - mse: 0.0206 - 49ms/epoch - 16ms/step
Epoch 229/800
3/3 - 0s - loss: 0.0972 - mae: 0.0972 - mse: 0.0186 - 58ms/epoch - 19ms/step
Epoch 230/800
3/3 - 0s - loss: 0.0930 - mae: 0.0930 - mse: 0.0170 - 49ms/epoch - 16ms/step
Epoch 231/800
3/3 - 0s - loss: 0.0977 - mae: 0.0977 - mse: 0.0174 - 48ms/epoch - 16ms/step
Epoch 232/800
3/3 - 0s - loss: 0.0969 - mae: 0.0969 - mse: 0.0185 - 47ms/epoch - 16ms/step
Epoch 233/800
3/3 - 0s - loss: 0.1041 - mae: 0.1041 - mse: 0.0235 - 48ms/epoch - 16ms/step
Epoch 234/800
3/3 - 0s - loss: 0.1006 - mae: 0.1006 - mse: 0.0170 - 48ms/epoch - 16ms/step
Epoch 235/800
3/3 - 0s - loss: 0.1114 - mae: 0.1114 - mse: 0.0211 - 48ms/epoch - 16ms/step
Epoch 236/800
3/3 - 0s - loss: 0.1063 - mae: 0.1063 - mse: 0.0211 - 48ms/epoch - 16ms/step
Epoch 237/800
3/3 - 0s - loss: 0.1187 - mae: 0.1187 - mse: 0.0234 - 47ms/epoch - 16ms/step
Epoch 238/800
3/3 - 0s - loss: 0.1296 - mae: 0.1296 - mse: 0.0267 - 48ms/epoch - 16ms/step
Epoch 239/800
3/3 - 0s - loss: 0.1113 - mae: 0.1113 - mse: 0.0227 - 46ms/epoch - 15ms/step
Epoch 240/800
3/3 - 0s - loss: 0.1127 - mae: 0.1127 - mse: 0.0222 - 46ms/epoch - 15ms/step
Epoch 241/800
3/3 - 0s - loss: 0.1077 - mae: 0.1077 - mse: 0.0210 - 48ms/epoch - 16ms/step
Epoch 242/800
3/3 - 0s - loss: 0.1191 - mae: 0.1191 - mse: 0.0265 - 34ms/epoch - 11ms/step
Epoch 243/800
3/3 - 0s - loss: 0.1077 - mae: 0.1077 - mse: 0.0218 - 49ms/epoch - 16ms/step
Epoch 244/800
3/3 - 0s - loss: 0.1160 - mae: 0.1160 - mse: 0.0295 - 52ms/epoch - 17ms/step
Epoch 245/800
3/3 - 0s - loss: 0.0943 - mae: 0.0943 - mse: 0.0144 - 58ms/epoch - 19ms/step
Epoch 246/800
3/3 - 0s - loss: 0.0939 - mae: 0.0939 - mse: 0.0158 - 53ms/epoch - 18ms/step
Epoch 247/800
3/3 - 0s - loss: 0.0975 - mae: 0.0975 - mse: 0.0167 - 48ms/epoch - 16ms/step
Epoch 248/800
3/3 - 0s - loss: 0.0944 - mae: 0.0944 - mse: 0.0167 - 49ms/epoch - 16ms/step
Epoch 249/800
3/3 - 0s - loss: 0.1090 - mae: 0.1090 - mse: 0.0245 - 44ms/epoch - 15ms/step
Epoch 250/800
3/3 - 0s - loss: 0.0879 - mae: 0.0879 - mse: 0.0179 - 47ms/epoch - 16ms/step
Epoch 251/800
3/3 - 0s - loss: 0.0871 - mae: 0.0871 - mse: 0.0157 - 45ms/epoch - 15ms/step
Epoch 252/800
3/3 - 0s - loss: 0.0863 - mae: 0.0863 - mse: 0.0149 - 47ms/epoch - 16ms/step
Epoch 253/800
3/3 - 0s - loss: 0.0888 - mae: 0.0888 - mse: 0.0153 - 49ms/epoch - 16ms/step
Epoch 254/800
3/3 - 0s - loss: 0.1030 - mae: 0.1030 - mse: 0.0164 - 49ms/epoch - 16ms/step
Epoch 255/800
3/3 - 0s - loss: 0.0921 - mae: 0.0921 - mse: 0.0157 - 47ms/epoch - 16ms/step
Epoch 256/800
3/3 - 0s - loss: 0.0763 - mae: 0.0763 - mse: 0.0123 - 48ms/epoch - 16ms/step
Epoch 257/800
3/3 - 0s - loss: 0.0860 - mae: 0.0860 - mse: 0.0143 - 45ms/epoch - 15ms/step
Epoch 258/800
3/3 - 0s - loss: 0.0863 - mae: 0.0863 - mse: 0.0172 - 37ms/epoch - 12ms/step
Epoch 259/800
3/3 - 0s - loss: 0.0914 - mae: 0.0914 - mse: 0.0151 - 46ms/epoch - 15ms/step
Epoch 260/800
3/3 - 0s - loss: 0.0775 - mae: 0.0775 - mse: 0.0124 - 64ms/epoch - 21ms/step
Epoch 261/800
3/3 - 0s - loss: 0.0775 - mae: 0.0775 - mse: 0.0118 - 59ms/epoch - 20ms/step
Epoch 262/800
3/3 - 0s - loss: 0.0925 - mae: 0.0925 - mse: 0.0179 - 60ms/epoch - 20ms/step
Epoch 263/800
3/3 - 0s - loss: 0.0858 - mae: 0.0858 - mse: 0.0161 - 53ms/epoch - 18ms/step
Epoch 264/800
3/3 - 0s - loss: 0.0749 - mae: 0.0749 - mse: 0.0119 - 50ms/epoch - 17ms/step
Epoch 265/800
3/3 - 0s - loss: 0.0733 - mae: 0.0733 - mse: 0.0113 - 48ms/epoch - 16ms/step
Epoch 266/800
3/3 - 0s - loss: 0.0592 - mae: 0.0592 - mse: 0.0081 - 47ms/epoch - 16ms/step
Epoch 267/800
3/3 - 0s - loss: 0.0681 - mae: 0.0681 - mse: 0.0091 - 47ms/epoch - 16ms/step
Epoch 268/800
3/3 - 0s - loss: 0.0661 - mae: 0.0661 - mse: 0.0086 - 49ms/epoch - 16ms/step
Epoch 269/800
3/3 - 0s - loss: 0.0766 - mae: 0.0766 - mse: 0.0109 - 50ms/epoch - 17ms/step
Epoch 270/800
3/3 - 0s - loss: 0.0726 - mae: 0.0726 - mse: 0.0095 - 50ms/epoch - 17ms/step
Epoch 271/800
3/3 - 0s - loss: 0.0824 - mae: 0.0824 - mse: 0.0134 - 49ms/epoch - 16ms/step
Epoch 272/800
3/3 - 0s - loss: 0.1120 - mae: 0.1120 - mse: 0.0187 - 49ms/epoch - 16ms/step
Epoch 273/800
3/3 - 0s - loss: 0.1246 - mae: 0.1246 - mse: 0.0228 - 49ms/epoch - 16ms/step
Epoch 274/800
3/3 - 0s - loss: 0.1044 - mae: 0.1044 - mse: 0.0185 - 49ms/epoch - 16ms/step
Epoch 275/800
3/3 - 0s - loss: 0.1058 - mae: 0.1058 - mse: 0.0197 - 49ms/epoch - 16ms/step
Epoch 276/800
3/3 - 0s - loss: 0.0930 - mae: 0.0930 - mse: 0.0151 - 48ms/epoch - 16ms/step
Epoch 277/800
3/3 - 0s - loss: 0.0879 - mae: 0.0879 - mse: 0.0147 - 51ms/epoch - 17ms/step
Epoch 278/800
3/3 - 0s - loss: 0.1006 - mae: 0.1006 - mse: 0.0170 - 50ms/epoch - 17ms/step
Epoch 279/800
3/3 - 0s - loss: 0.1043 - mae: 0.1043 - mse: 0.0165 - 49ms/epoch - 16ms/step
Epoch 280/800
3/3 - 0s - loss: 0.0937 - mae: 0.0937 - mse: 0.0152 - 52ms/epoch - 17ms/step
Epoch 281/800
3/3 - 0s - loss: 0.0960 - mae: 0.0960 - mse: 0.0155 - 53ms/epoch - 18ms/step
Epoch 282/800
3/3 - 0s - loss: 0.1009 - mae: 0.1009 - mse: 0.0195 - 57ms/epoch - 19ms/step
Epoch 283/800
3/3 - 0s - loss: 0.1041 - mae: 0.1041 - mse: 0.0203 - 48ms/epoch - 16ms/step
Epoch 284/800
3/3 - 0s - loss: 0.0870 - mae: 0.0870 - mse: 0.0149 - 51ms/epoch - 17ms/step
Epoch 285/800
3/3 - 0s - loss: 0.0846 - mae: 0.0846 - mse: 0.0130 - 54ms/epoch - 18ms/step
Epoch 286/800
3/3 - 0s - loss: 0.0973 - mae: 0.0973 - mse: 0.0155 - 53ms/epoch - 18ms/step
Epoch 287/800
3/3 - 0s - loss: 0.0904 - mae: 0.0904 - mse: 0.0131 - 50ms/epoch - 17ms/step
Epoch 288/800
3/3 - 0s - loss: 0.0775 - mae: 0.0775 - mse: 0.0106 - 49ms/epoch - 16ms/step
Epoch 289/800
3/3 - 0s - loss: 0.0820 - mae: 0.0820 - mse: 0.0123 - 55ms/epoch - 18ms/step
Epoch 290/800
3/3 - 0s - loss: 0.0853 - mae: 0.0853 - mse: 0.0125 - 49ms/epoch - 16ms/step
Epoch 291/800
3/3 - 0s - loss: 0.0923 - mae: 0.0923 - mse: 0.0160 - 51ms/epoch - 17ms/step
Epoch 292/800
3/3 - 0s - loss: 0.0749 - mae: 0.0749 - mse: 0.0100 - 49ms/epoch - 16ms/step
Epoch 293/800
3/3 - 0s - loss: 0.0744 - mae: 0.0744 - mse: 0.0108 - 48ms/epoch - 16ms/step
Epoch 294/800
3/3 - 0s - loss: 0.0758 - mae: 0.0758 - mse: 0.0107 - 47ms/epoch - 16ms/step
Epoch 295/800
3/3 - 0s - loss: 0.0798 - mae: 0.0798 - mse: 0.0115 - 47ms/epoch - 16ms/step
Epoch 296/800
3/3 - 0s - loss: 0.0745 - mae: 0.0745 - mse: 0.0098 - 47ms/epoch - 16ms/step
Epoch 297/800
3/3 - 0s - loss: 0.0746 - mae: 0.0746 - mse: 0.0113 - 48ms/epoch - 16ms/step
Epoch 298/800
3/3 - 0s - loss: 0.0621 - mae: 0.0621 - mse: 0.0071 - 48ms/epoch - 16ms/step
Epoch 299/800
3/3 - 0s - loss: 0.0739 - mae: 0.0739 - mse: 0.0092 - 44ms/epoch - 15ms/step
Epoch 300/800
3/3 - 0s - loss: 0.0707 - mae: 0.0707 - mse: 0.0082 - 49ms/epoch - 16ms/step
Epoch 301/800
3/3 - 0s - loss: 0.0591 - mae: 0.0591 - mse: 0.0065 - 55ms/epoch - 18ms/step
Epoch 302/800
3/3 - 0s - loss: 0.0662 - mae: 0.0662 - mse: 0.0081 - 57ms/epoch - 19ms/step
Epoch 303/800
3/3 - 0s - loss: 0.0577 - mae: 0.0577 - mse: 0.0057 - 52ms/epoch - 17ms/step
Epoch 304/800
3/3 - 0s - loss: 0.0484 - mae: 0.0484 - mse: 0.0048 - 48ms/epoch - 16ms/step
Epoch 305/800
3/3 - 0s - loss: 0.0497 - mae: 0.0497 - mse: 0.0053 - 52ms/epoch - 17ms/step
Epoch 306/800
3/3 - 0s - loss: 0.0504 - mae: 0.0504 - mse: 0.0044 - 49ms/epoch - 16ms/step
Epoch 307/800
3/3 - 0s - loss: 0.0523 - mae: 0.0523 - mse: 0.0055 - 48ms/epoch - 16ms/step
Epoch 308/800
3/3 - 0s - loss: 0.0535 - mae: 0.0535 - mse: 0.0050 - 48ms/epoch - 16ms/step
Epoch 309/800
3/3 - 0s - loss: 0.0559 - mae: 0.0559 - mse: 0.0062 - 53ms/epoch - 18ms/step
Epoch 310/800
3/3 - 0s - loss: 0.0588 - mae: 0.0588 - mse: 0.0059 - 48ms/epoch - 16ms/step
Epoch 311/800
3/3 - 0s - loss: 0.0580 - mae: 0.0580 - mse: 0.0066 - 49ms/epoch - 16ms/step
Epoch 312/800
3/3 - 0s - loss: 0.0629 - mae: 0.0629 - mse: 0.0077 - 48ms/epoch - 16ms/step
Epoch 313/800
3/3 - 0s - loss: 0.0643 - mae: 0.0643 - mse: 0.0072 - 50ms/epoch - 17ms/step
Epoch 314/800
3/3 - 0s - loss: 0.0690 - mae: 0.0690 - mse: 0.0075 - 47ms/epoch - 16ms/step
Epoch 315/800
3/3 - 0s - loss: 0.0810 - mae: 0.0810 - mse: 0.0116 - 47ms/epoch - 16ms/step
Epoch 316/800
3/3 - 0s - loss: 0.0788 - mae: 0.0788 - mse: 0.0110 - 47ms/epoch - 16ms/step
Epoch 317/800
3/3 - 0s - loss: 0.0884 - mae: 0.0884 - mse: 0.0125 - 47ms/epoch - 16ms/step
Epoch 318/800
3/3 - 0s - loss: 0.0744 - mae: 0.0744 - mse: 0.0094 - 44ms/epoch - 15ms/step
Epoch 319/800
3/3 - 0s - loss: 0.0739 - mae: 0.0739 - mse: 0.0092 - 54ms/epoch - 18ms/step
Epoch 320/800
3/3 - 0s - loss: 0.0698 - mae: 0.0698 - mse: 0.0091 - 48ms/epoch - 16ms/step
Epoch 321/800
3/3 - 0s - loss: 0.0547 - mae: 0.0547 - mse: 0.0060 - 46ms/epoch - 15ms/step
Epoch 322/800
3/3 - 0s - loss: 0.0578 - mae: 0.0578 - mse: 0.0062 - 57ms/epoch - 19ms/step
Epoch 323/800
3/3 - 0s - loss: 0.0602 - mae: 0.0602 - mse: 0.0059 - 36ms/epoch - 12ms/step
Epoch 324/800
3/3 - 0s - loss: 0.0678 - mae: 0.0678 - mse: 0.0082 - 34ms/epoch - 11ms/step
Epoch 325/800
3/3 - 0s - loss: 0.0591 - mae: 0.0591 - mse: 0.0074 - 37ms/epoch - 12ms/step
Epoch 326/800
3/3 - 0s - loss: 0.0611 - mae: 0.0611 - mse: 0.0077 - 52ms/epoch - 17ms/step
Epoch 327/800
3/3 - 0s - loss: 0.0727 - mae: 0.0727 - mse: 0.0093 - 49ms/epoch - 16ms/step
Epoch 328/800
3/3 - 0s - loss: 0.0671 - mae: 0.0671 - mse: 0.0078 - 47ms/epoch - 16ms/step
Epoch 329/800
3/3 - 0s - loss: 0.0626 - mae: 0.0626 - mse: 0.0068 - 48ms/epoch - 16ms/step
Epoch 330/800
3/3 - 0s - loss: 0.0654 - mae: 0.0654 - mse: 0.0065 - 49ms/epoch - 16ms/step
Epoch 331/800
3/3 - 0s - loss: 0.0503 - mae: 0.0503 - mse: 0.0046 - 50ms/epoch - 17ms/step
Epoch 332/800
3/3 - 0s - loss: 0.0540 - mae: 0.0540 - mse: 0.0063 - 58ms/epoch - 19ms/step
Epoch 333/800
3/3 - 0s - loss: 0.0630 - mae: 0.0630 - mse: 0.0062 - 50ms/epoch - 17ms/step
Epoch 334/800
3/3 - 0s - loss: 0.0545 - mae: 0.0545 - mse: 0.0051 - 47ms/epoch - 16ms/step
Epoch 335/800
3/3 - 0s - loss: 0.0597 - mae: 0.0597 - mse: 0.0062 - 45ms/epoch - 15ms/step
Epoch 336/800
3/3 - 0s - loss: 0.0579 - mae: 0.0579 - mse: 0.0060 - 48ms/epoch - 16ms/step
Epoch 337/800
3/3 - 0s - loss: 0.0536 - mae: 0.0536 - mse: 0.0054 - 47ms/epoch - 16ms/step
Epoch 338/800
3/3 - 0s - loss: 0.0413 - mae: 0.0413 - mse: 0.0031 - 51ms/epoch - 17ms/step
Epoch 339/800
3/3 - 0s - loss: 0.0626 - mae: 0.0626 - mse: 0.0075 - 49ms/epoch - 16ms/step
Epoch 340/800
3/3 - 0s - loss: 0.0573 - mae: 0.0573 - mse: 0.0057 - 49ms/epoch - 16ms/step
Epoch 341/800
3/3 - 0s - loss: 0.0511 - mae: 0.0511 - mse: 0.0047 - 47ms/epoch - 16ms/step
Epoch 342/800
3/3 - 0s - loss: 0.0464 - mae: 0.0464 - mse: 0.0037 - 48ms/epoch - 16ms/step
Epoch 343/800
3/3 - 0s - loss: 0.0503 - mae: 0.0503 - mse: 0.0045 - 46ms/epoch - 15ms/step
Epoch 344/800
3/3 - 0s - loss: 0.0482 - mae: 0.0482 - mse: 0.0044 - 41ms/epoch - 14ms/step
Epoch 345/800
3/3 - 0s - loss: 0.0489 - mae: 0.0489 - mse: 0.0046 - 33ms/epoch - 11ms/step
Epoch 346/800
3/3 - 0s - loss: 0.0508 - mae: 0.0508 - mse: 0.0043 - 33ms/epoch - 11ms/step
Epoch 347/800
3/3 - 0s - loss: 0.0479 - mae: 0.0479 - mse: 0.0042 - 31ms/epoch - 10ms/step
Epoch 348/800
3/3 - 0s - loss: 0.0439 - mae: 0.0439 - mse: 0.0035 - 32ms/epoch - 11ms/step
Epoch 349/800
3/3 - 0s - loss: 0.0455 - mae: 0.0455 - mse: 0.0041 - 33ms/epoch - 11ms/step
Epoch 350/800
3/3 - 0s - loss: 0.0447 - mae: 0.0447 - mse: 0.0038 - 32ms/epoch - 11ms/step
Epoch 351/800
3/3 - 0s - loss: 0.0494 - mae: 0.0494 - mse: 0.0041 - 29ms/epoch - 10ms/step
Epoch 352/800
3/3 - 0s - loss: 0.0477 - mae: 0.0477 - mse: 0.0044 - 33ms/epoch - 11ms/step
Epoch 353/800
3/3 - 0s - loss: 0.0534 - mae: 0.0534 - mse: 0.0056 - 30ms/epoch - 10ms/step
Epoch 354/800
3/3 - 0s - loss: 0.0549 - mae: 0.0549 - mse: 0.0057 - 31ms/epoch - 10ms/step
Epoch 355/800
3/3 - 0s - loss: 0.0456 - mae: 0.0456 - mse: 0.0040 - 35ms/epoch - 12ms/step
Epoch 356/800
3/3 - 0s - loss: 0.0443 - mae: 0.0443 - mse: 0.0031 - 31ms/epoch - 10ms/step
Epoch 357/800
3/3 - 0s - loss: 0.0488 - mae: 0.0488 - mse: 0.0045 - 28ms/epoch - 9ms/step
Epoch 358/800
3/3 - 0s - loss: 0.0520 - mae: 0.0520 - mse: 0.0050 - 43ms/epoch - 14ms/step
Epoch 359/800
3/3 - 0s - loss: 0.0539 - mae: 0.0539 - mse: 0.0055 - 52ms/epoch - 17ms/step
Epoch 360/800
3/3 - 0s - loss: 0.0567 - mae: 0.0567 - mse: 0.0054 - 52ms/epoch - 17ms/step
Epoch 361/800
3/3 - 0s - loss: 0.0467 - mae: 0.0467 - mse: 0.0042 - 46ms/epoch - 15ms/step
Epoch 362/800
3/3 - 0s - loss: 0.0536 - mae: 0.0536 - mse: 0.0058 - 43ms/epoch - 14ms/step
Epoch 363/800
3/3 - 0s - loss: 0.0482 - mae: 0.0482 - mse: 0.0044 - 29ms/epoch - 10ms/step
Epoch 364/800
3/3 - 0s - loss: 0.0552 - mae: 0.0552 - mse: 0.0063 - 28ms/epoch - 9ms/step
Epoch 365/800
3/3 - 0s - loss: 0.0503 - mae: 0.0503 - mse: 0.0047 - 28ms/epoch - 9ms/step
Epoch 366/800
3/3 - 0s - loss: 0.0577 - mae: 0.0577 - mse: 0.0075 - 31ms/epoch - 10ms/step
Epoch 367/800
3/3 - 0s - loss: 0.0626 - mae: 0.0626 - mse: 0.0077 - 30ms/epoch - 10ms/step
Epoch 368/800
3/3 - 0s - loss: 0.0528 - mae: 0.0528 - mse: 0.0057 - 35ms/epoch - 12ms/step
Epoch 369/800
3/3 - 0s - loss: 0.0626 - mae: 0.0626 - mse: 0.0075 - 43ms/epoch - 14ms/step
Epoch 370/800
3/3 - 0s - loss: 0.0507 - mae: 0.0507 - mse: 0.0046 - 35ms/epoch - 12ms/step
Epoch 371/800
3/3 - 0s - loss: 0.0416 - mae: 0.0416 - mse: 0.0034 - 43ms/epoch - 14ms/step
Epoch 372/800
3/3 - 0s - loss: 0.0519 - mae: 0.0519 - mse: 0.0051 - 46ms/epoch - 15ms/step
Epoch 373/800
3/3 - 0s - loss: 0.0569 - mae: 0.0569 - mse: 0.0058 - 45ms/epoch - 15ms/step
Epoch 374/800
3/3 - 0s - loss: 0.0446 - mae: 0.0446 - mse: 0.0037 - 52ms/epoch - 17ms/step
Epoch 375/800
3/3 - 0s - loss: 0.0546 - mae: 0.0546 - mse: 0.0049 - 46ms/epoch - 15ms/step
Epoch 376/800
3/3 - 0s - loss: 0.0533 - mae: 0.0533 - mse: 0.0047 - 46ms/epoch - 15ms/step
Epoch 377/800
3/3 - 0s - loss: 0.0773 - mae: 0.0773 - mse: 0.0096 - 46ms/epoch - 15ms/step
Epoch 378/800
3/3 - 0s - loss: 0.0847 - mae: 0.0847 - mse: 0.0104 - 46ms/epoch - 15ms/step
Epoch 379/800
3/3 - 0s - loss: 0.0704 - mae: 0.0704 - mse: 0.0087 - 43ms/epoch - 14ms/step
Epoch 380/800
3/3 - 0s - loss: 0.0602 - mae: 0.0602 - mse: 0.0071 - 40ms/epoch - 13ms/step
Epoch 381/800
3/3 - 0s - loss: 0.0734 - mae: 0.0734 - mse: 0.0099 - 51ms/epoch - 17ms/step
Epoch 382/800
3/3 - 0s - loss: 0.0577 - mae: 0.0577 - mse: 0.0053 - 38ms/epoch - 13ms/step
Epoch 383/800
3/3 - 0s - loss: 0.0565 - mae: 0.0565 - mse: 0.0049 - 38ms/epoch - 13ms/step
Epoch 384/800
3/3 - 0s - loss: 0.0492 - mae: 0.0492 - mse: 0.0039 - 36ms/epoch - 12ms/step
Epoch 385/800
3/3 - 0s - loss: 0.0427 - mae: 0.0427 - mse: 0.0032 - 40ms/epoch - 13ms/step
Epoch 386/800
3/3 - 0s - loss: 0.0446 - mae: 0.0446 - mse: 0.0035 - 39ms/epoch - 13ms/step
Epoch 387/800
3/3 - 0s - loss: 0.0509 - mae: 0.0509 - mse: 0.0043 - 32ms/epoch - 11ms/step
Epoch 388/800
3/3 - 0s - loss: 0.0559 - mae: 0.0559 - mse: 0.0055 - 33ms/epoch - 11ms/step
Epoch 389/800
3/3 - 0s - loss: 0.0436 - mae: 0.0436 - mse: 0.0032 - 34ms/epoch - 11ms/step
Epoch 390/800
3/3 - 0s - loss: 0.0456 - mae: 0.0456 - mse: 0.0036 - 30ms/epoch - 10ms/step
Epoch 391/800
3/3 - 0s - loss: 0.0385 - mae: 0.0385 - mse: 0.0027 - 33ms/epoch - 11ms/step
Epoch 392/800
3/3 - 0s - loss: 0.0370 - mae: 0.0370 - mse: 0.0027 - 34ms/epoch - 11ms/step
Epoch 393/800
3/3 - 0s - loss: 0.0364 - mae: 0.0364 - mse: 0.0023 - 36ms/epoch - 12ms/step
Epoch 394/800
3/3 - 0s - loss: 0.0360 - mae: 0.0360 - mse: 0.0023 - 37ms/epoch - 12ms/step
Epoch 395/800
3/3 - 0s - loss: 0.0459 - mae: 0.0459 - mse: 0.0040 - 46ms/epoch - 15ms/step
Epoch 396/800
3/3 - 0s - loss: 0.0413 - mae: 0.0413 - mse: 0.0029 - 42ms/epoch - 14ms/step
Epoch 397/800
3/3 - 0s - loss: 0.0441 - mae: 0.0441 - mse: 0.0035 - 45ms/epoch - 15ms/step
Epoch 398/800
3/3 - 0s - loss: 0.0399 - mae: 0.0399 - mse: 0.0028 - 40ms/epoch - 13ms/step
Epoch 399/800
3/3 - 0s - loss: 0.0426 - mae: 0.0426 - mse: 0.0033 - 39ms/epoch - 13ms/step
Epoch 400/800
3/3 - 0s - loss: 0.0446 - mae: 0.0446 - mse: 0.0040 - 42ms/epoch - 14ms/step
Epoch 401/800
3/3 - 0s - loss: 0.0531 - mae: 0.0531 - mse: 0.0050 - 41ms/epoch - 14ms/step
Epoch 402/800
3/3 - 0s - loss: 0.0536 - mae: 0.0536 - mse: 0.0052 - 40ms/epoch - 13ms/step
Epoch 403/800
3/3 - 0s - loss: 0.0567 - mae: 0.0567 - mse: 0.0050 - 44ms/epoch - 15ms/step
Epoch 404/800
3/3 - 0s - loss: 0.0569 - mae: 0.0569 - mse: 0.0056 - 40ms/epoch - 13ms/step
Epoch 405/800
3/3 - 0s - loss: 0.0537 - mae: 0.0537 - mse: 0.0050 - 35ms/epoch - 12ms/step
Epoch 406/800
3/3 - 0s - loss: 0.0513 - mae: 0.0513 - mse: 0.0048 - 40ms/epoch - 13ms/step
Epoch 407/800
3/3 - 0s - loss: 0.0542 - mae: 0.0542 - mse: 0.0055 - 37ms/epoch - 12ms/step
Epoch 408/800
3/3 - 0s - loss: 0.0518 - mae: 0.0518 - mse: 0.0047 - 35ms/epoch - 12ms/step
Epoch 409/800
3/3 - 0s - loss: 0.0397 - mae: 0.0397 - mse: 0.0029 - 36ms/epoch - 12ms/step
Epoch 410/800
3/3 - 0s - loss: 0.0522 - mae: 0.0522 - mse: 0.0058 - 38ms/epoch - 13ms/step
Epoch 411/800
3/3 - 0s - loss: 0.0447 - mae: 0.0447 - mse: 0.0042 - 41ms/epoch - 14ms/step
Epoch 412/800
3/3 - 0s - loss: 0.0480 - mae: 0.0480 - mse: 0.0042 - 40ms/epoch - 13ms/step
Epoch 413/800
3/3 - 0s - loss: 0.0491 - mae: 0.0491 - mse: 0.0046 - 43ms/epoch - 14ms/step
Epoch 414/800
3/3 - 0s - loss: 0.0442 - mae: 0.0442 - mse: 0.0033 - 40ms/epoch - 13ms/step
Epoch 415/800
3/3 - 0s - loss: 0.0388 - mae: 0.0388 - mse: 0.0026 - 37ms/epoch - 12ms/step
Epoch 416/800
3/3 - 0s - loss: 0.0439 - mae: 0.0439 - mse: 0.0035 - 41ms/epoch - 14ms/step
Epoch 417/800
3/3 - 0s - loss: 0.0533 - mae: 0.0533 - mse: 0.0043 - 41ms/epoch - 14ms/step
Epoch 418/800
3/3 - 0s - loss: 0.0488 - mae: 0.0488 - mse: 0.0040 - 40ms/epoch - 13ms/step
Epoch 419/800
3/3 - 0s - loss: 0.0437 - mae: 0.0437 - mse: 0.0032 - 41ms/epoch - 14ms/step
Epoch 420/800
3/3 - 0s - loss: 0.0388 - mae: 0.0388 - mse: 0.0028 - 40ms/epoch - 13ms/step
Epoch 421/800
3/3 - 0s - loss: 0.0383 - mae: 0.0383 - mse: 0.0023 - 39ms/epoch - 13ms/step
Epoch 422/800
3/3 - 0s - loss: 0.0431 - mae: 0.0431 - mse: 0.0033 - 41ms/epoch - 14ms/step
Epoch 423/800
3/3 - 0s - loss: 0.0455 - mae: 0.0455 - mse: 0.0036 - 39ms/epoch - 13ms/step
Epoch 424/800
3/3 - 0s - loss: 0.0453 - mae: 0.0453 - mse: 0.0034 - 36ms/epoch - 12ms/step
Epoch 425/800
3/3 - 0s - loss: 0.0561 - mae: 0.0561 - mse: 0.0056 - 32ms/epoch - 11ms/step
Epoch 426/800
3/3 - 0s - loss: 0.0566 - mae: 0.0566 - mse: 0.0058 - 39ms/epoch - 13ms/step
Epoch 427/800
3/3 - 0s - loss: 0.0695 - mae: 0.0695 - mse: 0.0073 - 39ms/epoch - 13ms/step
Epoch 428/800
3/3 - 0s - loss: 0.0785 - mae: 0.0785 - mse: 0.0109 - 39ms/epoch - 13ms/step
Epoch 429/800
3/3 - 0s - loss: 0.0635 - mae: 0.0635 - mse: 0.0063 - 43ms/epoch - 14ms/step
Epoch 430/800
3/3 - 0s - loss: 0.0784 - mae: 0.0784 - mse: 0.0098 - 46ms/epoch - 15ms/step
Epoch 431/800
3/3 - 0s - loss: 0.0584 - mae: 0.0584 - mse: 0.0061 - 43ms/epoch - 14ms/step
Epoch 432/800
3/3 - 0s - loss: 0.0582 - mae: 0.0582 - mse: 0.0057 - 40ms/epoch - 13ms/step
Epoch 433/800
3/3 - 0s - loss: 0.0629 - mae: 0.0629 - mse: 0.0071 - 44ms/epoch - 15ms/step
Epoch 434/800
3/3 - 0s - loss: 0.0575 - mae: 0.0575 - mse: 0.0060 - 42ms/epoch - 14ms/step
Epoch 435/800
3/3 - 0s - loss: 0.0506 - mae: 0.0506 - mse: 0.0048 - 43ms/epoch - 14ms/step
Epoch 436/800
3/3 - 0s - loss: 0.0525 - mae: 0.0525 - mse: 0.0048 - 43ms/epoch - 14ms/step
Epoch 437/800
3/3 - 0s - loss: 0.0595 - mae: 0.0595 - mse: 0.0061 - 44ms/epoch - 15ms/step
Epoch 438/800
3/3 - 0s - loss: 0.0532 - mae: 0.0532 - mse: 0.0046 - 40ms/epoch - 13ms/step
Epoch 439/800
3/3 - 0s - loss: 0.0582 - mae: 0.0582 - mse: 0.0058 - 43ms/epoch - 14ms/step
Epoch 440/800
3/3 - 0s - loss: 0.0413 - mae: 0.0413 - mse: 0.0027 - 40ms/epoch - 13ms/step
Epoch 441/800
3/3 - 0s - loss: 0.0522 - mae: 0.0522 - mse: 0.0042 - 42ms/epoch - 14ms/step
Epoch 442/800
3/3 - 0s - loss: 0.0494 - mae: 0.0494 - mse: 0.0038 - 39ms/epoch - 13ms/step
Epoch 443/800
3/3 - 0s - loss: 0.0503 - mae: 0.0503 - mse: 0.0041 - 44ms/epoch - 15ms/step
Epoch 444/800
3/3 - 0s - loss: 0.0479 - mae: 0.0479 - mse: 0.0039 - 43ms/epoch - 14ms/step
Epoch 445/800
3/3 - 0s - loss: 0.0484 - mae: 0.0484 - mse: 0.0042 - 45ms/epoch - 15ms/step
Epoch 446/800
3/3 - 0s - loss: 0.0526 - mae: 0.0526 - mse: 0.0043 - 50ms/epoch - 17ms/step
Epoch 447/800
3/3 - 0s - loss: 0.0473 - mae: 0.0473 - mse: 0.0044 - 50ms/epoch - 17ms/step
Epoch 448/800
3/3 - 0s - loss: 0.0431 - mae: 0.0431 - mse: 0.0036 - 49ms/epoch - 16ms/step
Epoch 449/800
3/3 - 0s - loss: 0.0435 - mae: 0.0435 - mse: 0.0032 - 45ms/epoch - 15ms/step
Epoch 450/800
3/3 - 0s - loss: 0.0431 - mae: 0.0431 - mse: 0.0033 - 52ms/epoch - 17ms/step
Epoch 451/800
3/3 - 0s - loss: 0.0440 - mae: 0.0440 - mse: 0.0034 - 49ms/epoch - 16ms/step
Epoch 452/800
3/3 - 0s - loss: 0.0458 - mae: 0.0458 - mse: 0.0038 - 49ms/epoch - 16ms/step
Epoch 453/800
3/3 - 0s - loss: 0.0387 - mae: 0.0387 - mse: 0.0024 - 47ms/epoch - 16ms/step
Epoch 454/800
3/3 - 0s - loss: 0.0375 - mae: 0.0375 - mse: 0.0026 - 48ms/epoch - 16ms/step
Epoch 455/800
3/3 - 0s - loss: 0.0442 - mae: 0.0442 - mse: 0.0041 - 46ms/epoch - 15ms/step
Epoch 456/800
3/3 - 0s - loss: 0.0483 - mae: 0.0483 - mse: 0.0045 - 47ms/epoch - 16ms/step
Epoch 457/800
3/3 - 0s - loss: 0.0395 - mae: 0.0395 - mse: 0.0026 - 46ms/epoch - 15ms/step
Epoch 458/800
3/3 - 0s - loss: 0.0391 - mae: 0.0391 - mse: 0.0027 - 47ms/epoch - 16ms/step
Epoch 459/800
3/3 - 0s - loss: 0.0461 - mae: 0.0461 - mse: 0.0034 - 47ms/epoch - 16ms/step
Epoch 460/800
3/3 - 0s - loss: 0.0477 - mae: 0.0477 - mse: 0.0036 - 44ms/epoch - 15ms/step
Epoch 461/800
3/3 - 0s - loss: 0.0459 - mae: 0.0459 - mse: 0.0033 - 44ms/epoch - 15ms/step
Epoch 462/800
3/3 - 0s - loss: 0.0428 - mae: 0.0428 - mse: 0.0030 - 43ms/epoch - 14ms/step
Epoch 463/800
3/3 - 0s - loss: 0.0498 - mae: 0.0498 - mse: 0.0039 - 44ms/epoch - 15ms/step
Epoch 464/800
3/3 - 0s - loss: 0.0448 - mae: 0.0448 - mse: 0.0039 - 52ms/epoch - 17ms/step
Epoch 465/800
3/3 - 0s - loss: 0.0476 - mae: 0.0476 - mse: 0.0041 - 50ms/epoch - 17ms/step
Epoch 466/800
3/3 - 0s - loss: 0.0490 - mae: 0.0490 - mse: 0.0043 - 52ms/epoch - 17ms/step
Epoch 467/800
3/3 - 0s - loss: 0.0341 - mae: 0.0341 - mse: 0.0020 - 49ms/epoch - 16ms/step
Epoch 468/800
3/3 - 0s - loss: 0.0332 - mae: 0.0332 - mse: 0.0020 - 43ms/epoch - 14ms/step
Epoch 469/800
3/3 - 0s - loss: 0.0370 - mae: 0.0370 - mse: 0.0021 - 46ms/epoch - 15ms/step
Epoch 470/800
3/3 - 0s - loss: 0.0320 - mae: 0.0320 - mse: 0.0018 - 44ms/epoch - 15ms/step
Epoch 471/800
3/3 - 0s - loss: 0.0362 - mae: 0.0362 - mse: 0.0022 - 44ms/epoch - 15ms/step
Epoch 472/800
3/3 - 0s - loss: 0.0408 - mae: 0.0408 - mse: 0.0031 - 44ms/epoch - 15ms/step
Epoch 473/800
3/3 - 0s - loss: 0.0431 - mae: 0.0431 - mse: 0.0032 - 46ms/epoch - 15ms/step
Epoch 474/800
3/3 - 0s - loss: 0.0382 - mae: 0.0382 - mse: 0.0024 - 44ms/epoch - 15ms/step
Epoch 475/800
3/3 - 0s - loss: 0.0361 - mae: 0.0361 - mse: 0.0024 - 44ms/epoch - 15ms/step
Epoch 476/800
3/3 - 0s - loss: 0.0332 - mae: 0.0332 - mse: 0.0021 - 47ms/epoch - 16ms/step
Epoch 477/800
3/3 - 0s - loss: 0.0408 - mae: 0.0408 - mse: 0.0029 - 45ms/epoch - 15ms/step
Epoch 478/800
3/3 - 0s - loss: 0.0319 - mae: 0.0319 - mse: 0.0018 - 45ms/epoch - 15ms/step
Epoch 479/800
3/3 - 0s - loss: 0.0363 - mae: 0.0363 - mse: 0.0022 - 50ms/epoch - 17ms/step
Epoch 480/800
3/3 - 0s - loss: 0.0284 - mae: 0.0284 - mse: 0.0015 - 48ms/epoch - 16ms/step
Epoch 481/800
3/3 - 0s - loss: 0.0311 - mae: 0.0311 - mse: 0.0017 - 48ms/epoch - 16ms/step
Epoch 482/800
3/3 - 0s - loss: 0.0285 - mae: 0.0285 - mse: 0.0014 - 46ms/epoch - 15ms/step
Epoch 483/800
3/3 - 0s - loss: 0.0325 - mae: 0.0325 - mse: 0.0021 - 47ms/epoch - 16ms/step
Epoch 484/800
3/3 - 0s - loss: 0.0326 - mae: 0.0326 - mse: 0.0023 - 45ms/epoch - 15ms/step
Epoch 485/800
3/3 - 0s - loss: 0.0335 - mae: 0.0335 - mse: 0.0019 - 44ms/epoch - 15ms/step
Epoch 486/800
3/3 - 0s - loss: 0.0366 - mae: 0.0366 - mse: 0.0025 - 44ms/epoch - 15ms/step
Epoch 487/800
3/3 - 0s - loss: 0.0396 - mae: 0.0396 - mse: 0.0028 - 44ms/epoch - 15ms/step
Epoch 488/800
3/3 - 0s - loss: 0.0395 - mae: 0.0395 - mse: 0.0027 - 44ms/epoch - 15ms/step
Epoch 489/800
3/3 - 0s - loss: 0.0414 - mae: 0.0414 - mse: 0.0032 - 43ms/epoch - 14ms/step
Epoch 490/800
3/3 - 0s - loss: 0.0383 - mae: 0.0383 - mse: 0.0024 - 41ms/epoch - 14ms/step
Epoch 491/800
3/3 - 0s - loss: 0.0502 - mae: 0.0502 - mse: 0.0049 - 38ms/epoch - 13ms/step
Epoch 492/800
3/3 - 0s - loss: 0.0447 - mae: 0.0447 - mse: 0.0043 - 33ms/epoch - 11ms/step
Epoch 493/800
3/3 - 0s - loss: 0.0571 - mae: 0.0571 - mse: 0.0057 - 33ms/epoch - 11ms/step
Epoch 494/800
3/3 - 0s - loss: 0.0445 - mae: 0.0445 - mse: 0.0038 - 40ms/epoch - 13ms/step
Epoch 495/800
3/3 - 0s - loss: 0.0405 - mae: 0.0405 - mse: 0.0034 - 47ms/epoch - 16ms/step
Epoch 496/800
3/3 - 0s - loss: 0.0383 - mae: 0.0383 - mse: 0.0023 - 50ms/epoch - 17ms/step
Epoch 497/800
3/3 - 0s - loss: 0.0365 - mae: 0.0365 - mse: 0.0027 - 44ms/epoch - 15ms/step
Epoch 498/800
3/3 - 0s - loss: 0.0279 - mae: 0.0279 - mse: 0.0013 - 48ms/epoch - 16ms/step
Epoch 499/800
3/3 - 0s - loss: 0.0317 - mae: 0.0317 - mse: 0.0017 - 47ms/epoch - 16ms/step
Epoch 500/800
3/3 - 0s - loss: 0.0337 - mae: 0.0337 - mse: 0.0017 - 46ms/epoch - 15ms/step
Epoch 501/800
3/3 - 0s - loss: 0.0295 - mae: 0.0295 - mse: 0.0014 - 43ms/epoch - 14ms/step
Epoch 502/800
3/3 - 0s - loss: 0.0271 - mae: 0.0271 - mse: 0.0012 - 43ms/epoch - 14ms/step
Epoch 503/800
3/3 - 0s - loss: 0.0272 - mae: 0.0272 - mse: 0.0012 - 44ms/epoch - 15ms/step
Epoch 504/800
3/3 - 0s - loss: 0.0252 - mae: 0.0252 - mse: 0.0011 - 43ms/epoch - 14ms/step
Epoch 505/800
3/3 - 0s - loss: 0.0321 - mae: 0.0321 - mse: 0.0018 - 41ms/epoch - 14ms/step
Epoch 506/800
3/3 - 0s - loss: 0.0292 - mae: 0.0292 - mse: 0.0014 - 46ms/epoch - 15ms/step
Epoch 507/800
3/3 - 0s - loss: 0.0291 - mae: 0.0291 - mse: 0.0013 - 45ms/epoch - 15ms/step
Epoch 508/800
3/3 - 0s - loss: 0.0282 - mae: 0.0282 - mse: 0.0015 - 48ms/epoch - 16ms/step
Epoch 509/800
3/3 - 0s - loss: 0.0356 - mae: 0.0356 - mse: 0.0023 - 44ms/epoch - 15ms/step
Epoch 510/800
3/3 - 0s - loss: 0.0354 - mae: 0.0354 - mse: 0.0020 - 57ms/epoch - 19ms/step
Epoch 511/800
3/3 - 0s - loss: 0.0437 - mae: 0.0437 - mse: 0.0029 - 49ms/epoch - 16ms/step
Epoch 512/800
3/3 - 0s - loss: 0.0399 - mae: 0.0399 - mse: 0.0027 - 46ms/epoch - 15ms/step
Epoch 513/800
3/3 - 0s - loss: 0.0400 - mae: 0.0400 - mse: 0.0025 - 44ms/epoch - 15ms/step
Epoch 514/800
3/3 - 0s - loss: 0.0334 - mae: 0.0334 - mse: 0.0019 - 44ms/epoch - 15ms/step
Epoch 515/800
3/3 - 0s - loss: 0.0294 - mae: 0.0294 - mse: 0.0016 - 44ms/epoch - 15ms/step
Epoch 516/800
3/3 - 0s - loss: 0.0237 - mae: 0.0237 - mse: 0.0010 - 46ms/epoch - 15ms/step
Epoch 517/800
3/3 - 0s - loss: 0.0213 - mae: 0.0213 - mse: 7.3245e-04 - 49ms/epoch - 16ms/step
Epoch 518/800
3/3 - 0s - loss: 0.0282 - mae: 0.0282 - mse: 0.0015 - 50ms/epoch - 17ms/step
Epoch 519/800
3/3 - 0s - loss: 0.0256 - mae: 0.0256 - mse: 0.0012 - 48ms/epoch - 16ms/step
Epoch 520/800
3/3 - 0s - loss: 0.0345 - mae: 0.0345 - mse: 0.0020 - 51ms/epoch - 17ms/step
Epoch 521/800
3/3 - 0s - loss: 0.0300 - mae: 0.0300 - mse: 0.0014 - 47ms/epoch - 16ms/step
Epoch 522/800
3/3 - 0s - loss: 0.0352 - mae: 0.0352 - mse: 0.0020 - 50ms/epoch - 17ms/step
Epoch 523/800
3/3 - 0s - loss: 0.0338 - mae: 0.0338 - mse: 0.0019 - 53ms/epoch - 18ms/step
Epoch 524/800
3/3 - 0s - loss: 0.0322 - mae: 0.0322 - mse: 0.0018 - 55ms/epoch - 18ms/step
Epoch 525/800
3/3 - 0s - loss: 0.0370 - mae: 0.0370 - mse: 0.0027 - 53ms/epoch - 18ms/step
Epoch 526/800
3/3 - 0s - loss: 0.0333 - mae: 0.0333 - mse: 0.0022 - 48ms/epoch - 16ms/step
Epoch 527/800
3/3 - 0s - loss: 0.0349 - mae: 0.0349 - mse: 0.0021 - 47ms/epoch - 16ms/step
Epoch 528/800
3/3 - 0s - loss: 0.0330 - mae: 0.0330 - mse: 0.0020 - 46ms/epoch - 15ms/step
Epoch 529/800
3/3 - 0s - loss: 0.0275 - mae: 0.0275 - mse: 0.0012 - 44ms/epoch - 15ms/step
Epoch 530/800
3/3 - 0s - loss: 0.0316 - mae: 0.0316 - mse: 0.0017 - 45ms/epoch - 15ms/step
Epoch 531/800
3/3 - 0s - loss: 0.0337 - mae: 0.0337 - mse: 0.0019 - 46ms/epoch - 15ms/step
Epoch 532/800
3/3 - 0s - loss: 0.0377 - mae: 0.0377 - mse: 0.0024 - 45ms/epoch - 15ms/step
Epoch 533/800
3/3 - 0s - loss: 0.0359 - mae: 0.0359 - mse: 0.0028 - 46ms/epoch - 15ms/step
Epoch 534/800
3/3 - 0s - loss: 0.0326 - mae: 0.0326 - mse: 0.0020 - 53ms/epoch - 18ms/step
Epoch 535/800
3/3 - 0s - loss: 0.0311 - mae: 0.0311 - mse: 0.0016 - 49ms/epoch - 16ms/step
Epoch 536/800
3/3 - 0s - loss: 0.0297 - mae: 0.0297 - mse: 0.0015 - 48ms/epoch - 16ms/step
Epoch 537/800
3/3 - 0s - loss: 0.0290 - mae: 0.0290 - mse: 0.0013 - 50ms/epoch - 17ms/step
Epoch 538/800
3/3 - 0s - loss: 0.0262 - mae: 0.0262 - mse: 0.0012 - 55ms/epoch - 18ms/step
Epoch 539/800
3/3 - 0s - loss: 0.0254 - mae: 0.0254 - mse: 0.0010 - 51ms/epoch - 17ms/step
Epoch 540/800
3/3 - 0s - loss: 0.0238 - mae: 0.0238 - mse: 9.7888e-04 - 50ms/epoch - 17ms/step
Epoch 541/800
3/3 - 0s - loss: 0.0280 - mae: 0.0280 - mse: 0.0014 - 48ms/epoch - 16ms/step
Epoch 542/800
3/3 - 0s - loss: 0.0271 - mae: 0.0271 - mse: 0.0014 - 47ms/epoch - 16ms/step
Epoch 543/800
3/3 - 0s - loss: 0.0224 - mae: 0.0224 - mse: 8.6700e-04 - 48ms/epoch - 16ms/step
Epoch 544/800
3/3 - 0s - loss: 0.0245 - mae: 0.0245 - mse: 0.0013 - 47ms/epoch - 16ms/step
Epoch 545/800
3/3 - 0s - loss: 0.0249 - mae: 0.0249 - mse: 9.8469e-04 - 47ms/epoch - 16ms/step
Epoch 546/800
3/3 - 0s - loss: 0.0272 - mae: 0.0272 - mse: 0.0013 - 46ms/epoch - 15ms/step
Epoch 547/800
3/3 - 0s - loss: 0.0278 - mae: 0.0278 - mse: 0.0013 - 46ms/epoch - 15ms/step
Epoch 548/800
3/3 - 0s - loss: 0.0231 - mae: 0.0231 - mse: 9.2309e-04 - 44ms/epoch - 15ms/step
Epoch 549/800
3/3 - 0s - loss: 0.0282 - mae: 0.0282 - mse: 0.0015 - 45ms/epoch - 15ms/step
Epoch 550/800
3/3 - 0s - loss: 0.0267 - mae: 0.0267 - mse: 0.0011 - 55ms/epoch - 18ms/step
Epoch 551/800
3/3 - 0s - loss: 0.0279 - mae: 0.0279 - mse: 0.0013 - 54ms/epoch - 18ms/step
Epoch 552/800
3/3 - 0s - loss: 0.0257 - mae: 0.0257 - mse: 0.0011 - 53ms/epoch - 18ms/step
Epoch 553/800
3/3 - 0s - loss: 0.0261 - mae: 0.0261 - mse: 0.0011 - 48ms/epoch - 16ms/step
Epoch 554/800
3/3 - 0s - loss: 0.0220 - mae: 0.0220 - mse: 8.4010e-04 - 54ms/epoch - 18ms/step
Epoch 555/800
3/3 - 0s - loss: 0.0197 - mae: 0.0197 - mse: 7.5758e-04 - 53ms/epoch - 18ms/step
Epoch 556/800
3/3 - 0s - loss: 0.0202 - mae: 0.0202 - mse: 6.8250e-04 - 49ms/epoch - 16ms/step
Epoch 557/800
3/3 - 0s - loss: 0.0219 - mae: 0.0219 - mse: 7.5822e-04 - 47ms/epoch - 16ms/step
Epoch 558/800
3/3 - 0s - loss: 0.0236 - mae: 0.0236 - mse: 0.0011 - 46ms/epoch - 15ms/step
Epoch 559/800
3/3 - 0s - loss: 0.0210 - mae: 0.0210 - mse: 9.8180e-04 - 47ms/epoch - 16ms/step
Epoch 560/800
3/3 - 0s - loss: 0.0204 - mae: 0.0204 - mse: 7.5075e-04 - 48ms/epoch - 16ms/step
Epoch 561/800
3/3 - 0s - loss: 0.0209 - mae: 0.0209 - mse: 8.1567e-04 - 48ms/epoch - 16ms/step
Epoch 562/800
3/3 - 0s - loss: 0.0192 - mae: 0.0192 - mse: 7.1408e-04 - 46ms/epoch - 15ms/step
Epoch 563/800
3/3 - 0s - loss: 0.0215 - mae: 0.0215 - mse: 0.0011 - 49ms/epoch - 16ms/step
Epoch 564/800
3/3 - 0s - loss: 0.0203 - mae: 0.0203 - mse: 7.9169e-04 - 51ms/epoch - 17ms/step
Epoch 565/800
3/3 - 0s - loss: 0.0214 - mae: 0.0214 - mse: 7.6227e-04 - 60ms/epoch - 20ms/step
Epoch 566/800
3/3 - 0s - loss: 0.0214 - mae: 0.0214 - mse: 8.1555e-04 - 53ms/epoch - 18ms/step
Epoch 567/800
3/3 - 0s - loss: 0.0200 - mae: 0.0200 - mse: 6.1755e-04 - 50ms/epoch - 17ms/step
Epoch 568/800
3/3 - 0s - loss: 0.0250 - mae: 0.0250 - mse: 0.0011 - 48ms/epoch - 16ms/step
Epoch 569/800
3/3 - 0s - loss: 0.0254 - mae: 0.0254 - mse: 0.0011 - 48ms/epoch - 16ms/step
Epoch 570/800
3/3 - 0s - loss: 0.0250 - mae: 0.0250 - mse: 0.0011 - 51ms/epoch - 17ms/step
Epoch 571/800
3/3 - 0s - loss: 0.0214 - mae: 0.0214 - mse: 9.1176e-04 - 49ms/epoch - 16ms/step
Epoch 572/800
3/3 - 0s - loss: 0.0192 - mae: 0.0192 - mse: 7.4202e-04 - 49ms/epoch - 16ms/step
Epoch 573/800
3/3 - 0s - loss: 0.0300 - mae: 0.0300 - mse: 0.0017 - 48ms/epoch - 16ms/step
Epoch 574/800
3/3 - 0s - loss: 0.0264 - mae: 0.0264 - mse: 0.0014 - 51ms/epoch - 17ms/step
Epoch 575/800
3/3 - 0s - loss: 0.0255 - mae: 0.0255 - mse: 0.0013 - 51ms/epoch - 17ms/step
Epoch 576/800
3/3 - 0s - loss: 0.0262 - mae: 0.0262 - mse: 0.0012 - 50ms/epoch - 17ms/step
Epoch 577/800
3/3 - 0s - loss: 0.0267 - mae: 0.0267 - mse: 0.0012 - 50ms/epoch - 17ms/step
Epoch 578/800
3/3 - 0s - loss: 0.0240 - mae: 0.0240 - mse: 9.5637e-04 - 50ms/epoch - 17ms/step
Epoch 579/800
3/3 - 0s - loss: 0.0207 - mae: 0.0207 - mse: 8.7495e-04 - 50ms/epoch - 17ms/step
Epoch 580/800
3/3 - 0s - loss: 0.0260 - mae: 0.0260 - mse: 0.0013 - 50ms/epoch - 17ms/step
Epoch 581/800
3/3 - 0s - loss: 0.0290 - mae: 0.0290 - mse: 0.0014 - 50ms/epoch - 17ms/step
Epoch 582/800
3/3 - 0s - loss: 0.0223 - mae: 0.0223 - mse: 8.2146e-04 - 50ms/epoch - 17ms/step
Epoch 583/800
3/3 - 0s - loss: 0.0235 - mae: 0.0235 - mse: 9.9677e-04 - 48ms/epoch - 16ms/step
Epoch 584/800
3/3 - 0s - loss: 0.0221 - mae: 0.0221 - mse: 8.2860e-04 - 51ms/epoch - 17ms/step
Epoch 585/800
3/3 - 0s - loss: 0.0216 - mae: 0.0216 - mse: 8.3745e-04 - 49ms/epoch - 16ms/step
Epoch 586/800
3/3 - 0s - loss: 0.0238 - mae: 0.0238 - mse: 9.5286e-04 - 49ms/epoch - 16ms/step
Epoch 587/800
3/3 - 0s - loss: 0.0188 - mae: 0.0188 - mse: 6.5843e-04 - 48ms/epoch - 16ms/step
Epoch 588/800
3/3 - 0s - loss: 0.0287 - mae: 0.0287 - mse: 0.0014 - 49ms/epoch - 16ms/step
Epoch 589/800
3/3 - 0s - loss: 0.0220 - mae: 0.0220 - mse: 8.9659e-04 - 45ms/epoch - 15ms/step
Epoch 590/800
3/3 - 0s - loss: 0.0254 - mae: 0.0254 - mse: 0.0011 - 45ms/epoch - 15ms/step
Epoch 591/800
3/3 - 0s - loss: 0.0193 - mae: 0.0193 - mse: 5.8585e-04 - 53ms/epoch - 18ms/step
Epoch 592/800
3/3 - 0s - loss: 0.0197 - mae: 0.0197 - mse: 6.9461e-04 - 47ms/epoch - 16ms/step
Epoch 593/800
3/3 - 0s - loss: 0.0184 - mae: 0.0184 - mse: 5.6979e-04 - 44ms/epoch - 15ms/step
Epoch 594/800
3/3 - 0s - loss: 0.0160 - mae: 0.0160 - mse: 4.0375e-04 - 46ms/epoch - 15ms/step
Epoch 595/800
3/3 - 0s - loss: 0.0163 - mae: 0.0163 - mse: 4.6449e-04 - 53ms/epoch - 18ms/step
Epoch 596/800
3/3 - 0s - loss: 0.0163 - mae: 0.0163 - mse: 5.0265e-04 - 47ms/epoch - 16ms/step
Epoch 597/800
3/3 - 0s - loss: 0.0161 - mae: 0.0161 - mse: 4.2029e-04 - 56ms/epoch - 19ms/step
Epoch 598/800
3/3 - 0s - loss: 0.0165 - mae: 0.0165 - mse: 4.4085e-04 - 55ms/epoch - 18ms/step
Epoch 599/800
3/3 - 0s - loss: 0.0186 - mae: 0.0186 - mse: 5.5071e-04 - 55ms/epoch - 18ms/step
Epoch 600/800
3/3 - 0s - loss: 0.0170 - mae: 0.0170 - mse: 4.6051e-04 - 49ms/epoch - 16ms/step
Epoch 601/800
3/3 - 0s - loss: 0.0179 - mae: 0.0179 - mse: 5.2726e-04 - 50ms/epoch - 17ms/step
Epoch 602/800
3/3 - 0s - loss: 0.0148 - mae: 0.0148 - mse: 3.6660e-04 - 47ms/epoch - 16ms/step
Epoch 603/800
3/3 - 0s - loss: 0.0149 - mae: 0.0149 - mse: 3.7410e-04 - 46ms/epoch - 15ms/step
Epoch 604/800
3/3 - 0s - loss: 0.0167 - mae: 0.0167 - mse: 5.0954e-04 - 46ms/epoch - 15ms/step
Epoch 605/800
3/3 - 0s - loss: 0.0194 - mae: 0.0194 - mse: 6.2701e-04 - 47ms/epoch - 16ms/step
Epoch 606/800
3/3 - 0s - loss: 0.0201 - mae: 0.0201 - mse: 7.1604e-04 - 50ms/epoch - 17ms/step
Epoch 607/800
3/3 - 0s - loss: 0.0146 - mae: 0.0146 - mse: 3.9252e-04 - 49ms/epoch - 16ms/step
Epoch 608/800
3/3 - 0s - loss: 0.0165 - mae: 0.0165 - mse: 5.4172e-04 - 54ms/epoch - 18ms/step
Epoch 609/800
3/3 - 0s - loss: 0.0157 - mae: 0.0157 - mse: 4.0794e-04 - 50ms/epoch - 17ms/step
Epoch 610/800
3/3 - 0s - loss: 0.0185 - mae: 0.0185 - mse: 5.8196e-04 - 49ms/epoch - 16ms/step
Epoch 611/800
3/3 - 0s - loss: 0.0164 - mae: 0.0164 - mse: 4.7819e-04 - 49ms/epoch - 16ms/step
Epoch 612/800
3/3 - 0s - loss: 0.0158 - mae: 0.0158 - mse: 4.2459e-04 - 51ms/epoch - 17ms/step
Epoch 613/800
3/3 - 0s - loss: 0.0160 - mae: 0.0160 - mse: 4.4608e-04 - 57ms/epoch - 19ms/step
Epoch 614/800
3/3 - 0s - loss: 0.0168 - mae: 0.0168 - mse: 5.3232e-04 - 52ms/epoch - 17ms/step
Epoch 615/800
3/3 - 0s - loss: 0.0189 - mae: 0.0189 - mse: 6.1373e-04 - 49ms/epoch - 16ms/step
Epoch 616/800
3/3 - 0s - loss: 0.0167 - mae: 0.0167 - mse: 4.8516e-04 - 57ms/epoch - 19ms/step
Epoch 617/800
3/3 - 0s - loss: 0.0187 - mae: 0.0187 - mse: 5.7566e-04 - 51ms/epoch - 17ms/step
Epoch 618/800
3/3 - 0s - loss: 0.0206 - mae: 0.0206 - mse: 7.0548e-04 - 50ms/epoch - 17ms/step
Epoch 619/800
3/3 - 0s - loss: 0.0153 - mae: 0.0153 - mse: 3.7101e-04 - 48ms/epoch - 16ms/step
Epoch 620/800
3/3 - 0s - loss: 0.0171 - mae: 0.0171 - mse: 5.2014e-04 - 50ms/epoch - 17ms/step
Epoch 621/800
3/3 - 0s - loss: 0.0163 - mae: 0.0163 - mse: 4.3852e-04 - 50ms/epoch - 17ms/step
Epoch 622/800
3/3 - 0s - loss: 0.0166 - mae: 0.0166 - mse: 4.6084e-04 - 50ms/epoch - 17ms/step
Epoch 623/800
3/3 - 0s - loss: 0.0190 - mae: 0.0190 - mse: 6.2564e-04 - 50ms/epoch - 17ms/step
Epoch 624/800
3/3 - 0s - loss: 0.0176 - mae: 0.0176 - mse: 5.4123e-04 - 52ms/epoch - 17ms/step
Epoch 625/800
3/3 - 0s - loss: 0.0174 - mae: 0.0174 - mse: 5.4009e-04 - 50ms/epoch - 17ms/step
Epoch 626/800
3/3 - 0s - loss: 0.0148 - mae: 0.0148 - mse: 3.6414e-04 - 49ms/epoch - 16ms/step
Epoch 627/800
3/3 - 0s - loss: 0.0153 - mae: 0.0153 - mse: 3.9565e-04 - 50ms/epoch - 17ms/step
Epoch 628/800
3/3 - 0s - loss: 0.0123 - mae: 0.0123 - mse: 2.8751e-04 - 49ms/epoch - 16ms/step
Epoch 629/800
3/3 - 0s - loss: 0.0131 - mae: 0.0131 - mse: 2.8104e-04 - 50ms/epoch - 17ms/step
Epoch 630/800
3/3 - 0s - loss: 0.0122 - mae: 0.0122 - mse: 2.9843e-04 - 53ms/epoch - 18ms/step
Epoch 631/800
3/3 - 0s - loss: 0.0121 - mae: 0.0121 - mse: 2.4583e-04 - 52ms/epoch - 17ms/step
Epoch 632/800
3/3 - 0s - loss: 0.0150 - mae: 0.0150 - mse: 3.6600e-04 - 54ms/epoch - 18ms/step
Epoch 633/800
3/3 - 0s - loss: 0.0136 - mae: 0.0136 - mse: 2.8691e-04 - 53ms/epoch - 18ms/step
Epoch 634/800
3/3 - 0s - loss: 0.0158 - mae: 0.0158 - mse: 3.7719e-04 - 50ms/epoch - 17ms/step
Epoch 635/800
3/3 - 0s - loss: 0.0124 - mae: 0.0124 - mse: 2.4442e-04 - 48ms/epoch - 16ms/step
Epoch 636/800
3/3 - 0s - loss: 0.0135 - mae: 0.0135 - mse: 3.2006e-04 - 48ms/epoch - 16ms/step
Epoch 637/800
3/3 - 0s - loss: 0.0164 - mae: 0.0164 - mse: 4.5016e-04 - 50ms/epoch - 17ms/step
Epoch 638/800
3/3 - 0s - loss: 0.0156 - mae: 0.0156 - mse: 4.1960e-04 - 52ms/epoch - 17ms/step
Epoch 639/800
3/3 - 0s - loss: 0.0150 - mae: 0.0150 - mse: 3.9956e-04 - 54ms/epoch - 18ms/step
Epoch 640/800
3/3 - 0s - loss: 0.0169 - mae: 0.0169 - mse: 4.5961e-04 - 49ms/epoch - 16ms/step
Epoch 641/800
3/3 - 0s - loss: 0.0194 - mae: 0.0194 - mse: 5.5164e-04 - 49ms/epoch - 16ms/step
Epoch 642/800
3/3 - 0s - loss: 0.0177 - mae: 0.0177 - mse: 5.2811e-04 - 47ms/epoch - 16ms/step
Epoch 643/800
3/3 - 0s - loss: 0.0194 - mae: 0.0194 - mse: 6.2788e-04 - 47ms/epoch - 16ms/step
Epoch 644/800
3/3 - 0s - loss: 0.0149 - mae: 0.0149 - mse: 3.3734e-04 - 47ms/epoch - 16ms/step
Epoch 645/800
3/3 - 0s - loss: 0.0161 - mae: 0.0161 - mse: 3.9813e-04 - 46ms/epoch - 15ms/step
Epoch 646/800
3/3 - 0s - loss: 0.0182 - mae: 0.0182 - mse: 5.4420e-04 - 44ms/epoch - 15ms/step
Epoch 647/800
3/3 - 0s - loss: 0.0185 - mae: 0.0185 - mse: 5.0598e-04 - 42ms/epoch - 14ms/step
Epoch 648/800
3/3 - 0s - loss: 0.0245 - mae: 0.0245 - mse: 7.9983e-04 - 50ms/epoch - 17ms/step
Epoch 649/800
3/3 - 0s - loss: 0.0229 - mae: 0.0229 - mse: 7.2321e-04 - 55ms/epoch - 18ms/step
Epoch 650/800
3/3 - 0s - loss: 0.0214 - mae: 0.0214 - mse: 7.7160e-04 - 54ms/epoch - 18ms/step
Epoch 651/800
3/3 - 0s - loss: 0.0193 - mae: 0.0193 - mse: 6.6558e-04 - 52ms/epoch - 17ms/step
Epoch 652/800
3/3 - 0s - loss: 0.0200 - mae: 0.0200 - mse: 5.9586e-04 - 47ms/epoch - 16ms/step
Epoch 653/800
3/3 - 0s - loss: 0.0168 - mae: 0.0168 - mse: 4.8110e-04 - 48ms/epoch - 16ms/step
Epoch 654/800
3/3 - 0s - loss: 0.0169 - mae: 0.0169 - mse: 4.7843e-04 - 55ms/epoch - 18ms/step
Epoch 655/800
3/3 - 0s - loss: 0.0146 - mae: 0.0146 - mse: 3.3801e-04 - 50ms/epoch - 17ms/step
Epoch 656/800
3/3 - 0s - loss: 0.0146 - mae: 0.0146 - mse: 3.5750e-04 - 49ms/epoch - 16ms/step
Epoch 657/800
3/3 - 0s - loss: 0.0153 - mae: 0.0153 - mse: 4.5020e-04 - 47ms/epoch - 16ms/step
Epoch 658/800
3/3 - 0s - loss: 0.0144 - mae: 0.0144 - mse: 3.4061e-04 - 50ms/epoch - 17ms/step
Epoch 659/800
3/3 - 0s - loss: 0.0134 - mae: 0.0134 - mse: 3.1162e-04 - 48ms/epoch - 16ms/step
Epoch 660/800
3/3 - 0s - loss: 0.0135 - mae: 0.0135 - mse: 3.6307e-04 - 49ms/epoch - 16ms/step
Epoch 661/800
3/3 - 0s - loss: 0.0159 - mae: 0.0159 - mse: 4.1530e-04 - 49ms/epoch - 16ms/step
Epoch 662/800
3/3 - 0s - loss: 0.0165 - mae: 0.0165 - mse: 4.0289e-04 - 50ms/epoch - 17ms/step
Epoch 663/800
3/3 - 0s - loss: 0.0151 - mae: 0.0151 - mse: 3.7974e-04 - 50ms/epoch - 17ms/step
Epoch 664/800
3/3 - 0s - loss: 0.0150 - mae: 0.0150 - mse: 3.6962e-04 - 49ms/epoch - 16ms/step
Epoch 665/800
3/3 - 0s - loss: 0.0110 - mae: 0.0110 - mse: 1.8676e-04 - 50ms/epoch - 17ms/step
Epoch 666/800
3/3 - 0s - loss: 0.0124 - mae: 0.0124 - mse: 2.5880e-04 - 53ms/epoch - 18ms/step
Epoch 667/800
3/3 - 0s - loss: 0.0140 - mae: 0.0140 - mse: 3.5599e-04 - 50ms/epoch - 17ms/step
Epoch 668/800
3/3 - 0s - loss: 0.0138 - mae: 0.0138 - mse: 3.2016e-04 - 50ms/epoch - 17ms/step
Epoch 669/800
3/3 - 0s - loss: 0.0161 - mae: 0.0161 - mse: 4.2567e-04 - 54ms/epoch - 18ms/step
Epoch 670/800
3/3 - 0s - loss: 0.0134 - mae: 0.0134 - mse: 3.0951e-04 - 49ms/epoch - 16ms/step
Epoch 671/800
3/3 - 0s - loss: 0.0122 - mae: 0.0122 - mse: 2.6971e-04 - 50ms/epoch - 17ms/step
Epoch 672/800
3/3 - 0s - loss: 0.0085 - mae: 0.0085 - mse: 1.1293e-04 - 51ms/epoch - 17ms/step
Epoch 673/800
3/3 - 0s - loss: 0.0106 - mae: 0.0106 - mse: 1.8324e-04 - 50ms/epoch - 17ms/step
Epoch 674/800
3/3 - 0s - loss: 0.0090 - mae: 0.0090 - mse: 1.8807e-04 - 49ms/epoch - 16ms/step
Epoch 675/800
3/3 - 0s - loss: 0.0084 - mae: 0.0084 - mse: 1.4212e-04 - 49ms/epoch - 16ms/step
Epoch 676/800
3/3 - 0s - loss: 0.0094 - mae: 0.0094 - mse: 1.6435e-04 - 46ms/epoch - 15ms/step
Epoch 677/800
3/3 - 0s - loss: 0.0100 - mae: 0.0100 - mse: 1.9990e-04 - 48ms/epoch - 16ms/step
Epoch 678/800
3/3 - 0s - loss: 0.0097 - mae: 0.0097 - mse: 1.6314e-04 - 48ms/epoch - 16ms/step
Epoch 679/800
3/3 - 0s - loss: 0.0101 - mae: 0.0101 - mse: 1.8772e-04 - 48ms/epoch - 16ms/step
Epoch 680/800
3/3 - 0s - loss: 0.0095 - mae: 0.0095 - mse: 1.6363e-04 - 51ms/epoch - 17ms/step
Epoch 681/800
3/3 - 0s - loss: 0.0099 - mae: 0.0099 - mse: 1.5408e-04 - 49ms/epoch - 16ms/step
Epoch 682/800
3/3 - 0s - loss: 0.0087 - mae: 0.0087 - mse: 1.3858e-04 - 48ms/epoch - 16ms/step
Epoch 683/800
3/3 - 0s - loss: 0.0099 - mae: 0.0099 - mse: 1.6411e-04 - 46ms/epoch - 15ms/step
Epoch 684/800
3/3 - 0s - loss: 0.0088 - mae: 0.0088 - mse: 1.4611e-04 - 46ms/epoch - 15ms/step
Epoch 685/800
3/3 - 0s - loss: 0.0091 - mae: 0.0091 - mse: 1.3327e-04 - 45ms/epoch - 15ms/step
Epoch 686/800
3/3 - 0s - loss: 0.0091 - mae: 0.0091 - mse: 1.4454e-04 - 45ms/epoch - 15ms/step
Epoch 687/800
3/3 - 0s - loss: 0.0092 - mae: 0.0092 - mse: 1.4601e-04 - 45ms/epoch - 15ms/step
Epoch 688/800
3/3 - 0s - loss: 0.0082 - mae: 0.0082 - mse: 1.2094e-04 - 44ms/epoch - 15ms/step
Epoch 689/800
3/3 - 0s - loss: 0.0085 - mae: 0.0085 - mse: 1.1938e-04 - 43ms/epoch - 14ms/step
Epoch 690/800
3/3 - 0s - loss: 0.0089 - mae: 0.0089 - mse: 1.6232e-04 - 46ms/epoch - 15ms/step
Epoch 691/800
3/3 - 0s - loss: 0.0081 - mae: 0.0081 - mse: 1.1007e-04 - 43ms/epoch - 14ms/step
Epoch 692/800
3/3 - 0s - loss: 0.0089 - mae: 0.0089 - mse: 1.3419e-04 - 48ms/epoch - 16ms/step
Epoch 693/800
3/3 - 0s - loss: 0.0074 - mae: 0.0074 - mse: 9.1013e-05 - 44ms/epoch - 15ms/step
Epoch 694/800
3/3 - 0s - loss: 0.0080 - mae: 0.0080 - mse: 1.0310e-04 - 42ms/epoch - 14ms/step
Epoch 695/800
3/3 - 0s - loss: 0.0076 - mae: 0.0076 - mse: 8.9926e-05 - 37ms/epoch - 12ms/step
Epoch 696/800
3/3 - 0s - loss: 0.0090 - mae: 0.0090 - mse: 1.4923e-04 - 37ms/epoch - 12ms/step
Epoch 697/800
3/3 - 0s - loss: 0.0083 - mae: 0.0083 - mse: 1.2323e-04 - 36ms/epoch - 12ms/step
Epoch 698/800
3/3 - 0s - loss: 0.0084 - mae: 0.0084 - mse: 1.1535e-04 - 42ms/epoch - 14ms/step
Epoch 699/800
3/3 - 0s - loss: 0.0077 - mae: 0.0077 - mse: 1.1466e-04 - 41ms/epoch - 14ms/step
Epoch 700/800
3/3 - 0s - loss: 0.0087 - mae: 0.0087 - mse: 1.2423e-04 - 34ms/epoch - 11ms/step
Epoch 701/800
3/3 - 0s - loss: 0.0072 - mae: 0.0072 - mse: 9.3426e-05 - 39ms/epoch - 13ms/step
Epoch 702/800
3/3 - 0s - loss: 0.0078 - mae: 0.0078 - mse: 1.0494e-04 - 44ms/epoch - 15ms/step
Epoch 703/800
3/3 - 0s - loss: 0.0069 - mae: 0.0069 - mse: 8.2666e-05 - 43ms/epoch - 14ms/step
Epoch 704/800
3/3 - 0s - loss: 0.0077 - mae: 0.0077 - mse: 1.0150e-04 - 46ms/epoch - 15ms/step
Epoch 705/800
3/3 - 0s - loss: 0.0073 - mae: 0.0073 - mse: 9.0203e-05 - 42ms/epoch - 14ms/step
Epoch 706/800
3/3 - 0s - loss: 0.0065 - mae: 0.0065 - mse: 7.5482e-05 - 42ms/epoch - 14ms/step
Epoch 707/800
3/3 - 0s - loss: 0.0067 - mae: 0.0067 - mse: 7.6326e-05 - 41ms/epoch - 14ms/step
Epoch 708/800
3/3 - 0s - loss: 0.0070 - mae: 0.0070 - mse: 8.6949e-05 - 42ms/epoch - 14ms/step
Epoch 709/800
3/3 - 0s - loss: 0.0064 - mae: 0.0064 - mse: 7.2851e-05 - 37ms/epoch - 12ms/step
Epoch 710/800
3/3 - 0s - loss: 0.0063 - mae: 0.0063 - mse: 7.9976e-05 - 34ms/epoch - 11ms/step
Epoch 711/800
3/3 - 0s - loss: 0.0066 - mae: 0.0066 - mse: 8.3240e-05 - 57ms/epoch - 19ms/step
Epoch 712/800
3/3 - 0s - loss: 0.0050 - mae: 0.0050 - mse: 4.6529e-05 - 56ms/epoch - 19ms/step
Epoch 713/800
3/3 - 0s - loss: 0.0052 - mae: 0.0052 - mse: 4.8560e-05 - 47ms/epoch - 16ms/step
Epoch 714/800
3/3 - 0s - loss: 0.0049 - mae: 0.0049 - mse: 4.0605e-05 - 47ms/epoch - 16ms/step
Epoch 715/800
3/3 - 0s - loss: 0.0047 - mae: 0.0047 - mse: 4.1656e-05 - 47ms/epoch - 16ms/step
Epoch 716/800
3/3 - 0s - loss: 0.0063 - mae: 0.0063 - mse: 7.4725e-05 - 48ms/epoch - 16ms/step
Epoch 717/800
3/3 - 0s - loss: 0.0059 - mae: 0.0059 - mse: 6.6287e-05 - 45ms/epoch - 15ms/step
Epoch 718/800
3/3 - 0s - loss: 0.0054 - mae: 0.0054 - mse: 5.0421e-05 - 50ms/epoch - 17ms/step
Epoch 719/800
3/3 - 0s - loss: 0.0056 - mae: 0.0056 - mse: 5.8104e-05 - 47ms/epoch - 16ms/step
Epoch 720/800
3/3 - 0s - loss: 0.0066 - mae: 0.0066 - mse: 7.6706e-05 - 45ms/epoch - 15ms/step
Epoch 721/800
3/3 - 0s - loss: 0.0059 - mae: 0.0059 - mse: 6.0062e-05 - 47ms/epoch - 16ms/step
Epoch 722/800
3/3 - 0s - loss: 0.0061 - mae: 0.0061 - mse: 6.5319e-05 - 42ms/epoch - 14ms/step
Epoch 723/800
3/3 - 0s - loss: 0.0066 - mae: 0.0066 - mse: 7.3238e-05 - 39ms/epoch - 13ms/step
Epoch 724/800
3/3 - 0s - loss: 0.0054 - mae: 0.0054 - mse: 5.3027e-05 - 39ms/epoch - 13ms/step
Epoch 725/800
3/3 - 0s - loss: 0.0064 - mae: 0.0064 - mse: 8.0488e-05 - 41ms/epoch - 14ms/step
Epoch 726/800
3/3 - 0s - loss: 0.0059 - mae: 0.0059 - mse: 5.7586e-05 - 41ms/epoch - 14ms/step
Epoch 727/800
3/3 - 0s - loss: 0.0060 - mae: 0.0060 - mse: 5.9384e-05 - 40ms/epoch - 13ms/step
Epoch 728/800
3/3 - 0s - loss: 0.0050 - mae: 0.0050 - mse: 4.4457e-05 - 39ms/epoch - 13ms/step
Epoch 729/800
3/3 - 0s - loss: 0.0045 - mae: 0.0045 - mse: 3.6301e-05 - 38ms/epoch - 13ms/step
Epoch 730/800
3/3 - 0s - loss: 0.0047 - mae: 0.0047 - mse: 4.3218e-05 - 42ms/epoch - 14ms/step
Epoch 731/800
3/3 - 0s - loss: 0.0043 - mae: 0.0043 - mse: 3.8411e-05 - 42ms/epoch - 14ms/step
Epoch 732/800
3/3 - 0s - loss: 0.0041 - mae: 0.0041 - mse: 3.2814e-05 - 40ms/epoch - 13ms/step
Epoch 733/800
3/3 - 0s - loss: 0.0047 - mae: 0.0047 - mse: 4.4309e-05 - 42ms/epoch - 14ms/step
Epoch 734/800
3/3 - 0s - loss: 0.0052 - mae: 0.0052 - mse: 4.4781e-05 - 50ms/epoch - 17ms/step
Epoch 735/800
3/3 - 0s - loss: 0.0055 - mae: 0.0055 - mse: 5.3396e-05 - 45ms/epoch - 15ms/step
Epoch 736/800
3/3 - 0s - loss: 0.0048 - mae: 0.0048 - mse: 4.2922e-05 - 43ms/epoch - 14ms/step
Epoch 737/800
3/3 - 0s - loss: 0.0046 - mae: 0.0046 - mse: 4.0922e-05 - 43ms/epoch - 14ms/step
Epoch 738/800
3/3 - 0s - loss: 0.0055 - mae: 0.0055 - mse: 5.3863e-05 - 44ms/epoch - 15ms/step
Epoch 739/800
3/3 - 0s - loss: 0.0048 - mae: 0.0048 - mse: 4.5595e-05 - 43ms/epoch - 14ms/step
Epoch 740/800
3/3 - 0s - loss: 0.0041 - mae: 0.0041 - mse: 3.3193e-05 - 44ms/epoch - 15ms/step
Epoch 741/800
3/3 - 0s - loss: 0.0045 - mae: 0.0045 - mse: 3.4684e-05 - 42ms/epoch - 14ms/step
Epoch 742/800
3/3 - 0s - loss: 0.0043 - mae: 0.0043 - mse: 3.7456e-05 - 42ms/epoch - 14ms/step
Epoch 743/800
3/3 - 0s - loss: 0.0043 - mae: 0.0043 - mse: 3.4263e-05 - 44ms/epoch - 15ms/step
Epoch 744/800
3/3 - 0s - loss: 0.0050 - mae: 0.0050 - mse: 4.2914e-05 - 39ms/epoch - 13ms/step
Epoch 745/800
3/3 - 0s - loss: 0.0042 - mae: 0.0042 - mse: 3.2938e-05 - 37ms/epoch - 12ms/step
Epoch 746/800
3/3 - 0s - loss: 0.0038 - mae: 0.0038 - mse: 2.8226e-05 - 48ms/epoch - 16ms/step
Epoch 747/800
3/3 - 0s - loss: 0.0036 - mae: 0.0036 - mse: 2.7397e-05 - 43ms/epoch - 14ms/step
Epoch 748/800
3/3 - 0s - loss: 0.0031 - mae: 0.0031 - mse: 2.2769e-05 - 41ms/epoch - 14ms/step
Epoch 749/800
3/3 - 0s - loss: 0.0034 - mae: 0.0034 - mse: 2.5985e-05 - 43ms/epoch - 14ms/step
Epoch 750/800
3/3 - 0s - loss: 0.0034 - mae: 0.0034 - mse: 2.5097e-05 - 41ms/epoch - 14ms/step
Epoch 751/800
3/3 - 0s - loss: 0.0033 - mae: 0.0033 - mse: 2.7023e-05 - 39ms/epoch - 13ms/step
Epoch 752/800
3/3 - 0s - loss: 0.0031 - mae: 0.0031 - mse: 2.3589e-05 - 39ms/epoch - 13ms/step
Epoch 753/800
3/3 - 0s - loss: 0.0030 - mae: 0.0030 - mse: 2.3277e-05 - 44ms/epoch - 15ms/step
Epoch 754/800
3/3 - 0s - loss: 0.0029 - mae: 0.0029 - mse: 2.2350e-05 - 40ms/epoch - 13ms/step
Epoch 755/800
3/3 - 0s - loss: 0.0033 - mae: 0.0033 - mse: 2.5143e-05 - 40ms/epoch - 13ms/step
Epoch 756/800
3/3 - 0s - loss: 0.0029 - mae: 0.0029 - mse: 2.0303e-05 - 37ms/epoch - 12ms/step
Epoch 757/800
3/3 - 0s - loss: 0.0032 - mae: 0.0032 - mse: 2.4238e-05 - 40ms/epoch - 13ms/step
Epoch 758/800
3/3 - 0s - loss: 0.0034 - mae: 0.0034 - mse: 2.5415e-05 - 39ms/epoch - 13ms/step
Epoch 759/800
3/3 - 0s - loss: 0.0032 - mae: 0.0032 - mse: 2.5445e-05 - 41ms/epoch - 14ms/step
Epoch 760/800
3/3 - 0s - loss: 0.0029 - mae: 0.0029 - mse: 2.1061e-05 - 42ms/epoch - 14ms/step
Epoch 761/800
3/3 - 0s - loss: 0.0031 - mae: 0.0031 - mse: 2.5282e-05 - 40ms/epoch - 13ms/step
Epoch 762/800
3/3 - 0s - loss: 0.0029 - mae: 0.0029 - mse: 2.1736e-05 - 39ms/epoch - 13ms/step
Epoch 763/800
3/3 - 0s - loss: 0.0028 - mae: 0.0028 - mse: 2.3036e-05 - 48ms/epoch - 16ms/step
Epoch 764/800
3/3 - 0s - loss: 0.0028 - mae: 0.0028 - mse: 2.1736e-05 - 52ms/epoch - 17ms/step
Epoch 765/800
3/3 - 0s - loss: 0.0029 - mae: 0.0029 - mse: 2.2737e-05 - 53ms/epoch - 18ms/step
Epoch 766/800
3/3 - 0s - loss: 0.0025 - mae: 0.0025 - mse: 2.0150e-05 - 48ms/epoch - 16ms/step
Epoch 767/800
3/3 - 0s - loss: 0.0030 - mae: 0.0030 - mse: 2.3272e-05 - 45ms/epoch - 15ms/step
Epoch 768/800
3/3 - 0s - loss: 0.0029 - mae: 0.0029 - mse: 2.1927e-05 - 43ms/epoch - 14ms/step
Epoch 769/800
3/3 - 0s - loss: 0.0027 - mae: 0.0027 - mse: 2.1555e-05 - 45ms/epoch - 15ms/step
Epoch 770/800
3/3 - 0s - loss: 0.0033 - mae: 0.0033 - mse: 2.5178e-05 - 47ms/epoch - 16ms/step
Epoch 771/800
3/3 - 0s - loss: 0.0028 - mae: 0.0028 - mse: 2.0521e-05 - 46ms/epoch - 15ms/step
Epoch 772/800
3/3 - 0s - loss: 0.0032 - mae: 0.0032 - mse: 2.4905e-05 - 47ms/epoch - 16ms/step
Epoch 773/800
3/3 - 0s - loss: 0.0030 - mae: 0.0030 - mse: 2.2481e-05 - 45ms/epoch - 15ms/step
Epoch 774/800
3/3 - 0s - loss: 0.0031 - mae: 0.0031 - mse: 2.2296e-05 - 45ms/epoch - 15ms/step
Epoch 775/800
3/3 - 0s - loss: 0.0031 - mae: 0.0031 - mse: 2.2666e-05 - 43ms/epoch - 14ms/step
Epoch 776/800
3/3 - 0s - loss: 0.0033 - mae: 0.0033 - mse: 2.4177e-05 - 43ms/epoch - 14ms/step
Epoch 777/800
3/3 - 0s - loss: 0.0036 - mae: 0.0036 - mse: 2.8333e-05 - 43ms/epoch - 14ms/step
Epoch 778/800
3/3 - 0s - loss: 0.0038 - mae: 0.0038 - mse: 2.8701e-05 - 43ms/epoch - 14ms/step
Epoch 779/800
3/3 - 0s - loss: 0.0038 - mae: 0.0038 - mse: 3.1631e-05 - 44ms/epoch - 15ms/step
Epoch 780/800
3/3 - 0s - loss: 0.0033 - mae: 0.0033 - mse: 2.3739e-05 - 45ms/epoch - 15ms/step
Epoch 781/800
3/3 - 0s - loss: 0.0039 - mae: 0.0039 - mse: 3.4047e-05 - 45ms/epoch - 15ms/step
Epoch 782/800
3/3 - 0s - loss: 0.0037 - mae: 0.0037 - mse: 2.7868e-05 - 44ms/epoch - 15ms/step
Epoch 783/800
3/3 - 0s - loss: 0.0031 - mae: 0.0031 - mse: 2.2450e-05 - 48ms/epoch - 16ms/step
Epoch 784/800
3/3 - 0s - loss: 0.0032 - mae: 0.0032 - mse: 2.3883e-05 - 50ms/epoch - 17ms/step
Epoch 785/800
3/3 - 0s - loss: 0.0030 - mae: 0.0030 - mse: 2.2144e-05 - 50ms/epoch - 17ms/step
Epoch 786/800
3/3 - 0s - loss: 0.0031 - mae: 0.0031 - mse: 2.2752e-05 - 44ms/epoch - 15ms/step
Epoch 787/800
3/3 - 0s - loss: 0.0032 - mae: 0.0032 - mse: 2.4831e-05 - 45ms/epoch - 15ms/step
Epoch 788/800
3/3 - 0s - loss: 0.0028 - mae: 0.0028 - mse: 2.0864e-05 - 44ms/epoch - 15ms/step
Epoch 789/800
3/3 - 0s - loss: 0.0030 - mae: 0.0030 - mse: 2.1058e-05 - 44ms/epoch - 15ms/step
Epoch 790/800
3/3 - 0s - loss: 0.0028 - mae: 0.0028 - mse: 2.1407e-05 - 44ms/epoch - 15ms/step
Epoch 791/800
3/3 - 0s - loss: 0.0030 - mae: 0.0030 - mse: 2.3298e-05 - 43ms/epoch - 14ms/step
Epoch 792/800
3/3 - 0s - loss: 0.0030 - mae: 0.0030 - mse: 2.3336e-05 - 45ms/epoch - 15ms/step
Epoch 793/800
3/3 - 0s - loss: 0.0027 - mae: 0.0027 - mse: 2.0425e-05 - 44ms/epoch - 15ms/step
Epoch 794/800
3/3 - 0s - loss: 0.0028 - mae: 0.0028 - mse: 1.9811e-05 - 43ms/epoch - 14ms/step
Epoch 795/800
3/3 - 0s - loss: 0.0030 - mae: 0.0030 - mse: 2.2840e-05 - 44ms/epoch - 15ms/step
Epoch 796/800
3/3 - 0s - loss: 0.0028 - mae: 0.0028 - mse: 2.0099e-05 - 44ms/epoch - 15ms/step
Epoch 797/800
3/3 - 0s - loss: 0.0030 - mae: 0.0030 - mse: 2.1536e-05 - 43ms/epoch - 14ms/step
Epoch 798/800
3/3 - 0s - loss: 0.0029 - mae: 0.0029 - mse: 2.1223e-05 - 41ms/epoch - 14ms/step
Epoch 799/800
3/3 - 0s - loss: 0.0028 - mae: 0.0028 - mse: 2.0744e-05 - 54ms/epoch - 18ms/step
Epoch 800/800
3/3 - 0s - loss: 0.0028 - mae: 0.0028 - mse: 2.0147e-05 - 48ms/epoch - 16ms/step
Training finished in 46.70 seconds.

1/2 [==============>...............] - ETA: 2s
2/2 [==============================] - 2s 12ms/step
Fold 4 MAE: 9.2157

--- Starting Fold 5/5 ---
INFO:kgcnn.model.utils:Updated model kwargs: '{'name': 'coGN', 'inputs': {'offset': {'shape': (None, 3), 'name': 'offset', 'dtype': 'float32', 'ragged': True}, 'cell_translation': None, 'affine_matrix': None, 'voronoi_ridge_area': None, 'atomic_number': {'shape': (None,), 'name': 'atomic_number', 'dtype': 'int32', 'ragged': True}, 'frac_coords': None, 'coords': None, 'multiplicity': {'shape': (None,), 'name': 'multiplicity', 'dtype': 'int32', 'ragged': True}, 'lattice_matrix': None, 'edge_indices': {'shape': (None, 2), 'name': 'edge_indices', 'dtype': 'int32', 'ragged': True}, 'line_graph_edge_indices': None}, 'input_block_cfg': {'node_size': 128, 'edge_size': 128, 'atomic_mass': True, 'atomic_radius': True, 'electronegativity': True, 'ionization_energy': True, 'oxidation_states': True, 'edge_embedding_args': {'bins_distance': 32, 'max_distance': 8.0, 'distance_log_base': 1.0, 'bins_voronoi_area': None, 'max_voronoi_area': None}}, 'processing_blocks_cfg': [{'edge_mlp': {'units': [128, 128, 128, 128, 128], 'activation': ['swish', 'swish', 'swish', 'swish', 'swish']}, 'node_mlp': {'units': [128], 'activation': ['swish']}, 'global_mlp': None, 'nested_blocks_cfgs': None, 'aggregate_edges_local': 'sum', 'aggregate_edges_global': None, 'aggregate_nodes': None, 'return_updated_edges': False, 'return_updated_nodes': True, 'return_updated_globals': True, 'edge_attention_mlp_local': {'units': [32, 1], 'activation': ['swish', 'swish']}, 'edge_attention_mlp_global': {'units': [32, 1], 'activation': ['swish', 'swish']}, 'node_attention_mlp': {'units': [32, 1], 'activation': ['swish', 'swish']}, 'edge_gate': None, 'node_gate': None, 'global_gate': None, 'residual_node_update': True, 'residual_edge_update': False, 'residual_global_update': False, 'update_edges_input': [True, True, True, False], 'update_nodes_input': [True, False, False], 'update_global_input': [False, True, False], 'multiplicity_readout': False}, {'edge_mlp': {'units': [128, 128, 128, 128, 128], 'activation': ['swish', 'swish', 'swish', 'swish', 'swish']}, 'node_mlp': {'units': [128], 'activation': ['swish']}, 'global_mlp': None, 'nested_blocks_cfgs': None, 'aggregate_edges_local': 'sum', 'aggregate_edges_global': None, 'aggregate_nodes': None, 'return_updated_edges': False, 'return_updated_nodes': True, 'return_updated_globals': True, 'edge_attention_mlp_local': {'units': [32, 1], 'activation': ['swish', 'swish']}, 'edge_attention_mlp_global': {'units': [32, 1], 'activation': ['swish', 'swish']}, 'node_attention_mlp': {'units': [32, 1], 'activation': ['swish', 'swish']}, 'edge_gate': None, 'node_gate': None, 'global_gate': None, 'residual_node_update': True, 'residual_edge_update': False, 'residual_global_update': False, 'update_edges_input': [True, True, True, False], 'update_nodes_input': [True, False, False], 'update_global_input': [False, True, False], 'multiplicity_readout': False}, {'edge_mlp': {'units': [128, 128, 128, 128, 128], 'activation': ['swish', 'swish', 'swish', 'swish', 'swish']}, 'node_mlp': {'units': [128], 'activation': ['swish']}, 'global_mlp': None, 'nested_blocks_cfgs': None, 'aggregate_edges_local': 'sum', 'aggregate_edges_global': None, 'aggregate_nodes': None, 'return_updated_edges': False, 'return_updated_nodes': True, 'return_updated_globals': True, 'edge_attention_mlp_local': {'units': [32, 1], 'activation': ['swish', 'swish']}, 'edge_attention_mlp_global': {'units': [32, 1], 'activation': ['swish', 'swish']}, 'node_attention_mlp': {'units': [32, 1], 'activation': ['swish', 'swish']}, 'edge_gate': None, 'node_gate': None, 'global_gate': None, 'residual_node_update': True, 'residual_edge_update': False, 'residual_global_update': False, 'update_edges_input': [True, True, True, False], 'update_nodes_input': [True, False, False], 'update_global_input': [False, True, False], 'multiplicity_readout': False}, {'edge_mlp': {'units': [128, 128, 128, 128, 128], 'activation': ['swish', 'swish', 'swish', 'swish', 'swish']}, 'node_mlp': {'units': [128], 'activation': ['swish']}, 'global_mlp': None, 'nested_blocks_cfgs': None, 'aggregate_edges_local': 'sum', 'aggregate_edges_global': None, 'aggregate_nodes': None, 'return_updated_edges': False, 'return_updated_nodes': True, 'return_updated_globals': True, 'edge_attention_mlp_local': {'units': [32, 1], 'activation': ['swish', 'swish']}, 'edge_attention_mlp_global': {'units': [32, 1], 'activation': ['swish', 'swish']}, 'node_attention_mlp': {'units': [32, 1], 'activation': ['swish', 'swish']}, 'edge_gate': None, 'node_gate': None, 'global_gate': None, 'residual_node_update': True, 'residual_edge_update': False, 'residual_global_update': False, 'update_edges_input': [True, True, True, False], 'update_nodes_input': [True, False, False], 'update_global_input': [False, True, False], 'multiplicity_readout': False}, {'edge_mlp': {'units': [128, 128, 128, 128, 128], 'activation': ['swish', 'swish', 'swish', 'swish', 'swish']}, 'node_mlp': {'units': [128], 'activation': ['swish']}, 'global_mlp': None, 'nested_blocks_cfgs': None, 'aggregate_edges_local': 'sum', 'aggregate_edges_global': None, 'aggregate_nodes': None, 'return_updated_edges': False, 'return_updated_nodes': True, 'return_updated_globals': True, 'edge_attention_mlp_local': {'units': [32, 1], 'activation': ['swish', 'swish']}, 'edge_attention_mlp_global': {'units': [32, 1], 'activation': ['swish', 'swish']}, 'node_attention_mlp': {'units': [32, 1], 'activation': ['swish', 'swish']}, 'edge_gate': None, 'node_gate': None, 'global_gate': None, 'residual_node_update': True, 'residual_edge_update': False, 'residual_global_update': False, 'update_edges_input': [True, True, True, False], 'update_nodes_input': [True, False, False], 'update_global_input': [False, True, False], 'multiplicity_readout': False}], 'output_block_cfg': {'edge_mlp': None, 'node_mlp': None, 'global_mlp': {'units': [1], 'activation': ['linear']}, 'nested_blocks_cfgs': None, 'aggregate_edges_local': 'sum', 'aggregate_edges_global': None, 'aggregate_nodes': 'mean', 'return_updated_edges': False, 'return_updated_nodes': True, 'return_updated_globals': True, 'edge_attention_mlp_local': {'units': [32, 1], 'activation': ['swish', 'swish']}, 'edge_attention_mlp_global': {'units': [32, 1], 'activation': ['swish', 'swish']}, 'node_attention_mlp': {'units': [32, 1], 'activation': ['swish', 'swish']}, 'edge_gate': None, 'node_gate': None, 'global_gate': None, 'residual_node_update': False, 'residual_edge_update': False, 'residual_global_update': False, 'update_edges_input': [True, True, True, False], 'update_nodes_input': [True, False, False], 'update_global_input': [False, True, False], 'multiplicity_readout': True}}'.
/gpfs/scratch/acad/htforft/rgouvea/other_datasets/processed_datasets/.venv/lib/python3.9/site-packages/kgcnn/crystal/periodic_table/periodic_table.py:30: FutureWarning: A value is trying to be set on a copy of a DataFrame or Series through chained assignment using an inplace method.
The behavior will change in pandas 3.0. This inplace method will never work because the intermediate object on which we are setting values always behaves as a copy.

For example, when doing 'df[col].method(value, inplace=True)', try using 'df.method({col: value}, inplace=True)' or df[col] = df[col].method(value) instead, to perform the operation inplace on the original object.


  self.data['AtomicRadius'].fillna(imputation_atomic_radius, inplace=True)
/gpfs/scratch/acad/htforft/rgouvea/other_datasets/processed_datasets/.venv/lib/python3.9/site-packages/kgcnn/crystal/periodic_table/periodic_table.py:32: FutureWarning: A value is trying to be set on a copy of a DataFrame or Series through chained assignment using an inplace method.
The behavior will change in pandas 3.0. This inplace method will never work because the intermediate object on which we are setting values always behaves as a copy.

For example, when doing 'df[col].method(value, inplace=True)', try using 'df.method({col: value}, inplace=True)' or df[col] = df[col].method(value) instead, to perform the operation inplace on the original object.


  self.data['Electronegativity'].fillna(imputation_electronegativity, inplace=True)
/gpfs/scratch/acad/htforft/rgouvea/other_datasets/processed_datasets/.venv/lib/python3.9/site-packages/kgcnn/crystal/periodic_table/periodic_table.py:33: FutureWarning: A value is trying to be set on a copy of a DataFrame or Series through chained assignment using an inplace method.
The behavior will change in pandas 3.0. This inplace method will never work because the intermediate object on which we are setting values always behaves as a copy.

For example, when doing 'df[col].method(value, inplace=True)', try using 'df.method({col: value}, inplace=True)' or df[col] = df[col].method(value) instead, to perform the operation inplace on the original object.


  self.data['IonizationEnergy'].fillna(imputation_ionization_energy, inplace=True)
[<KerasTensor: type_spec=RaggedTensorSpec(TensorShape([None, None, 3]), tf.float32, 1, tf.int64) (created by layer 'offset')>, <KerasTensor: type_spec=RaggedTensorSpec(TensorShape([None, None]), tf.int32, 1, tf.int64) (created by layer 'atomic_number')>, <KerasTensor: type_spec=RaggedTensorSpec(TensorShape([None, None]), tf.int32, 1, tf.int64) (created by layer 'multiplicity')>, <KerasTensor: type_spec=RaggedTensorSpec(TensorShape([None, None, 2]), tf.int32, 1, tf.int64) (created by layer 'edge_indices')>]
Training on 179 samples...
Epoch 1/800
/gpfs/scratch/acad/htforft/rgouvea/other_datasets/processed_datasets/.venv/lib/python3.9/site-packages/tensorflow/python/framework/indexed_slices.py:444: UserWarning: Converting sparse IndexedSlices(IndexedSlices(indices=Tensor("gradient_tape/coGN/sequential_graph_network_4/graph_network_24/gather_embedding_selection_33/Reshape_1:0", shape=(None,), dtype=int32), values=Tensor("gradient_tape/coGN/sequential_graph_network_4/graph_network_24/gather_embedding_selection_33/Reshape:0", shape=(None, 128), dtype=float32), dense_shape=Tensor("gradient_tape/coGN/sequential_graph_network_4/graph_network_24/gather_embedding_selection_33/Cast:0", shape=(2,), dtype=int32))) to a dense Tensor of unknown shape. This may consume a large amount of memory.
  warnings.warn(
/gpfs/scratch/acad/htforft/rgouvea/other_datasets/processed_datasets/.venv/lib/python3.9/site-packages/tensorflow/python/framework/indexed_slices.py:444: UserWarning: Converting sparse IndexedSlices(IndexedSlices(indices=Tensor("gradient_tape/coGN/sequential_graph_network_4/graph_network_24/gather_embedding_selection_33/Reshape_3:0", shape=(None,), dtype=int32), values=Tensor("gradient_tape/coGN/sequential_graph_network_4/graph_network_24/gather_embedding_selection_33/Reshape_2:0", shape=(None, 128), dtype=float32), dense_shape=Tensor("gradient_tape/coGN/sequential_graph_network_4/graph_network_24/gather_embedding_selection_33/Cast_1:0", shape=(2,), dtype=int32))) to a dense Tensor of unknown shape. This may consume a large amount of memory.
  warnings.warn(
/gpfs/scratch/acad/htforft/rgouvea/other_datasets/processed_datasets/.venv/lib/python3.9/site-packages/tensorflow/python/framework/indexed_slices.py:444: UserWarning: Converting sparse IndexedSlices(IndexedSlices(indices=Tensor("gradient_tape/coGN/sequential_graph_network_4/graph_network_23/gather_embedding_selection_32/Reshape_1:0", shape=(None,), dtype=int32), values=Tensor("gradient_tape/coGN/sequential_graph_network_4/graph_network_23/gather_embedding_selection_32/Reshape:0", shape=(None, 128), dtype=float32), dense_shape=Tensor("gradient_tape/coGN/sequential_graph_network_4/graph_network_23/gather_embedding_selection_32/Cast:0", shape=(2,), dtype=int32))) to a dense Tensor of unknown shape. This may consume a large amount of memory.
  warnings.warn(
/gpfs/scratch/acad/htforft/rgouvea/other_datasets/processed_datasets/.venv/lib/python3.9/site-packages/tensorflow/python/framework/indexed_slices.py:444: UserWarning: Converting sparse IndexedSlices(IndexedSlices(indices=Tensor("gradient_tape/coGN/sequential_graph_network_4/graph_network_23/gather_embedding_selection_32/Reshape_3:0", shape=(None,), dtype=int32), values=Tensor("gradient_tape/coGN/sequential_graph_network_4/graph_network_23/gather_embedding_selection_32/Reshape_2:0", shape=(None, 128), dtype=float32), dense_shape=Tensor("gradient_tape/coGN/sequential_graph_network_4/graph_network_23/gather_embedding_selection_32/Cast_1:0", shape=(2,), dtype=int32))) to a dense Tensor of unknown shape. This may consume a large amount of memory.
  warnings.warn(
/gpfs/scratch/acad/htforft/rgouvea/other_datasets/processed_datasets/.venv/lib/python3.9/site-packages/tensorflow/python/framework/indexed_slices.py:444: UserWarning: Converting sparse IndexedSlices(IndexedSlices(indices=Tensor("gradient_tape/coGN/sequential_graph_network_4/graph_network_22/gather_embedding_selection_31/Reshape_1:0", shape=(None,), dtype=int32), values=Tensor("gradient_tape/coGN/sequential_graph_network_4/graph_network_22/gather_embedding_selection_31/Reshape:0", shape=(None, 128), dtype=float32), dense_shape=Tensor("gradient_tape/coGN/sequential_graph_network_4/graph_network_22/gather_embedding_selection_31/Cast:0", shape=(2,), dtype=int32))) to a dense Tensor of unknown shape. This may consume a large amount of memory.
  warnings.warn(
/gpfs/scratch/acad/htforft/rgouvea/other_datasets/processed_datasets/.venv/lib/python3.9/site-packages/tensorflow/python/framework/indexed_slices.py:444: UserWarning: Converting sparse IndexedSlices(IndexedSlices(indices=Tensor("gradient_tape/coGN/sequential_graph_network_4/graph_network_22/gather_embedding_selection_31/Reshape_3:0", shape=(None,), dtype=int32), values=Tensor("gradient_tape/coGN/sequential_graph_network_4/graph_network_22/gather_embedding_selection_31/Reshape_2:0", shape=(None, 128), dtype=float32), dense_shape=Tensor("gradient_tape/coGN/sequential_graph_network_4/graph_network_22/gather_embedding_selection_31/Cast_1:0", shape=(2,), dtype=int32))) to a dense Tensor of unknown shape. This may consume a large amount of memory.
  warnings.warn(
/gpfs/scratch/acad/htforft/rgouvea/other_datasets/processed_datasets/.venv/lib/python3.9/site-packages/tensorflow/python/framework/indexed_slices.py:444: UserWarning: Converting sparse IndexedSlices(IndexedSlices(indices=Tensor("gradient_tape/coGN/sequential_graph_network_4/graph_network_21/gather_embedding_selection_30/Reshape_1:0", shape=(None,), dtype=int32), values=Tensor("gradient_tape/coGN/sequential_graph_network_4/graph_network_21/gather_embedding_selection_30/Reshape:0", shape=(None, 128), dtype=float32), dense_shape=Tensor("gradient_tape/coGN/sequential_graph_network_4/graph_network_21/gather_embedding_selection_30/Cast:0", shape=(2,), dtype=int32))) to a dense Tensor of unknown shape. This may consume a large amount of memory.
  warnings.warn(
/gpfs/scratch/acad/htforft/rgouvea/other_datasets/processed_datasets/.venv/lib/python3.9/site-packages/tensorflow/python/framework/indexed_slices.py:444: UserWarning: Converting sparse IndexedSlices(IndexedSlices(indices=Tensor("gradient_tape/coGN/sequential_graph_network_4/graph_network_21/gather_embedding_selection_30/Reshape_3:0", shape=(None,), dtype=int32), values=Tensor("gradient_tape/coGN/sequential_graph_network_4/graph_network_21/gather_embedding_selection_30/Reshape_2:0", shape=(None, 128), dtype=float32), dense_shape=Tensor("gradient_tape/coGN/sequential_graph_network_4/graph_network_21/gather_embedding_selection_30/Cast_1:0", shape=(2,), dtype=int32))) to a dense Tensor of unknown shape. This may consume a large amount of memory.
  warnings.warn(
/gpfs/scratch/acad/htforft/rgouvea/other_datasets/processed_datasets/.venv/lib/python3.9/site-packages/tensorflow/python/framework/indexed_slices.py:444: UserWarning: Converting sparse IndexedSlices(IndexedSlices(indices=Tensor("gradient_tape/coGN/sequential_graph_network_4/graph_network_20/gather_embedding_selection_29/Reshape_1:0", shape=(None,), dtype=int32), values=Tensor("gradient_tape/coGN/sequential_graph_network_4/graph_network_20/gather_embedding_selection_29/Reshape:0", shape=(None, 128), dtype=float32), dense_shape=Tensor("gradient_tape/coGN/sequential_graph_network_4/graph_network_20/gather_embedding_selection_29/Cast:0", shape=(2,), dtype=int32))) to a dense Tensor of unknown shape. This may consume a large amount of memory.
  warnings.warn(
/gpfs/scratch/acad/htforft/rgouvea/other_datasets/processed_datasets/.venv/lib/python3.9/site-packages/tensorflow/python/framework/indexed_slices.py:444: UserWarning: Converting sparse IndexedSlices(IndexedSlices(indices=Tensor("gradient_tape/coGN/sequential_graph_network_4/graph_network_20/gather_embedding_selection_29/Reshape_3:0", shape=(None,), dtype=int32), values=Tensor("gradient_tape/coGN/sequential_graph_network_4/graph_network_20/gather_embedding_selection_29/Reshape_2:0", shape=(None, 128), dtype=float32), dense_shape=Tensor("gradient_tape/coGN/sequential_graph_network_4/graph_network_20/gather_embedding_selection_29/Cast_1:0", shape=(2,), dtype=int32))) to a dense Tensor of unknown shape. This may consume a large amount of memory.
  warnings.warn(
3/3 - 5s - loss: 1.1660 - mae: 1.1660 - mse: 2.0791 - 5s/epoch - 2s/step
Epoch 2/800
3/3 - 0s - loss: 0.8782 - mae: 0.8782 - mse: 1.2635 - 38ms/epoch - 13ms/step
Epoch 3/800
3/3 - 0s - loss: 0.7650 - mae: 0.7650 - mse: 0.8735 - 47ms/epoch - 16ms/step
Epoch 4/800
3/3 - 0s - loss: 0.7269 - mae: 0.7269 - mse: 0.8813 - 54ms/epoch - 18ms/step
Epoch 5/800
3/3 - 0s - loss: 0.6645 - mae: 0.6645 - mse: 0.6714 - 53ms/epoch - 18ms/step
Epoch 6/800
3/3 - 0s - loss: 0.6003 - mae: 0.6003 - mse: 0.6038 - 49ms/epoch - 16ms/step
Epoch 7/800
3/3 - 0s - loss: 0.5371 - mae: 0.5371 - mse: 0.4586 - 49ms/epoch - 16ms/step
Epoch 8/800
3/3 - 0s - loss: 0.5136 - mae: 0.5136 - mse: 0.4336 - 48ms/epoch - 16ms/step
Epoch 9/800
3/3 - 0s - loss: 0.4920 - mae: 0.4920 - mse: 0.4001 - 48ms/epoch - 16ms/step
Epoch 10/800
3/3 - 0s - loss: 0.4857 - mae: 0.4857 - mse: 0.3781 - 48ms/epoch - 16ms/step
Epoch 11/800
3/3 - 0s - loss: 0.4968 - mae: 0.4968 - mse: 0.3955 - 49ms/epoch - 16ms/step
Epoch 12/800
3/3 - 0s - loss: 0.4413 - mae: 0.4413 - mse: 0.3308 - 48ms/epoch - 16ms/step
Epoch 13/800
3/3 - 0s - loss: 0.4352 - mae: 0.4352 - mse: 0.3054 - 48ms/epoch - 16ms/step
Epoch 14/800
3/3 - 0s - loss: 0.4140 - mae: 0.4140 - mse: 0.2834 - 53ms/epoch - 18ms/step
Epoch 15/800
3/3 - 0s - loss: 0.4348 - mae: 0.4348 - mse: 0.3100 - 40ms/epoch - 13ms/step
Epoch 16/800
3/3 - 0s - loss: 0.4239 - mae: 0.4239 - mse: 0.3102 - 31ms/epoch - 10ms/step
Epoch 17/800
3/3 - 0s - loss: 0.4059 - mae: 0.4059 - mse: 0.2792 - 39ms/epoch - 13ms/step
Epoch 18/800
3/3 - 0s - loss: 0.3714 - mae: 0.3714 - mse: 0.2469 - 45ms/epoch - 15ms/step
Epoch 19/800
3/3 - 0s - loss: 0.3610 - mae: 0.3610 - mse: 0.2204 - 46ms/epoch - 15ms/step
Epoch 20/800
3/3 - 0s - loss: 0.3677 - mae: 0.3677 - mse: 0.2359 - 54ms/epoch - 18ms/step
Epoch 21/800
3/3 - 0s - loss: 0.3242 - mae: 0.3242 - mse: 0.1940 - 50ms/epoch - 17ms/step
Epoch 22/800
3/3 - 0s - loss: 0.3233 - mae: 0.3233 - mse: 0.1899 - 45ms/epoch - 15ms/step
Epoch 23/800
3/3 - 0s - loss: 0.3364 - mae: 0.3364 - mse: 0.1993 - 53ms/epoch - 18ms/step
Epoch 24/800
3/3 - 0s - loss: 0.3048 - mae: 0.3048 - mse: 0.1731 - 47ms/epoch - 16ms/step
Epoch 25/800
3/3 - 0s - loss: 0.3081 - mae: 0.3081 - mse: 0.1731 - 47ms/epoch - 16ms/step
Epoch 26/800
3/3 - 0s - loss: 0.2993 - mae: 0.2993 - mse: 0.1701 - 47ms/epoch - 16ms/step
Epoch 27/800
3/3 - 0s - loss: 0.2705 - mae: 0.2705 - mse: 0.1484 - 45ms/epoch - 15ms/step
Epoch 28/800
3/3 - 0s - loss: 0.2596 - mae: 0.2596 - mse: 0.1433 - 45ms/epoch - 15ms/step
Epoch 29/800
3/3 - 0s - loss: 0.2689 - mae: 0.2689 - mse: 0.1435 - 43ms/epoch - 14ms/step
Epoch 30/800
3/3 - 0s - loss: 0.3058 - mae: 0.3058 - mse: 0.1818 - 43ms/epoch - 14ms/step
Epoch 31/800
3/3 - 0s - loss: 0.3003 - mae: 0.3003 - mse: 0.1556 - 42ms/epoch - 14ms/step
Epoch 32/800
3/3 - 0s - loss: 0.2918 - mae: 0.2918 - mse: 0.1699 - 47ms/epoch - 16ms/step
Epoch 33/800
3/3 - 0s - loss: 0.2980 - mae: 0.2980 - mse: 0.1756 - 59ms/epoch - 20ms/step
Epoch 34/800
3/3 - 0s - loss: 0.2831 - mae: 0.2831 - mse: 0.1526 - 55ms/epoch - 18ms/step
Epoch 35/800
3/3 - 0s - loss: 0.2600 - mae: 0.2600 - mse: 0.1371 - 49ms/epoch - 16ms/step
Epoch 36/800
3/3 - 0s - loss: 0.2738 - mae: 0.2738 - mse: 0.1365 - 53ms/epoch - 18ms/step
Epoch 37/800
3/3 - 0s - loss: 0.2391 - mae: 0.2391 - mse: 0.1080 - 50ms/epoch - 17ms/step
Epoch 38/800
3/3 - 0s - loss: 0.2481 - mae: 0.2481 - mse: 0.1223 - 52ms/epoch - 17ms/step
Epoch 39/800
3/3 - 0s - loss: 0.2813 - mae: 0.2813 - mse: 0.1437 - 50ms/epoch - 17ms/step
Epoch 40/800
3/3 - 0s - loss: 0.2689 - mae: 0.2689 - mse: 0.1247 - 47ms/epoch - 16ms/step
Epoch 41/800
3/3 - 0s - loss: 0.2937 - mae: 0.2937 - mse: 0.1491 - 45ms/epoch - 15ms/step
Epoch 42/800
3/3 - 0s - loss: 0.2903 - mae: 0.2903 - mse: 0.1708 - 46ms/epoch - 15ms/step
Epoch 43/800
3/3 - 0s - loss: 0.2534 - mae: 0.2534 - mse: 0.1420 - 49ms/epoch - 16ms/step
Epoch 44/800
3/3 - 0s - loss: 0.2573 - mae: 0.2573 - mse: 0.1204 - 47ms/epoch - 16ms/step
Epoch 45/800
3/3 - 0s - loss: 0.2396 - mae: 0.2396 - mse: 0.1069 - 49ms/epoch - 16ms/step
Epoch 46/800
3/3 - 0s - loss: 0.2432 - mae: 0.2432 - mse: 0.1127 - 47ms/epoch - 16ms/step
Epoch 47/800
3/3 - 0s - loss: 0.2388 - mae: 0.2388 - mse: 0.1302 - 47ms/epoch - 16ms/step
Epoch 48/800
3/3 - 0s - loss: 0.2259 - mae: 0.2259 - mse: 0.1016 - 46ms/epoch - 15ms/step
Epoch 49/800
3/3 - 0s - loss: 0.1978 - mae: 0.1978 - mse: 0.0894 - 46ms/epoch - 15ms/step
Epoch 50/800
3/3 - 0s - loss: 0.1906 - mae: 0.1906 - mse: 0.0761 - 49ms/epoch - 16ms/step
Epoch 51/800
3/3 - 0s - loss: 0.1857 - mae: 0.1857 - mse: 0.0706 - 52ms/epoch - 17ms/step
Epoch 52/800
3/3 - 0s - loss: 0.2051 - mae: 0.2051 - mse: 0.0832 - 45ms/epoch - 15ms/step
Epoch 53/800
3/3 - 0s - loss: 0.2014 - mae: 0.2014 - mse: 0.0866 - 46ms/epoch - 15ms/step
Epoch 54/800
3/3 - 0s - loss: 0.1981 - mae: 0.1981 - mse: 0.0796 - 46ms/epoch - 15ms/step
Epoch 55/800
3/3 - 0s - loss: 0.2064 - mae: 0.2064 - mse: 0.0792 - 46ms/epoch - 15ms/step
Epoch 56/800
3/3 - 0s - loss: 0.2111 - mae: 0.2111 - mse: 0.0884 - 47ms/epoch - 16ms/step
Epoch 57/800
3/3 - 0s - loss: 0.1899 - mae: 0.1899 - mse: 0.0689 - 50ms/epoch - 17ms/step
Epoch 58/800
3/3 - 0s - loss: 0.2025 - mae: 0.2025 - mse: 0.0788 - 50ms/epoch - 17ms/step
Epoch 59/800
3/3 - 0s - loss: 0.1970 - mae: 0.1970 - mse: 0.0907 - 45ms/epoch - 15ms/step
Epoch 60/800
3/3 - 0s - loss: 0.2174 - mae: 0.2174 - mse: 0.0848 - 45ms/epoch - 15ms/step
Epoch 61/800
3/3 - 0s - loss: 0.1942 - mae: 0.1942 - mse: 0.0749 - 47ms/epoch - 16ms/step
Epoch 62/800
3/3 - 0s - loss: 0.2315 - mae: 0.2315 - mse: 0.1025 - 48ms/epoch - 16ms/step
Epoch 63/800
3/3 - 0s - loss: 0.2241 - mae: 0.2241 - mse: 0.0922 - 49ms/epoch - 16ms/step
Epoch 64/800
3/3 - 0s - loss: 0.2094 - mae: 0.2094 - mse: 0.0867 - 45ms/epoch - 15ms/step
Epoch 65/800
3/3 - 0s - loss: 0.2336 - mae: 0.2336 - mse: 0.1224 - 43ms/epoch - 14ms/step
Epoch 66/800
3/3 - 0s - loss: 0.1874 - mae: 0.1874 - mse: 0.0683 - 45ms/epoch - 15ms/step
Epoch 67/800
3/3 - 0s - loss: 0.1671 - mae: 0.1671 - mse: 0.0569 - 44ms/epoch - 15ms/step
Epoch 68/800
3/3 - 0s - loss: 0.1895 - mae: 0.1895 - mse: 0.0755 - 45ms/epoch - 15ms/step
Epoch 69/800
3/3 - 0s - loss: 0.1822 - mae: 0.1822 - mse: 0.0689 - 48ms/epoch - 16ms/step
Epoch 70/800
3/3 - 0s - loss: 0.1865 - mae: 0.1865 - mse: 0.0636 - 49ms/epoch - 16ms/step
Epoch 71/800
3/3 - 0s - loss: 0.1761 - mae: 0.1761 - mse: 0.0629 - 49ms/epoch - 16ms/step
Epoch 72/800
3/3 - 0s - loss: 0.2090 - mae: 0.2090 - mse: 0.0776 - 52ms/epoch - 17ms/step
Epoch 73/800
3/3 - 0s - loss: 0.2087 - mae: 0.2087 - mse: 0.0847 - 50ms/epoch - 17ms/step
Epoch 74/800
3/3 - 0s - loss: 0.1720 - mae: 0.1720 - mse: 0.0621 - 55ms/epoch - 18ms/step
Epoch 75/800
3/3 - 0s - loss: 0.1617 - mae: 0.1617 - mse: 0.0585 - 49ms/epoch - 16ms/step
Epoch 76/800
3/3 - 0s - loss: 0.1503 - mae: 0.1503 - mse: 0.0531 - 49ms/epoch - 16ms/step
Epoch 77/800
3/3 - 0s - loss: 0.1589 - mae: 0.1589 - mse: 0.0567 - 46ms/epoch - 15ms/step
Epoch 78/800
3/3 - 0s - loss: 0.1766 - mae: 0.1766 - mse: 0.0632 - 45ms/epoch - 15ms/step
Epoch 79/800
3/3 - 0s - loss: 0.1807 - mae: 0.1807 - mse: 0.0609 - 33ms/epoch - 11ms/step
Epoch 80/800
3/3 - 0s - loss: 0.2198 - mae: 0.2198 - mse: 0.0874 - 30ms/epoch - 10ms/step
Epoch 81/800
3/3 - 0s - loss: 0.2323 - mae: 0.2323 - mse: 0.0890 - 35ms/epoch - 12ms/step
Epoch 82/800
3/3 - 0s - loss: 0.2774 - mae: 0.2774 - mse: 0.1135 - 36ms/epoch - 12ms/step
Epoch 83/800
3/3 - 0s - loss: 0.1894 - mae: 0.1894 - mse: 0.0712 - 52ms/epoch - 17ms/step
Epoch 84/800
3/3 - 0s - loss: 0.2157 - mae: 0.2157 - mse: 0.0872 - 50ms/epoch - 17ms/step
Epoch 85/800
3/3 - 0s - loss: 0.2434 - mae: 0.2434 - mse: 0.0974 - 47ms/epoch - 16ms/step
Epoch 86/800
3/3 - 0s - loss: 0.2254 - mae: 0.2254 - mse: 0.0911 - 46ms/epoch - 15ms/step
Epoch 87/800
3/3 - 0s - loss: 0.2111 - mae: 0.2111 - mse: 0.0732 - 46ms/epoch - 15ms/step
Epoch 88/800
3/3 - 0s - loss: 0.1894 - mae: 0.1894 - mse: 0.0654 - 47ms/epoch - 16ms/step
Epoch 89/800
3/3 - 0s - loss: 0.1640 - mae: 0.1640 - mse: 0.0531 - 45ms/epoch - 15ms/step
Epoch 90/800
3/3 - 0s - loss: 0.1533 - mae: 0.1533 - mse: 0.0492 - 45ms/epoch - 15ms/step
Epoch 91/800
3/3 - 0s - loss: 0.1593 - mae: 0.1593 - mse: 0.0555 - 32ms/epoch - 11ms/step
Epoch 92/800
3/3 - 0s - loss: 0.1915 - mae: 0.1915 - mse: 0.0829 - 30ms/epoch - 10ms/step
Epoch 93/800
3/3 - 0s - loss: 0.1774 - mae: 0.1774 - mse: 0.0597 - 30ms/epoch - 10ms/step
Epoch 94/800
3/3 - 0s - loss: 0.2103 - mae: 0.2103 - mse: 0.0835 - 31ms/epoch - 10ms/step
Epoch 95/800
3/3 - 0s - loss: 0.2180 - mae: 0.2180 - mse: 0.0961 - 34ms/epoch - 11ms/step
Epoch 96/800
3/3 - 0s - loss: 0.1818 - mae: 0.1818 - mse: 0.0671 - 31ms/epoch - 10ms/step
Epoch 97/800
3/3 - 0s - loss: 0.1954 - mae: 0.1954 - mse: 0.0800 - 30ms/epoch - 10ms/step
Epoch 98/800
3/3 - 0s - loss: 0.1936 - mae: 0.1936 - mse: 0.0735 - 31ms/epoch - 10ms/step
Epoch 99/800
3/3 - 0s - loss: 0.1772 - mae: 0.1772 - mse: 0.0592 - 32ms/epoch - 11ms/step
Epoch 100/800
3/3 - 0s - loss: 0.1547 - mae: 0.1547 - mse: 0.0483 - 49ms/epoch - 16ms/step
Epoch 101/800
3/3 - 0s - loss: 0.1637 - mae: 0.1637 - mse: 0.0551 - 44ms/epoch - 15ms/step
Epoch 102/800
3/3 - 0s - loss: 0.1694 - mae: 0.1694 - mse: 0.0571 - 44ms/epoch - 15ms/step
Epoch 103/800
3/3 - 0s - loss: 0.1584 - mae: 0.1584 - mse: 0.0563 - 43ms/epoch - 14ms/step
Epoch 104/800
3/3 - 0s - loss: 0.1470 - mae: 0.1470 - mse: 0.0438 - 44ms/epoch - 15ms/step
Epoch 105/800
3/3 - 0s - loss: 0.1495 - mae: 0.1495 - mse: 0.0504 - 39ms/epoch - 13ms/step
Epoch 106/800
3/3 - 0s - loss: 0.1278 - mae: 0.1278 - mse: 0.0387 - 35ms/epoch - 12ms/step
Epoch 107/800
3/3 - 0s - loss: 0.1591 - mae: 0.1591 - mse: 0.0538 - 35ms/epoch - 12ms/step
Epoch 108/800
3/3 - 0s - loss: 0.1637 - mae: 0.1637 - mse: 0.0506 - 47ms/epoch - 16ms/step
Epoch 109/800
3/3 - 0s - loss: 0.1631 - mae: 0.1631 - mse: 0.0579 - 42ms/epoch - 14ms/step
Epoch 110/800
3/3 - 0s - loss: 0.1845 - mae: 0.1845 - mse: 0.0647 - 42ms/epoch - 14ms/step
Epoch 111/800
3/3 - 0s - loss: 0.2081 - mae: 0.2081 - mse: 0.0751 - 36ms/epoch - 12ms/step
Epoch 112/800
3/3 - 0s - loss: 0.1820 - mae: 0.1820 - mse: 0.0713 - 40ms/epoch - 13ms/step
Epoch 113/800
3/3 - 0s - loss: 0.1666 - mae: 0.1666 - mse: 0.0510 - 45ms/epoch - 15ms/step
Epoch 114/800
3/3 - 0s - loss: 0.2060 - mae: 0.2060 - mse: 0.0673 - 41ms/epoch - 14ms/step
Epoch 115/800
3/3 - 0s - loss: 0.2038 - mae: 0.2038 - mse: 0.0740 - 37ms/epoch - 12ms/step
Epoch 116/800
3/3 - 0s - loss: 0.1933 - mae: 0.1933 - mse: 0.0708 - 36ms/epoch - 12ms/step
Epoch 117/800
3/3 - 0s - loss: 0.1758 - mae: 0.1758 - mse: 0.0612 - 40ms/epoch - 13ms/step
Epoch 118/800
3/3 - 0s - loss: 0.1635 - mae: 0.1635 - mse: 0.0530 - 39ms/epoch - 13ms/step
Epoch 119/800
3/3 - 0s - loss: 0.1532 - mae: 0.1532 - mse: 0.0570 - 38ms/epoch - 13ms/step
Epoch 120/800
3/3 - 0s - loss: 0.1388 - mae: 0.1388 - mse: 0.0399 - 39ms/epoch - 13ms/step
Epoch 121/800
3/3 - 0s - loss: 0.1532 - mae: 0.1532 - mse: 0.0525 - 40ms/epoch - 13ms/step
Epoch 122/800
3/3 - 0s - loss: 0.1476 - mae: 0.1476 - mse: 0.0453 - 40ms/epoch - 13ms/step
Epoch 123/800
3/3 - 0s - loss: 0.1556 - mae: 0.1556 - mse: 0.0513 - 44ms/epoch - 15ms/step
Epoch 124/800
3/3 - 0s - loss: 0.1427 - mae: 0.1427 - mse: 0.0439 - 40ms/epoch - 13ms/step
Epoch 125/800
3/3 - 0s - loss: 0.1542 - mae: 0.1542 - mse: 0.0473 - 38ms/epoch - 13ms/step
Epoch 126/800
3/3 - 0s - loss: 0.1491 - mae: 0.1491 - mse: 0.0484 - 44ms/epoch - 15ms/step
Epoch 127/800
3/3 - 0s - loss: 0.1359 - mae: 0.1359 - mse: 0.0392 - 44ms/epoch - 15ms/step
Epoch 128/800
3/3 - 0s - loss: 0.1288 - mae: 0.1288 - mse: 0.0402 - 42ms/epoch - 14ms/step
Epoch 129/800
3/3 - 0s - loss: 0.1186 - mae: 0.1186 - mse: 0.0346 - 40ms/epoch - 13ms/step
Epoch 130/800
3/3 - 0s - loss: 0.1141 - mae: 0.1141 - mse: 0.0342 - 41ms/epoch - 14ms/step
Epoch 131/800
3/3 - 0s - loss: 0.1588 - mae: 0.1588 - mse: 0.0536 - 42ms/epoch - 14ms/step
Epoch 132/800
3/3 - 0s - loss: 0.1750 - mae: 0.1750 - mse: 0.0660 - 39ms/epoch - 13ms/step
Epoch 133/800
3/3 - 0s - loss: 0.1791 - mae: 0.1791 - mse: 0.0640 - 39ms/epoch - 13ms/step
Epoch 134/800
3/3 - 0s - loss: 0.1500 - mae: 0.1500 - mse: 0.0482 - 40ms/epoch - 13ms/step
Epoch 135/800
3/3 - 0s - loss: 0.1456 - mae: 0.1456 - mse: 0.0488 - 36ms/epoch - 12ms/step
Epoch 136/800
3/3 - 0s - loss: 0.1494 - mae: 0.1494 - mse: 0.0465 - 39ms/epoch - 13ms/step
Epoch 137/800
3/3 - 0s - loss: 0.1707 - mae: 0.1707 - mse: 0.0651 - 40ms/epoch - 13ms/step
Epoch 138/800
3/3 - 0s - loss: 0.1618 - mae: 0.1618 - mse: 0.0471 - 42ms/epoch - 14ms/step
Epoch 139/800
3/3 - 0s - loss: 0.1611 - mae: 0.1611 - mse: 0.0495 - 39ms/epoch - 13ms/step
Epoch 140/800
3/3 - 0s - loss: 0.1283 - mae: 0.1283 - mse: 0.0361 - 40ms/epoch - 13ms/step
Epoch 141/800
3/3 - 0s - loss: 0.1247 - mae: 0.1247 - mse: 0.0360 - 40ms/epoch - 13ms/step
Epoch 142/800
3/3 - 0s - loss: 0.1209 - mae: 0.1209 - mse: 0.0360 - 38ms/epoch - 13ms/step
Epoch 143/800
3/3 - 0s - loss: 0.1336 - mae: 0.1336 - mse: 0.0428 - 36ms/epoch - 12ms/step
Epoch 144/800
3/3 - 0s - loss: 0.1278 - mae: 0.1278 - mse: 0.0386 - 37ms/epoch - 12ms/step
Epoch 145/800
3/3 - 0s - loss: 0.1386 - mae: 0.1386 - mse: 0.0424 - 38ms/epoch - 13ms/step
Epoch 146/800
3/3 - 0s - loss: 0.1331 - mae: 0.1331 - mse: 0.0365 - 38ms/epoch - 13ms/step
Epoch 147/800
3/3 - 0s - loss: 0.1407 - mae: 0.1407 - mse: 0.0421 - 43ms/epoch - 14ms/step
Epoch 148/800
3/3 - 0s - loss: 0.1309 - mae: 0.1309 - mse: 0.0408 - 42ms/epoch - 14ms/step
Epoch 149/800
3/3 - 0s - loss: 0.1266 - mae: 0.1266 - mse: 0.0392 - 39ms/epoch - 13ms/step
Epoch 150/800
3/3 - 0s - loss: 0.1225 - mae: 0.1225 - mse: 0.0391 - 38ms/epoch - 13ms/step
Epoch 151/800
3/3 - 0s - loss: 0.1425 - mae: 0.1425 - mse: 0.0446 - 39ms/epoch - 13ms/step
Epoch 152/800
3/3 - 0s - loss: 0.1323 - mae: 0.1323 - mse: 0.0402 - 39ms/epoch - 13ms/step
Epoch 153/800
3/3 - 0s - loss: 0.1242 - mae: 0.1242 - mse: 0.0376 - 41ms/epoch - 14ms/step
Epoch 154/800
3/3 - 0s - loss: 0.1142 - mae: 0.1142 - mse: 0.0363 - 44ms/epoch - 15ms/step
Epoch 155/800
3/3 - 0s - loss: 0.1180 - mae: 0.1180 - mse: 0.0420 - 44ms/epoch - 15ms/step
Epoch 156/800
3/3 - 0s - loss: 0.1363 - mae: 0.1363 - mse: 0.0405 - 46ms/epoch - 15ms/step
Epoch 157/800
3/3 - 0s - loss: 0.1330 - mae: 0.1330 - mse: 0.0447 - 51ms/epoch - 17ms/step
Epoch 158/800
3/3 - 0s - loss: 0.1175 - mae: 0.1175 - mse: 0.0348 - 48ms/epoch - 16ms/step
Epoch 159/800
3/3 - 0s - loss: 0.1201 - mae: 0.1201 - mse: 0.0404 - 57ms/epoch - 19ms/step
Epoch 160/800
3/3 - 0s - loss: 0.1547 - mae: 0.1547 - mse: 0.0473 - 49ms/epoch - 16ms/step
Epoch 161/800
3/3 - 0s - loss: 0.1520 - mae: 0.1520 - mse: 0.0513 - 47ms/epoch - 16ms/step
Epoch 162/800
3/3 - 0s - loss: 0.1325 - mae: 0.1325 - mse: 0.0450 - 45ms/epoch - 15ms/step
Epoch 163/800
3/3 - 0s - loss: 0.1518 - mae: 0.1518 - mse: 0.0452 - 43ms/epoch - 14ms/step
Epoch 164/800
3/3 - 0s - loss: 0.1391 - mae: 0.1391 - mse: 0.0445 - 43ms/epoch - 14ms/step
Epoch 165/800
3/3 - 0s - loss: 0.1350 - mae: 0.1350 - mse: 0.0378 - 43ms/epoch - 14ms/step
Epoch 166/800
3/3 - 0s - loss: 0.1229 - mae: 0.1229 - mse: 0.0358 - 43ms/epoch - 14ms/step
Epoch 167/800
3/3 - 0s - loss: 0.1308 - mae: 0.1308 - mse: 0.0434 - 44ms/epoch - 15ms/step
Epoch 168/800
3/3 - 0s - loss: 0.1135 - mae: 0.1135 - mse: 0.0321 - 44ms/epoch - 15ms/step
Epoch 169/800
3/3 - 0s - loss: 0.1093 - mae: 0.1093 - mse: 0.0293 - 43ms/epoch - 14ms/step
Epoch 170/800
3/3 - 0s - loss: 0.1287 - mae: 0.1287 - mse: 0.0386 - 48ms/epoch - 16ms/step
Epoch 171/800
3/3 - 0s - loss: 0.1296 - mae: 0.1296 - mse: 0.0383 - 48ms/epoch - 16ms/step
Epoch 172/800
3/3 - 0s - loss: 0.1251 - mae: 0.1251 - mse: 0.0346 - 53ms/epoch - 18ms/step
Epoch 173/800
3/3 - 0s - loss: 0.1310 - mae: 0.1310 - mse: 0.0363 - 53ms/epoch - 18ms/step
Epoch 174/800
3/3 - 0s - loss: 0.1355 - mae: 0.1355 - mse: 0.0407 - 51ms/epoch - 17ms/step
Epoch 175/800
3/3 - 0s - loss: 0.1425 - mae: 0.1425 - mse: 0.0487 - 49ms/epoch - 16ms/step
Epoch 176/800
3/3 - 0s - loss: 0.1185 - mae: 0.1185 - mse: 0.0311 - 49ms/epoch - 16ms/step
Epoch 177/800
3/3 - 0s - loss: 0.1319 - mae: 0.1319 - mse: 0.0417 - 47ms/epoch - 16ms/step
Epoch 178/800
3/3 - 0s - loss: 0.1426 - mae: 0.1426 - mse: 0.0401 - 47ms/epoch - 16ms/step
Epoch 179/800
3/3 - 0s - loss: 0.1400 - mae: 0.1400 - mse: 0.0408 - 47ms/epoch - 16ms/step
Epoch 180/800
3/3 - 0s - loss: 0.1365 - mae: 0.1365 - mse: 0.0363 - 48ms/epoch - 16ms/step
Epoch 181/800
3/3 - 0s - loss: 0.1262 - mae: 0.1262 - mse: 0.0344 - 52ms/epoch - 17ms/step
Epoch 182/800
3/3 - 0s - loss: 0.1222 - mae: 0.1222 - mse: 0.0378 - 51ms/epoch - 17ms/step
Epoch 183/800
3/3 - 0s - loss: 0.1498 - mae: 0.1498 - mse: 0.0450 - 51ms/epoch - 17ms/step
Epoch 184/800
3/3 - 0s - loss: 0.1376 - mae: 0.1376 - mse: 0.0465 - 49ms/epoch - 16ms/step
Epoch 185/800
3/3 - 0s - loss: 0.1370 - mae: 0.1370 - mse: 0.0375 - 45ms/epoch - 15ms/step
Epoch 186/800
3/3 - 0s - loss: 0.1599 - mae: 0.1599 - mse: 0.0628 - 47ms/epoch - 16ms/step
Epoch 187/800
3/3 - 0s - loss: 0.1821 - mae: 0.1821 - mse: 0.0709 - 51ms/epoch - 17ms/step
Epoch 188/800
3/3 - 0s - loss: 0.1421 - mae: 0.1421 - mse: 0.0439 - 50ms/epoch - 17ms/step
Epoch 189/800
3/3 - 0s - loss: 0.1783 - mae: 0.1783 - mse: 0.0607 - 45ms/epoch - 15ms/step
Epoch 190/800
3/3 - 0s - loss: 0.1607 - mae: 0.1607 - mse: 0.0474 - 49ms/epoch - 16ms/step
Epoch 191/800
3/3 - 0s - loss: 0.1343 - mae: 0.1343 - mse: 0.0376 - 54ms/epoch - 18ms/step
Epoch 192/800
3/3 - 0s - loss: 0.1594 - mae: 0.1594 - mse: 0.0569 - 52ms/epoch - 17ms/step
Epoch 193/800
3/3 - 0s - loss: 0.1504 - mae: 0.1504 - mse: 0.0487 - 52ms/epoch - 17ms/step
Epoch 194/800
3/3 - 0s - loss: 0.1195 - mae: 0.1195 - mse: 0.0363 - 51ms/epoch - 17ms/step
Epoch 195/800
3/3 - 0s - loss: 0.1137 - mae: 0.1137 - mse: 0.0302 - 46ms/epoch - 15ms/step
Epoch 196/800
3/3 - 0s - loss: 0.1304 - mae: 0.1304 - mse: 0.0391 - 49ms/epoch - 16ms/step
Epoch 197/800
3/3 - 0s - loss: 0.1237 - mae: 0.1237 - mse: 0.0336 - 48ms/epoch - 16ms/step
Epoch 198/800
3/3 - 0s - loss: 0.1203 - mae: 0.1203 - mse: 0.0334 - 51ms/epoch - 17ms/step
Epoch 199/800
3/3 - 0s - loss: 0.0992 - mae: 0.0992 - mse: 0.0270 - 50ms/epoch - 17ms/step
Epoch 200/800
3/3 - 0s - loss: 0.1098 - mae: 0.1098 - mse: 0.0305 - 47ms/epoch - 16ms/step
Epoch 201/800
3/3 - 0s - loss: 0.1078 - mae: 0.1078 - mse: 0.0310 - 47ms/epoch - 16ms/step
Epoch 202/800
3/3 - 0s - loss: 0.1139 - mae: 0.1139 - mse: 0.0306 - 45ms/epoch - 15ms/step
Epoch 203/800
3/3 - 0s - loss: 0.1117 - mae: 0.1117 - mse: 0.0300 - 47ms/epoch - 16ms/step
Epoch 204/800
3/3 - 0s - loss: 0.1082 - mae: 0.1082 - mse: 0.0269 - 50ms/epoch - 17ms/step
Epoch 205/800
3/3 - 0s - loss: 0.1079 - mae: 0.1079 - mse: 0.0278 - 49ms/epoch - 16ms/step
Epoch 206/800
3/3 - 0s - loss: 0.1125 - mae: 0.1125 - mse: 0.0301 - 50ms/epoch - 17ms/step
Epoch 207/800
3/3 - 0s - loss: 0.1146 - mae: 0.1146 - mse: 0.0299 - 54ms/epoch - 18ms/step
Epoch 208/800
3/3 - 0s - loss: 0.1064 - mae: 0.1064 - mse: 0.0260 - 52ms/epoch - 17ms/step
Epoch 209/800
3/3 - 0s - loss: 0.1211 - mae: 0.1211 - mse: 0.0336 - 50ms/epoch - 17ms/step
Epoch 210/800
3/3 - 0s - loss: 0.1149 - mae: 0.1149 - mse: 0.0306 - 50ms/epoch - 17ms/step
Epoch 211/800
3/3 - 0s - loss: 0.0959 - mae: 0.0959 - mse: 0.0277 - 47ms/epoch - 16ms/step
Epoch 212/800
3/3 - 0s - loss: 0.0952 - mae: 0.0952 - mse: 0.0264 - 47ms/epoch - 16ms/step
Epoch 213/800
3/3 - 0s - loss: 0.0894 - mae: 0.0894 - mse: 0.0217 - 48ms/epoch - 16ms/step
Epoch 214/800
3/3 - 0s - loss: 0.1163 - mae: 0.1163 - mse: 0.0312 - 47ms/epoch - 16ms/step
Epoch 215/800
3/3 - 0s - loss: 0.0956 - mae: 0.0956 - mse: 0.0227 - 48ms/epoch - 16ms/step
Epoch 216/800
3/3 - 0s - loss: 0.0902 - mae: 0.0902 - mse: 0.0226 - 48ms/epoch - 16ms/step
Epoch 217/800
3/3 - 0s - loss: 0.0972 - mae: 0.0972 - mse: 0.0259 - 48ms/epoch - 16ms/step
Epoch 218/800
3/3 - 0s - loss: 0.1000 - mae: 0.1000 - mse: 0.0233 - 51ms/epoch - 17ms/step
Epoch 219/800
3/3 - 0s - loss: 0.1068 - mae: 0.1068 - mse: 0.0245 - 49ms/epoch - 16ms/step
Epoch 220/800
3/3 - 0s - loss: 0.1080 - mae: 0.1080 - mse: 0.0264 - 51ms/epoch - 17ms/step
Epoch 221/800
3/3 - 0s - loss: 0.1076 - mae: 0.1076 - mse: 0.0245 - 52ms/epoch - 17ms/step
Epoch 222/800
3/3 - 0s - loss: 0.1011 - mae: 0.1011 - mse: 0.0249 - 51ms/epoch - 17ms/step
Epoch 223/800
3/3 - 0s - loss: 0.1019 - mae: 0.1019 - mse: 0.0233 - 51ms/epoch - 17ms/step
Epoch 224/800
3/3 - 0s - loss: 0.0907 - mae: 0.0907 - mse: 0.0206 - 48ms/epoch - 16ms/step
Epoch 225/800
3/3 - 0s - loss: 0.0878 - mae: 0.0878 - mse: 0.0167 - 46ms/epoch - 15ms/step
Epoch 226/800
3/3 - 0s - loss: 0.0972 - mae: 0.0972 - mse: 0.0198 - 48ms/epoch - 16ms/step
Epoch 227/800
3/3 - 0s - loss: 0.0928 - mae: 0.0928 - mse: 0.0177 - 46ms/epoch - 15ms/step
Epoch 228/800
3/3 - 0s - loss: 0.1008 - mae: 0.1008 - mse: 0.0219 - 46ms/epoch - 15ms/step
Epoch 229/800
3/3 - 0s - loss: 0.0960 - mae: 0.0960 - mse: 0.0197 - 47ms/epoch - 16ms/step
Epoch 230/800
3/3 - 0s - loss: 0.1060 - mae: 0.1060 - mse: 0.0312 - 46ms/epoch - 15ms/step
Epoch 231/800
3/3 - 0s - loss: 0.1118 - mae: 0.1118 - mse: 0.0312 - 52ms/epoch - 17ms/step
Epoch 232/800
3/3 - 0s - loss: 0.1355 - mae: 0.1355 - mse: 0.0432 - 53ms/epoch - 18ms/step
Epoch 233/800
3/3 - 0s - loss: 0.1199 - mae: 0.1199 - mse: 0.0320 - 55ms/epoch - 18ms/step
Epoch 234/800
3/3 - 0s - loss: 0.0918 - mae: 0.0918 - mse: 0.0180 - 59ms/epoch - 20ms/step
Epoch 235/800
3/3 - 0s - loss: 0.0908 - mae: 0.0908 - mse: 0.0184 - 49ms/epoch - 16ms/step
Epoch 236/800
3/3 - 0s - loss: 0.1042 - mae: 0.1042 - mse: 0.0234 - 48ms/epoch - 16ms/step
Epoch 237/800
3/3 - 0s - loss: 0.1036 - mae: 0.1036 - mse: 0.0213 - 48ms/epoch - 16ms/step
Epoch 238/800
3/3 - 0s - loss: 0.0968 - mae: 0.0968 - mse: 0.0196 - 47ms/epoch - 16ms/step
Epoch 239/800
3/3 - 0s - loss: 0.0956 - mae: 0.0956 - mse: 0.0192 - 48ms/epoch - 16ms/step
Epoch 240/800
3/3 - 0s - loss: 0.0818 - mae: 0.0818 - mse: 0.0148 - 47ms/epoch - 16ms/step
Epoch 241/800
3/3 - 0s - loss: 0.0934 - mae: 0.0934 - mse: 0.0219 - 48ms/epoch - 16ms/step
Epoch 242/800
3/3 - 0s - loss: 0.0961 - mae: 0.0961 - mse: 0.0193 - 47ms/epoch - 16ms/step
Epoch 243/800
3/3 - 0s - loss: 0.0868 - mae: 0.0868 - mse: 0.0187 - 47ms/epoch - 16ms/step
Epoch 244/800
3/3 - 0s - loss: 0.0847 - mae: 0.0847 - mse: 0.0170 - 49ms/epoch - 16ms/step
Epoch 245/800
3/3 - 0s - loss: 0.0844 - mae: 0.0844 - mse: 0.0173 - 47ms/epoch - 16ms/step
Epoch 246/800
3/3 - 0s - loss: 0.0795 - mae: 0.0795 - mse: 0.0145 - 49ms/epoch - 16ms/step
Epoch 247/800
3/3 - 0s - loss: 0.0784 - mae: 0.0784 - mse: 0.0129 - 48ms/epoch - 16ms/step
Epoch 248/800
3/3 - 0s - loss: 0.0805 - mae: 0.0805 - mse: 0.0135 - 50ms/epoch - 17ms/step
Epoch 249/800
3/3 - 0s - loss: 0.0790 - mae: 0.0790 - mse: 0.0149 - 48ms/epoch - 16ms/step
Epoch 250/800
3/3 - 0s - loss: 0.0792 - mae: 0.0792 - mse: 0.0170 - 52ms/epoch - 17ms/step
Epoch 251/800
3/3 - 0s - loss: 0.0835 - mae: 0.0835 - mse: 0.0152 - 54ms/epoch - 18ms/step
Epoch 252/800
3/3 - 0s - loss: 0.0920 - mae: 0.0920 - mse: 0.0160 - 49ms/epoch - 16ms/step
Epoch 253/800
3/3 - 0s - loss: 0.0768 - mae: 0.0768 - mse: 0.0125 - 46ms/epoch - 15ms/step
Epoch 254/800
3/3 - 0s - loss: 0.0801 - mae: 0.0801 - mse: 0.0131 - 48ms/epoch - 16ms/step
Epoch 255/800
3/3 - 0s - loss: 0.0746 - mae: 0.0746 - mse: 0.0119 - 47ms/epoch - 16ms/step
Epoch 256/800
3/3 - 0s - loss: 0.0833 - mae: 0.0833 - mse: 0.0133 - 49ms/epoch - 16ms/step
Epoch 257/800
3/3 - 0s - loss: 0.0786 - mae: 0.0786 - mse: 0.0167 - 49ms/epoch - 16ms/step
Epoch 258/800
3/3 - 0s - loss: 0.0686 - mae: 0.0686 - mse: 0.0110 - 53ms/epoch - 18ms/step
Epoch 259/800
3/3 - 0s - loss: 0.0752 - mae: 0.0752 - mse: 0.0143 - 51ms/epoch - 17ms/step
Epoch 260/800
3/3 - 0s - loss: 0.0932 - mae: 0.0932 - mse: 0.0187 - 52ms/epoch - 17ms/step
Epoch 261/800
3/3 - 0s - loss: 0.0933 - mae: 0.0933 - mse: 0.0168 - 61ms/epoch - 20ms/step
Epoch 262/800
3/3 - 0s - loss: 0.0942 - mae: 0.0942 - mse: 0.0164 - 57ms/epoch - 19ms/step
Epoch 263/800
3/3 - 0s - loss: 0.0974 - mae: 0.0974 - mse: 0.0187 - 52ms/epoch - 17ms/step
Epoch 264/800
3/3 - 0s - loss: 0.0949 - mae: 0.0949 - mse: 0.0159 - 51ms/epoch - 17ms/step
Epoch 265/800
3/3 - 0s - loss: 0.1041 - mae: 0.1041 - mse: 0.0196 - 48ms/epoch - 16ms/step
Epoch 266/800
3/3 - 0s - loss: 0.0896 - mae: 0.0896 - mse: 0.0158 - 47ms/epoch - 16ms/step
Epoch 267/800
3/3 - 0s - loss: 0.1117 - mae: 0.1117 - mse: 0.0259 - 49ms/epoch - 16ms/step
Epoch 268/800
3/3 - 0s - loss: 0.1010 - mae: 0.1010 - mse: 0.0217 - 50ms/epoch - 17ms/step
Epoch 269/800
3/3 - 0s - loss: 0.0929 - mae: 0.0929 - mse: 0.0196 - 49ms/epoch - 16ms/step
Epoch 270/800
3/3 - 0s - loss: 0.1058 - mae: 0.1058 - mse: 0.0199 - 48ms/epoch - 16ms/step
Epoch 271/800
3/3 - 0s - loss: 0.0938 - mae: 0.0938 - mse: 0.0185 - 47ms/epoch - 16ms/step
Epoch 272/800
3/3 - 0s - loss: 0.0820 - mae: 0.0820 - mse: 0.0140 - 48ms/epoch - 16ms/step
Epoch 273/800
3/3 - 0s - loss: 0.0987 - mae: 0.0987 - mse: 0.0194 - 48ms/epoch - 16ms/step
Epoch 274/800
3/3 - 0s - loss: 0.0844 - mae: 0.0844 - mse: 0.0143 - 49ms/epoch - 16ms/step
Epoch 275/800
3/3 - 0s - loss: 0.0874 - mae: 0.0874 - mse: 0.0144 - 49ms/epoch - 16ms/step
Epoch 276/800
3/3 - 0s - loss: 0.0830 - mae: 0.0830 - mse: 0.0125 - 50ms/epoch - 17ms/step
Epoch 277/800
3/3 - 0s - loss: 0.0923 - mae: 0.0923 - mse: 0.0210 - 52ms/epoch - 17ms/step
Epoch 278/800
3/3 - 0s - loss: 0.0863 - mae: 0.0863 - mse: 0.0137 - 50ms/epoch - 17ms/step
Epoch 279/800
3/3 - 0s - loss: 0.0721 - mae: 0.0721 - mse: 0.0106 - 54ms/epoch - 18ms/step
Epoch 280/800
3/3 - 0s - loss: 0.0943 - mae: 0.0943 - mse: 0.0197 - 51ms/epoch - 17ms/step
Epoch 281/800
3/3 - 0s - loss: 0.0923 - mae: 0.0923 - mse: 0.0178 - 46ms/epoch - 15ms/step
Epoch 282/800
3/3 - 0s - loss: 0.0829 - mae: 0.0829 - mse: 0.0118 - 46ms/epoch - 15ms/step
Epoch 283/800
3/3 - 0s - loss: 0.0809 - mae: 0.0809 - mse: 0.0116 - 47ms/epoch - 16ms/step
Epoch 284/800
3/3 - 0s - loss: 0.0706 - mae: 0.0706 - mse: 0.0098 - 44ms/epoch - 15ms/step
Epoch 285/800
3/3 - 0s - loss: 0.0665 - mae: 0.0665 - mse: 0.0094 - 39ms/epoch - 13ms/step
Epoch 286/800
3/3 - 0s - loss: 0.0827 - mae: 0.0827 - mse: 0.0113 - 34ms/epoch - 11ms/step
Epoch 287/800
3/3 - 0s - loss: 0.0833 - mae: 0.0833 - mse: 0.0126 - 34ms/epoch - 11ms/step
Epoch 288/800
3/3 - 0s - loss: 0.1053 - mae: 0.1053 - mse: 0.0169 - 44ms/epoch - 15ms/step
Epoch 289/800
3/3 - 0s - loss: 0.0961 - mae: 0.0961 - mse: 0.0159 - 52ms/epoch - 17ms/step
Epoch 290/800
3/3 - 0s - loss: 0.0849 - mae: 0.0849 - mse: 0.0141 - 56ms/epoch - 19ms/step
Epoch 291/800
3/3 - 0s - loss: 0.0786 - mae: 0.0786 - mse: 0.0116 - 56ms/epoch - 19ms/step
Epoch 292/800
3/3 - 0s - loss: 0.0703 - mae: 0.0703 - mse: 0.0081 - 55ms/epoch - 18ms/step
Epoch 293/800
3/3 - 0s - loss: 0.0742 - mae: 0.0742 - mse: 0.0096 - 51ms/epoch - 17ms/step
Epoch 294/800
3/3 - 0s - loss: 0.0678 - mae: 0.0678 - mse: 0.0084 - 49ms/epoch - 16ms/step
Epoch 295/800
3/3 - 0s - loss: 0.0776 - mae: 0.0776 - mse: 0.0098 - 49ms/epoch - 16ms/step
Epoch 296/800
3/3 - 0s - loss: 0.0763 - mae: 0.0763 - mse: 0.0128 - 47ms/epoch - 16ms/step
Epoch 297/800
3/3 - 0s - loss: 0.0563 - mae: 0.0563 - mse: 0.0067 - 48ms/epoch - 16ms/step
Epoch 298/800
3/3 - 0s - loss: 0.0837 - mae: 0.0837 - mse: 0.0179 - 49ms/epoch - 16ms/step
Epoch 299/800
3/3 - 0s - loss: 0.0821 - mae: 0.0821 - mse: 0.0139 - 48ms/epoch - 16ms/step
Epoch 300/800
3/3 - 0s - loss: 0.0788 - mae: 0.0788 - mse: 0.0133 - 48ms/epoch - 16ms/step
Epoch 301/800
3/3 - 0s - loss: 0.0754 - mae: 0.0754 - mse: 0.0103 - 51ms/epoch - 17ms/step
Epoch 302/800
3/3 - 0s - loss: 0.0855 - mae: 0.0855 - mse: 0.0129 - 47ms/epoch - 16ms/step
Epoch 303/800
3/3 - 0s - loss: 0.0676 - mae: 0.0676 - mse: 0.0080 - 48ms/epoch - 16ms/step
Epoch 304/800
3/3 - 0s - loss: 0.0809 - mae: 0.0809 - mse: 0.0114 - 50ms/epoch - 17ms/step
Epoch 305/800
3/3 - 0s - loss: 0.0641 - mae: 0.0641 - mse: 0.0070 - 42ms/epoch - 14ms/step
Epoch 306/800
3/3 - 0s - loss: 0.0740 - mae: 0.0740 - mse: 0.0136 - 47ms/epoch - 16ms/step
Epoch 307/800
3/3 - 0s - loss: 0.0847 - mae: 0.0847 - mse: 0.0179 - 52ms/epoch - 17ms/step
Epoch 308/800
3/3 - 0s - loss: 0.0772 - mae: 0.0772 - mse: 0.0138 - 57ms/epoch - 19ms/step
Epoch 309/800
3/3 - 0s - loss: 0.0608 - mae: 0.0608 - mse: 0.0071 - 54ms/epoch - 18ms/step
Epoch 310/800
3/3 - 0s - loss: 0.0711 - mae: 0.0711 - mse: 0.0089 - 51ms/epoch - 17ms/step
Epoch 311/800
3/3 - 0s - loss: 0.0703 - mae: 0.0703 - mse: 0.0109 - 48ms/epoch - 16ms/step
Epoch 312/800
3/3 - 0s - loss: 0.0669 - mae: 0.0669 - mse: 0.0077 - 46ms/epoch - 15ms/step
Epoch 313/800
3/3 - 0s - loss: 0.0614 - mae: 0.0614 - mse: 0.0078 - 45ms/epoch - 15ms/step
Epoch 314/800
3/3 - 0s - loss: 0.0551 - mae: 0.0551 - mse: 0.0059 - 44ms/epoch - 15ms/step
Epoch 315/800
3/3 - 0s - loss: 0.0611 - mae: 0.0611 - mse: 0.0077 - 39ms/epoch - 13ms/step
Epoch 316/800
3/3 - 0s - loss: 0.0576 - mae: 0.0576 - mse: 0.0061 - 59ms/epoch - 20ms/step
Epoch 317/800
3/3 - 0s - loss: 0.0654 - mae: 0.0654 - mse: 0.0082 - 55ms/epoch - 18ms/step
Epoch 318/800
3/3 - 0s - loss: 0.0610 - mae: 0.0610 - mse: 0.0073 - 47ms/epoch - 16ms/step
Epoch 319/800
3/3 - 0s - loss: 0.0583 - mae: 0.0583 - mse: 0.0063 - 45ms/epoch - 15ms/step
Epoch 320/800
3/3 - 0s - loss: 0.0602 - mae: 0.0602 - mse: 0.0064 - 44ms/epoch - 15ms/step
Epoch 321/800
3/3 - 0s - loss: 0.0652 - mae: 0.0652 - mse: 0.0070 - 45ms/epoch - 15ms/step
Epoch 322/800
3/3 - 0s - loss: 0.0622 - mae: 0.0622 - mse: 0.0072 - 44ms/epoch - 15ms/step
Epoch 323/800
3/3 - 0s - loss: 0.0617 - mae: 0.0617 - mse: 0.0083 - 40ms/epoch - 13ms/step
Epoch 324/800
3/3 - 0s - loss: 0.0556 - mae: 0.0556 - mse: 0.0050 - 51ms/epoch - 17ms/step
Epoch 325/800
3/3 - 0s - loss: 0.0691 - mae: 0.0691 - mse: 0.0102 - 52ms/epoch - 17ms/step
Epoch 326/800
3/3 - 0s - loss: 0.0657 - mae: 0.0657 - mse: 0.0072 - 53ms/epoch - 18ms/step
Epoch 327/800
3/3 - 0s - loss: 0.0612 - mae: 0.0612 - mse: 0.0069 - 50ms/epoch - 17ms/step
Epoch 328/800
3/3 - 0s - loss: 0.0785 - mae: 0.0785 - mse: 0.0113 - 49ms/epoch - 16ms/step
Epoch 329/800
3/3 - 0s - loss: 0.0708 - mae: 0.0708 - mse: 0.0101 - 44ms/epoch - 15ms/step
Epoch 330/800
3/3 - 0s - loss: 0.0652 - mae: 0.0652 - mse: 0.0084 - 45ms/epoch - 15ms/step
Epoch 331/800
3/3 - 0s - loss: 0.0560 - mae: 0.0560 - mse: 0.0053 - 43ms/epoch - 14ms/step
Epoch 332/800
3/3 - 0s - loss: 0.0510 - mae: 0.0510 - mse: 0.0046 - 46ms/epoch - 15ms/step
Epoch 333/800
3/3 - 0s - loss: 0.0476 - mae: 0.0476 - mse: 0.0038 - 48ms/epoch - 16ms/step
Epoch 334/800
3/3 - 0s - loss: 0.0570 - mae: 0.0570 - mse: 0.0055 - 45ms/epoch - 15ms/step
Epoch 335/800
3/3 - 0s - loss: 0.0650 - mae: 0.0650 - mse: 0.0084 - 45ms/epoch - 15ms/step
Epoch 336/800
3/3 - 0s - loss: 0.0568 - mae: 0.0568 - mse: 0.0048 - 47ms/epoch - 16ms/step
Epoch 337/800
3/3 - 0s - loss: 0.0632 - mae: 0.0632 - mse: 0.0063 - 45ms/epoch - 15ms/step
Epoch 338/800
3/3 - 0s - loss: 0.0637 - mae: 0.0637 - mse: 0.0067 - 48ms/epoch - 16ms/step
Epoch 339/800
3/3 - 0s - loss: 0.0689 - mae: 0.0689 - mse: 0.0073 - 46ms/epoch - 15ms/step
Epoch 340/800
3/3 - 0s - loss: 0.0782 - mae: 0.0782 - mse: 0.0109 - 49ms/epoch - 16ms/step
Epoch 341/800
3/3 - 0s - loss: 0.0740 - mae: 0.0740 - mse: 0.0086 - 46ms/epoch - 15ms/step
Epoch 342/800
3/3 - 0s - loss: 0.0744 - mae: 0.0744 - mse: 0.0097 - 42ms/epoch - 14ms/step
Epoch 343/800
3/3 - 0s - loss: 0.0697 - mae: 0.0697 - mse: 0.0094 - 52ms/epoch - 17ms/step
Epoch 344/800
3/3 - 0s - loss: 0.0569 - mae: 0.0569 - mse: 0.0053 - 50ms/epoch - 17ms/step
Epoch 345/800
3/3 - 0s - loss: 0.0617 - mae: 0.0617 - mse: 0.0064 - 48ms/epoch - 16ms/step
Epoch 346/800
3/3 - 0s - loss: 0.0586 - mae: 0.0586 - mse: 0.0056 - 47ms/epoch - 16ms/step
Epoch 347/800
3/3 - 0s - loss: 0.0562 - mae: 0.0562 - mse: 0.0061 - 48ms/epoch - 16ms/step
Epoch 348/800
3/3 - 0s - loss: 0.0634 - mae: 0.0634 - mse: 0.0081 - 45ms/epoch - 15ms/step
Epoch 349/800
3/3 - 0s - loss: 0.0549 - mae: 0.0549 - mse: 0.0055 - 43ms/epoch - 14ms/step
Epoch 350/800
3/3 - 0s - loss: 0.0724 - mae: 0.0724 - mse: 0.0095 - 45ms/epoch - 15ms/step
Epoch 351/800
3/3 - 0s - loss: 0.0577 - mae: 0.0577 - mse: 0.0061 - 46ms/epoch - 15ms/step
Epoch 352/800
3/3 - 0s - loss: 0.0596 - mae: 0.0596 - mse: 0.0054 - 50ms/epoch - 17ms/step
Epoch 353/800
3/3 - 0s - loss: 0.0659 - mae: 0.0659 - mse: 0.0073 - 50ms/epoch - 17ms/step
Epoch 354/800
3/3 - 0s - loss: 0.0582 - mae: 0.0582 - mse: 0.0057 - 53ms/epoch - 18ms/step
Epoch 355/800
3/3 - 0s - loss: 0.0603 - mae: 0.0603 - mse: 0.0068 - 62ms/epoch - 21ms/step
Epoch 356/800
3/3 - 0s - loss: 0.0629 - mae: 0.0629 - mse: 0.0058 - 57ms/epoch - 19ms/step
Epoch 357/800
3/3 - 0s - loss: 0.0593 - mae: 0.0593 - mse: 0.0072 - 52ms/epoch - 17ms/step
Epoch 358/800
3/3 - 0s - loss: 0.0432 - mae: 0.0432 - mse: 0.0033 - 50ms/epoch - 17ms/step
Epoch 359/800
3/3 - 0s - loss: 0.0532 - mae: 0.0532 - mse: 0.0046 - 52ms/epoch - 17ms/step
Epoch 360/800
3/3 - 0s - loss: 0.0438 - mae: 0.0438 - mse: 0.0031 - 48ms/epoch - 16ms/step
Epoch 361/800
3/3 - 0s - loss: 0.0455 - mae: 0.0455 - mse: 0.0040 - 55ms/epoch - 18ms/step
Epoch 362/800
3/3 - 0s - loss: 0.0424 - mae: 0.0424 - mse: 0.0030 - 49ms/epoch - 16ms/step
Epoch 363/800
3/3 - 0s - loss: 0.0432 - mae: 0.0432 - mse: 0.0031 - 49ms/epoch - 16ms/step
Epoch 364/800
3/3 - 0s - loss: 0.0466 - mae: 0.0466 - mse: 0.0042 - 48ms/epoch - 16ms/step
Epoch 365/800
3/3 - 0s - loss: 0.0350 - mae: 0.0350 - mse: 0.0021 - 49ms/epoch - 16ms/step
Epoch 366/800
3/3 - 0s - loss: 0.0411 - mae: 0.0411 - mse: 0.0034 - 51ms/epoch - 17ms/step
Epoch 367/800
3/3 - 0s - loss: 0.0469 - mae: 0.0469 - mse: 0.0039 - 55ms/epoch - 18ms/step
Epoch 368/800
3/3 - 0s - loss: 0.0525 - mae: 0.0525 - mse: 0.0046 - 56ms/epoch - 19ms/step
Epoch 369/800
3/3 - 0s - loss: 0.0580 - mae: 0.0580 - mse: 0.0054 - 51ms/epoch - 17ms/step
Epoch 370/800
3/3 - 0s - loss: 0.0731 - mae: 0.0731 - mse: 0.0077 - 50ms/epoch - 17ms/step
Epoch 371/800
3/3 - 0s - loss: 0.0685 - mae: 0.0685 - mse: 0.0071 - 48ms/epoch - 16ms/step
Epoch 372/800
3/3 - 0s - loss: 0.0668 - mae: 0.0668 - mse: 0.0075 - 44ms/epoch - 15ms/step
Epoch 373/800
3/3 - 0s - loss: 0.0604 - mae: 0.0604 - mse: 0.0063 - 54ms/epoch - 18ms/step
Epoch 374/800
3/3 - 0s - loss: 0.0808 - mae: 0.0808 - mse: 0.0122 - 58ms/epoch - 19ms/step
Epoch 375/800
3/3 - 0s - loss: 0.0622 - mae: 0.0622 - mse: 0.0065 - 54ms/epoch - 18ms/step
Epoch 376/800
3/3 - 0s - loss: 0.0688 - mae: 0.0688 - mse: 0.0087 - 53ms/epoch - 18ms/step
Epoch 377/800
3/3 - 0s - loss: 0.0660 - mae: 0.0660 - mse: 0.0079 - 48ms/epoch - 16ms/step
Epoch 378/800
3/3 - 0s - loss: 0.0652 - mae: 0.0652 - mse: 0.0072 - 48ms/epoch - 16ms/step
Epoch 379/800
3/3 - 0s - loss: 0.0531 - mae: 0.0531 - mse: 0.0053 - 50ms/epoch - 17ms/step
Epoch 380/800
3/3 - 0s - loss: 0.0655 - mae: 0.0655 - mse: 0.0067 - 47ms/epoch - 16ms/step
Epoch 381/800
3/3 - 0s - loss: 0.0646 - mae: 0.0646 - mse: 0.0066 - 48ms/epoch - 16ms/step
Epoch 382/800
3/3 - 0s - loss: 0.0561 - mae: 0.0561 - mse: 0.0059 - 46ms/epoch - 15ms/step
Epoch 383/800
3/3 - 0s - loss: 0.0600 - mae: 0.0600 - mse: 0.0066 - 51ms/epoch - 17ms/step
Epoch 384/800
3/3 - 0s - loss: 0.0459 - mae: 0.0459 - mse: 0.0035 - 50ms/epoch - 17ms/step
Epoch 385/800
3/3 - 0s - loss: 0.0425 - mae: 0.0425 - mse: 0.0037 - 52ms/epoch - 17ms/step
Epoch 386/800
3/3 - 0s - loss: 0.0454 - mae: 0.0454 - mse: 0.0040 - 52ms/epoch - 17ms/step
Epoch 387/800
3/3 - 0s - loss: 0.0509 - mae: 0.0509 - mse: 0.0043 - 47ms/epoch - 16ms/step
Epoch 388/800
3/3 - 0s - loss: 0.0413 - mae: 0.0413 - mse: 0.0031 - 46ms/epoch - 15ms/step
Epoch 389/800
3/3 - 0s - loss: 0.0508 - mae: 0.0508 - mse: 0.0049 - 47ms/epoch - 16ms/step
Epoch 390/800
3/3 - 0s - loss: 0.0435 - mae: 0.0435 - mse: 0.0037 - 46ms/epoch - 15ms/step
Epoch 391/800
3/3 - 0s - loss: 0.0586 - mae: 0.0586 - mse: 0.0054 - 45ms/epoch - 15ms/step
Epoch 392/800
3/3 - 0s - loss: 0.0406 - mae: 0.0406 - mse: 0.0027 - 43ms/epoch - 14ms/step
Epoch 393/800
3/3 - 0s - loss: 0.0414 - mae: 0.0414 - mse: 0.0032 - 40ms/epoch - 13ms/step
Epoch 394/800
3/3 - 0s - loss: 0.0351 - mae: 0.0351 - mse: 0.0022 - 53ms/epoch - 18ms/step
Epoch 395/800
3/3 - 0s - loss: 0.0430 - mae: 0.0430 - mse: 0.0030 - 52ms/epoch - 17ms/step
Epoch 396/800
3/3 - 0s - loss: 0.0586 - mae: 0.0586 - mse: 0.0062 - 52ms/epoch - 17ms/step
Epoch 397/800
3/3 - 0s - loss: 0.0488 - mae: 0.0488 - mse: 0.0040 - 48ms/epoch - 16ms/step
Epoch 398/800
3/3 - 0s - loss: 0.0492 - mae: 0.0492 - mse: 0.0042 - 53ms/epoch - 18ms/step
Epoch 399/800
3/3 - 0s - loss: 0.0493 - mae: 0.0493 - mse: 0.0043 - 52ms/epoch - 17ms/step
Epoch 400/800
3/3 - 0s - loss: 0.0528 - mae: 0.0528 - mse: 0.0047 - 48ms/epoch - 16ms/step
Epoch 401/800
3/3 - 0s - loss: 0.0562 - mae: 0.0562 - mse: 0.0063 - 44ms/epoch - 15ms/step
Epoch 402/800
3/3 - 0s - loss: 0.0605 - mae: 0.0605 - mse: 0.0070 - 44ms/epoch - 15ms/step
Epoch 403/800
3/3 - 0s - loss: 0.0558 - mae: 0.0558 - mse: 0.0061 - 46ms/epoch - 15ms/step
Epoch 404/800
3/3 - 0s - loss: 0.0524 - mae: 0.0524 - mse: 0.0045 - 43ms/epoch - 14ms/step
Epoch 405/800
3/3 - 0s - loss: 0.0409 - mae: 0.0409 - mse: 0.0025 - 42ms/epoch - 14ms/step
Epoch 406/800
3/3 - 0s - loss: 0.0549 - mae: 0.0549 - mse: 0.0047 - 43ms/epoch - 14ms/step
Epoch 407/800
3/3 - 0s - loss: 0.0422 - mae: 0.0422 - mse: 0.0028 - 45ms/epoch - 15ms/step
Epoch 408/800
3/3 - 0s - loss: 0.0462 - mae: 0.0462 - mse: 0.0035 - 40ms/epoch - 13ms/step
Epoch 409/800
3/3 - 0s - loss: 0.0459 - mae: 0.0459 - mse: 0.0033 - 50ms/epoch - 17ms/step
Epoch 410/800
3/3 - 0s - loss: 0.0498 - mae: 0.0498 - mse: 0.0036 - 45ms/epoch - 15ms/step
Epoch 411/800
3/3 - 0s - loss: 0.0455 - mae: 0.0455 - mse: 0.0035 - 46ms/epoch - 15ms/step
Epoch 412/800
3/3 - 0s - loss: 0.0533 - mae: 0.0533 - mse: 0.0049 - 39ms/epoch - 13ms/step
Epoch 413/800
3/3 - 0s - loss: 0.0538 - mae: 0.0538 - mse: 0.0044 - 43ms/epoch - 14ms/step
Epoch 414/800
3/3 - 0s - loss: 0.0530 - mae: 0.0530 - mse: 0.0045 - 43ms/epoch - 14ms/step
Epoch 415/800
3/3 - 0s - loss: 0.0519 - mae: 0.0519 - mse: 0.0044 - 40ms/epoch - 13ms/step
Epoch 416/800
3/3 - 0s - loss: 0.0482 - mae: 0.0482 - mse: 0.0040 - 47ms/epoch - 16ms/step
Epoch 417/800
3/3 - 0s - loss: 0.0444 - mae: 0.0444 - mse: 0.0037 - 40ms/epoch - 13ms/step
Epoch 418/800
3/3 - 0s - loss: 0.0619 - mae: 0.0619 - mse: 0.0063 - 38ms/epoch - 13ms/step
Epoch 419/800
3/3 - 0s - loss: 0.0520 - mae: 0.0520 - mse: 0.0044 - 38ms/epoch - 13ms/step
Epoch 420/800
3/3 - 0s - loss: 0.0492 - mae: 0.0492 - mse: 0.0041 - 40ms/epoch - 13ms/step
Epoch 421/800
3/3 - 0s - loss: 0.0445 - mae: 0.0445 - mse: 0.0038 - 39ms/epoch - 13ms/step
Epoch 422/800
3/3 - 0s - loss: 0.0504 - mae: 0.0504 - mse: 0.0046 - 39ms/epoch - 13ms/step
Epoch 423/800
3/3 - 0s - loss: 0.0557 - mae: 0.0557 - mse: 0.0046 - 39ms/epoch - 13ms/step
Epoch 424/800
3/3 - 0s - loss: 0.0565 - mae: 0.0565 - mse: 0.0050 - 42ms/epoch - 14ms/step
Epoch 425/800
3/3 - 0s - loss: 0.0599 - mae: 0.0599 - mse: 0.0061 - 40ms/epoch - 13ms/step
Epoch 426/800
3/3 - 0s - loss: 0.0487 - mae: 0.0487 - mse: 0.0035 - 39ms/epoch - 13ms/step
Epoch 427/800
3/3 - 0s - loss: 0.0429 - mae: 0.0429 - mse: 0.0033 - 41ms/epoch - 14ms/step
Epoch 428/800
3/3 - 0s - loss: 0.0452 - mae: 0.0452 - mse: 0.0031 - 39ms/epoch - 13ms/step
Epoch 429/800
3/3 - 0s - loss: 0.0583 - mae: 0.0583 - mse: 0.0064 - 38ms/epoch - 13ms/step
Epoch 430/800
3/3 - 0s - loss: 0.0538 - mae: 0.0538 - mse: 0.0053 - 39ms/epoch - 13ms/step
Epoch 431/800
3/3 - 0s - loss: 0.0440 - mae: 0.0440 - mse: 0.0034 - 38ms/epoch - 13ms/step
Epoch 432/800
3/3 - 0s - loss: 0.0492 - mae: 0.0492 - mse: 0.0043 - 42ms/epoch - 14ms/step
Epoch 433/800
3/3 - 0s - loss: 0.0533 - mae: 0.0533 - mse: 0.0057 - 50ms/epoch - 17ms/step
Epoch 434/800
3/3 - 0s - loss: 0.0459 - mae: 0.0459 - mse: 0.0045 - 45ms/epoch - 15ms/step
Epoch 435/800
3/3 - 0s - loss: 0.0470 - mae: 0.0470 - mse: 0.0043 - 46ms/epoch - 15ms/step
Epoch 436/800
3/3 - 0s - loss: 0.0492 - mae: 0.0492 - mse: 0.0039 - 45ms/epoch - 15ms/step
Epoch 437/800
3/3 - 0s - loss: 0.0445 - mae: 0.0445 - mse: 0.0034 - 40ms/epoch - 13ms/step
Epoch 438/800
3/3 - 0s - loss: 0.0503 - mae: 0.0503 - mse: 0.0040 - 39ms/epoch - 13ms/step
Epoch 439/800
3/3 - 0s - loss: 0.0426 - mae: 0.0426 - mse: 0.0028 - 39ms/epoch - 13ms/step
Epoch 440/800
3/3 - 0s - loss: 0.0392 - mae: 0.0392 - mse: 0.0026 - 39ms/epoch - 13ms/step
Epoch 441/800
3/3 - 0s - loss: 0.0406 - mae: 0.0406 - mse: 0.0026 - 39ms/epoch - 13ms/step
Epoch 442/800
3/3 - 0s - loss: 0.0350 - mae: 0.0350 - mse: 0.0021 - 40ms/epoch - 13ms/step
Epoch 443/800
3/3 - 0s - loss: 0.0348 - mae: 0.0348 - mse: 0.0018 - 42ms/epoch - 14ms/step
Epoch 444/800
3/3 - 0s - loss: 0.0327 - mae: 0.0327 - mse: 0.0018 - 38ms/epoch - 13ms/step
Epoch 445/800
3/3 - 0s - loss: 0.0290 - mae: 0.0290 - mse: 0.0015 - 46ms/epoch - 15ms/step
Epoch 446/800
3/3 - 0s - loss: 0.0378 - mae: 0.0378 - mse: 0.0026 - 45ms/epoch - 15ms/step
Epoch 447/800
3/3 - 0s - loss: 0.0375 - mae: 0.0375 - mse: 0.0024 - 42ms/epoch - 14ms/step
Epoch 448/800
3/3 - 0s - loss: 0.0360 - mae: 0.0360 - mse: 0.0023 - 43ms/epoch - 14ms/step
Epoch 449/800
3/3 - 0s - loss: 0.0293 - mae: 0.0293 - mse: 0.0016 - 39ms/epoch - 13ms/step
Epoch 450/800
3/3 - 0s - loss: 0.0315 - mae: 0.0315 - mse: 0.0017 - 41ms/epoch - 14ms/step
Epoch 451/800
3/3 - 0s - loss: 0.0302 - mae: 0.0302 - mse: 0.0022 - 46ms/epoch - 15ms/step
Epoch 452/800
3/3 - 0s - loss: 0.0305 - mae: 0.0305 - mse: 0.0019 - 40ms/epoch - 13ms/step
Epoch 453/800
3/3 - 0s - loss: 0.0271 - mae: 0.0271 - mse: 0.0014 - 39ms/epoch - 13ms/step
Epoch 454/800
3/3 - 0s - loss: 0.0278 - mae: 0.0278 - mse: 0.0012 - 47ms/epoch - 16ms/step
Epoch 455/800
3/3 - 0s - loss: 0.0341 - mae: 0.0341 - mse: 0.0021 - 48ms/epoch - 16ms/step
Epoch 456/800
3/3 - 0s - loss: 0.0319 - mae: 0.0319 - mse: 0.0018 - 44ms/epoch - 15ms/step
Epoch 457/800
3/3 - 0s - loss: 0.0317 - mae: 0.0317 - mse: 0.0017 - 42ms/epoch - 14ms/step
Epoch 458/800
3/3 - 0s - loss: 0.0301 - mae: 0.0301 - mse: 0.0014 - 39ms/epoch - 13ms/step
Epoch 459/800
3/3 - 0s - loss: 0.0278 - mae: 0.0278 - mse: 0.0013 - 40ms/epoch - 13ms/step
Epoch 460/800
3/3 - 0s - loss: 0.0288 - mae: 0.0288 - mse: 0.0015 - 41ms/epoch - 14ms/step
Epoch 461/800
3/3 - 0s - loss: 0.0263 - mae: 0.0263 - mse: 0.0012 - 38ms/epoch - 13ms/step
Epoch 462/800
3/3 - 0s - loss: 0.0269 - mae: 0.0269 - mse: 0.0014 - 37ms/epoch - 12ms/step
Epoch 463/800
3/3 - 0s - loss: 0.0318 - mae: 0.0318 - mse: 0.0018 - 40ms/epoch - 13ms/step
Epoch 464/800
3/3 - 0s - loss: 0.0319 - mae: 0.0319 - mse: 0.0018 - 48ms/epoch - 16ms/step
Epoch 465/800
3/3 - 0s - loss: 0.0329 - mae: 0.0329 - mse: 0.0018 - 46ms/epoch - 15ms/step
Epoch 466/800
3/3 - 0s - loss: 0.0314 - mae: 0.0314 - mse: 0.0015 - 42ms/epoch - 14ms/step
Epoch 467/800
3/3 - 0s - loss: 0.0262 - mae: 0.0262 - mse: 0.0012 - 41ms/epoch - 14ms/step
Epoch 468/800
3/3 - 0s - loss: 0.0259 - mae: 0.0259 - mse: 0.0011 - 40ms/epoch - 13ms/step
Epoch 469/800
3/3 - 0s - loss: 0.0281 - mae: 0.0281 - mse: 0.0013 - 43ms/epoch - 14ms/step
Epoch 470/800
3/3 - 0s - loss: 0.0250 - mae: 0.0250 - mse: 0.0011 - 41ms/epoch - 14ms/step
Epoch 471/800
3/3 - 0s - loss: 0.0306 - mae: 0.0306 - mse: 0.0014 - 45ms/epoch - 15ms/step
Epoch 472/800
3/3 - 0s - loss: 0.0326 - mae: 0.0326 - mse: 0.0016 - 46ms/epoch - 15ms/step
Epoch 473/800
3/3 - 0s - loss: 0.0413 - mae: 0.0413 - mse: 0.0030 - 55ms/epoch - 18ms/step
Epoch 474/800
3/3 - 0s - loss: 0.0375 - mae: 0.0375 - mse: 0.0023 - 45ms/epoch - 15ms/step
Epoch 475/800
3/3 - 0s - loss: 0.0371 - mae: 0.0371 - mse: 0.0022 - 43ms/epoch - 14ms/step
Epoch 476/800
3/3 - 0s - loss: 0.0368 - mae: 0.0368 - mse: 0.0020 - 49ms/epoch - 16ms/step
Epoch 477/800
3/3 - 0s - loss: 0.0340 - mae: 0.0340 - mse: 0.0019 - 44ms/epoch - 15ms/step
Epoch 478/800
3/3 - 0s - loss: 0.0332 - mae: 0.0332 - mse: 0.0019 - 46ms/epoch - 15ms/step
Epoch 479/800
3/3 - 0s - loss: 0.0359 - mae: 0.0359 - mse: 0.0026 - 47ms/epoch - 16ms/step
Epoch 480/800
3/3 - 0s - loss: 0.0386 - mae: 0.0386 - mse: 0.0028 - 49ms/epoch - 16ms/step
Epoch 481/800
3/3 - 0s - loss: 0.0292 - mae: 0.0292 - mse: 0.0013 - 50ms/epoch - 17ms/step
Epoch 482/800
3/3 - 0s - loss: 0.0275 - mae: 0.0275 - mse: 0.0015 - 48ms/epoch - 16ms/step
Epoch 483/800
3/3 - 0s - loss: 0.0283 - mae: 0.0283 - mse: 0.0013 - 48ms/epoch - 16ms/step
Epoch 484/800
3/3 - 0s - loss: 0.0304 - mae: 0.0304 - mse: 0.0018 - 46ms/epoch - 15ms/step
Epoch 485/800
3/3 - 0s - loss: 0.0286 - mae: 0.0286 - mse: 0.0014 - 45ms/epoch - 15ms/step
Epoch 486/800
3/3 - 0s - loss: 0.0276 - mae: 0.0276 - mse: 0.0015 - 46ms/epoch - 15ms/step
Epoch 487/800
3/3 - 0s - loss: 0.0264 - mae: 0.0264 - mse: 0.0012 - 46ms/epoch - 15ms/step
Epoch 488/800
3/3 - 0s - loss: 0.0253 - mae: 0.0253 - mse: 0.0011 - 49ms/epoch - 16ms/step
Epoch 489/800
3/3 - 0s - loss: 0.0294 - mae: 0.0294 - mse: 0.0019 - 47ms/epoch - 16ms/step
Epoch 490/800
3/3 - 0s - loss: 0.0268 - mae: 0.0268 - mse: 0.0015 - 46ms/epoch - 15ms/step
Epoch 491/800
3/3 - 0s - loss: 0.0335 - mae: 0.0335 - mse: 0.0020 - 45ms/epoch - 15ms/step
Epoch 492/800
3/3 - 0s - loss: 0.0280 - mae: 0.0280 - mse: 0.0013 - 47ms/epoch - 16ms/step
Epoch 493/800
3/3 - 0s - loss: 0.0305 - mae: 0.0305 - mse: 0.0016 - 51ms/epoch - 17ms/step
Epoch 494/800
3/3 - 0s - loss: 0.0259 - mae: 0.0259 - mse: 0.0011 - 48ms/epoch - 16ms/step
Epoch 495/800
3/3 - 0s - loss: 0.0335 - mae: 0.0335 - mse: 0.0019 - 47ms/epoch - 16ms/step
Epoch 496/800
3/3 - 0s - loss: 0.0333 - mae: 0.0333 - mse: 0.0019 - 46ms/epoch - 15ms/step
Epoch 497/800
3/3 - 0s - loss: 0.0293 - mae: 0.0293 - mse: 0.0015 - 43ms/epoch - 14ms/step
Epoch 498/800
3/3 - 0s - loss: 0.0316 - mae: 0.0316 - mse: 0.0017 - 45ms/epoch - 15ms/step
Epoch 499/800
3/3 - 0s - loss: 0.0394 - mae: 0.0394 - mse: 0.0029 - 46ms/epoch - 15ms/step
Epoch 500/800
3/3 - 0s - loss: 0.0318 - mae: 0.0318 - mse: 0.0018 - 48ms/epoch - 16ms/step
Epoch 501/800
3/3 - 0s - loss: 0.0363 - mae: 0.0363 - mse: 0.0020 - 52ms/epoch - 17ms/step
Epoch 502/800
3/3 - 0s - loss: 0.0357 - mae: 0.0357 - mse: 0.0023 - 47ms/epoch - 16ms/step
Epoch 503/800
3/3 - 0s - loss: 0.0362 - mae: 0.0362 - mse: 0.0023 - 48ms/epoch - 16ms/step
Epoch 504/800
3/3 - 0s - loss: 0.0362 - mae: 0.0362 - mse: 0.0024 - 52ms/epoch - 17ms/step
Epoch 505/800
3/3 - 0s - loss: 0.0374 - mae: 0.0374 - mse: 0.0025 - 45ms/epoch - 15ms/step
Epoch 506/800
3/3 - 0s - loss: 0.0316 - mae: 0.0316 - mse: 0.0017 - 43ms/epoch - 14ms/step
Epoch 507/800
3/3 - 0s - loss: 0.0371 - mae: 0.0371 - mse: 0.0023 - 50ms/epoch - 17ms/step
Epoch 508/800
3/3 - 0s - loss: 0.0364 - mae: 0.0364 - mse: 0.0021 - 52ms/epoch - 17ms/step
Epoch 509/800
3/3 - 0s - loss: 0.0411 - mae: 0.0411 - mse: 0.0028 - 50ms/epoch - 17ms/step
Epoch 510/800
3/3 - 0s - loss: 0.0383 - mae: 0.0383 - mse: 0.0025 - 46ms/epoch - 15ms/step
Epoch 511/800
3/3 - 0s - loss: 0.0297 - mae: 0.0297 - mse: 0.0016 - 46ms/epoch - 15ms/step
Epoch 512/800
3/3 - 0s - loss: 0.0356 - mae: 0.0356 - mse: 0.0023 - 49ms/epoch - 16ms/step
Epoch 513/800
3/3 - 0s - loss: 0.0303 - mae: 0.0303 - mse: 0.0016 - 49ms/epoch - 16ms/step
Epoch 514/800
3/3 - 0s - loss: 0.0287 - mae: 0.0287 - mse: 0.0014 - 49ms/epoch - 16ms/step
Epoch 515/800
3/3 - 0s - loss: 0.0345 - mae: 0.0345 - mse: 0.0021 - 49ms/epoch - 16ms/step
Epoch 516/800
3/3 - 0s - loss: 0.0318 - mae: 0.0318 - mse: 0.0021 - 50ms/epoch - 17ms/step
Epoch 517/800
3/3 - 0s - loss: 0.0329 - mae: 0.0329 - mse: 0.0021 - 51ms/epoch - 17ms/step
Epoch 518/800
3/3 - 0s - loss: 0.0247 - mae: 0.0247 - mse: 0.0011 - 51ms/epoch - 17ms/step
Epoch 519/800
3/3 - 0s - loss: 0.0268 - mae: 0.0268 - mse: 0.0011 - 46ms/epoch - 15ms/step
Epoch 520/800
3/3 - 0s - loss: 0.0255 - mae: 0.0255 - mse: 0.0013 - 44ms/epoch - 15ms/step
Epoch 521/800
3/3 - 0s - loss: 0.0292 - mae: 0.0292 - mse: 0.0015 - 45ms/epoch - 15ms/step
Epoch 522/800
3/3 - 0s - loss: 0.0251 - mae: 0.0251 - mse: 0.0011 - 46ms/epoch - 15ms/step
Epoch 523/800
3/3 - 0s - loss: 0.0259 - mae: 0.0259 - mse: 0.0013 - 56ms/epoch - 19ms/step
Epoch 524/800
3/3 - 0s - loss: 0.0264 - mae: 0.0264 - mse: 0.0014 - 52ms/epoch - 17ms/step
Epoch 525/800
3/3 - 0s - loss: 0.0335 - mae: 0.0335 - mse: 0.0022 - 49ms/epoch - 16ms/step
Epoch 526/800
3/3 - 0s - loss: 0.0296 - mae: 0.0296 - mse: 0.0015 - 49ms/epoch - 16ms/step
Epoch 527/800
3/3 - 0s - loss: 0.0294 - mae: 0.0294 - mse: 0.0014 - 46ms/epoch - 15ms/step
Epoch 528/800
3/3 - 0s - loss: 0.0272 - mae: 0.0272 - mse: 0.0013 - 47ms/epoch - 16ms/step
Epoch 529/800
3/3 - 0s - loss: 0.0274 - mae: 0.0274 - mse: 0.0012 - 51ms/epoch - 17ms/step
Epoch 530/800
3/3 - 0s - loss: 0.0308 - mae: 0.0308 - mse: 0.0018 - 49ms/epoch - 16ms/step
Epoch 531/800
3/3 - 0s - loss: 0.0321 - mae: 0.0321 - mse: 0.0018 - 49ms/epoch - 16ms/step
Epoch 532/800
3/3 - 0s - loss: 0.0251 - mae: 0.0251 - mse: 0.0012 - 47ms/epoch - 16ms/step
Epoch 533/800
3/3 - 0s - loss: 0.0302 - mae: 0.0302 - mse: 0.0016 - 48ms/epoch - 16ms/step
Epoch 534/800
3/3 - 0s - loss: 0.0234 - mae: 0.0234 - mse: 9.8375e-04 - 48ms/epoch - 16ms/step
Epoch 535/800
3/3 - 0s - loss: 0.0263 - mae: 0.0263 - mse: 0.0015 - 48ms/epoch - 16ms/step
Epoch 536/800
3/3 - 0s - loss: 0.0257 - mae: 0.0257 - mse: 0.0013 - 52ms/epoch - 17ms/step
Epoch 537/800
3/3 - 0s - loss: 0.0243 - mae: 0.0243 - mse: 9.7847e-04 - 50ms/epoch - 17ms/step
Epoch 538/800
3/3 - 0s - loss: 0.0303 - mae: 0.0303 - mse: 0.0017 - 51ms/epoch - 17ms/step
Epoch 539/800
3/3 - 0s - loss: 0.0291 - mae: 0.0291 - mse: 0.0015 - 50ms/epoch - 17ms/step
Epoch 540/800
3/3 - 0s - loss: 0.0270 - mae: 0.0270 - mse: 0.0013 - 48ms/epoch - 16ms/step
Epoch 541/800
3/3 - 0s - loss: 0.0275 - mae: 0.0275 - mse: 0.0013 - 47ms/epoch - 16ms/step
Epoch 542/800
3/3 - 0s - loss: 0.0359 - mae: 0.0359 - mse: 0.0021 - 47ms/epoch - 16ms/step
Epoch 543/800
3/3 - 0s - loss: 0.0346 - mae: 0.0346 - mse: 0.0020 - 48ms/epoch - 16ms/step
Epoch 544/800
3/3 - 0s - loss: 0.0356 - mae: 0.0356 - mse: 0.0023 - 51ms/epoch - 17ms/step
Epoch 545/800
3/3 - 0s - loss: 0.0343 - mae: 0.0343 - mse: 0.0019 - 47ms/epoch - 16ms/step
Epoch 546/800
3/3 - 0s - loss: 0.0353 - mae: 0.0353 - mse: 0.0018 - 48ms/epoch - 16ms/step
Epoch 547/800
3/3 - 0s - loss: 0.0475 - mae: 0.0475 - mse: 0.0036 - 48ms/epoch - 16ms/step
Epoch 548/800
3/3 - 0s - loss: 0.0400 - mae: 0.0400 - mse: 0.0023 - 47ms/epoch - 16ms/step
Epoch 549/800
3/3 - 0s - loss: 0.0315 - mae: 0.0315 - mse: 0.0016 - 49ms/epoch - 16ms/step
Epoch 550/800
3/3 - 0s - loss: 0.0359 - mae: 0.0359 - mse: 0.0026 - 48ms/epoch - 16ms/step
Epoch 551/800
3/3 - 0s - loss: 0.0345 - mae: 0.0345 - mse: 0.0022 - 48ms/epoch - 16ms/step
Epoch 552/800
3/3 - 0s - loss: 0.0412 - mae: 0.0412 - mse: 0.0031 - 44ms/epoch - 15ms/step
Epoch 553/800
3/3 - 0s - loss: 0.0335 - mae: 0.0335 - mse: 0.0019 - 47ms/epoch - 16ms/step
Epoch 554/800
3/3 - 0s - loss: 0.0248 - mae: 0.0248 - mse: 9.7003e-04 - 51ms/epoch - 17ms/step
Epoch 555/800
3/3 - 0s - loss: 0.0237 - mae: 0.0237 - mse: 9.9003e-04 - 47ms/epoch - 16ms/step
Epoch 556/800
3/3 - 0s - loss: 0.0268 - mae: 0.0268 - mse: 0.0012 - 44ms/epoch - 15ms/step
Epoch 557/800
3/3 - 0s - loss: 0.0294 - mae: 0.0294 - mse: 0.0016 - 45ms/epoch - 15ms/step
Epoch 558/800
3/3 - 0s - loss: 0.0254 - mae: 0.0254 - mse: 0.0012 - 53ms/epoch - 18ms/step
Epoch 559/800
3/3 - 0s - loss: 0.0312 - mae: 0.0312 - mse: 0.0020 - 50ms/epoch - 17ms/step
Epoch 560/800
3/3 - 0s - loss: 0.0261 - mae: 0.0261 - mse: 0.0013 - 52ms/epoch - 17ms/step
Epoch 561/800
3/3 - 0s - loss: 0.0249 - mae: 0.0249 - mse: 0.0011 - 51ms/epoch - 17ms/step
Epoch 562/800
3/3 - 0s - loss: 0.0209 - mae: 0.0209 - mse: 8.1011e-04 - 52ms/epoch - 17ms/step
Epoch 563/800
3/3 - 0s - loss: 0.0211 - mae: 0.0211 - mse: 8.8425e-04 - 49ms/epoch - 16ms/step
Epoch 564/800
3/3 - 0s - loss: 0.0270 - mae: 0.0270 - mse: 0.0015 - 49ms/epoch - 16ms/step
Epoch 565/800
3/3 - 0s - loss: 0.0257 - mae: 0.0257 - mse: 0.0011 - 47ms/epoch - 16ms/step
Epoch 566/800
3/3 - 0s - loss: 0.0223 - mae: 0.0223 - mse: 7.9241e-04 - 53ms/epoch - 18ms/step
Epoch 567/800
3/3 - 0s - loss: 0.0241 - mae: 0.0241 - mse: 0.0011 - 53ms/epoch - 18ms/step
Epoch 568/800
3/3 - 0s - loss: 0.0237 - mae: 0.0237 - mse: 0.0010 - 53ms/epoch - 18ms/step
Epoch 569/800
3/3 - 0s - loss: 0.0206 - mae: 0.0206 - mse: 7.0972e-04 - 58ms/epoch - 19ms/step
Epoch 570/800
3/3 - 0s - loss: 0.0224 - mae: 0.0224 - mse: 8.1194e-04 - 54ms/epoch - 18ms/step
Epoch 571/800
3/3 - 0s - loss: 0.0300 - mae: 0.0300 - mse: 0.0016 - 55ms/epoch - 18ms/step
Epoch 572/800
3/3 - 0s - loss: 0.0294 - mae: 0.0294 - mse: 0.0016 - 54ms/epoch - 18ms/step
Epoch 573/800
3/3 - 0s - loss: 0.0275 - mae: 0.0275 - mse: 0.0012 - 51ms/epoch - 17ms/step
Epoch 574/800
3/3 - 0s - loss: 0.0283 - mae: 0.0283 - mse: 0.0013 - 52ms/epoch - 17ms/step
Epoch 575/800
3/3 - 0s - loss: 0.0311 - mae: 0.0311 - mse: 0.0019 - 53ms/epoch - 18ms/step
Epoch 576/800
3/3 - 0s - loss: 0.0266 - mae: 0.0266 - mse: 0.0013 - 52ms/epoch - 17ms/step
Epoch 577/800
3/3 - 0s - loss: 0.0246 - mae: 0.0246 - mse: 9.8637e-04 - 51ms/epoch - 17ms/step
Epoch 578/800
3/3 - 0s - loss: 0.0206 - mae: 0.0206 - mse: 7.1332e-04 - 51ms/epoch - 17ms/step
Epoch 579/800
3/3 - 0s - loss: 0.0214 - mae: 0.0214 - mse: 8.4705e-04 - 52ms/epoch - 17ms/step
Epoch 580/800
3/3 - 0s - loss: 0.0198 - mae: 0.0198 - mse: 7.4840e-04 - 49ms/epoch - 16ms/step
Epoch 581/800
3/3 - 0s - loss: 0.0195 - mae: 0.0195 - mse: 6.5283e-04 - 48ms/epoch - 16ms/step
Epoch 582/800
3/3 - 0s - loss: 0.0238 - mae: 0.0238 - mse: 9.2634e-04 - 45ms/epoch - 15ms/step
Epoch 583/800
3/3 - 0s - loss: 0.0184 - mae: 0.0184 - mse: 5.2500e-04 - 43ms/epoch - 14ms/step
Epoch 584/800
3/3 - 0s - loss: 0.0180 - mae: 0.0180 - mse: 5.4670e-04 - 50ms/epoch - 17ms/step
Epoch 585/800
3/3 - 0s - loss: 0.0180 - mae: 0.0180 - mse: 5.7403e-04 - 51ms/epoch - 17ms/step
Epoch 586/800
3/3 - 0s - loss: 0.0202 - mae: 0.0202 - mse: 6.5051e-04 - 47ms/epoch - 16ms/step
Epoch 587/800
3/3 - 0s - loss: 0.0250 - mae: 0.0250 - mse: 9.4827e-04 - 54ms/epoch - 18ms/step
Epoch 588/800
3/3 - 0s - loss: 0.0262 - mae: 0.0262 - mse: 0.0012 - 50ms/epoch - 17ms/step
Epoch 589/800
3/3 - 0s - loss: 0.0192 - mae: 0.0192 - mse: 6.1781e-04 - 52ms/epoch - 17ms/step
Epoch 590/800
3/3 - 0s - loss: 0.0250 - mae: 0.0250 - mse: 0.0012 - 51ms/epoch - 17ms/step
Epoch 591/800
3/3 - 0s - loss: 0.0201 - mae: 0.0201 - mse: 7.5888e-04 - 47ms/epoch - 16ms/step
Epoch 592/800
3/3 - 0s - loss: 0.0195 - mae: 0.0195 - mse: 7.0283e-04 - 52ms/epoch - 17ms/step
Epoch 593/800
3/3 - 0s - loss: 0.0199 - mae: 0.0199 - mse: 6.7434e-04 - 49ms/epoch - 16ms/step
Epoch 594/800
3/3 - 0s - loss: 0.0220 - mae: 0.0220 - mse: 7.1831e-04 - 49ms/epoch - 16ms/step
Epoch 595/800
3/3 - 0s - loss: 0.0180 - mae: 0.0180 - mse: 5.0817e-04 - 47ms/epoch - 16ms/step
Epoch 596/800
3/3 - 0s - loss: 0.0180 - mae: 0.0180 - mse: 5.7466e-04 - 46ms/epoch - 15ms/step
Epoch 597/800
3/3 - 0s - loss: 0.0155 - mae: 0.0155 - mse: 4.2938e-04 - 48ms/epoch - 16ms/step
Epoch 598/800
3/3 - 0s - loss: 0.0192 - mae: 0.0192 - mse: 5.8049e-04 - 51ms/epoch - 17ms/step
Epoch 599/800
3/3 - 0s - loss: 0.0233 - mae: 0.0233 - mse: 8.4642e-04 - 55ms/epoch - 18ms/step
Epoch 600/800
3/3 - 0s - loss: 0.0219 - mae: 0.0219 - mse: 8.2918e-04 - 51ms/epoch - 17ms/step
Epoch 601/800
3/3 - 0s - loss: 0.0194 - mae: 0.0194 - mse: 6.4111e-04 - 49ms/epoch - 16ms/step
Epoch 602/800
3/3 - 0s - loss: 0.0216 - mae: 0.0216 - mse: 8.7725e-04 - 47ms/epoch - 16ms/step
Epoch 603/800
3/3 - 0s - loss: 0.0197 - mae: 0.0197 - mse: 6.2605e-04 - 57ms/epoch - 19ms/step
Epoch 604/800
3/3 - 0s - loss: 0.0208 - mae: 0.0208 - mse: 6.4587e-04 - 57ms/epoch - 19ms/step
Epoch 605/800
3/3 - 0s - loss: 0.0176 - mae: 0.0176 - mse: 5.3123e-04 - 54ms/epoch - 18ms/step
Epoch 606/800
3/3 - 0s - loss: 0.0161 - mae: 0.0161 - mse: 4.3199e-04 - 52ms/epoch - 17ms/step
Epoch 607/800
3/3 - 0s - loss: 0.0206 - mae: 0.0206 - mse: 7.3918e-04 - 50ms/epoch - 17ms/step
Epoch 608/800
3/3 - 0s - loss: 0.0213 - mae: 0.0213 - mse: 8.5040e-04 - 51ms/epoch - 17ms/step
Epoch 609/800
3/3 - 0s - loss: 0.0205 - mae: 0.0205 - mse: 7.2627e-04 - 51ms/epoch - 17ms/step
Epoch 610/800
3/3 - 0s - loss: 0.0222 - mae: 0.0222 - mse: 7.8559e-04 - 48ms/epoch - 16ms/step
Epoch 611/800
3/3 - 0s - loss: 0.0205 - mae: 0.0205 - mse: 7.6173e-04 - 42ms/epoch - 14ms/step
Epoch 612/800
3/3 - 0s - loss: 0.0222 - mae: 0.0222 - mse: 7.8492e-04 - 44ms/epoch - 15ms/step
Epoch 613/800
3/3 - 0s - loss: 0.0228 - mae: 0.0228 - mse: 8.4060e-04 - 54ms/epoch - 18ms/step
Epoch 614/800
3/3 - 0s - loss: 0.0235 - mae: 0.0235 - mse: 0.0011 - 60ms/epoch - 20ms/step
Epoch 615/800
3/3 - 0s - loss: 0.0247 - mae: 0.0247 - mse: 0.0010 - 57ms/epoch - 19ms/step
Epoch 616/800
3/3 - 0s - loss: 0.0221 - mae: 0.0221 - mse: 7.8572e-04 - 55ms/epoch - 18ms/step
Epoch 617/800
3/3 - 0s - loss: 0.0257 - mae: 0.0257 - mse: 0.0011 - 53ms/epoch - 18ms/step
Epoch 618/800
3/3 - 0s - loss: 0.0226 - mae: 0.0226 - mse: 8.9671e-04 - 52ms/epoch - 17ms/step
Epoch 619/800
3/3 - 0s - loss: 0.0193 - mae: 0.0193 - mse: 6.7559e-04 - 52ms/epoch - 17ms/step
Epoch 620/800
3/3 - 0s - loss: 0.0197 - mae: 0.0197 - mse: 6.5275e-04 - 51ms/epoch - 17ms/step
Epoch 621/800
3/3 - 0s - loss: 0.0196 - mae: 0.0196 - mse: 6.0463e-04 - 50ms/epoch - 17ms/step
Epoch 622/800
3/3 - 0s - loss: 0.0209 - mae: 0.0209 - mse: 7.1749e-04 - 52ms/epoch - 17ms/step
Epoch 623/800
3/3 - 0s - loss: 0.0179 - mae: 0.0179 - mse: 5.5386e-04 - 51ms/epoch - 17ms/step
Epoch 624/800
3/3 - 0s - loss: 0.0199 - mae: 0.0199 - mse: 7.4467e-04 - 52ms/epoch - 17ms/step
Epoch 625/800
3/3 - 0s - loss: 0.0196 - mae: 0.0196 - mse: 6.5216e-04 - 58ms/epoch - 19ms/step
Epoch 626/800
3/3 - 0s - loss: 0.0185 - mae: 0.0185 - mse: 5.7412e-04 - 60ms/epoch - 20ms/step
Epoch 627/800
3/3 - 0s - loss: 0.0208 - mae: 0.0208 - mse: 6.8284e-04 - 56ms/epoch - 19ms/step
Epoch 628/800
3/3 - 0s - loss: 0.0168 - mae: 0.0168 - mse: 4.7410e-04 - 50ms/epoch - 17ms/step
Epoch 629/800
3/3 - 0s - loss: 0.0194 - mae: 0.0194 - mse: 6.5790e-04 - 50ms/epoch - 17ms/step
Epoch 630/800
3/3 - 0s - loss: 0.0203 - mae: 0.0203 - mse: 6.7259e-04 - 52ms/epoch - 17ms/step
Epoch 631/800
3/3 - 0s - loss: 0.0200 - mae: 0.0200 - mse: 6.9790e-04 - 51ms/epoch - 17ms/step
Epoch 632/800
3/3 - 0s - loss: 0.0178 - mae: 0.0178 - mse: 5.3732e-04 - 52ms/epoch - 17ms/step
Epoch 633/800
3/3 - 0s - loss: 0.0231 - mae: 0.0231 - mse: 8.9757e-04 - 54ms/epoch - 18ms/step
Epoch 634/800
3/3 - 0s - loss: 0.0252 - mae: 0.0252 - mse: 9.1008e-04 - 49ms/epoch - 16ms/step
Epoch 635/800
3/3 - 0s - loss: 0.0247 - mae: 0.0247 - mse: 0.0010 - 53ms/epoch - 18ms/step
Epoch 636/800
3/3 - 0s - loss: 0.0229 - mae: 0.0229 - mse: 8.8757e-04 - 51ms/epoch - 17ms/step
Epoch 637/800
3/3 - 0s - loss: 0.0217 - mae: 0.0217 - mse: 6.8951e-04 - 48ms/epoch - 16ms/step
Epoch 638/800
3/3 - 0s - loss: 0.0202 - mae: 0.0202 - mse: 6.7002e-04 - 52ms/epoch - 17ms/step
Epoch 639/800
3/3 - 0s - loss: 0.0208 - mae: 0.0208 - mse: 6.8485e-04 - 51ms/epoch - 17ms/step
Epoch 640/800
3/3 - 0s - loss: 0.0199 - mae: 0.0199 - mse: 6.0043e-04 - 50ms/epoch - 17ms/step
Epoch 641/800
3/3 - 0s - loss: 0.0222 - mae: 0.0222 - mse: 9.2260e-04 - 50ms/epoch - 17ms/step
Epoch 642/800
3/3 - 0s - loss: 0.0226 - mae: 0.0226 - mse: 7.2038e-04 - 47ms/epoch - 16ms/step
Epoch 643/800
3/3 - 0s - loss: 0.0251 - mae: 0.0251 - mse: 0.0010 - 46ms/epoch - 15ms/step
Epoch 644/800
3/3 - 0s - loss: 0.0189 - mae: 0.0189 - mse: 6.0614e-04 - 49ms/epoch - 16ms/step
Epoch 645/800
3/3 - 0s - loss: 0.0175 - mae: 0.0175 - mse: 4.2747e-04 - 48ms/epoch - 16ms/step
Epoch 646/800
3/3 - 0s - loss: 0.0196 - mae: 0.0196 - mse: 6.3935e-04 - 49ms/epoch - 16ms/step
Epoch 647/800
3/3 - 0s - loss: 0.0196 - mae: 0.0196 - mse: 6.3883e-04 - 48ms/epoch - 16ms/step
Epoch 648/800
3/3 - 0s - loss: 0.0163 - mae: 0.0163 - mse: 4.1125e-04 - 48ms/epoch - 16ms/step
Epoch 649/800
3/3 - 0s - loss: 0.0231 - mae: 0.0231 - mse: 7.4762e-04 - 47ms/epoch - 16ms/step
Epoch 650/800
3/3 - 0s - loss: 0.0151 - mae: 0.0151 - mse: 3.4138e-04 - 41ms/epoch - 14ms/step
Epoch 651/800
3/3 - 0s - loss: 0.0190 - mae: 0.0190 - mse: 5.9513e-04 - 36ms/epoch - 12ms/step
Epoch 652/800
3/3 - 0s - loss: 0.0189 - mae: 0.0189 - mse: 5.3952e-04 - 32ms/epoch - 11ms/step
Epoch 653/800
3/3 - 0s - loss: 0.0217 - mae: 0.0217 - mse: 6.5174e-04 - 49ms/epoch - 16ms/step
Epoch 654/800
3/3 - 0s - loss: 0.0199 - mae: 0.0199 - mse: 6.2764e-04 - 43ms/epoch - 14ms/step
Epoch 655/800
3/3 - 0s - loss: 0.0182 - mae: 0.0182 - mse: 4.8544e-04 - 51ms/epoch - 17ms/step
Epoch 656/800
3/3 - 0s - loss: 0.0175 - mae: 0.0175 - mse: 4.9319e-04 - 55ms/epoch - 18ms/step
Epoch 657/800
3/3 - 0s - loss: 0.0175 - mae: 0.0175 - mse: 4.7006e-04 - 57ms/epoch - 19ms/step
Epoch 658/800
3/3 - 0s - loss: 0.0231 - mae: 0.0231 - mse: 7.4563e-04 - 60ms/epoch - 20ms/step
Epoch 659/800
3/3 - 0s - loss: 0.0200 - mae: 0.0200 - mse: 5.8395e-04 - 63ms/epoch - 21ms/step
Epoch 660/800
3/3 - 0s - loss: 0.0202 - mae: 0.0202 - mse: 6.2104e-04 - 55ms/epoch - 18ms/step
Epoch 661/800
3/3 - 0s - loss: 0.0206 - mae: 0.0206 - mse: 6.0528e-04 - 53ms/epoch - 18ms/step
Epoch 662/800
3/3 - 0s - loss: 0.0161 - mae: 0.0161 - mse: 3.9343e-04 - 53ms/epoch - 18ms/step
Epoch 663/800
3/3 - 0s - loss: 0.0156 - mae: 0.0156 - mse: 4.3961e-04 - 51ms/epoch - 17ms/step
Epoch 664/800
3/3 - 0s - loss: 0.0133 - mae: 0.0133 - mse: 2.9595e-04 - 49ms/epoch - 16ms/step
Epoch 665/800
3/3 - 0s - loss: 0.0141 - mae: 0.0141 - mse: 3.0684e-04 - 47ms/epoch - 16ms/step
Epoch 666/800
3/3 - 0s - loss: 0.0115 - mae: 0.0115 - mse: 2.1541e-04 - 48ms/epoch - 16ms/step
Epoch 667/800
3/3 - 0s - loss: 0.0125 - mae: 0.0125 - mse: 2.7152e-04 - 47ms/epoch - 16ms/step
Epoch 668/800
3/3 - 0s - loss: 0.0138 - mae: 0.0138 - mse: 2.8949e-04 - 45ms/epoch - 15ms/step
Epoch 669/800
3/3 - 0s - loss: 0.0101 - mae: 0.0101 - mse: 1.6260e-04 - 46ms/epoch - 15ms/step
Epoch 670/800
3/3 - 0s - loss: 0.0106 - mae: 0.0106 - mse: 1.9065e-04 - 44ms/epoch - 15ms/step
Epoch 671/800
3/3 - 0s - loss: 0.0098 - mae: 0.0098 - mse: 1.4773e-04 - 43ms/epoch - 14ms/step
Epoch 672/800
3/3 - 0s - loss: 0.0103 - mae: 0.0103 - mse: 1.7873e-04 - 53ms/epoch - 18ms/step
Epoch 673/800
3/3 - 0s - loss: 0.0117 - mae: 0.0117 - mse: 2.3388e-04 - 44ms/epoch - 15ms/step
Epoch 674/800
3/3 - 0s - loss: 0.0095 - mae: 0.0095 - mse: 1.5261e-04 - 48ms/epoch - 16ms/step
Epoch 675/800
3/3 - 0s - loss: 0.0091 - mae: 0.0091 - mse: 1.4121e-04 - 54ms/epoch - 18ms/step
Epoch 676/800
3/3 - 0s - loss: 0.0105 - mae: 0.0105 - mse: 1.8319e-04 - 54ms/epoch - 18ms/step
Epoch 677/800
3/3 - 0s - loss: 0.0104 - mae: 0.0104 - mse: 1.7217e-04 - 51ms/epoch - 17ms/step
Epoch 678/800
3/3 - 0s - loss: 0.0100 - mae: 0.0100 - mse: 1.6062e-04 - 49ms/epoch - 16ms/step
Epoch 679/800
3/3 - 0s - loss: 0.0106 - mae: 0.0106 - mse: 1.8950e-04 - 51ms/epoch - 17ms/step
Epoch 680/800
3/3 - 0s - loss: 0.0115 - mae: 0.0115 - mse: 2.5927e-04 - 50ms/epoch - 17ms/step
Epoch 681/800
3/3 - 0s - loss: 0.0095 - mae: 0.0095 - mse: 1.6571e-04 - 46ms/epoch - 15ms/step
Epoch 682/800
3/3 - 0s - loss: 0.0101 - mae: 0.0101 - mse: 1.5483e-04 - 47ms/epoch - 16ms/step
Epoch 683/800
3/3 - 0s - loss: 0.0107 - mae: 0.0107 - mse: 1.8531e-04 - 46ms/epoch - 15ms/step
Epoch 684/800
3/3 - 0s - loss: 0.0125 - mae: 0.0125 - mse: 2.8174e-04 - 46ms/epoch - 15ms/step
Epoch 685/800
3/3 - 0s - loss: 0.0120 - mae: 0.0120 - mse: 2.7872e-04 - 46ms/epoch - 15ms/step
Epoch 686/800
3/3 - 0s - loss: 0.0135 - mae: 0.0135 - mse: 2.9339e-04 - 45ms/epoch - 15ms/step
Epoch 687/800
3/3 - 0s - loss: 0.0106 - mae: 0.0106 - mse: 1.8087e-04 - 43ms/epoch - 14ms/step
Epoch 688/800
3/3 - 0s - loss: 0.0094 - mae: 0.0094 - mse: 1.4849e-04 - 41ms/epoch - 14ms/step
Epoch 689/800
3/3 - 0s - loss: 0.0098 - mae: 0.0098 - mse: 1.9334e-04 - 42ms/epoch - 14ms/step
Epoch 690/800
3/3 - 0s - loss: 0.0093 - mae: 0.0093 - mse: 1.7555e-04 - 39ms/epoch - 13ms/step
Epoch 691/800
3/3 - 0s - loss: 0.0086 - mae: 0.0086 - mse: 1.2997e-04 - 41ms/epoch - 14ms/step
Epoch 692/800
3/3 - 0s - loss: 0.0088 - mae: 0.0088 - mse: 1.3381e-04 - 39ms/epoch - 13ms/step
Epoch 693/800
3/3 - 0s - loss: 0.0096 - mae: 0.0096 - mse: 1.5294e-04 - 59ms/epoch - 20ms/step
Epoch 694/800
3/3 - 0s - loss: 0.0093 - mae: 0.0093 - mse: 1.3906e-04 - 54ms/epoch - 18ms/step
Epoch 695/800
3/3 - 0s - loss: 0.0090 - mae: 0.0090 - mse: 1.2843e-04 - 50ms/epoch - 17ms/step
Epoch 696/800
3/3 - 0s - loss: 0.0086 - mae: 0.0086 - mse: 1.2206e-04 - 48ms/epoch - 16ms/step
Epoch 697/800
3/3 - 0s - loss: 0.0087 - mae: 0.0087 - mse: 1.2926e-04 - 44ms/epoch - 15ms/step
Epoch 698/800
3/3 - 0s - loss: 0.0080 - mae: 0.0080 - mse: 1.1399e-04 - 44ms/epoch - 15ms/step
Epoch 699/800
3/3 - 0s - loss: 0.0084 - mae: 0.0084 - mse: 1.2654e-04 - 46ms/epoch - 15ms/step
Epoch 700/800
3/3 - 0s - loss: 0.0094 - mae: 0.0094 - mse: 1.6759e-04 - 46ms/epoch - 15ms/step
Epoch 701/800
3/3 - 0s - loss: 0.0090 - mae: 0.0090 - mse: 1.2641e-04 - 44ms/epoch - 15ms/step
Epoch 702/800
3/3 - 0s - loss: 0.0078 - mae: 0.0078 - mse: 1.0138e-04 - 44ms/epoch - 15ms/step
Epoch 703/800
3/3 - 0s - loss: 0.0071 - mae: 0.0071 - mse: 8.4117e-05 - 44ms/epoch - 15ms/step
Epoch 704/800
3/3 - 0s - loss: 0.0076 - mae: 0.0076 - mse: 8.8071e-05 - 45ms/epoch - 15ms/step
Epoch 705/800
3/3 - 0s - loss: 0.0091 - mae: 0.0091 - mse: 1.3951e-04 - 43ms/epoch - 14ms/step
Epoch 706/800
3/3 - 0s - loss: 0.0092 - mae: 0.0092 - mse: 1.5901e-04 - 43ms/epoch - 14ms/step
Epoch 707/800
3/3 - 0s - loss: 0.0086 - mae: 0.0086 - mse: 1.1945e-04 - 42ms/epoch - 14ms/step
Epoch 708/800
3/3 - 0s - loss: 0.0084 - mae: 0.0084 - mse: 1.1164e-04 - 52ms/epoch - 17ms/step
Epoch 709/800
3/3 - 0s - loss: 0.0081 - mae: 0.0081 - mse: 1.0119e-04 - 50ms/epoch - 17ms/step
Epoch 710/800
3/3 - 0s - loss: 0.0081 - mae: 0.0081 - mse: 1.2015e-04 - 53ms/epoch - 18ms/step
Epoch 711/800
3/3 - 0s - loss: 0.0066 - mae: 0.0066 - mse: 7.3625e-05 - 48ms/epoch - 16ms/step
Epoch 712/800
3/3 - 0s - loss: 0.0070 - mae: 0.0070 - mse: 7.9034e-05 - 45ms/epoch - 15ms/step
Epoch 713/800
3/3 - 0s - loss: 0.0063 - mae: 0.0063 - mse: 7.1720e-05 - 47ms/epoch - 16ms/step
Epoch 714/800
3/3 - 0s - loss: 0.0077 - mae: 0.0077 - mse: 1.0395e-04 - 34ms/epoch - 11ms/step
Epoch 715/800
3/3 - 0s - loss: 0.0074 - mae: 0.0074 - mse: 9.1157e-05 - 40ms/epoch - 13ms/step
Epoch 716/800
3/3 - 0s - loss: 0.0069 - mae: 0.0069 - mse: 8.1938e-05 - 60ms/epoch - 20ms/step
Epoch 717/800
3/3 - 0s - loss: 0.0075 - mae: 0.0075 - mse: 9.6544e-05 - 51ms/epoch - 17ms/step
Epoch 718/800
3/3 - 0s - loss: 0.0073 - mae: 0.0073 - mse: 8.4061e-05 - 48ms/epoch - 16ms/step
Epoch 719/800
3/3 - 0s - loss: 0.0071 - mae: 0.0071 - mse: 7.2558e-05 - 49ms/epoch - 16ms/step
Epoch 720/800
3/3 - 0s - loss: 0.0070 - mae: 0.0070 - mse: 7.6989e-05 - 46ms/epoch - 15ms/step
Epoch 721/800
3/3 - 0s - loss: 0.0087 - mae: 0.0087 - mse: 1.3320e-04 - 44ms/epoch - 15ms/step
Epoch 722/800
3/3 - 0s - loss: 0.0070 - mae: 0.0070 - mse: 8.0206e-05 - 48ms/epoch - 16ms/step
Epoch 723/800
3/3 - 0s - loss: 0.0081 - mae: 0.0081 - mse: 1.0677e-04 - 46ms/epoch - 15ms/step
Epoch 724/800
3/3 - 0s - loss: 0.0060 - mae: 0.0060 - mse: 5.6141e-05 - 44ms/epoch - 15ms/step
Epoch 725/800
3/3 - 0s - loss: 0.0074 - mae: 0.0074 - mse: 9.4486e-05 - 48ms/epoch - 16ms/step
Epoch 726/800
3/3 - 0s - loss: 0.0071 - mae: 0.0071 - mse: 8.2242e-05 - 48ms/epoch - 16ms/step
Epoch 727/800
3/3 - 0s - loss: 0.0066 - mae: 0.0066 - mse: 6.8603e-05 - 44ms/epoch - 15ms/step
Epoch 728/800
3/3 - 0s - loss: 0.0058 - mae: 0.0058 - mse: 6.4367e-05 - 51ms/epoch - 17ms/step
Epoch 729/800
3/3 - 0s - loss: 0.0064 - mae: 0.0064 - mse: 6.5408e-05 - 48ms/epoch - 16ms/step
Epoch 730/800
3/3 - 0s - loss: 0.0051 - mae: 0.0051 - mse: 4.3153e-05 - 45ms/epoch - 15ms/step
Epoch 731/800
3/3 - 0s - loss: 0.0057 - mae: 0.0057 - mse: 5.8697e-05 - 49ms/epoch - 16ms/step
Epoch 732/800
3/3 - 0s - loss: 0.0051 - mae: 0.0051 - mse: 4.3506e-05 - 47ms/epoch - 16ms/step
Epoch 733/800
3/3 - 0s - loss: 0.0049 - mae: 0.0049 - mse: 4.2648e-05 - 47ms/epoch - 16ms/step
Epoch 734/800
3/3 - 0s - loss: 0.0044 - mae: 0.0044 - mse: 3.3666e-05 - 42ms/epoch - 14ms/step
Epoch 735/800
3/3 - 0s - loss: 0.0051 - mae: 0.0051 - mse: 4.3057e-05 - 42ms/epoch - 14ms/step
Epoch 736/800
3/3 - 0s - loss: 0.0046 - mae: 0.0046 - mse: 4.0540e-05 - 41ms/epoch - 14ms/step
Epoch 737/800
3/3 - 0s - loss: 0.0044 - mae: 0.0044 - mse: 3.7276e-05 - 42ms/epoch - 14ms/step
Epoch 738/800
3/3 - 0s - loss: 0.0048 - mae: 0.0048 - mse: 3.8571e-05 - 42ms/epoch - 14ms/step
Epoch 739/800
3/3 - 0s - loss: 0.0042 - mae: 0.0042 - mse: 3.0332e-05 - 40ms/epoch - 13ms/step
Epoch 740/800
3/3 - 0s - loss: 0.0039 - mae: 0.0039 - mse: 2.6362e-05 - 44ms/epoch - 15ms/step
Epoch 741/800
3/3 - 0s - loss: 0.0035 - mae: 0.0035 - mse: 2.5511e-05 - 41ms/epoch - 14ms/step
Epoch 742/800
3/3 - 0s - loss: 0.0037 - mae: 0.0037 - mse: 2.5883e-05 - 40ms/epoch - 13ms/step
Epoch 743/800
3/3 - 0s - loss: 0.0039 - mae: 0.0039 - mse: 2.9669e-05 - 39ms/epoch - 13ms/step
Epoch 744/800
3/3 - 0s - loss: 0.0038 - mae: 0.0038 - mse: 2.8410e-05 - 39ms/epoch - 13ms/step
Epoch 745/800
3/3 - 0s - loss: 0.0034 - mae: 0.0034 - mse: 2.5521e-05 - 38ms/epoch - 13ms/step
Epoch 746/800
3/3 - 0s - loss: 0.0033 - mae: 0.0033 - mse: 2.5061e-05 - 41ms/epoch - 14ms/step
Epoch 747/800
3/3 - 0s - loss: 0.0032 - mae: 0.0032 - mse: 2.3397e-05 - 39ms/epoch - 13ms/step
Epoch 748/800
3/3 - 0s - loss: 0.0033 - mae: 0.0033 - mse: 2.3267e-05 - 39ms/epoch - 13ms/step
Epoch 749/800
3/3 - 0s - loss: 0.0031 - mae: 0.0031 - mse: 2.2386e-05 - 38ms/epoch - 13ms/step
Epoch 750/800
3/3 - 0s - loss: 0.0043 - mae: 0.0043 - mse: 3.3696e-05 - 42ms/epoch - 14ms/step
Epoch 751/800
3/3 - 0s - loss: 0.0040 - mae: 0.0040 - mse: 3.1267e-05 - 39ms/epoch - 13ms/step
Epoch 752/800
3/3 - 0s - loss: 0.0040 - mae: 0.0040 - mse: 2.9552e-05 - 41ms/epoch - 14ms/step
Epoch 753/800
3/3 - 0s - loss: 0.0035 - mae: 0.0035 - mse: 2.5385e-05 - 41ms/epoch - 14ms/step
Epoch 754/800
3/3 - 0s - loss: 0.0041 - mae: 0.0041 - mse: 3.2821e-05 - 38ms/epoch - 13ms/step
Epoch 755/800
3/3 - 0s - loss: 0.0039 - mae: 0.0039 - mse: 2.9306e-05 - 38ms/epoch - 13ms/step
Epoch 756/800
3/3 - 0s - loss: 0.0036 - mae: 0.0036 - mse: 2.4873e-05 - 47ms/epoch - 16ms/step
Epoch 757/800
3/3 - 0s - loss: 0.0041 - mae: 0.0041 - mse: 3.3902e-05 - 40ms/epoch - 13ms/step
Epoch 758/800
3/3 - 0s - loss: 0.0040 - mae: 0.0040 - mse: 2.9245e-05 - 51ms/epoch - 17ms/step
Epoch 759/800
3/3 - 0s - loss: 0.0036 - mae: 0.0036 - mse: 2.4357e-05 - 45ms/epoch - 15ms/step
Epoch 760/800
3/3 - 0s - loss: 0.0043 - mae: 0.0043 - mse: 3.8559e-05 - 43ms/epoch - 14ms/step
Epoch 761/800
3/3 - 0s - loss: 0.0034 - mae: 0.0034 - mse: 2.6102e-05 - 45ms/epoch - 15ms/step
Epoch 762/800
3/3 - 0s - loss: 0.0034 - mae: 0.0034 - mse: 2.4605e-05 - 44ms/epoch - 15ms/step
Epoch 763/800
3/3 - 0s - loss: 0.0031 - mae: 0.0031 - mse: 2.3324e-05 - 43ms/epoch - 14ms/step
Epoch 764/800
3/3 - 0s - loss: 0.0032 - mae: 0.0032 - mse: 2.2608e-05 - 48ms/epoch - 16ms/step
Epoch 765/800
3/3 - 0s - loss: 0.0031 - mae: 0.0031 - mse: 2.1861e-05 - 47ms/epoch - 16ms/step
Epoch 766/800
3/3 - 0s - loss: 0.0029 - mae: 0.0029 - mse: 2.0485e-05 - 44ms/epoch - 15ms/step
Epoch 767/800
3/3 - 0s - loss: 0.0029 - mae: 0.0029 - mse: 2.0223e-05 - 44ms/epoch - 15ms/step
Epoch 768/800
3/3 - 0s - loss: 0.0030 - mae: 0.0030 - mse: 2.1683e-05 - 43ms/epoch - 14ms/step
Epoch 769/800
3/3 - 0s - loss: 0.0032 - mae: 0.0032 - mse: 2.1861e-05 - 46ms/epoch - 15ms/step
Epoch 770/800
3/3 - 0s - loss: 0.0032 - mae: 0.0032 - mse: 2.3753e-05 - 49ms/epoch - 16ms/step
Epoch 771/800
3/3 - 0s - loss: 0.0029 - mae: 0.0029 - mse: 2.1338e-05 - 52ms/epoch - 17ms/step
Epoch 772/800
3/3 - 0s - loss: 0.0032 - mae: 0.0032 - mse: 2.4186e-05 - 50ms/epoch - 17ms/step
Epoch 773/800
3/3 - 0s - loss: 0.0034 - mae: 0.0034 - mse: 2.3946e-05 - 47ms/epoch - 16ms/step
Epoch 774/800
3/3 - 0s - loss: 0.0031 - mae: 0.0031 - mse: 2.1162e-05 - 56ms/epoch - 19ms/step
Epoch 775/800
3/3 - 0s - loss: 0.0031 - mae: 0.0031 - mse: 2.1599e-05 - 48ms/epoch - 16ms/step
Epoch 776/800
3/3 - 0s - loss: 0.0031 - mae: 0.0031 - mse: 2.2008e-05 - 46ms/epoch - 15ms/step
Epoch 777/800
3/3 - 0s - loss: 0.0030 - mae: 0.0030 - mse: 2.1238e-05 - 46ms/epoch - 15ms/step
Epoch 778/800
3/3 - 0s - loss: 0.0030 - mae: 0.0030 - mse: 2.0597e-05 - 47ms/epoch - 16ms/step
Epoch 779/800
3/3 - 0s - loss: 0.0028 - mae: 0.0028 - mse: 2.1343e-05 - 47ms/epoch - 16ms/step
Epoch 780/800
3/3 - 0s - loss: 0.0030 - mae: 0.0030 - mse: 2.2755e-05 - 46ms/epoch - 15ms/step
Epoch 781/800
3/3 - 0s - loss: 0.0030 - mae: 0.0030 - mse: 2.0092e-05 - 49ms/epoch - 16ms/step
Epoch 782/800
3/3 - 0s - loss: 0.0034 - mae: 0.0034 - mse: 2.4594e-05 - 50ms/epoch - 17ms/step
Epoch 783/800
3/3 - 0s - loss: 0.0037 - mae: 0.0037 - mse: 2.7518e-05 - 47ms/epoch - 16ms/step
Epoch 784/800
3/3 - 0s - loss: 0.0032 - mae: 0.0032 - mse: 2.2622e-05 - 45ms/epoch - 15ms/step
Epoch 785/800
3/3 - 0s - loss: 0.0030 - mae: 0.0030 - mse: 2.1524e-05 - 46ms/epoch - 15ms/step
Epoch 786/800
3/3 - 0s - loss: 0.0032 - mae: 0.0032 - mse: 2.2811e-05 - 44ms/epoch - 15ms/step
Epoch 787/800
3/3 - 0s - loss: 0.0032 - mae: 0.0032 - mse: 2.2535e-05 - 45ms/epoch - 15ms/step
Epoch 788/800
3/3 - 0s - loss: 0.0030 - mae: 0.0030 - mse: 2.1277e-05 - 41ms/epoch - 14ms/step
Epoch 789/800
3/3 - 0s - loss: 0.0033 - mae: 0.0033 - mse: 2.3333e-05 - 38ms/epoch - 13ms/step
Epoch 790/800
3/3 - 0s - loss: 0.0033 - mae: 0.0033 - mse: 2.5468e-05 - 37ms/epoch - 12ms/step
Epoch 791/800
3/3 - 0s - loss: 0.0032 - mae: 0.0032 - mse: 2.3433e-05 - 37ms/epoch - 12ms/step
Epoch 792/800
3/3 - 0s - loss: 0.0035 - mae: 0.0035 - mse: 2.3855e-05 - 38ms/epoch - 13ms/step
Epoch 793/800
3/3 - 0s - loss: 0.0030 - mae: 0.0030 - mse: 2.1089e-05 - 50ms/epoch - 17ms/step
Epoch 794/800
3/3 - 0s - loss: 0.0031 - mae: 0.0031 - mse: 2.3424e-05 - 45ms/epoch - 15ms/step
Epoch 795/800
3/3 - 0s - loss: 0.0029 - mae: 0.0029 - mse: 2.1656e-05 - 44ms/epoch - 15ms/step
Epoch 796/800
3/3 - 0s - loss: 0.0029 - mae: 0.0029 - mse: 2.0461e-05 - 50ms/epoch - 17ms/step
Epoch 797/800
3/3 - 0s - loss: 0.0025 - mae: 0.0025 - mse: 1.8844e-05 - 45ms/epoch - 15ms/step
Epoch 798/800
3/3 - 0s - loss: 0.0027 - mae: 0.0027 - mse: 2.0851e-05 - 44ms/epoch - 15ms/step
Epoch 799/800
3/3 - 0s - loss: 0.0030 - mae: 0.0030 - mse: 2.2359e-05 - 44ms/epoch - 15ms/step
Epoch 800/800
3/3 - 0s - loss: 0.0028 - mae: 0.0028 - mse: 2.1126e-05 - 52ms/epoch - 17ms/step
Training finished in 51.36 seconds.
WARNING:tensorflow:5 out of the last 9 calls to <function Model.make_predict_function.<locals>.predict_function at 0x7fb7b4e27790> triggered tf.function retracing. Tracing is expensive and the excessive number of tracings could be due to (1) creating @tf.function repeatedly in a loop, (2) passing tensors with different shapes, (3) passing Python objects instead of tensors. For (1), please define your @tf.function outside of the loop. For (2), @tf.function has reduce_retracing=True option that can avoid unnecessary retracing. For (3), please refer to https://www.tensorflow.org/guide/function#controlling_retracing and https://www.tensorflow.org/api_docs/python/tf/function for  more details.
WARNING:tensorflow:5 out of the last 9 calls to <function Model.make_predict_function.<locals>.predict_function at 0x7fb7b4e27790> triggered tf.function retracing. Tracing is expensive and the excessive number of tracings could be due to (1) creating @tf.function repeatedly in a loop, (2) passing tensors with different shapes, (3) passing Python objects instead of tensors. For (1), please define your @tf.function outside of the loop. For (2), @tf.function has reduce_retracing=True option that can avoid unnecessary retracing. For (3), please refer to https://www.tensorflow.org/guide/function#controlling_retracing and https://www.tensorflow.org/api_docs/python/tf/function for  more details.

1/2 [==============>...............] - ETA: 1s
2/2 [==============================] - 2s 12ms/step
Fold 5 MAE: 10.5769

Saved combined predictions to: results_custom/m2ax_223/cross_validation_predictions.csv
Saved summary metrics to: results_custom/m2ax_223/summary_metrics.json

--- Cross-Validation Complete ---
Mean MAE across 5 folds: 8.8636
Std Dev MAE across 5 folds: 1.0163

================================================================================
COMPLETED TASK: m2ax_223
================================================================================


================================================================================
STARTING TASK: tholander_nitrides_12815
================================================================================

Loading data from 'tholander_nitrides_12815.csv'...
Parsing structure data from 'final_structure_json' column...
Data loading and parsing complete.
No cache found. Preprocessing 'tholander_nitrides_12815' with 'KNNAsymmetricUnitCell'...
Processing batch 1...
Processing batch 2...
Processing batch 3...
Processing batch 4...
Processing batch 5...
Processing batch 6...
Processing batch 7...
Processing batch 8...
Processing batch 9...
Processing batch 10...
Processing batch 11...
Processing batch 12...
Processing batch 13...
Processing batch 14...
Processing batch 15...
Processing batch 16...
Processing batch 17...
Processing batch 18...
Processing batch 19...
Processing batch 20...
Processing batch 21...
Processing batch 22...
Processing batch 23...
Processing batch 24...
Processing batch 25...
Processing batch 26...
Preprocessing complete.

--- Starting Fold 1/5 ---
INFO:kgcnn.model.utils:Updated model kwargs: '{'name': 'coGN', 'inputs': {'offset': {'shape': (None, 3), 'name': 'offset', 'dtype': 'float32', 'ragged': True}, 'cell_translation': None, 'affine_matrix': None, 'voronoi_ridge_area': None, 'atomic_number': {'shape': (None,), 'name': 'atomic_number', 'dtype': 'int32', 'ragged': True}, 'frac_coords': None, 'coords': None, 'multiplicity': {'shape': (None,), 'name': 'multiplicity', 'dtype': 'int32', 'ragged': True}, 'lattice_matrix': None, 'edge_indices': {'shape': (None, 2), 'name': 'edge_indices', 'dtype': 'int32', 'ragged': True}, 'line_graph_edge_indices': None}, 'input_block_cfg': {'node_size': 128, 'edge_size': 128, 'atomic_mass': True, 'atomic_radius': True, 'electronegativity': True, 'ionization_energy': True, 'oxidation_states': True, 'edge_embedding_args': {'bins_distance': 32, 'max_distance': 8.0, 'distance_log_base': 1.0, 'bins_voronoi_area': None, 'max_voronoi_area': None}}, 'processing_blocks_cfg': [{'edge_mlp': {'units': [128, 128, 128, 128, 128], 'activation': ['swish', 'swish', 'swish', 'swish', 'swish']}, 'node_mlp': {'units': [128], 'activation': ['swish']}, 'global_mlp': None, 'nested_blocks_cfgs': None, 'aggregate_edges_local': 'sum', 'aggregate_edges_global': None, 'aggregate_nodes': None, 'return_updated_edges': False, 'return_updated_nodes': True, 'return_updated_globals': True, 'edge_attention_mlp_local': {'units': [32, 1], 'activation': ['swish', 'swish']}, 'edge_attention_mlp_global': {'units': [32, 1], 'activation': ['swish', 'swish']}, 'node_attention_mlp': {'units': [32, 1], 'activation': ['swish', 'swish']}, 'edge_gate': None, 'node_gate': None, 'global_gate': None, 'residual_node_update': True, 'residual_edge_update': False, 'residual_global_update': False, 'update_edges_input': [True, True, True, False], 'update_nodes_input': [True, False, False], 'update_global_input': [False, True, False], 'multiplicity_readout': False}, {'edge_mlp': {'units': [128, 128, 128, 128, 128], 'activation': ['swish', 'swish', 'swish', 'swish', 'swish']}, 'node_mlp': {'units': [128], 'activation': ['swish']}, 'global_mlp': None, 'nested_blocks_cfgs': None, 'aggregate_edges_local': 'sum', 'aggregate_edges_global': None, 'aggregate_nodes': None, 'return_updated_edges': False, 'return_updated_nodes': True, 'return_updated_globals': True, 'edge_attention_mlp_local': {'units': [32, 1], 'activation': ['swish', 'swish']}, 'edge_attention_mlp_global': {'units': [32, 1], 'activation': ['swish', 'swish']}, 'node_attention_mlp': {'units': [32, 1], 'activation': ['swish', 'swish']}, 'edge_gate': None, 'node_gate': None, 'global_gate': None, 'residual_node_update': True, 'residual_edge_update': False, 'residual_global_update': False, 'update_edges_input': [True, True, True, False], 'update_nodes_input': [True, False, False], 'update_global_input': [False, True, False], 'multiplicity_readout': False}, {'edge_mlp': {'units': [128, 128, 128, 128, 128], 'activation': ['swish', 'swish', 'swish', 'swish', 'swish']}, 'node_mlp': {'units': [128], 'activation': ['swish']}, 'global_mlp': None, 'nested_blocks_cfgs': None, 'aggregate_edges_local': 'sum', 'aggregate_edges_global': None, 'aggregate_nodes': None, 'return_updated_edges': False, 'return_updated_nodes': True, 'return_updated_globals': True, 'edge_attention_mlp_local': {'units': [32, 1], 'activation': ['swish', 'swish']}, 'edge_attention_mlp_global': {'units': [32, 1], 'activation': ['swish', 'swish']}, 'node_attention_mlp': {'units': [32, 1], 'activation': ['swish', 'swish']}, 'edge_gate': None, 'node_gate': None, 'global_gate': None, 'residual_node_update': True, 'residual_edge_update': False, 'residual_global_update': False, 'update_edges_input': [True, True, True, False], 'update_nodes_input': [True, False, False], 'update_global_input': [False, True, False], 'multiplicity_readout': False}, {'edge_mlp': {'units': [128, 128, 128, 128, 128], 'activation': ['swish', 'swish', 'swish', 'swish', 'swish']}, 'node_mlp': {'units': [128], 'activation': ['swish']}, 'global_mlp': None, 'nested_blocks_cfgs': None, 'aggregate_edges_local': 'sum', 'aggregate_edges_global': None, 'aggregate_nodes': None, 'return_updated_edges': False, 'return_updated_nodes': True, 'return_updated_globals': True, 'edge_attention_mlp_local': {'units': [32, 1], 'activation': ['swish', 'swish']}, 'edge_attention_mlp_global': {'units': [32, 1], 'activation': ['swish', 'swish']}, 'node_attention_mlp': {'units': [32, 1], 'activation': ['swish', 'swish']}, 'edge_gate': None, 'node_gate': None, 'global_gate': None, 'residual_node_update': True, 'residual_edge_update': False, 'residual_global_update': False, 'update_edges_input': [True, True, True, False], 'update_nodes_input': [True, False, False], 'update_global_input': [False, True, False], 'multiplicity_readout': False}, {'edge_mlp': {'units': [128, 128, 128, 128, 128], 'activation': ['swish', 'swish', 'swish', 'swish', 'swish']}, 'node_mlp': {'units': [128], 'activation': ['swish']}, 'global_mlp': None, 'nested_blocks_cfgs': None, 'aggregate_edges_local': 'sum', 'aggregate_edges_global': None, 'aggregate_nodes': None, 'return_updated_edges': False, 'return_updated_nodes': True, 'return_updated_globals': True, 'edge_attention_mlp_local': {'units': [32, 1], 'activation': ['swish', 'swish']}, 'edge_attention_mlp_global': {'units': [32, 1], 'activation': ['swish', 'swish']}, 'node_attention_mlp': {'units': [32, 1], 'activation': ['swish', 'swish']}, 'edge_gate': None, 'node_gate': None, 'global_gate': None, 'residual_node_update': True, 'residual_edge_update': False, 'residual_global_update': False, 'update_edges_input': [True, True, True, False], 'update_nodes_input': [True, False, False], 'update_global_input': [False, True, False], 'multiplicity_readout': False}], 'output_block_cfg': {'edge_mlp': None, 'node_mlp': None, 'global_mlp': {'units': [1], 'activation': ['linear']}, 'nested_blocks_cfgs': None, 'aggregate_edges_local': 'sum', 'aggregate_edges_global': None, 'aggregate_nodes': 'mean', 'return_updated_edges': False, 'return_updated_nodes': True, 'return_updated_globals': True, 'edge_attention_mlp_local': {'units': [32, 1], 'activation': ['swish', 'swish']}, 'edge_attention_mlp_global': {'units': [32, 1], 'activation': ['swish', 'swish']}, 'node_attention_mlp': {'units': [32, 1], 'activation': ['swish', 'swish']}, 'edge_gate': None, 'node_gate': None, 'global_gate': None, 'residual_node_update': False, 'residual_edge_update': False, 'residual_global_update': False, 'update_edges_input': [True, True, True, False], 'update_nodes_input': [True, False, False], 'update_global_input': [False, True, False], 'multiplicity_readout': True}}'.
/gpfs/scratch/acad/htforft/rgouvea/other_datasets/processed_datasets/.venv/lib/python3.9/site-packages/kgcnn/crystal/periodic_table/periodic_table.py:30: FutureWarning: A value is trying to be set on a copy of a DataFrame or Series through chained assignment using an inplace method.
The behavior will change in pandas 3.0. This inplace method will never work because the intermediate object on which we are setting values always behaves as a copy.

For example, when doing 'df[col].method(value, inplace=True)', try using 'df.method({col: value}, inplace=True)' or df[col] = df[col].method(value) instead, to perform the operation inplace on the original object.


  self.data['AtomicRadius'].fillna(imputation_atomic_radius, inplace=True)
/gpfs/scratch/acad/htforft/rgouvea/other_datasets/processed_datasets/.venv/lib/python3.9/site-packages/kgcnn/crystal/periodic_table/periodic_table.py:32: FutureWarning: A value is trying to be set on a copy of a DataFrame or Series through chained assignment using an inplace method.
The behavior will change in pandas 3.0. This inplace method will never work because the intermediate object on which we are setting values always behaves as a copy.

For example, when doing 'df[col].method(value, inplace=True)', try using 'df.method({col: value}, inplace=True)' or df[col] = df[col].method(value) instead, to perform the operation inplace on the original object.


  self.data['Electronegativity'].fillna(imputation_electronegativity, inplace=True)
/gpfs/scratch/acad/htforft/rgouvea/other_datasets/processed_datasets/.venv/lib/python3.9/site-packages/kgcnn/crystal/periodic_table/periodic_table.py:33: FutureWarning: A value is trying to be set on a copy of a DataFrame or Series through chained assignment using an inplace method.
The behavior will change in pandas 3.0. This inplace method will never work because the intermediate object on which we are setting values always behaves as a copy.

For example, when doing 'df[col].method(value, inplace=True)', try using 'df.method({col: value}, inplace=True)' or df[col] = df[col].method(value) instead, to perform the operation inplace on the original object.


  self.data['IonizationEnergy'].fillna(imputation_ionization_energy, inplace=True)
[<KerasTensor: type_spec=RaggedTensorSpec(TensorShape([None, None, 3]), tf.float32, 1, tf.int64) (created by layer 'offset')>, <KerasTensor: type_spec=RaggedTensorSpec(TensorShape([None, None]), tf.int32, 1, tf.int64) (created by layer 'atomic_number')>, <KerasTensor: type_spec=RaggedTensorSpec(TensorShape([None, None]), tf.int32, 1, tf.int64) (created by layer 'multiplicity')>, <KerasTensor: type_spec=RaggedTensorSpec(TensorShape([None, None, 2]), tf.int32, 1, tf.int64) (created by layer 'edge_indices')>]
Training on 10252 samples...
Epoch 1/800
/gpfs/scratch/acad/htforft/rgouvea/other_datasets/processed_datasets/.venv/lib/python3.9/site-packages/tensorflow/python/framework/indexed_slices.py:444: UserWarning: Converting sparse IndexedSlices(IndexedSlices(indices=Tensor("gradient_tape/coGN/sequential_graph_network_5/graph_network_29/gather_embedding_selection_40/Reshape_1:0", shape=(None,), dtype=int32), values=Tensor("gradient_tape/coGN/sequential_graph_network_5/graph_network_29/gather_embedding_selection_40/Reshape:0", shape=(None, 128), dtype=float32), dense_shape=Tensor("gradient_tape/coGN/sequential_graph_network_5/graph_network_29/gather_embedding_selection_40/Cast:0", shape=(2,), dtype=int32))) to a dense Tensor of unknown shape. This may consume a large amount of memory.
  warnings.warn(
/gpfs/scratch/acad/htforft/rgouvea/other_datasets/processed_datasets/.venv/lib/python3.9/site-packages/tensorflow/python/framework/indexed_slices.py:444: UserWarning: Converting sparse IndexedSlices(IndexedSlices(indices=Tensor("gradient_tape/coGN/sequential_graph_network_5/graph_network_29/gather_embedding_selection_40/Reshape_3:0", shape=(None,), dtype=int32), values=Tensor("gradient_tape/coGN/sequential_graph_network_5/graph_network_29/gather_embedding_selection_40/Reshape_2:0", shape=(None, 128), dtype=float32), dense_shape=Tensor("gradient_tape/coGN/sequential_graph_network_5/graph_network_29/gather_embedding_selection_40/Cast_1:0", shape=(2,), dtype=int32))) to a dense Tensor of unknown shape. This may consume a large amount of memory.
  warnings.warn(
/gpfs/scratch/acad/htforft/rgouvea/other_datasets/processed_datasets/.venv/lib/python3.9/site-packages/tensorflow/python/framework/indexed_slices.py:444: UserWarning: Converting sparse IndexedSlices(IndexedSlices(indices=Tensor("gradient_tape/coGN/sequential_graph_network_5/graph_network_28/gather_embedding_selection_39/Reshape_1:0", shape=(None,), dtype=int32), values=Tensor("gradient_tape/coGN/sequential_graph_network_5/graph_network_28/gather_embedding_selection_39/Reshape:0", shape=(None, 128), dtype=float32), dense_shape=Tensor("gradient_tape/coGN/sequential_graph_network_5/graph_network_28/gather_embedding_selection_39/Cast:0", shape=(2,), dtype=int32))) to a dense Tensor of unknown shape. This may consume a large amount of memory.
  warnings.warn(
/gpfs/scratch/acad/htforft/rgouvea/other_datasets/processed_datasets/.venv/lib/python3.9/site-packages/tensorflow/python/framework/indexed_slices.py:444: UserWarning: Converting sparse IndexedSlices(IndexedSlices(indices=Tensor("gradient_tape/coGN/sequential_graph_network_5/graph_network_28/gather_embedding_selection_39/Reshape_3:0", shape=(None,), dtype=int32), values=Tensor("gradient_tape/coGN/sequential_graph_network_5/graph_network_28/gather_embedding_selection_39/Reshape_2:0", shape=(None, 128), dtype=float32), dense_shape=Tensor("gradient_tape/coGN/sequential_graph_network_5/graph_network_28/gather_embedding_selection_39/Cast_1:0", shape=(2,), dtype=int32))) to a dense Tensor of unknown shape. This may consume a large amount of memory.
  warnings.warn(
/gpfs/scratch/acad/htforft/rgouvea/other_datasets/processed_datasets/.venv/lib/python3.9/site-packages/tensorflow/python/framework/indexed_slices.py:444: UserWarning: Converting sparse IndexedSlices(IndexedSlices(indices=Tensor("gradient_tape/coGN/sequential_graph_network_5/graph_network_27/gather_embedding_selection_38/Reshape_1:0", shape=(None,), dtype=int32), values=Tensor("gradient_tape/coGN/sequential_graph_network_5/graph_network_27/gather_embedding_selection_38/Reshape:0", shape=(None, 128), dtype=float32), dense_shape=Tensor("gradient_tape/coGN/sequential_graph_network_5/graph_network_27/gather_embedding_selection_38/Cast:0", shape=(2,), dtype=int32))) to a dense Tensor of unknown shape. This may consume a large amount of memory.
  warnings.warn(
/gpfs/scratch/acad/htforft/rgouvea/other_datasets/processed_datasets/.venv/lib/python3.9/site-packages/tensorflow/python/framework/indexed_slices.py:444: UserWarning: Converting sparse IndexedSlices(IndexedSlices(indices=Tensor("gradient_tape/coGN/sequential_graph_network_5/graph_network_27/gather_embedding_selection_38/Reshape_3:0", shape=(None,), dtype=int32), values=Tensor("gradient_tape/coGN/sequential_graph_network_5/graph_network_27/gather_embedding_selection_38/Reshape_2:0", shape=(None, 128), dtype=float32), dense_shape=Tensor("gradient_tape/coGN/sequential_graph_network_5/graph_network_27/gather_embedding_selection_38/Cast_1:0", shape=(2,), dtype=int32))) to a dense Tensor of unknown shape. This may consume a large amount of memory.
  warnings.warn(
/gpfs/scratch/acad/htforft/rgouvea/other_datasets/processed_datasets/.venv/lib/python3.9/site-packages/tensorflow/python/framework/indexed_slices.py:444: UserWarning: Converting sparse IndexedSlices(IndexedSlices(indices=Tensor("gradient_tape/coGN/sequential_graph_network_5/graph_network_26/gather_embedding_selection_37/Reshape_1:0", shape=(None,), dtype=int32), values=Tensor("gradient_tape/coGN/sequential_graph_network_5/graph_network_26/gather_embedding_selection_37/Reshape:0", shape=(None, 128), dtype=float32), dense_shape=Tensor("gradient_tape/coGN/sequential_graph_network_5/graph_network_26/gather_embedding_selection_37/Cast:0", shape=(2,), dtype=int32))) to a dense Tensor of unknown shape. This may consume a large amount of memory.
  warnings.warn(
/gpfs/scratch/acad/htforft/rgouvea/other_datasets/processed_datasets/.venv/lib/python3.9/site-packages/tensorflow/python/framework/indexed_slices.py:444: UserWarning: Converting sparse IndexedSlices(IndexedSlices(indices=Tensor("gradient_tape/coGN/sequential_graph_network_5/graph_network_26/gather_embedding_selection_37/Reshape_3:0", shape=(None,), dtype=int32), values=Tensor("gradient_tape/coGN/sequential_graph_network_5/graph_network_26/gather_embedding_selection_37/Reshape_2:0", shape=(None, 128), dtype=float32), dense_shape=Tensor("gradient_tape/coGN/sequential_graph_network_5/graph_network_26/gather_embedding_selection_37/Cast_1:0", shape=(2,), dtype=int32))) to a dense Tensor of unknown shape. This may consume a large amount of memory.
  warnings.warn(
/gpfs/scratch/acad/htforft/rgouvea/other_datasets/processed_datasets/.venv/lib/python3.9/site-packages/tensorflow/python/framework/indexed_slices.py:444: UserWarning: Converting sparse IndexedSlices(IndexedSlices(indices=Tensor("gradient_tape/coGN/sequential_graph_network_5/graph_network_25/gather_embedding_selection_36/Reshape_1:0", shape=(None,), dtype=int32), values=Tensor("gradient_tape/coGN/sequential_graph_network_5/graph_network_25/gather_embedding_selection_36/Reshape:0", shape=(None, 128), dtype=float32), dense_shape=Tensor("gradient_tape/coGN/sequential_graph_network_5/graph_network_25/gather_embedding_selection_36/Cast:0", shape=(2,), dtype=int32))) to a dense Tensor of unknown shape. This may consume a large amount of memory.
  warnings.warn(
/gpfs/scratch/acad/htforft/rgouvea/other_datasets/processed_datasets/.venv/lib/python3.9/site-packages/tensorflow/python/framework/indexed_slices.py:444: UserWarning: Converting sparse IndexedSlices(IndexedSlices(indices=Tensor("gradient_tape/coGN/sequential_graph_network_5/graph_network_25/gather_embedding_selection_36/Reshape_3:0", shape=(None,), dtype=int32), values=Tensor("gradient_tape/coGN/sequential_graph_network_5/graph_network_25/gather_embedding_selection_36/Reshape_2:0", shape=(None, 128), dtype=float32), dense_shape=Tensor("gradient_tape/coGN/sequential_graph_network_5/graph_network_25/gather_embedding_selection_36/Cast_1:0", shape=(2,), dtype=int32))) to a dense Tensor of unknown shape. This may consume a large amount of memory.
  warnings.warn(
161/161 - 5s - loss: 0.4278 - mae: 0.4278 - mse: 0.4294 - 5s/epoch - 31ms/step
Epoch 2/800
161/161 - 2s - loss: 0.2261 - mae: 0.2261 - mse: 0.0883 - 2s/epoch - 11ms/step
Epoch 3/800
161/161 - 2s - loss: 0.1953 - mae: 0.1953 - mse: 0.0840 - 2s/epoch - 11ms/step
Epoch 4/800
161/161 - 2s - loss: 0.1712 - mae: 0.1712 - mse: 0.0510 - 2s/epoch - 11ms/step
Epoch 5/800
161/161 - 2s - loss: 0.1421 - mae: 0.1421 - mse: 0.0366 - 2s/epoch - 11ms/step
Epoch 6/800
161/161 - 2s - loss: 0.1257 - mae: 0.1257 - mse: 0.0278 - 2s/epoch - 11ms/step
Epoch 7/800
161/161 - 2s - loss: 0.1063 - mae: 0.1063 - mse: 0.0201 - 2s/epoch - 11ms/step
Epoch 8/800
161/161 - 2s - loss: 0.0937 - mae: 0.0937 - mse: 0.0151 - 2s/epoch - 11ms/step
Epoch 9/800
161/161 - 2s - loss: 0.0861 - mae: 0.0861 - mse: 0.0124 - 2s/epoch - 11ms/step
Epoch 10/800
161/161 - 2s - loss: 0.0838 - mae: 0.0838 - mse: 0.0116 - 2s/epoch - 11ms/step
Epoch 11/800
161/161 - 2s - loss: 0.0774 - mae: 0.0774 - mse: 0.0099 - 2s/epoch - 11ms/step
Epoch 12/800
161/161 - 2s - loss: 0.0711 - mae: 0.0711 - mse: 0.0085 - 2s/epoch - 11ms/step
Epoch 13/800
161/161 - 2s - loss: 0.0773 - mae: 0.0773 - mse: 0.0098 - 2s/epoch - 11ms/step
Epoch 14/800
161/161 - 2s - loss: 0.0662 - mae: 0.0662 - mse: 0.0074 - 2s/epoch - 11ms/step
Epoch 15/800
161/161 - 2s - loss: 0.0632 - mae: 0.0632 - mse: 0.0069 - 2s/epoch - 11ms/step
Epoch 16/800
161/161 - 2s - loss: 0.0628 - mae: 0.0628 - mse: 0.0068 - 2s/epoch - 11ms/step
Epoch 17/800
161/161 - 2s - loss: 0.0691 - mae: 0.0691 - mse: 0.0079 - 2s/epoch - 11ms/step
Epoch 18/800
161/161 - 2s - loss: 0.0582 - mae: 0.0582 - mse: 0.0058 - 2s/epoch - 11ms/step
Epoch 19/800
161/161 - 2s - loss: 0.0615 - mae: 0.0615 - mse: 0.0064 - 2s/epoch - 11ms/step
Epoch 20/800
161/161 - 2s - loss: 0.0620 - mae: 0.0620 - mse: 0.0065 - 2s/epoch - 11ms/step
Epoch 21/800
161/161 - 2s - loss: 0.0595 - mae: 0.0595 - mse: 0.0060 - 2s/epoch - 11ms/step
Epoch 22/800
161/161 - 2s - loss: 0.0582 - mae: 0.0582 - mse: 0.0058 - 2s/epoch - 11ms/step
Epoch 23/800
161/161 - 2s - loss: 0.0559 - mae: 0.0559 - mse: 0.0053 - 2s/epoch - 11ms/step
Epoch 24/800
161/161 - 2s - loss: 0.0591 - mae: 0.0591 - mse: 0.0059 - 2s/epoch - 11ms/step
Epoch 25/800
161/161 - 2s - loss: 0.0548 - mae: 0.0548 - mse: 0.0051 - 2s/epoch - 11ms/step
Epoch 26/800
161/161 - 2s - loss: 0.0557 - mae: 0.0557 - mse: 0.0054 - 2s/epoch - 11ms/step
Epoch 27/800
161/161 - 2s - loss: 0.0519 - mae: 0.0519 - mse: 0.0047 - 2s/epoch - 11ms/step
Epoch 28/800
161/161 - 2s - loss: 0.0539 - mae: 0.0539 - mse: 0.0049 - 2s/epoch - 11ms/step
Epoch 29/800
161/161 - 2s - loss: 0.0506 - mae: 0.0506 - mse: 0.0044 - 2s/epoch - 11ms/step
Epoch 30/800
161/161 - 2s - loss: 0.0536 - mae: 0.0536 - mse: 0.0049 - 2s/epoch - 11ms/step
Epoch 31/800
161/161 - 2s - loss: 0.0481 - mae: 0.0481 - mse: 0.0040 - 2s/epoch - 11ms/step
Epoch 32/800
161/161 - 2s - loss: 0.0516 - mae: 0.0516 - mse: 0.0045 - 2s/epoch - 11ms/step
Epoch 33/800
161/161 - 2s - loss: 0.0489 - mae: 0.0489 - mse: 0.0041 - 2s/epoch - 11ms/step
Epoch 34/800
161/161 - 2s - loss: 0.0488 - mae: 0.0488 - mse: 0.0040 - 2s/epoch - 11ms/step
Epoch 35/800
161/161 - 2s - loss: 0.0487 - mae: 0.0487 - mse: 0.0040 - 2s/epoch - 11ms/step
Epoch 36/800
161/161 - 2s - loss: 0.0533 - mae: 0.0533 - mse: 0.0047 - 2s/epoch - 11ms/step
Epoch 37/800
161/161 - 2s - loss: 0.0462 - mae: 0.0462 - mse: 0.0036 - 2s/epoch - 11ms/step
Epoch 38/800
161/161 - 2s - loss: 0.0492 - mae: 0.0492 - mse: 0.0041 - 2s/epoch - 11ms/step
Epoch 39/800
161/161 - 2s - loss: 0.0462 - mae: 0.0462 - mse: 0.0036 - 2s/epoch - 11ms/step
Epoch 40/800
161/161 - 2s - loss: 0.0489 - mae: 0.0489 - mse: 0.0040 - 2s/epoch - 11ms/step
Epoch 41/800
161/161 - 2s - loss: 0.0513 - mae: 0.0513 - mse: 0.0043 - 2s/epoch - 11ms/step
Epoch 42/800
161/161 - 2s - loss: 0.0455 - mae: 0.0455 - mse: 0.0035 - 2s/epoch - 11ms/step
Epoch 43/800
161/161 - 2s - loss: 0.0481 - mae: 0.0481 - mse: 0.0039 - 2s/epoch - 11ms/step
Epoch 44/800
161/161 - 2s - loss: 0.0450 - mae: 0.0450 - mse: 0.0035 - 2s/epoch - 11ms/step
Epoch 45/800
161/161 - 2s - loss: 0.0439 - mae: 0.0439 - mse: 0.0034 - 2s/epoch - 11ms/step
Epoch 46/800
161/161 - 2s - loss: 0.0495 - mae: 0.0495 - mse: 0.0041 - 2s/epoch - 11ms/step
Epoch 47/800
161/161 - 2s - loss: 0.0445 - mae: 0.0445 - mse: 0.0033 - 2s/epoch - 11ms/step
Epoch 48/800
161/161 - 2s - loss: 0.0437 - mae: 0.0437 - mse: 0.0033 - 2s/epoch - 11ms/step
Epoch 49/800
161/161 - 2s - loss: 0.0445 - mae: 0.0445 - mse: 0.0034 - 2s/epoch - 11ms/step
Epoch 50/800
161/161 - 2s - loss: 0.0451 - mae: 0.0451 - mse: 0.0035 - 2s/epoch - 11ms/step
Epoch 51/800
161/161 - 2s - loss: 0.0457 - mae: 0.0457 - mse: 0.0036 - 2s/epoch - 11ms/step
Epoch 52/800
161/161 - 2s - loss: 0.0495 - mae: 0.0495 - mse: 0.0040 - 2s/epoch - 11ms/step
Epoch 53/800
161/161 - 2s - loss: 0.0428 - mae: 0.0428 - mse: 0.0031 - 2s/epoch - 11ms/step
Epoch 54/800
161/161 - 2s - loss: 0.0432 - mae: 0.0432 - mse: 0.0032 - 2s/epoch - 11ms/step
Epoch 55/800
161/161 - 2s - loss: 0.0403 - mae: 0.0403 - mse: 0.0028 - 2s/epoch - 11ms/step
Epoch 56/800
161/161 - 2s - loss: 0.0434 - mae: 0.0434 - mse: 0.0032 - 2s/epoch - 11ms/step
Epoch 57/800
161/161 - 2s - loss: 0.0434 - mae: 0.0434 - mse: 0.0032 - 2s/epoch - 11ms/step
Epoch 58/800
161/161 - 2s - loss: 0.0417 - mae: 0.0417 - mse: 0.0029 - 2s/epoch - 11ms/step
Epoch 59/800
161/161 - 2s - loss: 0.0399 - mae: 0.0399 - mse: 0.0027 - 2s/epoch - 11ms/step
Epoch 60/800
161/161 - 2s - loss: 0.0407 - mae: 0.0407 - mse: 0.0028 - 2s/epoch - 12ms/step
Epoch 61/800
161/161 - 2s - loss: 0.0410 - mae: 0.0410 - mse: 0.0029 - 2s/epoch - 12ms/step
Epoch 62/800
161/161 - 2s - loss: 0.0447 - mae: 0.0447 - mse: 0.0033 - 2s/epoch - 11ms/step
Epoch 63/800
161/161 - 3s - loss: 0.0396 - mae: 0.0396 - mse: 0.0027 - 3s/epoch - 17ms/step
Epoch 64/800
161/161 - 3s - loss: 0.0394 - mae: 0.0394 - mse: 0.0026 - 3s/epoch - 16ms/step
Epoch 65/800
161/161 - 3s - loss: 0.0397 - mae: 0.0397 - mse: 0.0027 - 3s/epoch - 16ms/step
Epoch 66/800
161/161 - 3s - loss: 0.0423 - mae: 0.0423 - mse: 0.0030 - 3s/epoch - 17ms/step
Epoch 67/800
161/161 - 3s - loss: 0.0375 - mae: 0.0375 - mse: 0.0024 - 3s/epoch - 18ms/step
Epoch 68/800
161/161 - 3s - loss: 0.0430 - mae: 0.0430 - mse: 0.0031 - 3s/epoch - 16ms/step
Epoch 69/800
161/161 - 2s - loss: 0.0389 - mae: 0.0389 - mse: 0.0026 - 2s/epoch - 13ms/step
Epoch 70/800
161/161 - 3s - loss: 0.0388 - mae: 0.0388 - mse: 0.0026 - 3s/epoch - 17ms/step
Epoch 71/800
161/161 - 3s - loss: 0.0429 - mae: 0.0429 - mse: 0.0031 - 3s/epoch - 16ms/step
Epoch 72/800
161/161 - 3s - loss: 0.0382 - mae: 0.0382 - mse: 0.0025 - 3s/epoch - 17ms/step
Epoch 73/800
161/161 - 3s - loss: 0.0372 - mae: 0.0372 - mse: 0.0024 - 3s/epoch - 17ms/step
Epoch 74/800
161/161 - 3s - loss: 0.0395 - mae: 0.0395 - mse: 0.0026 - 3s/epoch - 17ms/step
Epoch 75/800
161/161 - 3s - loss: 0.0374 - mae: 0.0374 - mse: 0.0025 - 3s/epoch - 16ms/step
Epoch 76/800
161/161 - 2s - loss: 0.0424 - mae: 0.0424 - mse: 0.0030 - 2s/epoch - 14ms/step
Epoch 77/800
161/161 - 3s - loss: 0.0368 - mae: 0.0368 - mse: 0.0023 - 3s/epoch - 17ms/step
Epoch 78/800
161/161 - 3s - loss: 0.0382 - mae: 0.0382 - mse: 0.0024 - 3s/epoch - 17ms/step
Epoch 79/800
161/161 - 3s - loss: 0.0386 - mae: 0.0386 - mse: 0.0025 - 3s/epoch - 17ms/step
Epoch 80/800
161/161 - 3s - loss: 0.0367 - mae: 0.0367 - mse: 0.0023 - 3s/epoch - 18ms/step
Epoch 81/800
161/161 - 3s - loss: 0.0374 - mae: 0.0374 - mse: 0.0024 - 3s/epoch - 17ms/step
Epoch 82/800
161/161 - 2s - loss: 0.0360 - mae: 0.0360 - mse: 0.0022 - 2s/epoch - 14ms/step
Epoch 83/800
161/161 - 2s - loss: 0.0348 - mae: 0.0348 - mse: 0.0021 - 2s/epoch - 15ms/step
Epoch 84/800
161/161 - 3s - loss: 0.0359 - mae: 0.0359 - mse: 0.0022 - 3s/epoch - 17ms/step
Epoch 85/800
161/161 - 3s - loss: 0.0366 - mae: 0.0366 - mse: 0.0023 - 3s/epoch - 16ms/step
Epoch 86/800
161/161 - 3s - loss: 0.0349 - mae: 0.0349 - mse: 0.0021 - 3s/epoch - 17ms/step
Epoch 87/800
161/161 - 3s - loss: 0.0359 - mae: 0.0359 - mse: 0.0022 - 3s/epoch - 17ms/step
Epoch 88/800
161/161 - 3s - loss: 0.0340 - mae: 0.0340 - mse: 0.0020 - 3s/epoch - 17ms/step
Epoch 89/800
161/161 - 2s - loss: 0.0327 - mae: 0.0327 - mse: 0.0018 - 2s/epoch - 14ms/step
Epoch 90/800
161/161 - 2s - loss: 0.0348 - mae: 0.0348 - mse: 0.0021 - 2s/epoch - 14ms/step
Epoch 91/800
161/161 - 3s - loss: 0.0364 - mae: 0.0364 - mse: 0.0022 - 3s/epoch - 16ms/step
Epoch 92/800
161/161 - 3s - loss: 0.0358 - mae: 0.0358 - mse: 0.0022 - 3s/epoch - 17ms/step
Epoch 93/800
161/161 - 3s - loss: 0.0346 - mae: 0.0346 - mse: 0.0021 - 3s/epoch - 17ms/step
Epoch 94/800
161/161 - 3s - loss: 0.0326 - mae: 0.0326 - mse: 0.0018 - 3s/epoch - 17ms/step
Epoch 95/800
161/161 - 3s - loss: 0.0365 - mae: 0.0365 - mse: 0.0023 - 3s/epoch - 17ms/step
Epoch 96/800
161/161 - 2s - loss: 0.0343 - mae: 0.0343 - mse: 0.0020 - 2s/epoch - 15ms/step
Epoch 97/800
161/161 - 2s - loss: 0.0329 - mae: 0.0329 - mse: 0.0018 - 2s/epoch - 14ms/step
Epoch 98/800
161/161 - 2s - loss: 0.0336 - mae: 0.0336 - mse: 0.0020 - 2s/epoch - 15ms/step
Epoch 99/800
161/161 - 3s - loss: 0.0335 - mae: 0.0335 - mse: 0.0019 - 3s/epoch - 16ms/step
Epoch 100/800
161/161 - 3s - loss: 0.0334 - mae: 0.0334 - mse: 0.0019 - 3s/epoch - 17ms/step
Epoch 101/800
161/161 - 3s - loss: 0.0320 - mae: 0.0320 - mse: 0.0018 - 3s/epoch - 16ms/step
Epoch 102/800
161/161 - 3s - loss: 0.0302 - mae: 0.0302 - mse: 0.0016 - 3s/epoch - 17ms/step
Epoch 103/800
161/161 - 3s - loss: 0.0322 - mae: 0.0322 - mse: 0.0018 - 3s/epoch - 16ms/step
Epoch 104/800
161/161 - 2s - loss: 0.0323 - mae: 0.0323 - mse: 0.0018 - 2s/epoch - 13ms/step
Epoch 105/800
161/161 - 2s - loss: 0.0320 - mae: 0.0320 - mse: 0.0017 - 2s/epoch - 14ms/step
Epoch 106/800
161/161 - 3s - loss: 0.0316 - mae: 0.0316 - mse: 0.0017 - 3s/epoch - 16ms/step
Epoch 107/800
161/161 - 3s - loss: 0.0325 - mae: 0.0325 - mse: 0.0018 - 3s/epoch - 17ms/step
Epoch 108/800
161/161 - 2s - loss: 0.0322 - mae: 0.0322 - mse: 0.0018 - 2s/epoch - 14ms/step
Epoch 109/800
161/161 - 3s - loss: 0.0309 - mae: 0.0309 - mse: 0.0016 - 3s/epoch - 18ms/step
Epoch 110/800
161/161 - 3s - loss: 0.0325 - mae: 0.0325 - mse: 0.0018 - 3s/epoch - 17ms/step
Epoch 111/800
161/161 - 2s - loss: 0.0308 - mae: 0.0308 - mse: 0.0016 - 2s/epoch - 15ms/step
Epoch 112/800
161/161 - 2s - loss: 0.0311 - mae: 0.0311 - mse: 0.0016 - 2s/epoch - 13ms/step
Epoch 113/800
161/161 - 3s - loss: 0.0302 - mae: 0.0302 - mse: 0.0016 - 3s/epoch - 16ms/step
Epoch 114/800
161/161 - 3s - loss: 0.0298 - mae: 0.0298 - mse: 0.0015 - 3s/epoch - 17ms/step
Epoch 115/800
161/161 - 3s - loss: 0.0289 - mae: 0.0289 - mse: 0.0014 - 3s/epoch - 17ms/step
Epoch 116/800
161/161 - 3s - loss: 0.0304 - mae: 0.0304 - mse: 0.0016 - 3s/epoch - 16ms/step
Epoch 117/800
161/161 - 3s - loss: 0.0286 - mae: 0.0286 - mse: 0.0014 - 3s/epoch - 17ms/step
Epoch 118/800
161/161 - 3s - loss: 0.0310 - mae: 0.0310 - mse: 0.0016 - 3s/epoch - 16ms/step
Epoch 119/800
161/161 - 2s - loss: 0.0304 - mae: 0.0304 - mse: 0.0016 - 2s/epoch - 12ms/step
Epoch 120/800
161/161 - 2s - loss: 0.0299 - mae: 0.0299 - mse: 0.0015 - 2s/epoch - 11ms/step
Epoch 121/800
161/161 - 2s - loss: 0.0304 - mae: 0.0304 - mse: 0.0016 - 2s/epoch - 11ms/step
Epoch 122/800
161/161 - 2s - loss: 0.0288 - mae: 0.0288 - mse: 0.0014 - 2s/epoch - 11ms/step
Epoch 123/800
161/161 - 2s - loss: 0.0267 - mae: 0.0267 - mse: 0.0012 - 2s/epoch - 11ms/step
Epoch 124/800
161/161 - 2s - loss: 0.0294 - mae: 0.0294 - mse: 0.0015 - 2s/epoch - 11ms/step
Epoch 125/800
161/161 - 2s - loss: 0.0309 - mae: 0.0309 - mse: 0.0016 - 2s/epoch - 11ms/step
Epoch 126/800
161/161 - 2s - loss: 0.0284 - mae: 0.0284 - mse: 0.0014 - 2s/epoch - 11ms/step
Epoch 127/800
161/161 - 2s - loss: 0.0284 - mae: 0.0284 - mse: 0.0014 - 2s/epoch - 11ms/step
Epoch 128/800
161/161 - 2s - loss: 0.0384 - mae: 0.0384 - mse: 0.0895 - 2s/epoch - 11ms/step
Epoch 129/800
161/161 - 2s - loss: 0.0272 - mae: 0.0272 - mse: 0.0013 - 2s/epoch - 11ms/step
Epoch 130/800
161/161 - 2s - loss: 0.0268 - mae: 0.0268 - mse: 0.0012 - 2s/epoch - 11ms/step
Epoch 131/800
161/161 - 2s - loss: 0.0275 - mae: 0.0275 - mse: 0.0013 - 2s/epoch - 11ms/step
Epoch 132/800
161/161 - 2s - loss: 0.0287 - mae: 0.0287 - mse: 0.0014 - 2s/epoch - 11ms/step
Epoch 133/800
161/161 - 2s - loss: 0.0272 - mae: 0.0272 - mse: 0.0013 - 2s/epoch - 11ms/step
Epoch 134/800
161/161 - 2s - loss: 0.0278 - mae: 0.0278 - mse: 0.0013 - 2s/epoch - 11ms/step
Epoch 135/800
161/161 - 2s - loss: 0.0254 - mae: 0.0254 - mse: 0.0011 - 2s/epoch - 11ms/step
Epoch 136/800
161/161 - 2s - loss: 0.0259 - mae: 0.0259 - mse: 0.0011 - 2s/epoch - 11ms/step
Epoch 137/800
161/161 - 2s - loss: 0.0276 - mae: 0.0276 - mse: 0.0013 - 2s/epoch - 11ms/step
Epoch 138/800
161/161 - 2s - loss: 0.0256 - mae: 0.0256 - mse: 0.0011 - 2s/epoch - 11ms/step
Epoch 139/800
161/161 - 2s - loss: 0.0252 - mae: 0.0252 - mse: 0.0011 - 2s/epoch - 11ms/step
Epoch 140/800
161/161 - 2s - loss: 0.0277 - mae: 0.0277 - mse: 0.0013 - 2s/epoch - 11ms/step
Epoch 141/800
161/161 - 2s - loss: 0.0253 - mae: 0.0253 - mse: 0.0011 - 2s/epoch - 11ms/step
Epoch 142/800
161/161 - 2s - loss: 0.0270 - mae: 0.0270 - mse: 0.0012 - 2s/epoch - 11ms/step
Epoch 143/800
161/161 - 2s - loss: 0.0245 - mae: 0.0245 - mse: 0.0010 - 2s/epoch - 11ms/step
Epoch 144/800
161/161 - 2s - loss: 0.0264 - mae: 0.0264 - mse: 0.0012 - 2s/epoch - 11ms/step
Epoch 145/800
161/161 - 2s - loss: 0.0257 - mae: 0.0257 - mse: 0.0011 - 2s/epoch - 11ms/step
Epoch 146/800
161/161 - 2s - loss: 0.0262 - mae: 0.0262 - mse: 0.0012 - 2s/epoch - 11ms/step
Epoch 147/800
161/161 - 2s - loss: 0.0264 - mae: 0.0264 - mse: 0.0012 - 2s/epoch - 11ms/step
Epoch 148/800
161/161 - 2s - loss: 0.0264 - mae: 0.0264 - mse: 0.0012 - 2s/epoch - 11ms/step
Epoch 149/800
161/161 - 2s - loss: 0.0247 - mae: 0.0247 - mse: 0.0011 - 2s/epoch - 11ms/step
Epoch 150/800
161/161 - 2s - loss: 0.0242 - mae: 0.0242 - mse: 0.0010 - 2s/epoch - 11ms/step
Epoch 151/800
161/161 - 2s - loss: 0.0259 - mae: 0.0259 - mse: 0.0011 - 2s/epoch - 11ms/step
Epoch 152/800
161/161 - 2s - loss: 0.0238 - mae: 0.0238 - mse: 0.0010 - 2s/epoch - 11ms/step
Epoch 153/800
161/161 - 2s - loss: 0.0256 - mae: 0.0256 - mse: 0.0011 - 2s/epoch - 11ms/step
Epoch 154/800
161/161 - 2s - loss: 0.0250 - mae: 0.0250 - mse: 0.0011 - 2s/epoch - 11ms/step
Epoch 155/800
161/161 - 2s - loss: 0.0241 - mae: 0.0241 - mse: 0.0010 - 2s/epoch - 11ms/step
Epoch 156/800
161/161 - 2s - loss: 0.0244 - mae: 0.0244 - mse: 0.0010 - 2s/epoch - 11ms/step
Epoch 157/800
161/161 - 2s - loss: 0.0250 - mae: 0.0250 - mse: 0.0011 - 2s/epoch - 11ms/step
Epoch 158/800
161/161 - 2s - loss: 0.0243 - mae: 0.0243 - mse: 0.0010 - 2s/epoch - 11ms/step
Epoch 159/800
161/161 - 2s - loss: 0.0230 - mae: 0.0230 - mse: 9.0327e-04 - 2s/epoch - 11ms/step
Epoch 160/800
161/161 - 2s - loss: 0.0231 - mae: 0.0231 - mse: 9.2966e-04 - 2s/epoch - 11ms/step
Epoch 161/800
161/161 - 2s - loss: 0.0272 - mae: 0.0272 - mse: 0.0013 - 2s/epoch - 11ms/step
Epoch 162/800
161/161 - 2s - loss: 0.0247 - mae: 0.0247 - mse: 0.0010 - 2s/epoch - 11ms/step
Epoch 163/800
161/161 - 2s - loss: 0.0249 - mae: 0.0249 - mse: 0.0011 - 2s/epoch - 11ms/step
Epoch 164/800
161/161 - 2s - loss: 0.0235 - mae: 0.0235 - mse: 9.4527e-04 - 2s/epoch - 11ms/step
Epoch 165/800
161/161 - 2s - loss: 0.0238 - mae: 0.0238 - mse: 9.6264e-04 - 2s/epoch - 11ms/step
Epoch 166/800
161/161 - 2s - loss: 0.0236 - mae: 0.0236 - mse: 9.4071e-04 - 2s/epoch - 11ms/step
Epoch 167/800
161/161 - 2s - loss: 0.0231 - mae: 0.0231 - mse: 9.1049e-04 - 2s/epoch - 11ms/step
Epoch 168/800
161/161 - 2s - loss: 0.0240 - mae: 0.0240 - mse: 9.8176e-04 - 2s/epoch - 11ms/step
Epoch 169/800
161/161 - 2s - loss: 0.0241 - mae: 0.0241 - mse: 9.7699e-04 - 2s/epoch - 11ms/step
Epoch 170/800
161/161 - 2s - loss: 0.0223 - mae: 0.0223 - mse: 8.5033e-04 - 2s/epoch - 11ms/step
Epoch 171/800
161/161 - 2s - loss: 0.0225 - mae: 0.0225 - mse: 8.6660e-04 - 2s/epoch - 11ms/step
Epoch 172/800
161/161 - 2s - loss: 0.0229 - mae: 0.0229 - mse: 9.0093e-04 - 2s/epoch - 11ms/step
Epoch 173/800
161/161 - 2s - loss: 0.0226 - mae: 0.0226 - mse: 8.6840e-04 - 2s/epoch - 11ms/step
Epoch 174/800
161/161 - 2s - loss: 0.0216 - mae: 0.0216 - mse: 8.2113e-04 - 2s/epoch - 11ms/step
Epoch 175/800
161/161 - 2s - loss: 0.0239 - mae: 0.0239 - mse: 9.5909e-04 - 2s/epoch - 11ms/step
Epoch 176/800
161/161 - 2s - loss: 0.0221 - mae: 0.0221 - mse: 8.3982e-04 - 2s/epoch - 11ms/step
Epoch 177/800
161/161 - 2s - loss: 0.0220 - mae: 0.0220 - mse: 8.3455e-04 - 2s/epoch - 11ms/step
Epoch 178/800
161/161 - 2s - loss: 0.0245 - mae: 0.0245 - mse: 9.8395e-04 - 2s/epoch - 11ms/step
Epoch 179/800
161/161 - 2s - loss: 0.0219 - mae: 0.0219 - mse: 8.1092e-04 - 2s/epoch - 11ms/step
Epoch 180/800
161/161 - 2s - loss: 0.0225 - mae: 0.0225 - mse: 8.5561e-04 - 2s/epoch - 11ms/step
Epoch 181/800
161/161 - 2s - loss: 0.0237 - mae: 0.0237 - mse: 9.4461e-04 - 2s/epoch - 11ms/step
Epoch 182/800
161/161 - 2s - loss: 0.0221 - mae: 0.0221 - mse: 8.2156e-04 - 2s/epoch - 11ms/step
Epoch 183/800
161/161 - 2s - loss: 0.0219 - mae: 0.0219 - mse: 8.1709e-04 - 2s/epoch - 11ms/step
Epoch 184/800
161/161 - 2s - loss: 0.0218 - mae: 0.0218 - mse: 8.2533e-04 - 2s/epoch - 11ms/step
Epoch 185/800
161/161 - 2s - loss: 0.0216 - mae: 0.0216 - mse: 7.9874e-04 - 2s/epoch - 11ms/step
Epoch 186/800
161/161 - 2s - loss: 0.0216 - mae: 0.0216 - mse: 7.9659e-04 - 2s/epoch - 11ms/step
Epoch 187/800
161/161 - 2s - loss: 0.0213 - mae: 0.0213 - mse: 8.0187e-04 - 2s/epoch - 11ms/step
Epoch 188/800
161/161 - 2s - loss: 0.0208 - mae: 0.0208 - mse: 7.2679e-04 - 2s/epoch - 11ms/step
Epoch 189/800
161/161 - 2s - loss: 0.0224 - mae: 0.0224 - mse: 8.3266e-04 - 2s/epoch - 11ms/step
Epoch 190/800
161/161 - 2s - loss: 0.0212 - mae: 0.0212 - mse: 7.5822e-04 - 2s/epoch - 11ms/step
Epoch 191/800
161/161 - 2s - loss: 0.0201 - mae: 0.0201 - mse: 6.9633e-04 - 2s/epoch - 11ms/step
Epoch 192/800
161/161 - 2s - loss: 0.0217 - mae: 0.0217 - mse: 7.9116e-04 - 2s/epoch - 11ms/step
Epoch 193/800
161/161 - 2s - loss: 0.0218 - mae: 0.0218 - mse: 7.9693e-04 - 2s/epoch - 11ms/step
Epoch 194/800
161/161 - 2s - loss: 0.0216 - mae: 0.0216 - mse: 7.8964e-04 - 2s/epoch - 11ms/step
Epoch 195/800
161/161 - 2s - loss: 0.0203 - mae: 0.0203 - mse: 7.0907e-04 - 2s/epoch - 11ms/step
Epoch 196/800
161/161 - 2s - loss: 0.0208 - mae: 0.0208 - mse: 7.3579e-04 - 2s/epoch - 11ms/step
Epoch 197/800
161/161 - 2s - loss: 0.0232 - mae: 0.0232 - mse: 9.4079e-04 - 2s/epoch - 11ms/step
Epoch 198/800
161/161 - 2s - loss: 0.0214 - mae: 0.0214 - mse: 7.7909e-04 - 2s/epoch - 11ms/step
Epoch 199/800
161/161 - 2s - loss: 0.0197 - mae: 0.0197 - mse: 6.7020e-04 - 2s/epoch - 11ms/step
Epoch 200/800
161/161 - 2s - loss: 0.0219 - mae: 0.0219 - mse: 8.0346e-04 - 2s/epoch - 11ms/step
Epoch 201/800
161/161 - 2s - loss: 0.0196 - mae: 0.0196 - mse: 6.5000e-04 - 2s/epoch - 11ms/step
Epoch 202/800
161/161 - 2s - loss: 0.0196 - mae: 0.0196 - mse: 6.4520e-04 - 2s/epoch - 11ms/step
Epoch 203/800
161/161 - 2s - loss: 0.0188 - mae: 0.0188 - mse: 6.0712e-04 - 2s/epoch - 11ms/step
Epoch 204/800
161/161 - 2s - loss: 0.0193 - mae: 0.0193 - mse: 6.3694e-04 - 2s/epoch - 11ms/step
Epoch 205/800
161/161 - 2s - loss: 0.0207 - mae: 0.0207 - mse: 7.2288e-04 - 2s/epoch - 11ms/step
Epoch 206/800
161/161 - 2s - loss: 0.0191 - mae: 0.0191 - mse: 6.1909e-04 - 2s/epoch - 11ms/step
Epoch 207/800
161/161 - 2s - loss: 0.0225 - mae: 0.0225 - mse: 8.3299e-04 - 2s/epoch - 11ms/step
Epoch 208/800
161/161 - 2s - loss: 0.0210 - mae: 0.0210 - mse: 7.4262e-04 - 2s/epoch - 11ms/step
Epoch 209/800
161/161 - 2s - loss: 0.0190 - mae: 0.0190 - mse: 6.2533e-04 - 2s/epoch - 11ms/step
Epoch 210/800
161/161 - 2s - loss: 0.0217 - mae: 0.0217 - mse: 8.0403e-04 - 2s/epoch - 11ms/step
Epoch 211/800
161/161 - 2s - loss: 0.0190 - mae: 0.0190 - mse: 6.2495e-04 - 2s/epoch - 11ms/step
Epoch 212/800
161/161 - 2s - loss: 0.0188 - mae: 0.0188 - mse: 5.9490e-04 - 2s/epoch - 11ms/step
Epoch 213/800
161/161 - 2s - loss: 0.0183 - mae: 0.0183 - mse: 5.6995e-04 - 2s/epoch - 11ms/step
Epoch 214/800
161/161 - 2s - loss: 0.0203 - mae: 0.0203 - mse: 7.0719e-04 - 2s/epoch - 11ms/step
Epoch 215/800
161/161 - 2s - loss: 0.0181 - mae: 0.0181 - mse: 5.5970e-04 - 2s/epoch - 11ms/step
Epoch 216/800
161/161 - 2s - loss: 0.0194 - mae: 0.0194 - mse: 6.3909e-04 - 2s/epoch - 11ms/step
Epoch 217/800
161/161 - 2s - loss: 0.0193 - mae: 0.0193 - mse: 6.3161e-04 - 2s/epoch - 11ms/step
Epoch 218/800
161/161 - 2s - loss: 0.0179 - mae: 0.0179 - mse: 5.4523e-04 - 2s/epoch - 11ms/step
Epoch 219/800
161/161 - 2s - loss: 0.0189 - mae: 0.0189 - mse: 5.9734e-04 - 2s/epoch - 11ms/step
Epoch 220/800
161/161 - 2s - loss: 0.0201 - mae: 0.0201 - mse: 6.7510e-04 - 2s/epoch - 11ms/step
Epoch 221/800
161/161 - 2s - loss: 0.0179 - mae: 0.0179 - mse: 5.4813e-04 - 2s/epoch - 11ms/step
Epoch 222/800
161/161 - 2s - loss: 0.0180 - mae: 0.0180 - mse: 5.4427e-04 - 2s/epoch - 11ms/step
Epoch 223/800
161/161 - 2s - loss: 0.0187 - mae: 0.0187 - mse: 6.0844e-04 - 2s/epoch - 11ms/step
Epoch 224/800
161/161 - 2s - loss: 0.0187 - mae: 0.0187 - mse: 5.7949e-04 - 2s/epoch - 11ms/step
Epoch 225/800
161/161 - 2s - loss: 0.0178 - mae: 0.0178 - mse: 5.3427e-04 - 2s/epoch - 11ms/step
Epoch 226/800
161/161 - 2s - loss: 0.0181 - mae: 0.0181 - mse: 5.5617e-04 - 2s/epoch - 11ms/step
Epoch 227/800
161/161 - 2s - loss: 0.0194 - mae: 0.0194 - mse: 6.2053e-04 - 2s/epoch - 11ms/step
Epoch 228/800
161/161 - 2s - loss: 0.0179 - mae: 0.0179 - mse: 5.4600e-04 - 2s/epoch - 11ms/step
Epoch 229/800
161/161 - 2s - loss: 0.0170 - mae: 0.0170 - mse: 4.9735e-04 - 2s/epoch - 11ms/step
Epoch 230/800
161/161 - 2s - loss: 0.0185 - mae: 0.0185 - mse: 5.7752e-04 - 2s/epoch - 11ms/step
Epoch 231/800
161/161 - 2s - loss: 0.0173 - mae: 0.0173 - mse: 5.1141e-04 - 2s/epoch - 11ms/step
Epoch 232/800
161/161 - 2s - loss: 0.0192 - mae: 0.0192 - mse: 6.1725e-04 - 2s/epoch - 11ms/step
Epoch 233/800
161/161 - 2s - loss: 0.0178 - mae: 0.0178 - mse: 5.4099e-04 - 2s/epoch - 11ms/step
Epoch 234/800
161/161 - 2s - loss: 0.0188 - mae: 0.0188 - mse: 5.8561e-04 - 2s/epoch - 11ms/step
Epoch 235/800
161/161 - 2s - loss: 0.0173 - mae: 0.0173 - mse: 5.0684e-04 - 2s/epoch - 11ms/step
Epoch 236/800
161/161 - 2s - loss: 0.0180 - mae: 0.0180 - mse: 5.4443e-04 - 2s/epoch - 11ms/step
Epoch 237/800
161/161 - 2s - loss: 0.0173 - mae: 0.0173 - mse: 5.0656e-04 - 2s/epoch - 11ms/step
Epoch 238/800
161/161 - 2s - loss: 0.0183 - mae: 0.0183 - mse: 5.6925e-04 - 2s/epoch - 11ms/step
Epoch 239/800
161/161 - 2s - loss: 0.0191 - mae: 0.0191 - mse: 6.0745e-04 - 2s/epoch - 11ms/step
Epoch 240/800
161/161 - 2s - loss: 0.0179 - mae: 0.0179 - mse: 5.3492e-04 - 2s/epoch - 11ms/step
Epoch 241/800
161/161 - 2s - loss: 0.0180 - mae: 0.0180 - mse: 5.4862e-04 - 2s/epoch - 11ms/step
Epoch 242/800
161/161 - 2s - loss: 0.0167 - mae: 0.0167 - mse: 4.8189e-04 - 2s/epoch - 11ms/step
Epoch 243/800
161/161 - 2s - loss: 0.0173 - mae: 0.0173 - mse: 5.0955e-04 - 2s/epoch - 11ms/step
Epoch 244/800
161/161 - 2s - loss: 0.0177 - mae: 0.0177 - mse: 5.2280e-04 - 2s/epoch - 11ms/step
Epoch 245/800
161/161 - 2s - loss: 0.0166 - mae: 0.0166 - mse: 4.6441e-04 - 2s/epoch - 11ms/step
Epoch 246/800
161/161 - 2s - loss: 0.0174 - mae: 0.0174 - mse: 5.0774e-04 - 2s/epoch - 11ms/step
Epoch 247/800
161/161 - 2s - loss: 0.0181 - mae: 0.0181 - mse: 5.6213e-04 - 2s/epoch - 11ms/step
Epoch 248/800
161/161 - 2s - loss: 0.0181 - mae: 0.0181 - mse: 5.5267e-04 - 2s/epoch - 11ms/step
Epoch 249/800
161/161 - 2s - loss: 0.0165 - mae: 0.0165 - mse: 4.6599e-04 - 2s/epoch - 11ms/step
Epoch 250/800
161/161 - 2s - loss: 0.0166 - mae: 0.0166 - mse: 4.5963e-04 - 2s/epoch - 11ms/step
Epoch 251/800
161/161 - 2s - loss: 0.0157 - mae: 0.0157 - mse: 4.1853e-04 - 2s/epoch - 11ms/step
Epoch 252/800
161/161 - 2s - loss: 0.0174 - mae: 0.0174 - mse: 5.0325e-04 - 2s/epoch - 11ms/step
Epoch 253/800
161/161 - 2s - loss: 0.0160 - mae: 0.0160 - mse: 4.2653e-04 - 2s/epoch - 11ms/step
Epoch 254/800
161/161 - 2s - loss: 0.0161 - mae: 0.0161 - mse: 4.3755e-04 - 2s/epoch - 11ms/step
Epoch 255/800
161/161 - 2s - loss: 0.0161 - mae: 0.0161 - mse: 4.4174e-04 - 2s/epoch - 11ms/step
Epoch 256/800
161/161 - 2s - loss: 0.0161 - mae: 0.0161 - mse: 4.4330e-04 - 2s/epoch - 11ms/step
Epoch 257/800
161/161 - 2s - loss: 0.0164 - mae: 0.0164 - mse: 4.6274e-04 - 2s/epoch - 11ms/step
Epoch 258/800
161/161 - 2s - loss: 0.0160 - mae: 0.0160 - mse: 4.3255e-04 - 2s/epoch - 11ms/step
Epoch 259/800
161/161 - 2s - loss: 0.0167 - mae: 0.0167 - mse: 4.7574e-04 - 2s/epoch - 11ms/step
Epoch 260/800
161/161 - 2s - loss: 0.0175 - mae: 0.0175 - mse: 5.1026e-04 - 2s/epoch - 11ms/step
Epoch 261/800
161/161 - 2s - loss: 0.0165 - mae: 0.0165 - mse: 4.5460e-04 - 2s/epoch - 11ms/step
Epoch 262/800
161/161 - 2s - loss: 0.0169 - mae: 0.0169 - mse: 4.7688e-04 - 2s/epoch - 11ms/step
Epoch 263/800
161/161 - 2s - loss: 0.0160 - mae: 0.0160 - mse: 4.3456e-04 - 2s/epoch - 11ms/step
Epoch 264/800
161/161 - 2s - loss: 0.0157 - mae: 0.0157 - mse: 4.1778e-04 - 2s/epoch - 11ms/step
Epoch 265/800
161/161 - 2s - loss: 0.0159 - mae: 0.0159 - mse: 4.3590e-04 - 2s/epoch - 11ms/step
Epoch 266/800
161/161 - 2s - loss: 0.0149 - mae: 0.0149 - mse: 3.7966e-04 - 2s/epoch - 11ms/step
Epoch 267/800
161/161 - 2s - loss: 0.0154 - mae: 0.0154 - mse: 4.0663e-04 - 2s/epoch - 11ms/step
Epoch 268/800
161/161 - 2s - loss: 0.0165 - mae: 0.0165 - mse: 4.5299e-04 - 2s/epoch - 11ms/step
Epoch 269/800
161/161 - 2s - loss: 0.0168 - mae: 0.0168 - mse: 4.6945e-04 - 2s/epoch - 11ms/step
Epoch 270/800
161/161 - 2s - loss: 0.0156 - mae: 0.0156 - mse: 4.1776e-04 - 2s/epoch - 11ms/step
Epoch 271/800
161/161 - 2s - loss: 0.0150 - mae: 0.0150 - mse: 3.8700e-04 - 2s/epoch - 11ms/step
Epoch 272/800
161/161 - 2s - loss: 0.0154 - mae: 0.0154 - mse: 4.1259e-04 - 2s/epoch - 11ms/step
Epoch 273/800
161/161 - 2s - loss: 0.0150 - mae: 0.0150 - mse: 3.8113e-04 - 2s/epoch - 11ms/step
Epoch 274/800
161/161 - 2s - loss: 0.0148 - mae: 0.0148 - mse: 3.7496e-04 - 2s/epoch - 11ms/step
Epoch 275/800
161/161 - 2s - loss: 0.0157 - mae: 0.0157 - mse: 4.1902e-04 - 2s/epoch - 11ms/step
Epoch 276/800
161/161 - 2s - loss: 0.0172 - mae: 0.0172 - mse: 4.8233e-04 - 2s/epoch - 11ms/step
Epoch 277/800
161/161 - 2s - loss: 0.0136 - mae: 0.0136 - mse: 3.1464e-04 - 2s/epoch - 11ms/step
Epoch 278/800
161/161 - 2s - loss: 0.0163 - mae: 0.0163 - mse: 4.4421e-04 - 2s/epoch - 11ms/step
Epoch 279/800
161/161 - 2s - loss: 0.0148 - mae: 0.0148 - mse: 3.7412e-04 - 2s/epoch - 11ms/step
Epoch 280/800
161/161 - 2s - loss: 0.0147 - mae: 0.0147 - mse: 3.6420e-04 - 2s/epoch - 11ms/step
Epoch 281/800
161/161 - 2s - loss: 0.0160 - mae: 0.0160 - mse: 4.2926e-04 - 2s/epoch - 11ms/step
Epoch 282/800
161/161 - 2s - loss: 0.0143 - mae: 0.0143 - mse: 3.5316e-04 - 2s/epoch - 11ms/step
Epoch 283/800
161/161 - 2s - loss: 0.0140 - mae: 0.0140 - mse: 3.3430e-04 - 2s/epoch - 11ms/step
Epoch 284/800
161/161 - 2s - loss: 0.0166 - mae: 0.0166 - mse: 4.5958e-04 - 2s/epoch - 11ms/step
Epoch 285/800
161/161 - 2s - loss: 0.0146 - mae: 0.0146 - mse: 3.6104e-04 - 2s/epoch - 11ms/step
Epoch 286/800
161/161 - 2s - loss: 0.0144 - mae: 0.0144 - mse: 3.5129e-04 - 2s/epoch - 11ms/step
Epoch 287/800
161/161 - 2s - loss: 0.0138 - mae: 0.0138 - mse: 3.2797e-04 - 2s/epoch - 11ms/step
Epoch 288/800
161/161 - 2s - loss: 0.0144 - mae: 0.0144 - mse: 3.5262e-04 - 2s/epoch - 11ms/step
Epoch 289/800
161/161 - 2s - loss: 0.0145 - mae: 0.0145 - mse: 3.5452e-04 - 2s/epoch - 11ms/step
Epoch 290/800
161/161 - 2s - loss: 0.0141 - mae: 0.0141 - mse: 3.3872e-04 - 2s/epoch - 11ms/step
Epoch 291/800
161/161 - 2s - loss: 0.0139 - mae: 0.0139 - mse: 3.2767e-04 - 2s/epoch - 11ms/step
Epoch 292/800
161/161 - 2s - loss: 0.0139 - mae: 0.0139 - mse: 3.2815e-04 - 2s/epoch - 11ms/step
Epoch 293/800
161/161 - 2s - loss: 0.0155 - mae: 0.0155 - mse: 4.0552e-04 - 2s/epoch - 11ms/step
Epoch 294/800
161/161 - 2s - loss: 0.0148 - mae: 0.0148 - mse: 3.7256e-04 - 2s/epoch - 11ms/step
Epoch 295/800
161/161 - 2s - loss: 0.0141 - mae: 0.0141 - mse: 3.3612e-04 - 2s/epoch - 11ms/step
Epoch 296/800
161/161 - 2s - loss: 0.0144 - mae: 0.0144 - mse: 3.5044e-04 - 2s/epoch - 11ms/step
Epoch 297/800
161/161 - 2s - loss: 0.0136 - mae: 0.0136 - mse: 3.1641e-04 - 2s/epoch - 11ms/step
Epoch 298/800
161/161 - 2s - loss: 0.0143 - mae: 0.0143 - mse: 3.3948e-04 - 2s/epoch - 11ms/step
Epoch 299/800
161/161 - 2s - loss: 0.0136 - mae: 0.0136 - mse: 3.1140e-04 - 2s/epoch - 11ms/step
Epoch 300/800
161/161 - 2s - loss: 0.0133 - mae: 0.0133 - mse: 3.0347e-04 - 2s/epoch - 11ms/step
Epoch 301/800
161/161 - 2s - loss: 0.0149 - mae: 0.0149 - mse: 3.6959e-04 - 2s/epoch - 11ms/step
Epoch 302/800
161/161 - 2s - loss: 0.0133 - mae: 0.0133 - mse: 2.9667e-04 - 2s/epoch - 11ms/step
Epoch 303/800
161/161 - 2s - loss: 0.0130 - mae: 0.0130 - mse: 2.8926e-04 - 2s/epoch - 11ms/step
Epoch 304/800
161/161 - 2s - loss: 0.0143 - mae: 0.0143 - mse: 3.4707e-04 - 2s/epoch - 11ms/step
Epoch 305/800
161/161 - 2s - loss: 0.0136 - mae: 0.0136 - mse: 3.1214e-04 - 2s/epoch - 11ms/step
Epoch 306/800
161/161 - 2s - loss: 0.0141 - mae: 0.0141 - mse: 3.3086e-04 - 2s/epoch - 11ms/step
Epoch 307/800
161/161 - 2s - loss: 0.0141 - mae: 0.0141 - mse: 3.3265e-04 - 2s/epoch - 11ms/step
Epoch 308/800
161/161 - 2s - loss: 0.0135 - mae: 0.0135 - mse: 3.1131e-04 - 2s/epoch - 11ms/step
Epoch 309/800
161/161 - 2s - loss: 0.0124 - mae: 0.0124 - mse: 2.6302e-04 - 2s/epoch - 11ms/step
Epoch 310/800
161/161 - 2s - loss: 0.0128 - mae: 0.0128 - mse: 2.8225e-04 - 2s/epoch - 11ms/step
Epoch 311/800
161/161 - 2s - loss: 0.0132 - mae: 0.0132 - mse: 2.9878e-04 - 2s/epoch - 11ms/step
Epoch 312/800
161/161 - 2s - loss: 0.0133 - mae: 0.0133 - mse: 2.9478e-04 - 2s/epoch - 11ms/step
Epoch 313/800
161/161 - 2s - loss: 0.0135 - mae: 0.0135 - mse: 3.1455e-04 - 2s/epoch - 11ms/step
Epoch 314/800
161/161 - 2s - loss: 0.0134 - mae: 0.0134 - mse: 3.0329e-04 - 2s/epoch - 11ms/step
Epoch 315/800
161/161 - 2s - loss: 0.0128 - mae: 0.0128 - mse: 2.7922e-04 - 2s/epoch - 11ms/step
Epoch 316/800
161/161 - 2s - loss: 0.0139 - mae: 0.0139 - mse: 3.2727e-04 - 2s/epoch - 11ms/step
Epoch 317/800
161/161 - 2s - loss: 0.0140 - mae: 0.0140 - mse: 3.2656e-04 - 2s/epoch - 11ms/step
Epoch 318/800
161/161 - 2s - loss: 0.0144 - mae: 0.0144 - mse: 3.4351e-04 - 2s/epoch - 11ms/step
Epoch 319/800
161/161 - 2s - loss: 0.0136 - mae: 0.0136 - mse: 3.1505e-04 - 2s/epoch - 11ms/step
Epoch 320/800
161/161 - 2s - loss: 0.0122 - mae: 0.0122 - mse: 2.5377e-04 - 2s/epoch - 11ms/step
Epoch 321/800
161/161 - 2s - loss: 0.0132 - mae: 0.0132 - mse: 2.9151e-04 - 2s/epoch - 11ms/step
Epoch 322/800
161/161 - 2s - loss: 0.0125 - mae: 0.0125 - mse: 2.6030e-04 - 2s/epoch - 11ms/step
Epoch 323/800
161/161 - 2s - loss: 0.0121 - mae: 0.0121 - mse: 2.4709e-04 - 2s/epoch - 11ms/step
Epoch 324/800
161/161 - 2s - loss: 0.0141 - mae: 0.0141 - mse: 3.2653e-04 - 2s/epoch - 11ms/step
Epoch 325/800
161/161 - 2s - loss: 0.0135 - mae: 0.0135 - mse: 3.0852e-04 - 2s/epoch - 11ms/step
Epoch 326/800
161/161 - 2s - loss: 0.0136 - mae: 0.0136 - mse: 3.0653e-04 - 2s/epoch - 11ms/step
Epoch 327/800
161/161 - 2s - loss: 0.0132 - mae: 0.0132 - mse: 2.9621e-04 - 2s/epoch - 11ms/step
Epoch 328/800
161/161 - 2s - loss: 0.0128 - mae: 0.0128 - mse: 2.7960e-04 - 2s/epoch - 11ms/step
Epoch 329/800
161/161 - 2s - loss: 0.0125 - mae: 0.0125 - mse: 2.6097e-04 - 2s/epoch - 11ms/step
Epoch 330/800
161/161 - 2s - loss: 0.0124 - mae: 0.0124 - mse: 2.5987e-04 - 2s/epoch - 11ms/step
Epoch 331/800
161/161 - 2s - loss: 0.0127 - mae: 0.0127 - mse: 2.7804e-04 - 2s/epoch - 11ms/step
Epoch 332/800
161/161 - 2s - loss: 0.0121 - mae: 0.0121 - mse: 2.5115e-04 - 2s/epoch - 11ms/step
Epoch 333/800
161/161 - 2s - loss: 0.0129 - mae: 0.0129 - mse: 2.7934e-04 - 2s/epoch - 11ms/step
Epoch 334/800
161/161 - 2s - loss: 0.0120 - mae: 0.0120 - mse: 2.4596e-04 - 2s/epoch - 11ms/step
Epoch 335/800
161/161 - 2s - loss: 0.0138 - mae: 0.0138 - mse: 3.2511e-04 - 2s/epoch - 11ms/step
Epoch 336/800
161/161 - 2s - loss: 0.0126 - mae: 0.0126 - mse: 2.6614e-04 - 2s/epoch - 11ms/step
Epoch 337/800
161/161 - 2s - loss: 0.0128 - mae: 0.0128 - mse: 2.7433e-04 - 2s/epoch - 11ms/step
Epoch 338/800
161/161 - 2s - loss: 0.0134 - mae: 0.0134 - mse: 3.1161e-04 - 2s/epoch - 11ms/step
Epoch 339/800
161/161 - 2s - loss: 0.0131 - mae: 0.0131 - mse: 2.8669e-04 - 2s/epoch - 11ms/step
Epoch 340/800
161/161 - 2s - loss: 0.0124 - mae: 0.0124 - mse: 2.5809e-04 - 2s/epoch - 11ms/step
Epoch 341/800
161/161 - 2s - loss: 0.0119 - mae: 0.0119 - mse: 2.4046e-04 - 2s/epoch - 11ms/step
Epoch 342/800
161/161 - 2s - loss: 0.0112 - mae: 0.0112 - mse: 2.1638e-04 - 2s/epoch - 11ms/step
Epoch 343/800
161/161 - 2s - loss: 0.0123 - mae: 0.0123 - mse: 2.5800e-04 - 2s/epoch - 11ms/step
Epoch 344/800
161/161 - 2s - loss: 0.0125 - mae: 0.0125 - mse: 2.6114e-04 - 2s/epoch - 11ms/step
Epoch 345/800
161/161 - 2s - loss: 0.0112 - mae: 0.0112 - mse: 2.0954e-04 - 2s/epoch - 11ms/step
Epoch 346/800
161/161 - 2s - loss: 0.0124 - mae: 0.0124 - mse: 2.5564e-04 - 2s/epoch - 11ms/step
Epoch 347/800
161/161 - 2s - loss: 0.0119 - mae: 0.0119 - mse: 2.3719e-04 - 2s/epoch - 11ms/step
Epoch 348/800
161/161 - 2s - loss: 0.0130 - mae: 0.0130 - mse: 2.8320e-04 - 2s/epoch - 11ms/step
Epoch 349/800
161/161 - 2s - loss: 0.0115 - mae: 0.0115 - mse: 2.2690e-04 - 2s/epoch - 11ms/step
Epoch 350/800
161/161 - 2s - loss: 0.0126 - mae: 0.0126 - mse: 2.6591e-04 - 2s/epoch - 11ms/step
Epoch 351/800
161/161 - 2s - loss: 0.0130 - mae: 0.0130 - mse: 2.8216e-04 - 2s/epoch - 11ms/step
Epoch 352/800
161/161 - 2s - loss: 0.0121 - mae: 0.0121 - mse: 2.5044e-04 - 2s/epoch - 11ms/step
Epoch 353/800
161/161 - 2s - loss: 0.0118 - mae: 0.0118 - mse: 2.4205e-04 - 2s/epoch - 11ms/step
Epoch 354/800
161/161 - 2s - loss: 0.0121 - mae: 0.0121 - mse: 2.4362e-04 - 2s/epoch - 11ms/step
Epoch 355/800
161/161 - 2s - loss: 0.0116 - mae: 0.0116 - mse: 2.2696e-04 - 2s/epoch - 11ms/step
Epoch 356/800
161/161 - 2s - loss: 0.0120 - mae: 0.0120 - mse: 2.4034e-04 - 2s/epoch - 11ms/step
Epoch 357/800
161/161 - 2s - loss: 0.0121 - mae: 0.0121 - mse: 2.4706e-04 - 2s/epoch - 11ms/step
Epoch 358/800
161/161 - 2s - loss: 0.0112 - mae: 0.0112 - mse: 2.1141e-04 - 2s/epoch - 11ms/step
Epoch 359/800
161/161 - 2s - loss: 0.0115 - mae: 0.0115 - mse: 2.2275e-04 - 2s/epoch - 11ms/step
Epoch 360/800
161/161 - 2s - loss: 0.0117 - mae: 0.0117 - mse: 2.2794e-04 - 2s/epoch - 11ms/step
Epoch 361/800
161/161 - 2s - loss: 0.0116 - mae: 0.0116 - mse: 2.2205e-04 - 2s/epoch - 11ms/step
Epoch 362/800
161/161 - 2s - loss: 0.0118 - mae: 0.0118 - mse: 2.3583e-04 - 2s/epoch - 11ms/step
Epoch 363/800
161/161 - 2s - loss: 0.0126 - mae: 0.0126 - mse: 2.7134e-04 - 2s/epoch - 11ms/step
Epoch 364/800
161/161 - 2s - loss: 0.0117 - mae: 0.0117 - mse: 2.2602e-04 - 2s/epoch - 11ms/step
Epoch 365/800
161/161 - 2s - loss: 0.0112 - mae: 0.0112 - mse: 2.1367e-04 - 2s/epoch - 11ms/step
Epoch 366/800
161/161 - 2s - loss: 0.0124 - mae: 0.0124 - mse: 2.5551e-04 - 2s/epoch - 11ms/step
Epoch 367/800
161/161 - 2s - loss: 0.0116 - mae: 0.0116 - mse: 2.3101e-04 - 2s/epoch - 11ms/step
Epoch 368/800
161/161 - 2s - loss: 0.0119 - mae: 0.0119 - mse: 2.3277e-04 - 2s/epoch - 11ms/step
Epoch 369/800
161/161 - 2s - loss: 0.0113 - mae: 0.0113 - mse: 2.1324e-04 - 2s/epoch - 11ms/step
Epoch 370/800
161/161 - 2s - loss: 0.0109 - mae: 0.0109 - mse: 2.0179e-04 - 2s/epoch - 11ms/step
Epoch 371/800
161/161 - 2s - loss: 0.0107 - mae: 0.0107 - mse: 1.9455e-04 - 2s/epoch - 11ms/step
Epoch 372/800
161/161 - 2s - loss: 0.0124 - mae: 0.0124 - mse: 2.5183e-04 - 2s/epoch - 11ms/step
Epoch 373/800
161/161 - 2s - loss: 0.0114 - mae: 0.0114 - mse: 2.2016e-04 - 2s/epoch - 11ms/step
Epoch 374/800
161/161 - 2s - loss: 0.0115 - mae: 0.0115 - mse: 2.2306e-04 - 2s/epoch - 11ms/step
Epoch 375/800
161/161 - 2s - loss: 0.0111 - mae: 0.0111 - mse: 2.0712e-04 - 2s/epoch - 11ms/step
Epoch 376/800
161/161 - 2s - loss: 0.0118 - mae: 0.0118 - mse: 2.3398e-04 - 2s/epoch - 11ms/step
Epoch 377/800
161/161 - 2s - loss: 0.0109 - mae: 0.0109 - mse: 1.9965e-04 - 2s/epoch - 11ms/step
Epoch 378/800
161/161 - 2s - loss: 0.0112 - mae: 0.0112 - mse: 2.1664e-04 - 2s/epoch - 11ms/step
Epoch 379/800
161/161 - 2s - loss: 0.0103 - mae: 0.0103 - mse: 1.8021e-04 - 2s/epoch - 11ms/step
Epoch 380/800
161/161 - 2s - loss: 0.0114 - mae: 0.0114 - mse: 2.2014e-04 - 2s/epoch - 11ms/step
Epoch 381/800
161/161 - 2s - loss: 0.0113 - mae: 0.0113 - mse: 2.1459e-04 - 2s/epoch - 11ms/step
Epoch 382/800
161/161 - 2s - loss: 0.0116 - mae: 0.0116 - mse: 2.2186e-04 - 2s/epoch - 11ms/step
Epoch 383/800
161/161 - 2s - loss: 0.0098 - mae: 0.0098 - mse: 1.6239e-04 - 2s/epoch - 11ms/step
Epoch 384/800
161/161 - 2s - loss: 0.0119 - mae: 0.0119 - mse: 2.3445e-04 - 2s/epoch - 11ms/step
Epoch 385/800
161/161 - 2s - loss: 0.0105 - mae: 0.0105 - mse: 1.8996e-04 - 2s/epoch - 11ms/step
Epoch 386/800
161/161 - 2s - loss: 0.0101 - mae: 0.0101 - mse: 1.7300e-04 - 2s/epoch - 11ms/step
Epoch 387/800
161/161 - 2s - loss: 0.0097 - mae: 0.0097 - mse: 1.6305e-04 - 2s/epoch - 11ms/step
Epoch 388/800
161/161 - 2s - loss: 0.0108 - mae: 0.0108 - mse: 1.9283e-04 - 2s/epoch - 11ms/step
Epoch 389/800
161/161 - 2s - loss: 0.0106 - mae: 0.0106 - mse: 1.8877e-04 - 2s/epoch - 11ms/step
Epoch 390/800
161/161 - 2s - loss: 0.0106 - mae: 0.0106 - mse: 1.8914e-04 - 2s/epoch - 11ms/step
Epoch 391/800
161/161 - 2s - loss: 0.0113 - mae: 0.0113 - mse: 2.1304e-04 - 2s/epoch - 11ms/step
Epoch 392/800
161/161 - 2s - loss: 0.0109 - mae: 0.0109 - mse: 2.0804e-04 - 2s/epoch - 11ms/step
Epoch 393/800
161/161 - 2s - loss: 0.0107 - mae: 0.0107 - mse: 1.9355e-04 - 2s/epoch - 11ms/step
Epoch 394/800
161/161 - 2s - loss: 0.0100 - mae: 0.0100 - mse: 1.7496e-04 - 2s/epoch - 11ms/step
Epoch 395/800
161/161 - 2s - loss: 0.0113 - mae: 0.0113 - mse: 2.1579e-04 - 2s/epoch - 11ms/step
Epoch 396/800
161/161 - 2s - loss: 0.0104 - mae: 0.0104 - mse: 1.8521e-04 - 2s/epoch - 11ms/step
Epoch 397/800
161/161 - 2s - loss: 0.0105 - mae: 0.0105 - mse: 1.8437e-04 - 2s/epoch - 11ms/step
Epoch 398/800
161/161 - 2s - loss: 0.0101 - mae: 0.0101 - mse: 1.7314e-04 - 2s/epoch - 11ms/step
Epoch 399/800
161/161 - 2s - loss: 0.0106 - mae: 0.0106 - mse: 1.8782e-04 - 2s/epoch - 11ms/step
Epoch 400/800
161/161 - 2s - loss: 0.0104 - mae: 0.0104 - mse: 1.8609e-04 - 2s/epoch - 11ms/step
Epoch 401/800
161/161 - 2s - loss: 0.0107 - mae: 0.0107 - mse: 1.9710e-04 - 2s/epoch - 11ms/step
Epoch 402/800
161/161 - 2s - loss: 0.0100 - mae: 0.0100 - mse: 1.6779e-04 - 2s/epoch - 11ms/step
Epoch 403/800
161/161 - 2s - loss: 0.0098 - mae: 0.0098 - mse: 1.6542e-04 - 2s/epoch - 11ms/step
Epoch 404/800
161/161 - 2s - loss: 0.0104 - mae: 0.0104 - mse: 1.8381e-04 - 2s/epoch - 11ms/step
Epoch 405/800
161/161 - 2s - loss: 0.0103 - mae: 0.0103 - mse: 1.7854e-04 - 2s/epoch - 11ms/step
Epoch 406/800
161/161 - 2s - loss: 0.0113 - mae: 0.0113 - mse: 2.1166e-04 - 2s/epoch - 11ms/step
Epoch 407/800
161/161 - 2s - loss: 0.0104 - mae: 0.0104 - mse: 1.8150e-04 - 2s/epoch - 11ms/step
Epoch 408/800
161/161 - 2s - loss: 0.0097 - mae: 0.0097 - mse: 1.6230e-04 - 2s/epoch - 11ms/step
Epoch 409/800
161/161 - 2s - loss: 0.0095 - mae: 0.0095 - mse: 1.5344e-04 - 2s/epoch - 11ms/step
Epoch 410/800
161/161 - 2s - loss: 0.0100 - mae: 0.0100 - mse: 1.6930e-04 - 2s/epoch - 11ms/step
Epoch 411/800
161/161 - 2s - loss: 0.0099 - mae: 0.0099 - mse: 1.6249e-04 - 2s/epoch - 11ms/step
Epoch 412/800
161/161 - 2s - loss: 0.0096 - mae: 0.0096 - mse: 1.5283e-04 - 2s/epoch - 11ms/step
Epoch 413/800
161/161 - 2s - loss: 0.0096 - mae: 0.0096 - mse: 1.5617e-04 - 2s/epoch - 11ms/step
Epoch 414/800
161/161 - 2s - loss: 0.0097 - mae: 0.0097 - mse: 1.5609e-04 - 2s/epoch - 11ms/step
Epoch 415/800
161/161 - 2s - loss: 0.0096 - mae: 0.0096 - mse: 1.5443e-04 - 2s/epoch - 11ms/step
Epoch 416/800
161/161 - 2s - loss: 0.0099 - mae: 0.0099 - mse: 1.6504e-04 - 2s/epoch - 11ms/step
Epoch 417/800
161/161 - 2s - loss: 0.0097 - mae: 0.0097 - mse: 1.5722e-04 - 2s/epoch - 11ms/step
Epoch 418/800
161/161 - 2s - loss: 0.0096 - mae: 0.0096 - mse: 1.5439e-04 - 2s/epoch - 11ms/step
Epoch 419/800
161/161 - 2s - loss: 0.0102 - mae: 0.0102 - mse: 1.7156e-04 - 2s/epoch - 11ms/step
Epoch 420/800
161/161 - 2s - loss: 0.0101 - mae: 0.0101 - mse: 1.6903e-04 - 2s/epoch - 11ms/step
Epoch 421/800
161/161 - 2s - loss: 0.0097 - mae: 0.0097 - mse: 1.5794e-04 - 2s/epoch - 11ms/step
Epoch 422/800
161/161 - 2s - loss: 0.0098 - mae: 0.0098 - mse: 1.5973e-04 - 2s/epoch - 11ms/step
Epoch 423/800
161/161 - 2s - loss: 0.0093 - mae: 0.0093 - mse: 1.4390e-04 - 2s/epoch - 11ms/step
Epoch 424/800
161/161 - 2s - loss: 0.0092 - mae: 0.0092 - mse: 1.4483e-04 - 2s/epoch - 11ms/step
Epoch 425/800
161/161 - 2s - loss: 0.0095 - mae: 0.0095 - mse: 1.5391e-04 - 2s/epoch - 11ms/step
Epoch 426/800
161/161 - 2s - loss: 0.0094 - mae: 0.0094 - mse: 1.4856e-04 - 2s/epoch - 11ms/step
Epoch 427/800
161/161 - 2s - loss: 0.0091 - mae: 0.0091 - mse: 1.3854e-04 - 2s/epoch - 11ms/step
Epoch 428/800
161/161 - 2s - loss: 0.0087 - mae: 0.0087 - mse: 1.3335e-04 - 2s/epoch - 11ms/step
Epoch 429/800
161/161 - 2s - loss: 0.0092 - mae: 0.0092 - mse: 1.4294e-04 - 2s/epoch - 11ms/step
Epoch 430/800
161/161 - 2s - loss: 0.0099 - mae: 0.0099 - mse: 1.6715e-04 - 2s/epoch - 11ms/step
Epoch 431/800
161/161 - 2s - loss: 0.0094 - mae: 0.0094 - mse: 1.4843e-04 - 2s/epoch - 11ms/step
Epoch 432/800
161/161 - 2s - loss: 0.0089 - mae: 0.0089 - mse: 1.3253e-04 - 2s/epoch - 11ms/step
Epoch 433/800
161/161 - 2s - loss: 0.0091 - mae: 0.0091 - mse: 1.4066e-04 - 2s/epoch - 11ms/step
Epoch 434/800
161/161 - 2s - loss: 0.0090 - mae: 0.0090 - mse: 1.3441e-04 - 2s/epoch - 11ms/step
Epoch 435/800
161/161 - 2s - loss: 0.0100 - mae: 0.0100 - mse: 1.6482e-04 - 2s/epoch - 11ms/step
Epoch 436/800
161/161 - 2s - loss: 0.0094 - mae: 0.0094 - mse: 1.4873e-04 - 2s/epoch - 11ms/step
Epoch 437/800
161/161 - 2s - loss: 0.0092 - mae: 0.0092 - mse: 1.4370e-04 - 2s/epoch - 11ms/step
Epoch 438/800
161/161 - 2s - loss: 0.0091 - mae: 0.0091 - mse: 1.3874e-04 - 2s/epoch - 11ms/step
Epoch 439/800
161/161 - 2s - loss: 0.0097 - mae: 0.0097 - mse: 1.5969e-04 - 2s/epoch - 11ms/step
Epoch 440/800
161/161 - 2s - loss: 0.0089 - mae: 0.0089 - mse: 1.3330e-04 - 2s/epoch - 11ms/step
Epoch 441/800
161/161 - 2s - loss: 0.0094 - mae: 0.0094 - mse: 1.5072e-04 - 2s/epoch - 11ms/step
Epoch 442/800
161/161 - 2s - loss: 0.0093 - mae: 0.0093 - mse: 1.4589e-04 - 2s/epoch - 11ms/step
Epoch 443/800
161/161 - 2s - loss: 0.0090 - mae: 0.0090 - mse: 1.3769e-04 - 2s/epoch - 11ms/step
Epoch 444/800
161/161 - 2s - loss: 0.0093 - mae: 0.0093 - mse: 1.4316e-04 - 2s/epoch - 11ms/step
Epoch 445/800
161/161 - 2s - loss: 0.0092 - mae: 0.0092 - mse: 1.4283e-04 - 2s/epoch - 11ms/step
Epoch 446/800
161/161 - 2s - loss: 0.0087 - mae: 0.0087 - mse: 1.2958e-04 - 2s/epoch - 11ms/step
Epoch 447/800
161/161 - 2s - loss: 0.0087 - mae: 0.0087 - mse: 1.2761e-04 - 2s/epoch - 11ms/step
Epoch 448/800
161/161 - 2s - loss: 0.0095 - mae: 0.0095 - mse: 1.5183e-04 - 2s/epoch - 11ms/step
Epoch 449/800
161/161 - 2s - loss: 0.0085 - mae: 0.0085 - mse: 1.2232e-04 - 2s/epoch - 11ms/step
Epoch 450/800
161/161 - 2s - loss: 0.0092 - mae: 0.0092 - mse: 1.4012e-04 - 2s/epoch - 11ms/step
Epoch 451/800
161/161 - 2s - loss: 0.0094 - mae: 0.0094 - mse: 1.4642e-04 - 2s/epoch - 11ms/step
Epoch 452/800
161/161 - 2s - loss: 0.0091 - mae: 0.0091 - mse: 1.4241e-04 - 2s/epoch - 11ms/step
Epoch 453/800
161/161 - 2s - loss: 0.0084 - mae: 0.0084 - mse: 1.2022e-04 - 2s/epoch - 11ms/step
Epoch 454/800
161/161 - 2s - loss: 0.0091 - mae: 0.0091 - mse: 1.4084e-04 - 2s/epoch - 11ms/step
Epoch 455/800
161/161 - 2s - loss: 0.0084 - mae: 0.0084 - mse: 1.1905e-04 - 2s/epoch - 11ms/step
Epoch 456/800
161/161 - 2s - loss: 0.0097 - mae: 0.0097 - mse: 1.5663e-04 - 2s/epoch - 11ms/step
Epoch 457/800
161/161 - 2s - loss: 0.0086 - mae: 0.0086 - mse: 1.2651e-04 - 2s/epoch - 11ms/step
Epoch 458/800
161/161 - 2s - loss: 0.0085 - mae: 0.0085 - mse: 1.2376e-04 - 2s/epoch - 11ms/step
Epoch 459/800
161/161 - 2s - loss: 0.0093 - mae: 0.0093 - mse: 1.4577e-04 - 2s/epoch - 11ms/step
Epoch 460/800
161/161 - 2s - loss: 0.0092 - mae: 0.0092 - mse: 1.4480e-04 - 2s/epoch - 11ms/step
Epoch 461/800
161/161 - 2s - loss: 0.0082 - mae: 0.0082 - mse: 1.1281e-04 - 2s/epoch - 11ms/step
Epoch 462/800
161/161 - 2s - loss: 0.0087 - mae: 0.0087 - mse: 1.2743e-04 - 2s/epoch - 11ms/step
Epoch 463/800
161/161 - 2s - loss: 0.0082 - mae: 0.0082 - mse: 1.1347e-04 - 2s/epoch - 11ms/step
Epoch 464/800
161/161 - 2s - loss: 0.0086 - mae: 0.0086 - mse: 1.2236e-04 - 2s/epoch - 11ms/step
Epoch 465/800
161/161 - 2s - loss: 0.0087 - mae: 0.0087 - mse: 1.2962e-04 - 2s/epoch - 11ms/step
Epoch 466/800
161/161 - 2s - loss: 0.0084 - mae: 0.0084 - mse: 1.1758e-04 - 2s/epoch - 11ms/step
Epoch 467/800
161/161 - 2s - loss: 0.0082 - mae: 0.0082 - mse: 1.1426e-04 - 2s/epoch - 11ms/step
Epoch 468/800
161/161 - 2s - loss: 0.0080 - mae: 0.0080 - mse: 1.0880e-04 - 2s/epoch - 11ms/step
Epoch 469/800
161/161 - 2s - loss: 0.0085 - mae: 0.0085 - mse: 1.2141e-04 - 2s/epoch - 11ms/step
Epoch 470/800
161/161 - 2s - loss: 0.0079 - mae: 0.0079 - mse: 1.0752e-04 - 2s/epoch - 11ms/step
Epoch 471/800
161/161 - 2s - loss: 0.0085 - mae: 0.0085 - mse: 1.2243e-04 - 2s/epoch - 11ms/step
Epoch 472/800
161/161 - 2s - loss: 0.0083 - mae: 0.0083 - mse: 1.1525e-04 - 2s/epoch - 11ms/step
Epoch 473/800
161/161 - 2s - loss: 0.0082 - mae: 0.0082 - mse: 1.1528e-04 - 2s/epoch - 11ms/step
Epoch 474/800
161/161 - 2s - loss: 0.0085 - mae: 0.0085 - mse: 1.2098e-04 - 2s/epoch - 11ms/step
Epoch 475/800
161/161 - 2s - loss: 0.0081 - mae: 0.0081 - mse: 1.1299e-04 - 2s/epoch - 11ms/step
Epoch 476/800
161/161 - 2s - loss: 0.0092 - mae: 0.0092 - mse: 1.3948e-04 - 2s/epoch - 11ms/step
Epoch 477/800
161/161 - 2s - loss: 0.0081 - mae: 0.0081 - mse: 1.1149e-04 - 2s/epoch - 11ms/step
Epoch 478/800
161/161 - 2s - loss: 0.0078 - mae: 0.0078 - mse: 1.0450e-04 - 2s/epoch - 11ms/step
Epoch 479/800
161/161 - 2s - loss: 0.0076 - mae: 0.0076 - mse: 9.6703e-05 - 2s/epoch - 11ms/step
Epoch 480/800
161/161 - 2s - loss: 0.0082 - mae: 0.0082 - mse: 1.1371e-04 - 2s/epoch - 11ms/step
Epoch 481/800
161/161 - 2s - loss: 0.0079 - mae: 0.0079 - mse: 1.0449e-04 - 2s/epoch - 11ms/step
Epoch 482/800
161/161 - 2s - loss: 0.0082 - mae: 0.0082 - mse: 1.1286e-04 - 2s/epoch - 11ms/step
Epoch 483/800
161/161 - 2s - loss: 0.0085 - mae: 0.0085 - mse: 1.2260e-04 - 2s/epoch - 11ms/step
Epoch 484/800
161/161 - 2s - loss: 0.0075 - mae: 0.0075 - mse: 9.6435e-05 - 2s/epoch - 11ms/step
Epoch 485/800
161/161 - 2s - loss: 0.0082 - mae: 0.0082 - mse: 1.1163e-04 - 2s/epoch - 11ms/step
Epoch 486/800
161/161 - 2s - loss: 0.0078 - mae: 0.0078 - mse: 1.0164e-04 - 2s/epoch - 11ms/step
Epoch 487/800
161/161 - 2s - loss: 0.0076 - mae: 0.0076 - mse: 9.9623e-05 - 2s/epoch - 11ms/step
Epoch 488/800
161/161 - 2s - loss: 0.0078 - mae: 0.0078 - mse: 1.0379e-04 - 2s/epoch - 11ms/step
Epoch 489/800
161/161 - 2s - loss: 0.0088 - mae: 0.0088 - mse: 1.2625e-04 - 2s/epoch - 11ms/step
Epoch 490/800
161/161 - 2s - loss: 0.0074 - mae: 0.0074 - mse: 9.2784e-05 - 2s/epoch - 11ms/step
Epoch 491/800
161/161 - 2s - loss: 0.0077 - mae: 0.0077 - mse: 9.8371e-05 - 2s/epoch - 11ms/step
Epoch 492/800
161/161 - 2s - loss: 0.0077 - mae: 0.0077 - mse: 9.8754e-05 - 2s/epoch - 11ms/step
Epoch 493/800
161/161 - 2s - loss: 0.0077 - mae: 0.0077 - mse: 1.0009e-04 - 2s/epoch - 11ms/step
Epoch 494/800
161/161 - 2s - loss: 0.0072 - mae: 0.0072 - mse: 8.6824e-05 - 2s/epoch - 11ms/step
Epoch 495/800
161/161 - 2s - loss: 0.0081 - mae: 0.0081 - mse: 1.1161e-04 - 2s/epoch - 11ms/step
Epoch 496/800
161/161 - 2s - loss: 0.0076 - mae: 0.0076 - mse: 9.7059e-05 - 2s/epoch - 11ms/step
Epoch 497/800
161/161 - 2s - loss: 0.0078 - mae: 0.0078 - mse: 1.0205e-04 - 2s/epoch - 11ms/step
Epoch 498/800
161/161 - 2s - loss: 0.0078 - mae: 0.0078 - mse: 1.0052e-04 - 2s/epoch - 11ms/step
Epoch 499/800
161/161 - 2s - loss: 0.0080 - mae: 0.0080 - mse: 1.0493e-04 - 2s/epoch - 11ms/step
Epoch 500/800
161/161 - 2s - loss: 0.0074 - mae: 0.0074 - mse: 9.6828e-05 - 2s/epoch - 11ms/step
Epoch 501/800
161/161 - 2s - loss: 0.0071 - mae: 0.0071 - mse: 8.6661e-05 - 2s/epoch - 11ms/step
Epoch 502/800
161/161 - 2s - loss: 0.0074 - mae: 0.0074 - mse: 9.1137e-05 - 2s/epoch - 11ms/step
Epoch 503/800
161/161 - 2s - loss: 0.0072 - mae: 0.0072 - mse: 8.8822e-05 - 2s/epoch - 11ms/step
Epoch 504/800
161/161 - 2s - loss: 0.0070 - mae: 0.0070 - mse: 8.2453e-05 - 2s/epoch - 11ms/step
Epoch 505/800
161/161 - 2s - loss: 0.0071 - mae: 0.0071 - mse: 8.5330e-05 - 2s/epoch - 11ms/step
Epoch 506/800
161/161 - 2s - loss: 0.0080 - mae: 0.0080 - mse: 1.0572e-04 - 2s/epoch - 11ms/step
Epoch 507/800
161/161 - 2s - loss: 0.0075 - mae: 0.0075 - mse: 9.5368e-05 - 2s/epoch - 11ms/step
Epoch 508/800
161/161 - 2s - loss: 0.0073 - mae: 0.0073 - mse: 9.0061e-05 - 2s/epoch - 11ms/step
Epoch 509/800
161/161 - 2s - loss: 0.0076 - mae: 0.0076 - mse: 9.6206e-05 - 2s/epoch - 11ms/step
Epoch 510/800
161/161 - 2s - loss: 0.0075 - mae: 0.0075 - mse: 9.4897e-05 - 2s/epoch - 11ms/step
Epoch 511/800
161/161 - 2s - loss: 0.0075 - mae: 0.0075 - mse: 9.3366e-05 - 2s/epoch - 11ms/step
Epoch 512/800
161/161 - 2s - loss: 0.0073 - mae: 0.0073 - mse: 8.8819e-05 - 2s/epoch - 11ms/step
Epoch 513/800
161/161 - 2s - loss: 0.0069 - mae: 0.0069 - mse: 7.9802e-05 - 2s/epoch - 11ms/step
Epoch 514/800
161/161 - 2s - loss: 0.0066 - mae: 0.0066 - mse: 7.4628e-05 - 2s/epoch - 11ms/step
Epoch 515/800
161/161 - 2s - loss: 0.0071 - mae: 0.0071 - mse: 8.9874e-05 - 2s/epoch - 11ms/step
Epoch 516/800
161/161 - 2s - loss: 0.0075 - mae: 0.0075 - mse: 9.3028e-05 - 2s/epoch - 11ms/step
Epoch 517/800
161/161 - 2s - loss: 0.0071 - mae: 0.0071 - mse: 8.7524e-05 - 2s/epoch - 11ms/step
Epoch 518/800
161/161 - 2s - loss: 0.0070 - mae: 0.0070 - mse: 8.1325e-05 - 2s/epoch - 11ms/step
Epoch 519/800
161/161 - 2s - loss: 0.0066 - mae: 0.0066 - mse: 7.4284e-05 - 2s/epoch - 11ms/step
Epoch 520/800
161/161 - 2s - loss: 0.0066 - mae: 0.0066 - mse: 7.5649e-05 - 2s/epoch - 11ms/step
Epoch 521/800
161/161 - 2s - loss: 0.0068 - mae: 0.0068 - mse: 7.8858e-05 - 2s/epoch - 11ms/step
Epoch 522/800
161/161 - 2s - loss: 0.0069 - mae: 0.0069 - mse: 8.0602e-05 - 2s/epoch - 11ms/step
Epoch 523/800
161/161 - 2s - loss: 0.0070 - mae: 0.0070 - mse: 8.2261e-05 - 2s/epoch - 11ms/step
Epoch 524/800
161/161 - 2s - loss: 0.0070 - mae: 0.0070 - mse: 8.3409e-05 - 2s/epoch - 11ms/step
Epoch 525/800
161/161 - 2s - loss: 0.0071 - mae: 0.0071 - mse: 8.3501e-05 - 2s/epoch - 11ms/step
Epoch 526/800
161/161 - 2s - loss: 0.0077 - mae: 0.0077 - mse: 9.6092e-05 - 2s/epoch - 11ms/step
Epoch 527/800
161/161 - 2s - loss: 0.0067 - mae: 0.0067 - mse: 7.6686e-05 - 2s/epoch - 11ms/step
Epoch 528/800
161/161 - 2s - loss: 0.0068 - mae: 0.0068 - mse: 8.1016e-05 - 2s/epoch - 11ms/step
Epoch 529/800
161/161 - 2s - loss: 0.0065 - mae: 0.0065 - mse: 7.1932e-05 - 2s/epoch - 11ms/step
Epoch 530/800
161/161 - 2s - loss: 0.0069 - mae: 0.0069 - mse: 8.0735e-05 - 2s/epoch - 11ms/step
Epoch 531/800
161/161 - 2s - loss: 0.0067 - mae: 0.0067 - mse: 7.6769e-05 - 2s/epoch - 11ms/step
Epoch 532/800
161/161 - 2s - loss: 0.0067 - mae: 0.0067 - mse: 7.6101e-05 - 2s/epoch - 11ms/step
Epoch 533/800
161/161 - 2s - loss: 0.0073 - mae: 0.0073 - mse: 8.9071e-05 - 2s/epoch - 11ms/step
Epoch 534/800
161/161 - 2s - loss: 0.0067 - mae: 0.0067 - mse: 7.6235e-05 - 2s/epoch - 11ms/step
Epoch 535/800
161/161 - 2s - loss: 0.0062 - mae: 0.0062 - mse: 6.5906e-05 - 2s/epoch - 11ms/step
Epoch 536/800
161/161 - 2s - loss: 0.0066 - mae: 0.0066 - mse: 7.2728e-05 - 2s/epoch - 11ms/step
Epoch 537/800
161/161 - 2s - loss: 0.0066 - mae: 0.0066 - mse: 7.3759e-05 - 2s/epoch - 11ms/step
Epoch 538/800
161/161 - 2s - loss: 0.0071 - mae: 0.0071 - mse: 8.4852e-05 - 2s/epoch - 11ms/step
Epoch 539/800
161/161 - 2s - loss: 0.0067 - mae: 0.0067 - mse: 7.6775e-05 - 2s/epoch - 11ms/step
Epoch 540/800
161/161 - 2s - loss: 0.0063 - mae: 0.0063 - mse: 6.7157e-05 - 2s/epoch - 11ms/step
Epoch 541/800
161/161 - 2s - loss: 0.0066 - mae: 0.0066 - mse: 7.4107e-05 - 2s/epoch - 11ms/step
Epoch 542/800
161/161 - 2s - loss: 0.0061 - mae: 0.0061 - mse: 6.3996e-05 - 2s/epoch - 11ms/step
Epoch 543/800
161/161 - 2s - loss: 0.0059 - mae: 0.0059 - mse: 6.0003e-05 - 2s/epoch - 11ms/step
Epoch 544/800
161/161 - 2s - loss: 0.0068 - mae: 0.0068 - mse: 7.7470e-05 - 2s/epoch - 11ms/step
Epoch 545/800
161/161 - 2s - loss: 0.0060 - mae: 0.0060 - mse: 6.2909e-05 - 2s/epoch - 11ms/step
Epoch 546/800
161/161 - 2s - loss: 0.0063 - mae: 0.0063 - mse: 6.7582e-05 - 2s/epoch - 11ms/step
Epoch 547/800
161/161 - 2s - loss: 0.0064 - mae: 0.0064 - mse: 6.7216e-05 - 2s/epoch - 11ms/step
Epoch 548/800
161/161 - 2s - loss: 0.0064 - mae: 0.0064 - mse: 6.8121e-05 - 2s/epoch - 11ms/step
Epoch 549/800
161/161 - 2s - loss: 0.0061 - mae: 0.0061 - mse: 6.2768e-05 - 2s/epoch - 11ms/step
Epoch 550/800
161/161 - 2s - loss: 0.0065 - mae: 0.0065 - mse: 6.9032e-05 - 2s/epoch - 11ms/step
Epoch 551/800
161/161 - 2s - loss: 0.0067 - mae: 0.0067 - mse: 7.5194e-05 - 2s/epoch - 11ms/step
Epoch 552/800
161/161 - 2s - loss: 0.0059 - mae: 0.0059 - mse: 5.9770e-05 - 2s/epoch - 11ms/step
Epoch 553/800
161/161 - 2s - loss: 0.0064 - mae: 0.0064 - mse: 6.7707e-05 - 2s/epoch - 11ms/step
Epoch 554/800
161/161 - 2s - loss: 0.0058 - mae: 0.0058 - mse: 5.6083e-05 - 2s/epoch - 11ms/step
Epoch 555/800
161/161 - 2s - loss: 0.0064 - mae: 0.0064 - mse: 6.8724e-05 - 2s/epoch - 11ms/step
Epoch 556/800
161/161 - 2s - loss: 0.0062 - mae: 0.0062 - mse: 6.4957e-05 - 2s/epoch - 11ms/step
Epoch 557/800
161/161 - 2s - loss: 0.0061 - mae: 0.0061 - mse: 6.2385e-05 - 2s/epoch - 11ms/step
Epoch 558/800
161/161 - 2s - loss: 0.0059 - mae: 0.0059 - mse: 5.7760e-05 - 2s/epoch - 11ms/step
Epoch 559/800
161/161 - 2s - loss: 0.0057 - mae: 0.0057 - mse: 5.6072e-05 - 2s/epoch - 11ms/step
Epoch 560/800
161/161 - 2s - loss: 0.0061 - mae: 0.0061 - mse: 6.3203e-05 - 2s/epoch - 11ms/step
Epoch 561/800
161/161 - 2s - loss: 0.0058 - mae: 0.0058 - mse: 5.5706e-05 - 2s/epoch - 11ms/step
Epoch 562/800
161/161 - 2s - loss: 0.0065 - mae: 0.0065 - mse: 6.9505e-05 - 2s/epoch - 11ms/step
Epoch 563/800
161/161 - 2s - loss: 0.0058 - mae: 0.0058 - mse: 5.6381e-05 - 2s/epoch - 11ms/step
Epoch 564/800
161/161 - 2s - loss: 0.0059 - mae: 0.0059 - mse: 5.8007e-05 - 2s/epoch - 11ms/step
Epoch 565/800
161/161 - 2s - loss: 0.0057 - mae: 0.0057 - mse: 5.5968e-05 - 2s/epoch - 11ms/step
Epoch 566/800
161/161 - 2s - loss: 0.0060 - mae: 0.0060 - mse: 6.1404e-05 - 2s/epoch - 11ms/step
Epoch 567/800
161/161 - 2s - loss: 0.0061 - mae: 0.0061 - mse: 6.1320e-05 - 2s/epoch - 11ms/step
Epoch 568/800
161/161 - 2s - loss: 0.0062 - mae: 0.0062 - mse: 6.4820e-05 - 2s/epoch - 11ms/step
Epoch 569/800
161/161 - 2s - loss: 0.0060 - mae: 0.0060 - mse: 5.9746e-05 - 2s/epoch - 11ms/step
Epoch 570/800
161/161 - 2s - loss: 0.0058 - mae: 0.0058 - mse: 5.8352e-05 - 2s/epoch - 11ms/step
Epoch 571/800
161/161 - 2s - loss: 0.0062 - mae: 0.0062 - mse: 6.5038e-05 - 2s/epoch - 11ms/step
Epoch 572/800
161/161 - 2s - loss: 0.0053 - mae: 0.0053 - mse: 4.7748e-05 - 2s/epoch - 11ms/step
Epoch 573/800
161/161 - 2s - loss: 0.0058 - mae: 0.0058 - mse: 5.6330e-05 - 2s/epoch - 11ms/step
Epoch 574/800
161/161 - 2s - loss: 0.0056 - mae: 0.0056 - mse: 5.2013e-05 - 2s/epoch - 11ms/step
Epoch 575/800
161/161 - 2s - loss: 0.0054 - mae: 0.0054 - mse: 5.1060e-05 - 2s/epoch - 11ms/step
Epoch 576/800
161/161 - 2s - loss: 0.0054 - mae: 0.0054 - mse: 4.8677e-05 - 2s/epoch - 11ms/step
Epoch 577/800
161/161 - 2s - loss: 0.0057 - mae: 0.0057 - mse: 5.4509e-05 - 2s/epoch - 11ms/step
Epoch 578/800
161/161 - 2s - loss: 0.0058 - mae: 0.0058 - mse: 5.6246e-05 - 2s/epoch - 11ms/step
Epoch 579/800
161/161 - 2s - loss: 0.0057 - mae: 0.0057 - mse: 5.6475e-05 - 2s/epoch - 11ms/step
Epoch 580/800
161/161 - 2s - loss: 0.0054 - mae: 0.0054 - mse: 4.8769e-05 - 2s/epoch - 11ms/step
Epoch 581/800
161/161 - 2s - loss: 0.0055 - mae: 0.0055 - mse: 5.0508e-05 - 2s/epoch - 11ms/step
Epoch 582/800
161/161 - 2s - loss: 0.0056 - mae: 0.0056 - mse: 5.1946e-05 - 2s/epoch - 11ms/step
Epoch 583/800
161/161 - 2s - loss: 0.0059 - mae: 0.0059 - mse: 5.8861e-05 - 2s/epoch - 11ms/step
Epoch 584/800
161/161 - 2s - loss: 0.0055 - mae: 0.0055 - mse: 5.2060e-05 - 2s/epoch - 11ms/step
Epoch 585/800
161/161 - 2s - loss: 0.0053 - mae: 0.0053 - mse: 4.7899e-05 - 2s/epoch - 11ms/step
Epoch 586/800
161/161 - 2s - loss: 0.0055 - mae: 0.0055 - mse: 5.1098e-05 - 2s/epoch - 11ms/step
Epoch 587/800
161/161 - 2s - loss: 0.0053 - mae: 0.0053 - mse: 4.7368e-05 - 2s/epoch - 11ms/step
Epoch 588/800
161/161 - 2s - loss: 0.0054 - mae: 0.0054 - mse: 4.9134e-05 - 2s/epoch - 11ms/step
Epoch 589/800
161/161 - 2s - loss: 0.0055 - mae: 0.0055 - mse: 5.0041e-05 - 2s/epoch - 11ms/step
Epoch 590/800
161/161 - 2s - loss: 0.0055 - mae: 0.0055 - mse: 5.2093e-05 - 2s/epoch - 11ms/step
Epoch 591/800
161/161 - 2s - loss: 0.0057 - mae: 0.0057 - mse: 5.5021e-05 - 2s/epoch - 11ms/step
Epoch 592/800
161/161 - 2s - loss: 0.0057 - mae: 0.0057 - mse: 5.4124e-05 - 2s/epoch - 11ms/step
Epoch 593/800
161/161 - 2s - loss: 0.0049 - mae: 0.0049 - mse: 4.0992e-05 - 2s/epoch - 11ms/step
Epoch 594/800
161/161 - 2s - loss: 0.0050 - mae: 0.0050 - mse: 4.3625e-05 - 2s/epoch - 11ms/step
Epoch 595/800
161/161 - 2s - loss: 0.0052 - mae: 0.0052 - mse: 4.5876e-05 - 2s/epoch - 11ms/step
Epoch 596/800
161/161 - 2s - loss: 0.0051 - mae: 0.0051 - mse: 4.3925e-05 - 2s/epoch - 11ms/step
Epoch 597/800
161/161 - 2s - loss: 0.0053 - mae: 0.0053 - mse: 4.6990e-05 - 2s/epoch - 11ms/step
Epoch 598/800
161/161 - 2s - loss: 0.0053 - mae: 0.0053 - mse: 4.7172e-05 - 2s/epoch - 11ms/step
Epoch 599/800
161/161 - 2s - loss: 0.0052 - mae: 0.0052 - mse: 4.5531e-05 - 2s/epoch - 11ms/step
Epoch 600/800
161/161 - 2s - loss: 0.0047 - mae: 0.0047 - mse: 3.8687e-05 - 2s/epoch - 11ms/step
Epoch 601/800
161/161 - 2s - loss: 0.0049 - mae: 0.0049 - mse: 4.0094e-05 - 2s/epoch - 11ms/step
Epoch 602/800
161/161 - 2s - loss: 0.0049 - mae: 0.0049 - mse: 4.1039e-05 - 2s/epoch - 11ms/step
Epoch 603/800
161/161 - 2s - loss: 0.0049 - mae: 0.0049 - mse: 4.0946e-05 - 2s/epoch - 11ms/step
Epoch 604/800
161/161 - 2s - loss: 0.0049 - mae: 0.0049 - mse: 4.0259e-05 - 2s/epoch - 11ms/step
Epoch 605/800
161/161 - 2s - loss: 0.0048 - mae: 0.0048 - mse: 3.9246e-05 - 2s/epoch - 11ms/step
Epoch 606/800
161/161 - 2s - loss: 0.0048 - mae: 0.0048 - mse: 3.9064e-05 - 2s/epoch - 11ms/step
Epoch 607/800
161/161 - 2s - loss: 0.0053 - mae: 0.0053 - mse: 4.6889e-05 - 2s/epoch - 11ms/step
Epoch 608/800
161/161 - 2s - loss: 0.0048 - mae: 0.0048 - mse: 3.8426e-05 - 2s/epoch - 11ms/step
Epoch 609/800
161/161 - 2s - loss: 0.0046 - mae: 0.0046 - mse: 3.6501e-05 - 2s/epoch - 11ms/step
Epoch 610/800
161/161 - 2s - loss: 0.0050 - mae: 0.0050 - mse: 4.1690e-05 - 2s/epoch - 11ms/step
Epoch 611/800
161/161 - 2s - loss: 0.0048 - mae: 0.0048 - mse: 3.8302e-05 - 2s/epoch - 11ms/step
Epoch 612/800
161/161 - 2s - loss: 0.0049 - mae: 0.0049 - mse: 4.0157e-05 - 2s/epoch - 11ms/step
Epoch 613/800
161/161 - 2s - loss: 0.0046 - mae: 0.0046 - mse: 3.4623e-05 - 2s/epoch - 11ms/step
Epoch 614/800
161/161 - 2s - loss: 0.0046 - mae: 0.0046 - mse: 3.6106e-05 - 2s/epoch - 11ms/step
Epoch 615/800
161/161 - 2s - loss: 0.0044 - mae: 0.0044 - mse: 3.2448e-05 - 2s/epoch - 11ms/step
Epoch 616/800
161/161 - 2s - loss: 0.0044 - mae: 0.0044 - mse: 3.2237e-05 - 2s/epoch - 11ms/step
Epoch 617/800
161/161 - 2s - loss: 0.0047 - mae: 0.0047 - mse: 3.6743e-05 - 2s/epoch - 11ms/step
Epoch 618/800
161/161 - 2s - loss: 0.0048 - mae: 0.0048 - mse: 3.9204e-05 - 2s/epoch - 11ms/step
Epoch 619/800
161/161 - 2s - loss: 0.0045 - mae: 0.0045 - mse: 3.5335e-05 - 2s/epoch - 11ms/step
Epoch 620/800
161/161 - 2s - loss: 0.0046 - mae: 0.0046 - mse: 3.6160e-05 - 2s/epoch - 11ms/step
Epoch 621/800
161/161 - 2s - loss: 0.0044 - mae: 0.0044 - mse: 3.3306e-05 - 2s/epoch - 11ms/step
Epoch 622/800
161/161 - 2s - loss: 0.0049 - mae: 0.0049 - mse: 4.0033e-05 - 2s/epoch - 11ms/step
Epoch 623/800
161/161 - 2s - loss: 0.0048 - mae: 0.0048 - mse: 3.8656e-05 - 2s/epoch - 11ms/step
Epoch 624/800
161/161 - 2s - loss: 0.0045 - mae: 0.0045 - mse: 3.4275e-05 - 2s/epoch - 11ms/step
Epoch 625/800
161/161 - 2s - loss: 0.0044 - mae: 0.0044 - mse: 3.3689e-05 - 2s/epoch - 11ms/step
Epoch 626/800
161/161 - 2s - loss: 0.0043 - mae: 0.0043 - mse: 3.1312e-05 - 2s/epoch - 11ms/step
Epoch 627/800
161/161 - 2s - loss: 0.0047 - mae: 0.0047 - mse: 3.6715e-05 - 2s/epoch - 11ms/step
Epoch 628/800
161/161 - 2s - loss: 0.0043 - mae: 0.0043 - mse: 3.1556e-05 - 2s/epoch - 11ms/step
Epoch 629/800
161/161 - 2s - loss: 0.0048 - mae: 0.0048 - mse: 3.9534e-05 - 2s/epoch - 11ms/step
Epoch 630/800
161/161 - 2s - loss: 0.0044 - mae: 0.0044 - mse: 3.2534e-05 - 2s/epoch - 11ms/step
Epoch 631/800
161/161 - 2s - loss: 0.0041 - mae: 0.0041 - mse: 2.8329e-05 - 2s/epoch - 11ms/step
Epoch 632/800
161/161 - 2s - loss: 0.0044 - mae: 0.0044 - mse: 3.2034e-05 - 2s/epoch - 11ms/step
Epoch 633/800
161/161 - 2s - loss: 0.0044 - mae: 0.0044 - mse: 3.3126e-05 - 2s/epoch - 11ms/step
Epoch 634/800
161/161 - 2s - loss: 0.0042 - mae: 0.0042 - mse: 2.9454e-05 - 2s/epoch - 11ms/step
Epoch 635/800
161/161 - 2s - loss: 0.0045 - mae: 0.0045 - mse: 3.3718e-05 - 2s/epoch - 11ms/step
Epoch 636/800
161/161 - 2s - loss: 0.0043 - mae: 0.0043 - mse: 3.1181e-05 - 2s/epoch - 11ms/step
Epoch 637/800
161/161 - 2s - loss: 0.0048 - mae: 0.0048 - mse: 3.8930e-05 - 2s/epoch - 11ms/step
Epoch 638/800
161/161 - 2s - loss: 0.0044 - mae: 0.0044 - mse: 3.3031e-05 - 2s/epoch - 11ms/step
Epoch 639/800
161/161 - 2s - loss: 0.0043 - mae: 0.0043 - mse: 3.0495e-05 - 2s/epoch - 11ms/step
Epoch 640/800
161/161 - 2s - loss: 0.0042 - mae: 0.0042 - mse: 2.9761e-05 - 2s/epoch - 11ms/step
Epoch 641/800
161/161 - 2s - loss: 0.0040 - mae: 0.0040 - mse: 2.7254e-05 - 2s/epoch - 11ms/step
Epoch 642/800
161/161 - 2s - loss: 0.0039 - mae: 0.0039 - mse: 2.6473e-05 - 2s/epoch - 11ms/step
Epoch 643/800
161/161 - 2s - loss: 0.0038 - mae: 0.0038 - mse: 2.5233e-05 - 2s/epoch - 11ms/step
Epoch 644/800
161/161 - 2s - loss: 0.0042 - mae: 0.0042 - mse: 2.9524e-05 - 2s/epoch - 11ms/step
Epoch 645/800
161/161 - 2s - loss: 0.0042 - mae: 0.0042 - mse: 2.8963e-05 - 2s/epoch - 11ms/step
Epoch 646/800
161/161 - 2s - loss: 0.0042 - mae: 0.0042 - mse: 3.0261e-05 - 2s/epoch - 11ms/step
Epoch 647/800
161/161 - 2s - loss: 0.0041 - mae: 0.0041 - mse: 2.8121e-05 - 2s/epoch - 11ms/step
Epoch 648/800
161/161 - 2s - loss: 0.0038 - mae: 0.0038 - mse: 2.3995e-05 - 2s/epoch - 11ms/step
Epoch 649/800
161/161 - 2s - loss: 0.0043 - mae: 0.0043 - mse: 3.1505e-05 - 2s/epoch - 11ms/step
Epoch 650/800
161/161 - 2s - loss: 0.0039 - mae: 0.0039 - mse: 2.6354e-05 - 2s/epoch - 11ms/step
Epoch 651/800
161/161 - 2s - loss: 0.0040 - mae: 0.0040 - mse: 2.7899e-05 - 2s/epoch - 11ms/step
Epoch 652/800
161/161 - 2s - loss: 0.0038 - mae: 0.0038 - mse: 2.5807e-05 - 2s/epoch - 11ms/step
Epoch 653/800
161/161 - 2s - loss: 0.0042 - mae: 0.0042 - mse: 3.0252e-05 - 2s/epoch - 11ms/step
Epoch 654/800
161/161 - 2s - loss: 0.0040 - mae: 0.0040 - mse: 2.7085e-05 - 2s/epoch - 11ms/step
Epoch 655/800
161/161 - 2s - loss: 0.0041 - mae: 0.0041 - mse: 2.7819e-05 - 2s/epoch - 11ms/step
Epoch 656/800
161/161 - 2s - loss: 0.0041 - mae: 0.0041 - mse: 2.7893e-05 - 2s/epoch - 11ms/step
Epoch 657/800
161/161 - 2s - loss: 0.0038 - mae: 0.0038 - mse: 2.4282e-05 - 2s/epoch - 11ms/step
Epoch 658/800
161/161 - 2s - loss: 0.0038 - mae: 0.0038 - mse: 2.3738e-05 - 2s/epoch - 11ms/step
Epoch 659/800
161/161 - 2s - loss: 0.0036 - mae: 0.0036 - mse: 2.2464e-05 - 2s/epoch - 11ms/step
Epoch 660/800
161/161 - 2s - loss: 0.0037 - mae: 0.0037 - mse: 2.2507e-05 - 2s/epoch - 11ms/step
Epoch 661/800
161/161 - 2s - loss: 0.0040 - mae: 0.0040 - mse: 2.8084e-05 - 2s/epoch - 11ms/step
Epoch 662/800
161/161 - 2s - loss: 0.0037 - mae: 0.0037 - mse: 2.3502e-05 - 2s/epoch - 11ms/step
Epoch 663/800
161/161 - 2s - loss: 0.0037 - mae: 0.0037 - mse: 2.2228e-05 - 2s/epoch - 11ms/step
Epoch 664/800
161/161 - 2s - loss: 0.0038 - mae: 0.0038 - mse: 2.4643e-05 - 2s/epoch - 11ms/step
Epoch 665/800
161/161 - 2s - loss: 0.0034 - mae: 0.0034 - mse: 2.0017e-05 - 2s/epoch - 11ms/step
Epoch 666/800
161/161 - 2s - loss: 0.0037 - mae: 0.0037 - mse: 2.2511e-05 - 2s/epoch - 11ms/step
Epoch 667/800
161/161 - 2s - loss: 0.0035 - mae: 0.0035 - mse: 2.0263e-05 - 2s/epoch - 11ms/step
Epoch 668/800
161/161 - 2s - loss: 0.0034 - mae: 0.0034 - mse: 1.9796e-05 - 2s/epoch - 11ms/step
Epoch 669/800
161/161 - 2s - loss: 0.0035 - mae: 0.0035 - mse: 2.0601e-05 - 2s/epoch - 11ms/step
Epoch 670/800
161/161 - 2s - loss: 0.0034 - mae: 0.0034 - mse: 1.9335e-05 - 2s/epoch - 11ms/step
Epoch 671/800
161/161 - 2s - loss: 0.0035 - mae: 0.0035 - mse: 2.0608e-05 - 2s/epoch - 11ms/step
Epoch 672/800
161/161 - 2s - loss: 0.0034 - mae: 0.0034 - mse: 2.0249e-05 - 2s/epoch - 11ms/step
Epoch 673/800
161/161 - 2s - loss: 0.0033 - mae: 0.0033 - mse: 1.9075e-05 - 2s/epoch - 11ms/step
Epoch 674/800
161/161 - 2s - loss: 0.0035 - mae: 0.0035 - mse: 2.0558e-05 - 2s/epoch - 11ms/step
Epoch 675/800
161/161 - 2s - loss: 0.0034 - mae: 0.0034 - mse: 1.9589e-05 - 2s/epoch - 11ms/step
Epoch 676/800
161/161 - 2s - loss: 0.0035 - mae: 0.0035 - mse: 2.1196e-05 - 2s/epoch - 11ms/step
Epoch 677/800
161/161 - 2s - loss: 0.0034 - mae: 0.0034 - mse: 2.0093e-05 - 2s/epoch - 11ms/step
Epoch 678/800
161/161 - 2s - loss: 0.0036 - mae: 0.0036 - mse: 2.2109e-05 - 2s/epoch - 11ms/step
Epoch 679/800
161/161 - 2s - loss: 0.0034 - mae: 0.0034 - mse: 1.9480e-05 - 2s/epoch - 11ms/step
Epoch 680/800
161/161 - 2s - loss: 0.0035 - mae: 0.0035 - mse: 2.0616e-05 - 2s/epoch - 11ms/step
Epoch 681/800
161/161 - 2s - loss: 0.0032 - mae: 0.0032 - mse: 1.7284e-05 - 2s/epoch - 11ms/step
Epoch 682/800
161/161 - 2s - loss: 0.0035 - mae: 0.0035 - mse: 2.0552e-05 - 2s/epoch - 11ms/step
Epoch 683/800
161/161 - 2s - loss: 0.0031 - mae: 0.0031 - mse: 1.6593e-05 - 2s/epoch - 11ms/step
Epoch 684/800
161/161 - 2s - loss: 0.0033 - mae: 0.0033 - mse: 1.7541e-05 - 2s/epoch - 11ms/step
Epoch 685/800
161/161 - 2s - loss: 0.0032 - mae: 0.0032 - mse: 1.6959e-05 - 2s/epoch - 11ms/step
Epoch 686/800
161/161 - 2s - loss: 0.0034 - mae: 0.0034 - mse: 1.8818e-05 - 2s/epoch - 11ms/step
Epoch 687/800
161/161 - 2s - loss: 0.0029 - mae: 0.0029 - mse: 1.4570e-05 - 2s/epoch - 11ms/step
Epoch 688/800
161/161 - 2s - loss: 0.0033 - mae: 0.0033 - mse: 1.8197e-05 - 2s/epoch - 11ms/step
Epoch 689/800
161/161 - 2s - loss: 0.0028 - mae: 0.0028 - mse: 1.3824e-05 - 2s/epoch - 11ms/step
Epoch 690/800
161/161 - 2s - loss: 0.0029 - mae: 0.0029 - mse: 1.4539e-05 - 2s/epoch - 11ms/step
Epoch 691/800
161/161 - 2s - loss: 0.0032 - mae: 0.0032 - mse: 1.6994e-05 - 2s/epoch - 11ms/step
Epoch 692/800
161/161 - 2s - loss: 0.0032 - mae: 0.0032 - mse: 1.7527e-05 - 2s/epoch - 11ms/step
Epoch 693/800
161/161 - 2s - loss: 0.0029 - mae: 0.0029 - mse: 1.4368e-05 - 2s/epoch - 11ms/step
Epoch 694/800
161/161 - 2s - loss: 0.0029 - mae: 0.0029 - mse: 1.3843e-05 - 2s/epoch - 11ms/step
Epoch 695/800
161/161 - 2s - loss: 0.0029 - mae: 0.0029 - mse: 1.3927e-05 - 2s/epoch - 11ms/step
Epoch 696/800
161/161 - 2s - loss: 0.0031 - mae: 0.0031 - mse: 1.6370e-05 - 2s/epoch - 11ms/step
Epoch 697/800
161/161 - 2s - loss: 0.0030 - mae: 0.0030 - mse: 1.5104e-05 - 2s/epoch - 11ms/step
Epoch 698/800
161/161 - 2s - loss: 0.0029 - mae: 0.0029 - mse: 1.4197e-05 - 2s/epoch - 11ms/step
Epoch 699/800
161/161 - 2s - loss: 0.0027 - mae: 0.0027 - mse: 1.2228e-05 - 2s/epoch - 11ms/step
Epoch 700/800
161/161 - 2s - loss: 0.0029 - mae: 0.0029 - mse: 1.4145e-05 - 2s/epoch - 11ms/step
Epoch 701/800
161/161 - 2s - loss: 0.0027 - mae: 0.0027 - mse: 1.2147e-05 - 2s/epoch - 11ms/step
Epoch 702/800
161/161 - 2s - loss: 0.0028 - mae: 0.0028 - mse: 1.3515e-05 - 2s/epoch - 11ms/step
Epoch 703/800
161/161 - 2s - loss: 0.0028 - mae: 0.0028 - mse: 1.2826e-05 - 2s/epoch - 11ms/step
Epoch 704/800
161/161 - 2s - loss: 0.0027 - mae: 0.0027 - mse: 1.2465e-05 - 2s/epoch - 11ms/step
Epoch 705/800
161/161 - 2s - loss: 0.0026 - mae: 0.0026 - mse: 1.1627e-05 - 2s/epoch - 11ms/step
Epoch 706/800
161/161 - 2s - loss: 0.0028 - mae: 0.0028 - mse: 1.3059e-05 - 2s/epoch - 11ms/step
Epoch 707/800
161/161 - 2s - loss: 0.0028 - mae: 0.0028 - mse: 1.3022e-05 - 2s/epoch - 11ms/step
Epoch 708/800
161/161 - 2s - loss: 0.0024 - mae: 0.0024 - mse: 1.0176e-05 - 2s/epoch - 11ms/step
Epoch 709/800
161/161 - 2s - loss: 0.0027 - mae: 0.0027 - mse: 1.1925e-05 - 2s/epoch - 11ms/step
Epoch 710/800
161/161 - 2s - loss: 0.0025 - mae: 0.0025 - mse: 1.0746e-05 - 2s/epoch - 11ms/step
Epoch 711/800
161/161 - 2s - loss: 0.0028 - mae: 0.0028 - mse: 1.3269e-05 - 2s/epoch - 11ms/step
Epoch 712/800
161/161 - 2s - loss: 0.0026 - mae: 0.0026 - mse: 1.1246e-05 - 2s/epoch - 11ms/step
Epoch 713/800
161/161 - 2s - loss: 0.0029 - mae: 0.0029 - mse: 1.3968e-05 - 2s/epoch - 11ms/step
Epoch 714/800
161/161 - 2s - loss: 0.0024 - mae: 0.0024 - mse: 9.8974e-06 - 2s/epoch - 11ms/step
Epoch 715/800
161/161 - 2s - loss: 0.0023 - mae: 0.0023 - mse: 9.4065e-06 - 2s/epoch - 11ms/step
Epoch 716/800
161/161 - 2s - loss: 0.0024 - mae: 0.0024 - mse: 9.9500e-06 - 2s/epoch - 11ms/step
Epoch 717/800
161/161 - 2s - loss: 0.0026 - mae: 0.0026 - mse: 1.0948e-05 - 2s/epoch - 11ms/step
Epoch 718/800
161/161 - 2s - loss: 0.0023 - mae: 0.0023 - mse: 9.0589e-06 - 2s/epoch - 11ms/step
Epoch 719/800
161/161 - 2s - loss: 0.0024 - mae: 0.0024 - mse: 9.9285e-06 - 2s/epoch - 11ms/step
Epoch 720/800
161/161 - 2s - loss: 0.0023 - mae: 0.0023 - mse: 9.2044e-06 - 2s/epoch - 11ms/step
Epoch 721/800
161/161 - 2s - loss: 0.0024 - mae: 0.0024 - mse: 9.5870e-06 - 2s/epoch - 11ms/step
Epoch 722/800
161/161 - 2s - loss: 0.0023 - mae: 0.0023 - mse: 9.2989e-06 - 2s/epoch - 11ms/step
Epoch 723/800
161/161 - 2s - loss: 0.0022 - mae: 0.0022 - mse: 8.4659e-06 - 2s/epoch - 11ms/step
Epoch 724/800
161/161 - 2s - loss: 0.0022 - mae: 0.0022 - mse: 8.4777e-06 - 2s/epoch - 11ms/step
Epoch 725/800
161/161 - 2s - loss: 0.0023 - mae: 0.0023 - mse: 8.7643e-06 - 2s/epoch - 11ms/step
Epoch 726/800
161/161 - 2s - loss: 0.0023 - mae: 0.0023 - mse: 8.9403e-06 - 2s/epoch - 11ms/step
Epoch 727/800
161/161 - 2s - loss: 0.0022 - mae: 0.0022 - mse: 8.4135e-06 - 2s/epoch - 11ms/step
Epoch 728/800
161/161 - 2s - loss: 0.0021 - mae: 0.0021 - mse: 7.7613e-06 - 2s/epoch - 11ms/step
Epoch 729/800
161/161 - 2s - loss: 0.0021 - mae: 0.0021 - mse: 7.4131e-06 - 2s/epoch - 11ms/step
Epoch 730/800
161/161 - 2s - loss: 0.0020 - mae: 0.0020 - mse: 7.0182e-06 - 2s/epoch - 11ms/step
Epoch 731/800
161/161 - 2s - loss: 0.0022 - mae: 0.0022 - mse: 7.9017e-06 - 2s/epoch - 11ms/step
Epoch 732/800
161/161 - 2s - loss: 0.0023 - mae: 0.0023 - mse: 8.5756e-06 - 2s/epoch - 11ms/step
Epoch 733/800
161/161 - 2s - loss: 0.0021 - mae: 0.0021 - mse: 7.6924e-06 - 2s/epoch - 11ms/step
Epoch 734/800
161/161 - 2s - loss: 0.0021 - mae: 0.0021 - mse: 7.1347e-06 - 2s/epoch - 11ms/step
Epoch 735/800
161/161 - 2s - loss: 0.0020 - mae: 0.0020 - mse: 6.4847e-06 - 2s/epoch - 11ms/step
Epoch 736/800
161/161 - 2s - loss: 0.0019 - mae: 0.0019 - mse: 6.4727e-06 - 2s/epoch - 11ms/step
Epoch 737/800
161/161 - 2s - loss: 0.0019 - mae: 0.0019 - mse: 6.3246e-06 - 2s/epoch - 11ms/step
Epoch 738/800
161/161 - 2s - loss: 0.0019 - mae: 0.0019 - mse: 6.4411e-06 - 2s/epoch - 11ms/step
Epoch 739/800
161/161 - 2s - loss: 0.0020 - mae: 0.0020 - mse: 6.5822e-06 - 2s/epoch - 11ms/step
Epoch 740/800
161/161 - 2s - loss: 0.0020 - mae: 0.0020 - mse: 6.5421e-06 - 2s/epoch - 11ms/step
Epoch 741/800
161/161 - 2s - loss: 0.0019 - mae: 0.0019 - mse: 6.2239e-06 - 2s/epoch - 11ms/step
Epoch 742/800
161/161 - 2s - loss: 0.0018 - mae: 0.0018 - mse: 5.5692e-06 - 2s/epoch - 11ms/step
Epoch 743/800
161/161 - 2s - loss: 0.0017 - mae: 0.0017 - mse: 5.3854e-06 - 2s/epoch - 11ms/step
Epoch 744/800
161/161 - 2s - loss: 0.0017 - mae: 0.0017 - mse: 4.9606e-06 - 2s/epoch - 11ms/step
Epoch 745/800
161/161 - 2s - loss: 0.0018 - mae: 0.0018 - mse: 5.6387e-06 - 2s/epoch - 11ms/step
Epoch 746/800
161/161 - 2s - loss: 0.0018 - mae: 0.0018 - mse: 5.2774e-06 - 2s/epoch - 11ms/step
Epoch 747/800
161/161 - 2s - loss: 0.0018 - mae: 0.0018 - mse: 5.5703e-06 - 2s/epoch - 11ms/step
Epoch 748/800
161/161 - 2s - loss: 0.0019 - mae: 0.0019 - mse: 5.9725e-06 - 2s/epoch - 11ms/step
Epoch 749/800
161/161 - 2s - loss: 0.0017 - mae: 0.0017 - mse: 5.0516e-06 - 2s/epoch - 11ms/step
Epoch 750/800
161/161 - 2s - loss: 0.0017 - mae: 0.0017 - mse: 4.8268e-06 - 2s/epoch - 11ms/step
Epoch 751/800
161/161 - 2s - loss: 0.0017 - mae: 0.0017 - mse: 4.9761e-06 - 2s/epoch - 11ms/step
Epoch 752/800
161/161 - 2s - loss: 0.0017 - mae: 0.0017 - mse: 4.8348e-06 - 2s/epoch - 11ms/step
Epoch 753/800
161/161 - 2s - loss: 0.0017 - mae: 0.0017 - mse: 4.9368e-06 - 2s/epoch - 11ms/step
Epoch 754/800
161/161 - 2s - loss: 0.0016 - mae: 0.0016 - mse: 4.5202e-06 - 2s/epoch - 11ms/step
Epoch 755/800
161/161 - 2s - loss: 0.0016 - mae: 0.0016 - mse: 4.2119e-06 - 2s/epoch - 11ms/step
Epoch 756/800
161/161 - 2s - loss: 0.0016 - mae: 0.0016 - mse: 4.1816e-06 - 2s/epoch - 11ms/step
Epoch 757/800
161/161 - 2s - loss: 0.0016 - mae: 0.0016 - mse: 4.4915e-06 - 2s/epoch - 11ms/step
Epoch 758/800
161/161 - 2s - loss: 0.0015 - mae: 0.0015 - mse: 3.9202e-06 - 2s/epoch - 11ms/step
Epoch 759/800
161/161 - 2s - loss: 0.0014 - mae: 0.0014 - mse: 3.6334e-06 - 2s/epoch - 11ms/step
Epoch 760/800
161/161 - 2s - loss: 0.0015 - mae: 0.0015 - mse: 3.9865e-06 - 2s/epoch - 11ms/step
Epoch 761/800
161/161 - 2s - loss: 0.0014 - mae: 0.0014 - mse: 3.4968e-06 - 2s/epoch - 11ms/step
Epoch 762/800
161/161 - 2s - loss: 0.0014 - mae: 0.0014 - mse: 3.4614e-06 - 2s/epoch - 11ms/step
Epoch 763/800
161/161 - 2s - loss: 0.0014 - mae: 0.0014 - mse: 3.2177e-06 - 2s/epoch - 11ms/step
Epoch 764/800
161/161 - 2s - loss: 0.0014 - mae: 0.0014 - mse: 3.5757e-06 - 2s/epoch - 11ms/step
Epoch 765/800
161/161 - 2s - loss: 0.0014 - mae: 0.0014 - mse: 3.6256e-06 - 2s/epoch - 11ms/step
Epoch 766/800
161/161 - 2s - loss: 0.0014 - mae: 0.0014 - mse: 3.3394e-06 - 2s/epoch - 11ms/step
Epoch 767/800
161/161 - 2s - loss: 0.0014 - mae: 0.0014 - mse: 3.2673e-06 - 2s/epoch - 11ms/step
Epoch 768/800
161/161 - 2s - loss: 0.0013 - mae: 0.0013 - mse: 2.8782e-06 - 2s/epoch - 11ms/step
Epoch 769/800
161/161 - 2s - loss: 0.0013 - mae: 0.0013 - mse: 3.0427e-06 - 2s/epoch - 11ms/step
Epoch 770/800
161/161 - 2s - loss: 0.0013 - mae: 0.0013 - mse: 2.9832e-06 - 2s/epoch - 11ms/step
Epoch 771/800
161/161 - 2s - loss: 0.0013 - mae: 0.0013 - mse: 3.0046e-06 - 2s/epoch - 11ms/step
Epoch 772/800
161/161 - 2s - loss: 0.0013 - mae: 0.0013 - mse: 2.7839e-06 - 2s/epoch - 11ms/step
Epoch 773/800
161/161 - 2s - loss: 0.0012 - mae: 0.0012 - mse: 2.6015e-06 - 2s/epoch - 11ms/step
Epoch 774/800
161/161 - 2s - loss: 0.0012 - mae: 0.0012 - mse: 2.4191e-06 - 2s/epoch - 11ms/step
Epoch 775/800
161/161 - 2s - loss: 0.0011 - mae: 0.0011 - mse: 2.2893e-06 - 2s/epoch - 11ms/step
Epoch 776/800
161/161 - 2s - loss: 0.0011 - mae: 0.0011 - mse: 2.2861e-06 - 2s/epoch - 11ms/step
Epoch 777/800
161/161 - 2s - loss: 0.0011 - mae: 0.0011 - mse: 2.1125e-06 - 2s/epoch - 11ms/step
Epoch 778/800
161/161 - 2s - loss: 0.0011 - mae: 0.0011 - mse: 2.2585e-06 - 2s/epoch - 11ms/step
Epoch 779/800
161/161 - 2s - loss: 0.0010 - mae: 0.0010 - mse: 1.9512e-06 - 2s/epoch - 11ms/step
Epoch 780/800
161/161 - 2s - loss: 9.8364e-04 - mae: 9.8364e-04 - mse: 1.8257e-06 - 2s/epoch - 11ms/step
Epoch 781/800
161/161 - 2s - loss: 9.7288e-04 - mae: 9.7288e-04 - mse: 1.7911e-06 - 2s/epoch - 11ms/step
Epoch 782/800
161/161 - 2s - loss: 0.0010 - mae: 0.0010 - mse: 1.9302e-06 - 2s/epoch - 11ms/step
Epoch 783/800
161/161 - 2s - loss: 9.9696e-04 - mae: 9.9696e-04 - mse: 1.8708e-06 - 2s/epoch - 11ms/step
Epoch 784/800
161/161 - 2s - loss: 9.1755e-04 - mae: 9.1755e-04 - mse: 1.6271e-06 - 2s/epoch - 11ms/step
Epoch 785/800
161/161 - 2s - loss: 9.0786e-04 - mae: 9.0786e-04 - mse: 1.6249e-06 - 2s/epoch - 11ms/step
Epoch 786/800
161/161 - 2s - loss: 8.6907e-04 - mae: 8.6907e-04 - mse: 1.5172e-06 - 2s/epoch - 11ms/step
Epoch 787/800
161/161 - 2s - loss: 8.4967e-04 - mae: 8.4967e-04 - mse: 1.4404e-06 - 2s/epoch - 11ms/step
Epoch 788/800
161/161 - 2s - loss: 8.3140e-04 - mae: 8.3140e-04 - mse: 1.4404e-06 - 2s/epoch - 11ms/step
Epoch 789/800
161/161 - 2s - loss: 8.3692e-04 - mae: 8.3692e-04 - mse: 1.4218e-06 - 2s/epoch - 11ms/step
Epoch 790/800
161/161 - 2s - loss: 8.3930e-04 - mae: 8.3930e-04 - mse: 1.4316e-06 - 2s/epoch - 11ms/step
Epoch 791/800
161/161 - 2s - loss: 7.8709e-04 - mae: 7.8709e-04 - mse: 1.2972e-06 - 2s/epoch - 11ms/step
Epoch 792/800
161/161 - 2s - loss: 7.6719e-04 - mae: 7.6719e-04 - mse: 1.2448e-06 - 2s/epoch - 11ms/step
Epoch 793/800
161/161 - 2s - loss: 7.3393e-04 - mae: 7.3393e-04 - mse: 1.1919e-06 - 2s/epoch - 11ms/step
Epoch 794/800
161/161 - 2s - loss: 7.1104e-04 - mae: 7.1104e-04 - mse: 1.1293e-06 - 2s/epoch - 11ms/step
Epoch 795/800
161/161 - 2s - loss: 6.8620e-04 - mae: 6.8620e-04 - mse: 1.0935e-06 - 2s/epoch - 11ms/step
Epoch 796/800
161/161 - 2s - loss: 7.3728e-04 - mae: 7.3728e-04 - mse: 1.1731e-06 - 2s/epoch - 11ms/step
Epoch 797/800
161/161 - 2s - loss: 6.6929e-04 - mae: 6.6929e-04 - mse: 1.0532e-06 - 2s/epoch - 11ms/step
Epoch 798/800
161/161 - 2s - loss: 6.8287e-04 - mae: 6.8287e-04 - mse: 1.0812e-06 - 2s/epoch - 11ms/step
Epoch 799/800
161/161 - 2s - loss: 6.6514e-04 - mae: 6.6514e-04 - mse: 1.0419e-06 - 2s/epoch - 11ms/step
Epoch 800/800
161/161 - 2s - loss: 6.5372e-04 - mae: 6.5372e-04 - mse: 1.0157e-06 - 2s/epoch - 11ms/step
Training finished in 1432.54 seconds.
WARNING:tensorflow:6 out of the last 11 calls to <function Model.make_predict_function.<locals>.predict_function at 0x7fb7c42b3dc0> triggered tf.function retracing. Tracing is expensive and the excessive number of tracings could be due to (1) creating @tf.function repeatedly in a loop, (2) passing tensors with different shapes, (3) passing Python objects instead of tensors. For (1), please define your @tf.function outside of the loop. For (2), @tf.function has reduce_retracing=True option that can avoid unnecessary retracing. For (3), please refer to https://www.tensorflow.org/guide/function#controlling_retracing and https://www.tensorflow.org/api_docs/python/tf/function for  more details.
WARNING:tensorflow:6 out of the last 11 calls to <function Model.make_predict_function.<locals>.predict_function at 0x7fb7c42b3dc0> triggered tf.function retracing. Tracing is expensive and the excessive number of tracings could be due to (1) creating @tf.function repeatedly in a loop, (2) passing tensors with different shapes, (3) passing Python objects instead of tensors. For (1), please define your @tf.function outside of the loop. For (2), @tf.function has reduce_retracing=True option that can avoid unnecessary retracing. For (3), please refer to https://www.tensorflow.org/guide/function#controlling_retracing and https://www.tensorflow.org/api_docs/python/tf/function for  more details.

 1/81 [..............................] - ETA: 1:11
 8/81 [=>............................] - ETA: 0s  
16/81 [====>.........................] - ETA: 0s
24/81 [=======>......................] - ETA: 0s
32/81 [==========>...................] - ETA: 0s
40/81 [=============>................] - ETA: 0s
48/81 [================>.............] - ETA: 0s
56/81 [===================>..........] - ETA: 0s
64/81 [======================>.......] - ETA: 0s
72/81 [=========================>....] - ETA: 0s
80/81 [============================>.] - ETA: 0s
81/81 [==============================] - 1s 7ms/step
Fold 1 MAE: 0.0225

--- Starting Fold 2/5 ---
INFO:kgcnn.model.utils:Updated model kwargs: '{'name': 'coGN', 'inputs': {'offset': {'shape': (None, 3), 'name': 'offset', 'dtype': 'float32', 'ragged': True}, 'cell_translation': None, 'affine_matrix': None, 'voronoi_ridge_area': None, 'atomic_number': {'shape': (None,), 'name': 'atomic_number', 'dtype': 'int32', 'ragged': True}, 'frac_coords': None, 'coords': None, 'multiplicity': {'shape': (None,), 'name': 'multiplicity', 'dtype': 'int32', 'ragged': True}, 'lattice_matrix': None, 'edge_indices': {'shape': (None, 2), 'name': 'edge_indices', 'dtype': 'int32', 'ragged': True}, 'line_graph_edge_indices': None}, 'input_block_cfg': {'node_size': 128, 'edge_size': 128, 'atomic_mass': True, 'atomic_radius': True, 'electronegativity': True, 'ionization_energy': True, 'oxidation_states': True, 'edge_embedding_args': {'bins_distance': 32, 'max_distance': 8.0, 'distance_log_base': 1.0, 'bins_voronoi_area': None, 'max_voronoi_area': None}}, 'processing_blocks_cfg': [{'edge_mlp': {'units': [128, 128, 128, 128, 128], 'activation': ['swish', 'swish', 'swish', 'swish', 'swish']}, 'node_mlp': {'units': [128], 'activation': ['swish']}, 'global_mlp': None, 'nested_blocks_cfgs': None, 'aggregate_edges_local': 'sum', 'aggregate_edges_global': None, 'aggregate_nodes': None, 'return_updated_edges': False, 'return_updated_nodes': True, 'return_updated_globals': True, 'edge_attention_mlp_local': {'units': [32, 1], 'activation': ['swish', 'swish']}, 'edge_attention_mlp_global': {'units': [32, 1], 'activation': ['swish', 'swish']}, 'node_attention_mlp': {'units': [32, 1], 'activation': ['swish', 'swish']}, 'edge_gate': None, 'node_gate': None, 'global_gate': None, 'residual_node_update': True, 'residual_edge_update': False, 'residual_global_update': False, 'update_edges_input': [True, True, True, False], 'update_nodes_input': [True, False, False], 'update_global_input': [False, True, False], 'multiplicity_readout': False}, {'edge_mlp': {'units': [128, 128, 128, 128, 128], 'activation': ['swish', 'swish', 'swish', 'swish', 'swish']}, 'node_mlp': {'units': [128], 'activation': ['swish']}, 'global_mlp': None, 'nested_blocks_cfgs': None, 'aggregate_edges_local': 'sum', 'aggregate_edges_global': None, 'aggregate_nodes': None, 'return_updated_edges': False, 'return_updated_nodes': True, 'return_updated_globals': True, 'edge_attention_mlp_local': {'units': [32, 1], 'activation': ['swish', 'swish']}, 'edge_attention_mlp_global': {'units': [32, 1], 'activation': ['swish', 'swish']}, 'node_attention_mlp': {'units': [32, 1], 'activation': ['swish', 'swish']}, 'edge_gate': None, 'node_gate': None, 'global_gate': None, 'residual_node_update': True, 'residual_edge_update': False, 'residual_global_update': False, 'update_edges_input': [True, True, True, False], 'update_nodes_input': [True, False, False], 'update_global_input': [False, True, False], 'multiplicity_readout': False}, {'edge_mlp': {'units': [128, 128, 128, 128, 128], 'activation': ['swish', 'swish', 'swish', 'swish', 'swish']}, 'node_mlp': {'units': [128], 'activation': ['swish']}, 'global_mlp': None, 'nested_blocks_cfgs': None, 'aggregate_edges_local': 'sum', 'aggregate_edges_global': None, 'aggregate_nodes': None, 'return_updated_edges': False, 'return_updated_nodes': True, 'return_updated_globals': True, 'edge_attention_mlp_local': {'units': [32, 1], 'activation': ['swish', 'swish']}, 'edge_attention_mlp_global': {'units': [32, 1], 'activation': ['swish', 'swish']}, 'node_attention_mlp': {'units': [32, 1], 'activation': ['swish', 'swish']}, 'edge_gate': None, 'node_gate': None, 'global_gate': None, 'residual_node_update': True, 'residual_edge_update': False, 'residual_global_update': False, 'update_edges_input': [True, True, True, False], 'update_nodes_input': [True, False, False], 'update_global_input': [False, True, False], 'multiplicity_readout': False}, {'edge_mlp': {'units': [128, 128, 128, 128, 128], 'activation': ['swish', 'swish', 'swish', 'swish', 'swish']}, 'node_mlp': {'units': [128], 'activation': ['swish']}, 'global_mlp': None, 'nested_blocks_cfgs': None, 'aggregate_edges_local': 'sum', 'aggregate_edges_global': None, 'aggregate_nodes': None, 'return_updated_edges': False, 'return_updated_nodes': True, 'return_updated_globals': True, 'edge_attention_mlp_local': {'units': [32, 1], 'activation': ['swish', 'swish']}, 'edge_attention_mlp_global': {'units': [32, 1], 'activation': ['swish', 'swish']}, 'node_attention_mlp': {'units': [32, 1], 'activation': ['swish', 'swish']}, 'edge_gate': None, 'node_gate': None, 'global_gate': None, 'residual_node_update': True, 'residual_edge_update': False, 'residual_global_update': False, 'update_edges_input': [True, True, True, False], 'update_nodes_input': [True, False, False], 'update_global_input': [False, True, False], 'multiplicity_readout': False}, {'edge_mlp': {'units': [128, 128, 128, 128, 128], 'activation': ['swish', 'swish', 'swish', 'swish', 'swish']}, 'node_mlp': {'units': [128], 'activation': ['swish']}, 'global_mlp': None, 'nested_blocks_cfgs': None, 'aggregate_edges_local': 'sum', 'aggregate_edges_global': None, 'aggregate_nodes': None, 'return_updated_edges': False, 'return_updated_nodes': True, 'return_updated_globals': True, 'edge_attention_mlp_local': {'units': [32, 1], 'activation': ['swish', 'swish']}, 'edge_attention_mlp_global': {'units': [32, 1], 'activation': ['swish', 'swish']}, 'node_attention_mlp': {'units': [32, 1], 'activation': ['swish', 'swish']}, 'edge_gate': None, 'node_gate': None, 'global_gate': None, 'residual_node_update': True, 'residual_edge_update': False, 'residual_global_update': False, 'update_edges_input': [True, True, True, False], 'update_nodes_input': [True, False, False], 'update_global_input': [False, True, False], 'multiplicity_readout': False}], 'output_block_cfg': {'edge_mlp': None, 'node_mlp': None, 'global_mlp': {'units': [1], 'activation': ['linear']}, 'nested_blocks_cfgs': None, 'aggregate_edges_local': 'sum', 'aggregate_edges_global': None, 'aggregate_nodes': 'mean', 'return_updated_edges': False, 'return_updated_nodes': True, 'return_updated_globals': True, 'edge_attention_mlp_local': {'units': [32, 1], 'activation': ['swish', 'swish']}, 'edge_attention_mlp_global': {'units': [32, 1], 'activation': ['swish', 'swish']}, 'node_attention_mlp': {'units': [32, 1], 'activation': ['swish', 'swish']}, 'edge_gate': None, 'node_gate': None, 'global_gate': None, 'residual_node_update': False, 'residual_edge_update': False, 'residual_global_update': False, 'update_edges_input': [True, True, True, False], 'update_nodes_input': [True, False, False], 'update_global_input': [False, True, False], 'multiplicity_readout': True}}'.
/gpfs/scratch/acad/htforft/rgouvea/other_datasets/processed_datasets/.venv/lib/python3.9/site-packages/kgcnn/crystal/periodic_table/periodic_table.py:30: FutureWarning: A value is trying to be set on a copy of a DataFrame or Series through chained assignment using an inplace method.
The behavior will change in pandas 3.0. This inplace method will never work because the intermediate object on which we are setting values always behaves as a copy.

For example, when doing 'df[col].method(value, inplace=True)', try using 'df.method({col: value}, inplace=True)' or df[col] = df[col].method(value) instead, to perform the operation inplace on the original object.


  self.data['AtomicRadius'].fillna(imputation_atomic_radius, inplace=True)
/gpfs/scratch/acad/htforft/rgouvea/other_datasets/processed_datasets/.venv/lib/python3.9/site-packages/kgcnn/crystal/periodic_table/periodic_table.py:32: FutureWarning: A value is trying to be set on a copy of a DataFrame or Series through chained assignment using an inplace method.
The behavior will change in pandas 3.0. This inplace method will never work because the intermediate object on which we are setting values always behaves as a copy.

For example, when doing 'df[col].method(value, inplace=True)', try using 'df.method({col: value}, inplace=True)' or df[col] = df[col].method(value) instead, to perform the operation inplace on the original object.


  self.data['Electronegativity'].fillna(imputation_electronegativity, inplace=True)
/gpfs/scratch/acad/htforft/rgouvea/other_datasets/processed_datasets/.venv/lib/python3.9/site-packages/kgcnn/crystal/periodic_table/periodic_table.py:33: FutureWarning: A value is trying to be set on a copy of a DataFrame or Series through chained assignment using an inplace method.
The behavior will change in pandas 3.0. This inplace method will never work because the intermediate object on which we are setting values always behaves as a copy.

For example, when doing 'df[col].method(value, inplace=True)', try using 'df.method({col: value}, inplace=True)' or df[col] = df[col].method(value) instead, to perform the operation inplace on the original object.


  self.data['IonizationEnergy'].fillna(imputation_ionization_energy, inplace=True)
[<KerasTensor: type_spec=RaggedTensorSpec(TensorShape([None, None, 3]), tf.float32, 1, tf.int64) (created by layer 'offset')>, <KerasTensor: type_spec=RaggedTensorSpec(TensorShape([None, None]), tf.int32, 1, tf.int64) (created by layer 'atomic_number')>, <KerasTensor: type_spec=RaggedTensorSpec(TensorShape([None, None]), tf.int32, 1, tf.int64) (created by layer 'multiplicity')>, <KerasTensor: type_spec=RaggedTensorSpec(TensorShape([None, None, 2]), tf.int32, 1, tf.int64) (created by layer 'edge_indices')>]
Training on 10252 samples...
Epoch 1/800
/gpfs/scratch/acad/htforft/rgouvea/other_datasets/processed_datasets/.venv/lib/python3.9/site-packages/tensorflow/python/framework/indexed_slices.py:444: UserWarning: Converting sparse IndexedSlices(IndexedSlices(indices=Tensor("gradient_tape/coGN/sequential_graph_network_6/graph_network_34/gather_embedding_selection_47/Reshape_1:0", shape=(None,), dtype=int32), values=Tensor("gradient_tape/coGN/sequential_graph_network_6/graph_network_34/gather_embedding_selection_47/Reshape:0", shape=(None, 128), dtype=float32), dense_shape=Tensor("gradient_tape/coGN/sequential_graph_network_6/graph_network_34/gather_embedding_selection_47/Cast:0", shape=(2,), dtype=int32))) to a dense Tensor of unknown shape. This may consume a large amount of memory.
  warnings.warn(
/gpfs/scratch/acad/htforft/rgouvea/other_datasets/processed_datasets/.venv/lib/python3.9/site-packages/tensorflow/python/framework/indexed_slices.py:444: UserWarning: Converting sparse IndexedSlices(IndexedSlices(indices=Tensor("gradient_tape/coGN/sequential_graph_network_6/graph_network_34/gather_embedding_selection_47/Reshape_3:0", shape=(None,), dtype=int32), values=Tensor("gradient_tape/coGN/sequential_graph_network_6/graph_network_34/gather_embedding_selection_47/Reshape_2:0", shape=(None, 128), dtype=float32), dense_shape=Tensor("gradient_tape/coGN/sequential_graph_network_6/graph_network_34/gather_embedding_selection_47/Cast_1:0", shape=(2,), dtype=int32))) to a dense Tensor of unknown shape. This may consume a large amount of memory.
  warnings.warn(
/gpfs/scratch/acad/htforft/rgouvea/other_datasets/processed_datasets/.venv/lib/python3.9/site-packages/tensorflow/python/framework/indexed_slices.py:444: UserWarning: Converting sparse IndexedSlices(IndexedSlices(indices=Tensor("gradient_tape/coGN/sequential_graph_network_6/graph_network_33/gather_embedding_selection_46/Reshape_1:0", shape=(None,), dtype=int32), values=Tensor("gradient_tape/coGN/sequential_graph_network_6/graph_network_33/gather_embedding_selection_46/Reshape:0", shape=(None, 128), dtype=float32), dense_shape=Tensor("gradient_tape/coGN/sequential_graph_network_6/graph_network_33/gather_embedding_selection_46/Cast:0", shape=(2,), dtype=int32))) to a dense Tensor of unknown shape. This may consume a large amount of memory.
  warnings.warn(
/gpfs/scratch/acad/htforft/rgouvea/other_datasets/processed_datasets/.venv/lib/python3.9/site-packages/tensorflow/python/framework/indexed_slices.py:444: UserWarning: Converting sparse IndexedSlices(IndexedSlices(indices=Tensor("gradient_tape/coGN/sequential_graph_network_6/graph_network_33/gather_embedding_selection_46/Reshape_3:0", shape=(None,), dtype=int32), values=Tensor("gradient_tape/coGN/sequential_graph_network_6/graph_network_33/gather_embedding_selection_46/Reshape_2:0", shape=(None, 128), dtype=float32), dense_shape=Tensor("gradient_tape/coGN/sequential_graph_network_6/graph_network_33/gather_embedding_selection_46/Cast_1:0", shape=(2,), dtype=int32))) to a dense Tensor of unknown shape. This may consume a large amount of memory.
  warnings.warn(
/gpfs/scratch/acad/htforft/rgouvea/other_datasets/processed_datasets/.venv/lib/python3.9/site-packages/tensorflow/python/framework/indexed_slices.py:444: UserWarning: Converting sparse IndexedSlices(IndexedSlices(indices=Tensor("gradient_tape/coGN/sequential_graph_network_6/graph_network_32/gather_embedding_selection_45/Reshape_1:0", shape=(None,), dtype=int32), values=Tensor("gradient_tape/coGN/sequential_graph_network_6/graph_network_32/gather_embedding_selection_45/Reshape:0", shape=(None, 128), dtype=float32), dense_shape=Tensor("gradient_tape/coGN/sequential_graph_network_6/graph_network_32/gather_embedding_selection_45/Cast:0", shape=(2,), dtype=int32))) to a dense Tensor of unknown shape. This may consume a large amount of memory.
  warnings.warn(
/gpfs/scratch/acad/htforft/rgouvea/other_datasets/processed_datasets/.venv/lib/python3.9/site-packages/tensorflow/python/framework/indexed_slices.py:444: UserWarning: Converting sparse IndexedSlices(IndexedSlices(indices=Tensor("gradient_tape/coGN/sequential_graph_network_6/graph_network_32/gather_embedding_selection_45/Reshape_3:0", shape=(None,), dtype=int32), values=Tensor("gradient_tape/coGN/sequential_graph_network_6/graph_network_32/gather_embedding_selection_45/Reshape_2:0", shape=(None, 128), dtype=float32), dense_shape=Tensor("gradient_tape/coGN/sequential_graph_network_6/graph_network_32/gather_embedding_selection_45/Cast_1:0", shape=(2,), dtype=int32))) to a dense Tensor of unknown shape. This may consume a large amount of memory.
  warnings.warn(
/gpfs/scratch/acad/htforft/rgouvea/other_datasets/processed_datasets/.venv/lib/python3.9/site-packages/tensorflow/python/framework/indexed_slices.py:444: UserWarning: Converting sparse IndexedSlices(IndexedSlices(indices=Tensor("gradient_tape/coGN/sequential_graph_network_6/graph_network_31/gather_embedding_selection_44/Reshape_1:0", shape=(None,), dtype=int32), values=Tensor("gradient_tape/coGN/sequential_graph_network_6/graph_network_31/gather_embedding_selection_44/Reshape:0", shape=(None, 128), dtype=float32), dense_shape=Tensor("gradient_tape/coGN/sequential_graph_network_6/graph_network_31/gather_embedding_selection_44/Cast:0", shape=(2,), dtype=int32))) to a dense Tensor of unknown shape. This may consume a large amount of memory.
  warnings.warn(
/gpfs/scratch/acad/htforft/rgouvea/other_datasets/processed_datasets/.venv/lib/python3.9/site-packages/tensorflow/python/framework/indexed_slices.py:444: UserWarning: Converting sparse IndexedSlices(IndexedSlices(indices=Tensor("gradient_tape/coGN/sequential_graph_network_6/graph_network_31/gather_embedding_selection_44/Reshape_3:0", shape=(None,), dtype=int32), values=Tensor("gradient_tape/coGN/sequential_graph_network_6/graph_network_31/gather_embedding_selection_44/Reshape_2:0", shape=(None, 128), dtype=float32), dense_shape=Tensor("gradient_tape/coGN/sequential_graph_network_6/graph_network_31/gather_embedding_selection_44/Cast_1:0", shape=(2,), dtype=int32))) to a dense Tensor of unknown shape. This may consume a large amount of memory.
  warnings.warn(
/gpfs/scratch/acad/htforft/rgouvea/other_datasets/processed_datasets/.venv/lib/python3.9/site-packages/tensorflow/python/framework/indexed_slices.py:444: UserWarning: Converting sparse IndexedSlices(IndexedSlices(indices=Tensor("gradient_tape/coGN/sequential_graph_network_6/graph_network_30/gather_embedding_selection_43/Reshape_1:0", shape=(None,), dtype=int32), values=Tensor("gradient_tape/coGN/sequential_graph_network_6/graph_network_30/gather_embedding_selection_43/Reshape:0", shape=(None, 128), dtype=float32), dense_shape=Tensor("gradient_tape/coGN/sequential_graph_network_6/graph_network_30/gather_embedding_selection_43/Cast:0", shape=(2,), dtype=int32))) to a dense Tensor of unknown shape. This may consume a large amount of memory.
  warnings.warn(
/gpfs/scratch/acad/htforft/rgouvea/other_datasets/processed_datasets/.venv/lib/python3.9/site-packages/tensorflow/python/framework/indexed_slices.py:444: UserWarning: Converting sparse IndexedSlices(IndexedSlices(indices=Tensor("gradient_tape/coGN/sequential_graph_network_6/graph_network_30/gather_embedding_selection_43/Reshape_3:0", shape=(None,), dtype=int32), values=Tensor("gradient_tape/coGN/sequential_graph_network_6/graph_network_30/gather_embedding_selection_43/Reshape_2:0", shape=(None, 128), dtype=float32), dense_shape=Tensor("gradient_tape/coGN/sequential_graph_network_6/graph_network_30/gather_embedding_selection_43/Cast_1:0", shape=(2,), dtype=int32))) to a dense Tensor of unknown shape. This may consume a large amount of memory.
  warnings.warn(
161/161 - 6s - loss: 0.3835 - mae: 0.3835 - mse: 0.3526 - 6s/epoch - 35ms/step
Epoch 2/800
161/161 - 2s - loss: 0.2378 - mae: 0.2378 - mse: 0.0979 - 2s/epoch - 11ms/step
Epoch 3/800
161/161 - 2s - loss: 0.1999 - mae: 0.1999 - mse: 0.0699 - 2s/epoch - 11ms/step
Epoch 4/800
161/161 - 2s - loss: 0.1655 - mae: 0.1655 - mse: 0.0487 - 2s/epoch - 11ms/step
Epoch 5/800
161/161 - 2s - loss: 0.1413 - mae: 0.1413 - mse: 0.0353 - 2s/epoch - 11ms/step
Epoch 6/800
161/161 - 2s - loss: 0.1269 - mae: 0.1269 - mse: 0.0284 - 2s/epoch - 11ms/step
Epoch 7/800
161/161 - 2s - loss: 0.1108 - mae: 0.1108 - mse: 0.0217 - 2s/epoch - 11ms/step
Epoch 8/800
161/161 - 2s - loss: 0.0972 - mae: 0.0972 - mse: 0.0163 - 2s/epoch - 11ms/step
Epoch 9/800
161/161 - 2s - loss: 0.0885 - mae: 0.0885 - mse: 0.0134 - 2s/epoch - 11ms/step
Epoch 10/800
161/161 - 2s - loss: 0.0794 - mae: 0.0794 - mse: 0.0106 - 2s/epoch - 11ms/step
Epoch 11/800
161/161 - 2s - loss: 0.0755 - mae: 0.0755 - mse: 0.0097 - 2s/epoch - 11ms/step
Epoch 12/800
161/161 - 2s - loss: 0.0686 - mae: 0.0686 - mse: 0.0083 - 2s/epoch - 11ms/step
Epoch 13/800
161/161 - 2s - loss: 0.0674 - mae: 0.0674 - mse: 0.0078 - 2s/epoch - 11ms/step
Epoch 14/800
161/161 - 2s - loss: 0.0744 - mae: 0.0744 - mse: 0.0095 - 2s/epoch - 11ms/step
Epoch 15/800
161/161 - 2s - loss: 0.0608 - mae: 0.0608 - mse: 0.0064 - 2s/epoch - 11ms/step
Epoch 16/800
161/161 - 2s - loss: 0.0649 - mae: 0.0649 - mse: 0.0071 - 2s/epoch - 11ms/step
Epoch 17/800
161/161 - 2s - loss: 0.0581 - mae: 0.0581 - mse: 0.0058 - 2s/epoch - 11ms/step
Epoch 18/800
161/161 - 2s - loss: 0.0603 - mae: 0.0603 - mse: 0.0063 - 2s/epoch - 11ms/step
Epoch 19/800
161/161 - 2s - loss: 0.0612 - mae: 0.0612 - mse: 0.0063 - 2s/epoch - 11ms/step
Epoch 20/800
161/161 - 2s - loss: 0.0667 - mae: 0.0667 - mse: 0.0075 - 2s/epoch - 11ms/step
Epoch 21/800
161/161 - 2s - loss: 0.0573 - mae: 0.0573 - mse: 0.0056 - 2s/epoch - 11ms/step
Epoch 22/800
161/161 - 2s - loss: 0.0585 - mae: 0.0585 - mse: 0.0058 - 2s/epoch - 11ms/step
Epoch 23/800
161/161 - 2s - loss: 0.0581 - mae: 0.0581 - mse: 0.0057 - 2s/epoch - 11ms/step
Epoch 24/800
161/161 - 2s - loss: 0.0557 - mae: 0.0557 - mse: 0.0053 - 2s/epoch - 11ms/step
Epoch 25/800
161/161 - 2s - loss: 0.0627 - mae: 0.0627 - mse: 0.0065 - 2s/epoch - 11ms/step
Epoch 26/800
161/161 - 2s - loss: 0.0563 - mae: 0.0563 - mse: 0.0053 - 2s/epoch - 11ms/step
Epoch 27/800
161/161 - 2s - loss: 0.0542 - mae: 0.0542 - mse: 0.0049 - 2s/epoch - 11ms/step
Epoch 28/800
161/161 - 2s - loss: 0.0537 - mae: 0.0537 - mse: 0.0049 - 2s/epoch - 11ms/step
Epoch 29/800
161/161 - 2s - loss: 0.0494 - mae: 0.0494 - mse: 0.0042 - 2s/epoch - 11ms/step
Epoch 30/800
161/161 - 2s - loss: 0.0539 - mae: 0.0539 - mse: 0.0049 - 2s/epoch - 11ms/step
Epoch 31/800
161/161 - 2s - loss: 0.0509 - mae: 0.0509 - mse: 0.0044 - 2s/epoch - 11ms/step
Epoch 32/800
161/161 - 2s - loss: 0.0499 - mae: 0.0499 - mse: 0.0042 - 2s/epoch - 11ms/step
Epoch 33/800
161/161 - 2s - loss: 0.0524 - mae: 0.0524 - mse: 0.0045 - 2s/epoch - 11ms/step
Epoch 34/800
161/161 - 2s - loss: 0.0473 - mae: 0.0473 - mse: 0.0038 - 2s/epoch - 11ms/step
Epoch 35/800
161/161 - 2s - loss: 0.0494 - mae: 0.0494 - mse: 0.0042 - 2s/epoch - 11ms/step
Epoch 36/800
161/161 - 2s - loss: 0.0487 - mae: 0.0487 - mse: 0.0040 - 2s/epoch - 11ms/step
Epoch 37/800
161/161 - 2s - loss: 0.0498 - mae: 0.0498 - mse: 0.0042 - 2s/epoch - 11ms/step
Epoch 38/800
161/161 - 2s - loss: 0.0480 - mae: 0.0480 - mse: 0.0039 - 2s/epoch - 11ms/step
Epoch 39/800
161/161 - 2s - loss: 0.0481 - mae: 0.0481 - mse: 0.0039 - 2s/epoch - 11ms/step
Epoch 40/800
161/161 - 2s - loss: 0.0491 - mae: 0.0491 - mse: 0.0040 - 2s/epoch - 11ms/step
Epoch 41/800
161/161 - 2s - loss: 0.0454 - mae: 0.0454 - mse: 0.0035 - 2s/epoch - 11ms/step
Epoch 42/800
161/161 - 2s - loss: 0.0496 - mae: 0.0496 - mse: 0.0041 - 2s/epoch - 11ms/step
Epoch 43/800
161/161 - 2s - loss: 0.0467 - mae: 0.0467 - mse: 0.0037 - 2s/epoch - 11ms/step
Epoch 44/800
161/161 - 2s - loss: 0.0441 - mae: 0.0441 - mse: 0.0033 - 2s/epoch - 11ms/step
Epoch 45/800
161/161 - 2s - loss: 0.0454 - mae: 0.0454 - mse: 0.0035 - 2s/epoch - 11ms/step
Epoch 46/800
161/161 - 2s - loss: 0.0468 - mae: 0.0468 - mse: 0.0037 - 2s/epoch - 11ms/step
Epoch 47/800
161/161 - 2s - loss: 0.0436 - mae: 0.0436 - mse: 0.0032 - 2s/epoch - 11ms/step
Epoch 48/800
161/161 - 2s - loss: 0.0441 - mae: 0.0441 - mse: 0.0033 - 2s/epoch - 11ms/step
Epoch 49/800
161/161 - 2s - loss: 0.0454 - mae: 0.0454 - mse: 0.0034 - 2s/epoch - 11ms/step
Epoch 50/800
161/161 - 2s - loss: 0.0474 - mae: 0.0474 - mse: 0.0037 - 2s/epoch - 11ms/step
Epoch 51/800
161/161 - 2s - loss: 0.0426 - mae: 0.0426 - mse: 0.0031 - 2s/epoch - 11ms/step
Epoch 52/800
161/161 - 2s - loss: 0.0428 - mae: 0.0428 - mse: 0.0031 - 2s/epoch - 11ms/step
Epoch 53/800
161/161 - 2s - loss: 0.0430 - mae: 0.0430 - mse: 0.0031 - 2s/epoch - 11ms/step
Epoch 54/800
161/161 - 2s - loss: 0.0418 - mae: 0.0418 - mse: 0.0030 - 2s/epoch - 11ms/step
Epoch 55/800
161/161 - 2s - loss: 0.0419 - mae: 0.0419 - mse: 0.0030 - 2s/epoch - 11ms/step
Epoch 56/800
161/161 - 2s - loss: 0.0419 - mae: 0.0419 - mse: 0.0030 - 2s/epoch - 11ms/step
Epoch 57/800
161/161 - 2s - loss: 0.0386 - mae: 0.0386 - mse: 0.0026 - 2s/epoch - 11ms/step
Epoch 58/800
161/161 - 2s - loss: 0.0399 - mae: 0.0399 - mse: 0.0027 - 2s/epoch - 11ms/step
Epoch 59/800
161/161 - 2s - loss: 0.0421 - mae: 0.0421 - mse: 0.0030 - 2s/epoch - 11ms/step
Epoch 60/800
161/161 - 2s - loss: 0.0405 - mae: 0.0405 - mse: 0.0028 - 2s/epoch - 11ms/step
Epoch 61/800
161/161 - 2s - loss: 0.0392 - mae: 0.0392 - mse: 0.0026 - 2s/epoch - 11ms/step
Epoch 62/800
161/161 - 2s - loss: 0.0398 - mae: 0.0398 - mse: 0.0027 - 2s/epoch - 11ms/step
Epoch 63/800
161/161 - 2s - loss: 0.0386 - mae: 0.0386 - mse: 0.0025 - 2s/epoch - 11ms/step
Epoch 64/800
161/161 - 2s - loss: 0.0405 - mae: 0.0405 - mse: 0.0027 - 2s/epoch - 11ms/step
Epoch 65/800
161/161 - 2s - loss: 0.0404 - mae: 0.0404 - mse: 0.0028 - 2s/epoch - 11ms/step
Epoch 66/800
161/161 - 2s - loss: 0.0374 - mae: 0.0374 - mse: 0.0024 - 2s/epoch - 11ms/step
Epoch 67/800
161/161 - 2s - loss: 0.0387 - mae: 0.0387 - mse: 0.0026 - 2s/epoch - 11ms/step
Epoch 68/800
161/161 - 2s - loss: 0.0376 - mae: 0.0376 - mse: 0.0024 - 2s/epoch - 11ms/step
Epoch 69/800
161/161 - 2s - loss: 0.0402 - mae: 0.0402 - mse: 0.0027 - 2s/epoch - 11ms/step
Epoch 70/800
161/161 - 2s - loss: 0.0394 - mae: 0.0394 - mse: 0.0027 - 2s/epoch - 11ms/step
Epoch 71/800
161/161 - 2s - loss: 0.0373 - mae: 0.0373 - mse: 0.0024 - 2s/epoch - 11ms/step
Epoch 72/800
161/161 - 2s - loss: 0.0402 - mae: 0.0402 - mse: 0.0027 - 2s/epoch - 11ms/step
Epoch 73/800
161/161 - 2s - loss: 0.0356 - mae: 0.0356 - mse: 0.0022 - 2s/epoch - 11ms/step
Epoch 74/800
161/161 - 2s - loss: 0.0376 - mae: 0.0376 - mse: 0.0025 - 2s/epoch - 11ms/step
Epoch 75/800
161/161 - 2s - loss: 0.0375 - mae: 0.0375 - mse: 0.0024 - 2s/epoch - 11ms/step
Epoch 76/800
161/161 - 2s - loss: 0.0347 - mae: 0.0347 - mse: 0.0020 - 2s/epoch - 11ms/step
Epoch 77/800
161/161 - 2s - loss: 0.0354 - mae: 0.0354 - mse: 0.0021 - 2s/epoch - 11ms/step
Epoch 78/800
161/161 - 2s - loss: 0.0374 - mae: 0.0374 - mse: 0.0024 - 2s/epoch - 11ms/step
Epoch 79/800
161/161 - 2s - loss: 0.0358 - mae: 0.0358 - mse: 0.0022 - 2s/epoch - 11ms/step
Epoch 80/800
161/161 - 2s - loss: 0.0369 - mae: 0.0369 - mse: 0.0023 - 2s/epoch - 11ms/step
Epoch 81/800
161/161 - 2s - loss: 0.0351 - mae: 0.0351 - mse: 0.0021 - 2s/epoch - 11ms/step
Epoch 82/800
161/161 - 2s - loss: 0.0344 - mae: 0.0344 - mse: 0.0020 - 2s/epoch - 11ms/step
Epoch 83/800
161/161 - 2s - loss: 0.0356 - mae: 0.0356 - mse: 0.0021 - 2s/epoch - 11ms/step
Epoch 84/800
161/161 - 2s - loss: 0.0338 - mae: 0.0338 - mse: 0.0019 - 2s/epoch - 11ms/step
Epoch 85/800
161/161 - 2s - loss: 0.0336 - mae: 0.0336 - mse: 0.0019 - 2s/epoch - 11ms/step
Epoch 86/800
161/161 - 2s - loss: 0.0369 - mae: 0.0369 - mse: 0.0023 - 2s/epoch - 11ms/step
Epoch 87/800
161/161 - 2s - loss: 0.0343 - mae: 0.0343 - mse: 0.0021 - 2s/epoch - 11ms/step
Epoch 88/800
161/161 - 2s - loss: 0.0341 - mae: 0.0341 - mse: 0.0020 - 2s/epoch - 11ms/step
Epoch 89/800
161/161 - 2s - loss: 0.0341 - mae: 0.0341 - mse: 0.0020 - 2s/epoch - 11ms/step
Epoch 90/800
161/161 - 2s - loss: 0.0317 - mae: 0.0317 - mse: 0.0017 - 2s/epoch - 11ms/step
Epoch 91/800
161/161 - 2s - loss: 0.0307 - mae: 0.0307 - mse: 0.0016 - 2s/epoch - 11ms/step
Epoch 92/800
161/161 - 2s - loss: 0.0316 - mae: 0.0316 - mse: 0.0017 - 2s/epoch - 11ms/step
Epoch 93/800
161/161 - 2s - loss: 0.0346 - mae: 0.0346 - mse: 0.0020 - 2s/epoch - 11ms/step
Epoch 94/800
161/161 - 2s - loss: 0.0316 - mae: 0.0316 - mse: 0.0017 - 2s/epoch - 11ms/step
Epoch 95/800
161/161 - 2s - loss: 0.0319 - mae: 0.0319 - mse: 0.0017 - 2s/epoch - 11ms/step
Epoch 96/800
161/161 - 2s - loss: 0.0327 - mae: 0.0327 - mse: 0.0018 - 2s/epoch - 11ms/step
Epoch 97/800
161/161 - 2s - loss: 0.0322 - mae: 0.0322 - mse: 0.0018 - 2s/epoch - 11ms/step
Epoch 98/800
161/161 - 2s - loss: 0.0312 - mae: 0.0312 - mse: 0.0016 - 2s/epoch - 11ms/step
Epoch 99/800
161/161 - 2s - loss: 0.0320 - mae: 0.0320 - mse: 0.0017 - 2s/epoch - 11ms/step
Epoch 100/800
161/161 - 2s - loss: 0.0303 - mae: 0.0303 - mse: 0.0016 - 2s/epoch - 11ms/step
Epoch 101/800
161/161 - 2s - loss: 0.0293 - mae: 0.0293 - mse: 0.0015 - 2s/epoch - 11ms/step
Epoch 102/800
161/161 - 2s - loss: 0.0295 - mae: 0.0295 - mse: 0.0015 - 2s/epoch - 11ms/step
Epoch 103/800
161/161 - 2s - loss: 0.0293 - mae: 0.0293 - mse: 0.0015 - 2s/epoch - 11ms/step
Epoch 104/800
161/161 - 2s - loss: 0.0323 - mae: 0.0323 - mse: 0.0018 - 2s/epoch - 11ms/step
Epoch 105/800
161/161 - 2s - loss: 0.0299 - mae: 0.0299 - mse: 0.0015 - 2s/epoch - 11ms/step
Epoch 106/800
161/161 - 2s - loss: 0.0299 - mae: 0.0299 - mse: 0.0015 - 2s/epoch - 11ms/step
Epoch 107/800
161/161 - 2s - loss: 0.0295 - mae: 0.0295 - mse: 0.0015 - 2s/epoch - 11ms/step
Epoch 108/800
161/161 - 2s - loss: 0.0320 - mae: 0.0320 - mse: 0.0017 - 2s/epoch - 11ms/step
Epoch 109/800
161/161 - 2s - loss: 0.0322 - mae: 0.0322 - mse: 0.0017 - 2s/epoch - 11ms/step
Epoch 110/800
161/161 - 2s - loss: 0.0293 - mae: 0.0293 - mse: 0.0015 - 2s/epoch - 11ms/step
Epoch 111/800
161/161 - 2s - loss: 0.0297 - mae: 0.0297 - mse: 0.0015 - 2s/epoch - 11ms/step
Epoch 112/800
161/161 - 2s - loss: 0.0282 - mae: 0.0282 - mse: 0.0013 - 2s/epoch - 11ms/step
Epoch 113/800
161/161 - 2s - loss: 0.0286 - mae: 0.0286 - mse: 0.0014 - 2s/epoch - 11ms/step
Epoch 114/800
161/161 - 2s - loss: 0.0270 - mae: 0.0270 - mse: 0.0013 - 2s/epoch - 11ms/step
Epoch 115/800
161/161 - 2s - loss: 0.0282 - mae: 0.0282 - mse: 0.0013 - 2s/epoch - 11ms/step
Epoch 116/800
161/161 - 2s - loss: 0.0306 - mae: 0.0306 - mse: 0.0016 - 2s/epoch - 11ms/step
Epoch 117/800
161/161 - 2s - loss: 0.0288 - mae: 0.0288 - mse: 0.0014 - 2s/epoch - 11ms/step
Epoch 118/800
161/161 - 2s - loss: 0.0276 - mae: 0.0276 - mse: 0.0013 - 2s/epoch - 11ms/step
Epoch 119/800
161/161 - 2s - loss: 0.0268 - mae: 0.0268 - mse: 0.0012 - 2s/epoch - 11ms/step
Epoch 120/800
161/161 - 2s - loss: 0.0286 - mae: 0.0286 - mse: 0.0014 - 2s/epoch - 11ms/step
Epoch 121/800
161/161 - 2s - loss: 0.0297 - mae: 0.0297 - mse: 0.0015 - 2s/epoch - 11ms/step
Epoch 122/800
161/161 - 2s - loss: 0.0277 - mae: 0.0277 - mse: 0.0013 - 2s/epoch - 11ms/step
Epoch 123/800
161/161 - 2s - loss: 0.0293 - mae: 0.0293 - mse: 0.0015 - 2s/epoch - 11ms/step
Epoch 124/800
161/161 - 2s - loss: 0.0280 - mae: 0.0280 - mse: 0.0013 - 2s/epoch - 11ms/step
Epoch 125/800
161/161 - 2s - loss: 0.0262 - mae: 0.0262 - mse: 0.0012 - 2s/epoch - 11ms/step
Epoch 126/800
161/161 - 2s - loss: 0.0282 - mae: 0.0282 - mse: 0.0014 - 2s/epoch - 11ms/step
Epoch 127/800
161/161 - 2s - loss: 0.0293 - mae: 0.0293 - mse: 0.0014 - 2s/epoch - 11ms/step
Epoch 128/800
161/161 - 2s - loss: 0.0276 - mae: 0.0276 - mse: 0.0013 - 2s/epoch - 11ms/step
Epoch 129/800
161/161 - 2s - loss: 0.0273 - mae: 0.0273 - mse: 0.0012 - 2s/epoch - 11ms/step
Epoch 130/800
161/161 - 2s - loss: 0.0259 - mae: 0.0259 - mse: 0.0011 - 2s/epoch - 11ms/step
Epoch 131/800
161/161 - 2s - loss: 0.0271 - mae: 0.0271 - mse: 0.0012 - 2s/epoch - 11ms/step
Epoch 132/800
161/161 - 2s - loss: 0.0258 - mae: 0.0258 - mse: 0.0011 - 2s/epoch - 11ms/step
Epoch 133/800
161/161 - 2s - loss: 0.0255 - mae: 0.0255 - mse: 0.0011 - 2s/epoch - 11ms/step
Epoch 134/800
161/161 - 2s - loss: 0.0247 - mae: 0.0247 - mse: 0.0010 - 2s/epoch - 11ms/step
Epoch 135/800
161/161 - 2s - loss: 0.0263 - mae: 0.0263 - mse: 0.0012 - 2s/epoch - 11ms/step
Epoch 136/800
161/161 - 2s - loss: 0.0253 - mae: 0.0253 - mse: 0.0011 - 2s/epoch - 11ms/step
Epoch 137/800
161/161 - 2s - loss: 0.0247 - mae: 0.0247 - mse: 0.0010 - 2s/epoch - 11ms/step
Epoch 138/800
161/161 - 2s - loss: 0.0273 - mae: 0.0273 - mse: 0.0013 - 2s/epoch - 11ms/step
Epoch 139/800
161/161 - 2s - loss: 0.0243 - mae: 0.0243 - mse: 0.0010 - 2s/epoch - 11ms/step
Epoch 140/800
161/161 - 2s - loss: 0.0233 - mae: 0.0233 - mse: 9.2349e-04 - 2s/epoch - 11ms/step
Epoch 141/800
161/161 - 2s - loss: 0.0267 - mae: 0.0267 - mse: 0.0012 - 2s/epoch - 11ms/step
Epoch 142/800
161/161 - 2s - loss: 0.0240 - mae: 0.0240 - mse: 9.7134e-04 - 2s/epoch - 11ms/step
Epoch 143/800
161/161 - 2s - loss: 0.0247 - mae: 0.0247 - mse: 0.0010 - 2s/epoch - 11ms/step
Epoch 144/800
161/161 - 2s - loss: 0.0252 - mae: 0.0252 - mse: 0.0011 - 2s/epoch - 11ms/step
Epoch 145/800
161/161 - 2s - loss: 0.0245 - mae: 0.0245 - mse: 0.0010 - 2s/epoch - 11ms/step
Epoch 146/800
161/161 - 2s - loss: 0.0255 - mae: 0.0255 - mse: 0.0011 - 2s/epoch - 11ms/step
Epoch 147/800
161/161 - 2s - loss: 0.0236 - mae: 0.0236 - mse: 9.6225e-04 - 2s/epoch - 11ms/step
Epoch 148/800
161/161 - 2s - loss: 0.0244 - mae: 0.0244 - mse: 9.8718e-04 - 2s/epoch - 11ms/step
Epoch 149/800
161/161 - 2s - loss: 0.0233 - mae: 0.0233 - mse: 9.3810e-04 - 2s/epoch - 11ms/step
Epoch 150/800
161/161 - 2s - loss: 0.0238 - mae: 0.0238 - mse: 9.5755e-04 - 2s/epoch - 11ms/step
Epoch 151/800
161/161 - 2s - loss: 0.0246 - mae: 0.0246 - mse: 0.0010 - 2s/epoch - 11ms/step
Epoch 152/800
161/161 - 2s - loss: 0.0238 - mae: 0.0238 - mse: 9.5297e-04 - 2s/epoch - 11ms/step
Epoch 153/800
161/161 - 2s - loss: 0.0259 - mae: 0.0259 - mse: 0.0011 - 2s/epoch - 11ms/step
Epoch 154/800
161/161 - 2s - loss: 0.0237 - mae: 0.0237 - mse: 9.4209e-04 - 2s/epoch - 11ms/step
Epoch 155/800
161/161 - 2s - loss: 0.0231 - mae: 0.0231 - mse: 9.0960e-04 - 2s/epoch - 11ms/step
Epoch 156/800
161/161 - 2s - loss: 0.0239 - mae: 0.0239 - mse: 9.5854e-04 - 2s/epoch - 11ms/step
Epoch 157/800
161/161 - 2s - loss: 0.0215 - mae: 0.0215 - mse: 7.9445e-04 - 2s/epoch - 11ms/step
Epoch 158/800
161/161 - 2s - loss: 0.0213 - mae: 0.0213 - mse: 7.7710e-04 - 2s/epoch - 11ms/step
Epoch 159/800
161/161 - 2s - loss: 0.0237 - mae: 0.0237 - mse: 9.4097e-04 - 2s/epoch - 11ms/step
Epoch 160/800
161/161 - 2s - loss: 0.0220 - mae: 0.0220 - mse: 8.2425e-04 - 2s/epoch - 11ms/step
Epoch 161/800
161/161 - 2s - loss: 0.0217 - mae: 0.0217 - mse: 8.1729e-04 - 2s/epoch - 11ms/step
Epoch 162/800
161/161 - 2s - loss: 0.0236 - mae: 0.0236 - mse: 9.3410e-04 - 2s/epoch - 11ms/step
Epoch 163/800
161/161 - 2s - loss: 0.0221 - mae: 0.0221 - mse: 8.3366e-04 - 2s/epoch - 11ms/step
Epoch 164/800
161/161 - 2s - loss: 0.0226 - mae: 0.0226 - mse: 8.6948e-04 - 2s/epoch - 11ms/step
Epoch 165/800
161/161 - 2s - loss: 0.0203 - mae: 0.0203 - mse: 7.0001e-04 - 2s/epoch - 11ms/step
Epoch 166/800
161/161 - 2s - loss: 0.0231 - mae: 0.0231 - mse: 9.0039e-04 - 2s/epoch - 11ms/step
Epoch 167/800
161/161 - 2s - loss: 0.0221 - mae: 0.0221 - mse: 8.4316e-04 - 2s/epoch - 11ms/step
Epoch 168/800
161/161 - 2s - loss: 0.0208 - mae: 0.0208 - mse: 7.3774e-04 - 2s/epoch - 11ms/step
Epoch 169/800
161/161 - 2s - loss: 0.0208 - mae: 0.0208 - mse: 7.3615e-04 - 2s/epoch - 11ms/step
Epoch 170/800
161/161 - 2s - loss: 0.0210 - mae: 0.0210 - mse: 7.4839e-04 - 2s/epoch - 11ms/step
Epoch 171/800
161/161 - 2s - loss: 0.0219 - mae: 0.0219 - mse: 8.2981e-04 - 2s/epoch - 11ms/step
Epoch 172/800
161/161 - 2s - loss: 0.0213 - mae: 0.0213 - mse: 7.7319e-04 - 2s/epoch - 11ms/step
Epoch 173/800
161/161 - 2s - loss: 0.0207 - mae: 0.0207 - mse: 7.2785e-04 - 2s/epoch - 11ms/step
Epoch 174/800
161/161 - 2s - loss: 0.0215 - mae: 0.0215 - mse: 7.6958e-04 - 2s/epoch - 11ms/step
Epoch 175/800
161/161 - 2s - loss: 0.0223 - mae: 0.0223 - mse: 8.2359e-04 - 2s/epoch - 11ms/step
Epoch 176/800
161/161 - 2s - loss: 0.0205 - mae: 0.0205 - mse: 7.1151e-04 - 2s/epoch - 11ms/step
Epoch 177/800
161/161 - 2s - loss: 0.0208 - mae: 0.0208 - mse: 7.4017e-04 - 2s/epoch - 11ms/step
Epoch 178/800
161/161 - 2s - loss: 0.0202 - mae: 0.0202 - mse: 6.9265e-04 - 2s/epoch - 11ms/step
Epoch 179/800
161/161 - 2s - loss: 0.0212 - mae: 0.0212 - mse: 7.4176e-04 - 2s/epoch - 11ms/step
Epoch 180/800
161/161 - 2s - loss: 0.0209 - mae: 0.0209 - mse: 7.3587e-04 - 2s/epoch - 11ms/step
Epoch 181/800
161/161 - 2s - loss: 0.0206 - mae: 0.0206 - mse: 7.1539e-04 - 2s/epoch - 11ms/step
Epoch 182/800
161/161 - 2s - loss: 0.0206 - mae: 0.0206 - mse: 7.3072e-04 - 2s/epoch - 11ms/step
Epoch 183/800
161/161 - 2s - loss: 0.0201 - mae: 0.0201 - mse: 6.7895e-04 - 2s/epoch - 11ms/step
Epoch 184/800
161/161 - 2s - loss: 0.0203 - mae: 0.0203 - mse: 6.9774e-04 - 2s/epoch - 11ms/step
Epoch 185/800
161/161 - 2s - loss: 0.0194 - mae: 0.0194 - mse: 6.3458e-04 - 2s/epoch - 11ms/step
Epoch 186/800
161/161 - 2s - loss: 0.0199 - mae: 0.0199 - mse: 6.6774e-04 - 2s/epoch - 11ms/step
Epoch 187/800
161/161 - 2s - loss: 0.0211 - mae: 0.0211 - mse: 7.5032e-04 - 2s/epoch - 11ms/step
Epoch 188/800
161/161 - 2s - loss: 0.0190 - mae: 0.0190 - mse: 6.1959e-04 - 2s/epoch - 11ms/step
Epoch 189/800
161/161 - 2s - loss: 0.0196 - mae: 0.0196 - mse: 6.4218e-04 - 2s/epoch - 11ms/step
Epoch 190/800
161/161 - 2s - loss: 0.0215 - mae: 0.0215 - mse: 7.9082e-04 - 2s/epoch - 11ms/step
Epoch 191/800
161/161 - 2s - loss: 0.0189 - mae: 0.0189 - mse: 6.0795e-04 - 2s/epoch - 11ms/step
Epoch 192/800
161/161 - 2s - loss: 0.0186 - mae: 0.0186 - mse: 5.8354e-04 - 2s/epoch - 11ms/step
Epoch 193/800
161/161 - 2s - loss: 0.0195 - mae: 0.0195 - mse: 6.3050e-04 - 2s/epoch - 11ms/step
Epoch 194/800
161/161 - 2s - loss: 0.0198 - mae: 0.0198 - mse: 6.6822e-04 - 2s/epoch - 11ms/step
Epoch 195/800
161/161 - 2s - loss: 0.0195 - mae: 0.0195 - mse: 6.3930e-04 - 2s/epoch - 11ms/step
Epoch 196/800
161/161 - 2s - loss: 0.0188 - mae: 0.0188 - mse: 5.9420e-04 - 2s/epoch - 11ms/step
Epoch 197/800
161/161 - 2s - loss: 0.0194 - mae: 0.0194 - mse: 6.2963e-04 - 2s/epoch - 11ms/step
Epoch 198/800
161/161 - 2s - loss: 0.0183 - mae: 0.0183 - mse: 5.7109e-04 - 2s/epoch - 11ms/step
Epoch 199/800
161/161 - 2s - loss: 0.0192 - mae: 0.0192 - mse: 6.1784e-04 - 2s/epoch - 11ms/step
Epoch 200/800
161/161 - 2s - loss: 0.0200 - mae: 0.0200 - mse: 6.6889e-04 - 2s/epoch - 11ms/step
Epoch 201/800
161/161 - 2s - loss: 0.0190 - mae: 0.0190 - mse: 6.1003e-04 - 2s/epoch - 11ms/step
Epoch 202/800
161/161 - 2s - loss: 0.0190 - mae: 0.0190 - mse: 6.0350e-04 - 2s/epoch - 11ms/step
Epoch 203/800
161/161 - 2s - loss: 0.0181 - mae: 0.0181 - mse: 5.6455e-04 - 2s/epoch - 11ms/step
Epoch 204/800
161/161 - 2s - loss: 0.0181 - mae: 0.0181 - mse: 5.5297e-04 - 2s/epoch - 11ms/step
Epoch 205/800
161/161 - 2s - loss: 0.0175 - mae: 0.0175 - mse: 5.2162e-04 - 2s/epoch - 11ms/step
Epoch 206/800
161/161 - 2s - loss: 0.0189 - mae: 0.0189 - mse: 6.0567e-04 - 2s/epoch - 11ms/step
Epoch 207/800
161/161 - 2s - loss: 0.0205 - mae: 0.0205 - mse: 7.0217e-04 - 2s/epoch - 11ms/step
Epoch 208/800
161/161 - 2s - loss: 0.0188 - mae: 0.0188 - mse: 6.0142e-04 - 2s/epoch - 11ms/step
Epoch 209/800
161/161 - 2s - loss: 0.0179 - mae: 0.0179 - mse: 5.3948e-04 - 2s/epoch - 11ms/step
Epoch 210/800
161/161 - 2s - loss: 0.0189 - mae: 0.0189 - mse: 5.9855e-04 - 2s/epoch - 11ms/step
Epoch 211/800
161/161 - 2s - loss: 0.0180 - mae: 0.0180 - mse: 5.5976e-04 - 2s/epoch - 11ms/step
Epoch 212/800
161/161 - 2s - loss: 0.0185 - mae: 0.0185 - mse: 5.8993e-04 - 2s/epoch - 11ms/step
Epoch 213/800
161/161 - 2s - loss: 0.0180 - mae: 0.0180 - mse: 5.4271e-04 - 2s/epoch - 11ms/step
Epoch 214/800
161/161 - 2s - loss: 0.0184 - mae: 0.0184 - mse: 5.7700e-04 - 2s/epoch - 11ms/step
Epoch 215/800
161/161 - 2s - loss: 0.0196 - mae: 0.0196 - mse: 6.4099e-04 - 2s/epoch - 11ms/step
Epoch 216/800
161/161 - 2s - loss: 0.0176 - mae: 0.0176 - mse: 5.1972e-04 - 2s/epoch - 11ms/step
Epoch 217/800
161/161 - 2s - loss: 0.0185 - mae: 0.0185 - mse: 5.7169e-04 - 2s/epoch - 11ms/step
Epoch 218/800
161/161 - 2s - loss: 0.0187 - mae: 0.0187 - mse: 5.9014e-04 - 2s/epoch - 11ms/step
Epoch 219/800
161/161 - 2s - loss: 0.0191 - mae: 0.0191 - mse: 6.1358e-04 - 2s/epoch - 11ms/step
Epoch 220/800
161/161 - 2s - loss: 0.0172 - mae: 0.0172 - mse: 4.9377e-04 - 2s/epoch - 11ms/step
Epoch 221/800
161/161 - 2s - loss: 0.0177 - mae: 0.0177 - mse: 5.3131e-04 - 2s/epoch - 11ms/step
Epoch 222/800
161/161 - 2s - loss: 0.0196 - mae: 0.0196 - mse: 6.4244e-04 - 2s/epoch - 11ms/step
Epoch 223/800
161/161 - 2s - loss: 0.0169 - mae: 0.0169 - mse: 4.7571e-04 - 2s/epoch - 11ms/step
Epoch 224/800
161/161 - 2s - loss: 0.0171 - mae: 0.0171 - mse: 4.9664e-04 - 2s/epoch - 11ms/step
Epoch 225/800
161/161 - 2s - loss: 0.0167 - mae: 0.0167 - mse: 4.7296e-04 - 2s/epoch - 11ms/step
Epoch 226/800
161/161 - 2s - loss: 0.0159 - mae: 0.0159 - mse: 4.3127e-04 - 2s/epoch - 11ms/step
Epoch 227/800
161/161 - 2s - loss: 0.0157 - mae: 0.0157 - mse: 4.2256e-04 - 2s/epoch - 11ms/step
Epoch 228/800
161/161 - 2s - loss: 0.0168 - mae: 0.0168 - mse: 4.7526e-04 - 2s/epoch - 11ms/step
Epoch 229/800
161/161 - 2s - loss: 0.0159 - mae: 0.0159 - mse: 4.2967e-04 - 2s/epoch - 11ms/step
Epoch 230/800
161/161 - 2s - loss: 0.0164 - mae: 0.0164 - mse: 4.5035e-04 - 2s/epoch - 11ms/step
Epoch 231/800
161/161 - 2s - loss: 0.0178 - mae: 0.0178 - mse: 5.3163e-04 - 2s/epoch - 11ms/step
Epoch 232/800
161/161 - 2s - loss: 0.0168 - mae: 0.0168 - mse: 4.6786e-04 - 2s/epoch - 11ms/step
Epoch 233/800
161/161 - 2s - loss: 0.0164 - mae: 0.0164 - mse: 4.6083e-04 - 2s/epoch - 11ms/step
Epoch 234/800
161/161 - 2s - loss: 0.0167 - mae: 0.0167 - mse: 4.7291e-04 - 2s/epoch - 11ms/step
Epoch 235/800
161/161 - 2s - loss: 0.0161 - mae: 0.0161 - mse: 4.5056e-04 - 2s/epoch - 11ms/step
Epoch 236/800
161/161 - 2s - loss: 0.0152 - mae: 0.0152 - mse: 3.8520e-04 - 2s/epoch - 11ms/step
Epoch 237/800
161/161 - 2s - loss: 0.0167 - mae: 0.0167 - mse: 4.6888e-04 - 2s/epoch - 11ms/step
Epoch 238/800
161/161 - 2s - loss: 0.0169 - mae: 0.0169 - mse: 4.8196e-04 - 2s/epoch - 11ms/step
Epoch 239/800
161/161 - 2s - loss: 0.0157 - mae: 0.0157 - mse: 4.1941e-04 - 2s/epoch - 11ms/step
Epoch 240/800
161/161 - 2s - loss: 0.0167 - mae: 0.0167 - mse: 4.6140e-04 - 2s/epoch - 11ms/step
Epoch 241/800
161/161 - 2s - loss: 0.0159 - mae: 0.0159 - mse: 4.2881e-04 - 2s/epoch - 11ms/step
Epoch 242/800
161/161 - 2s - loss: 0.0168 - mae: 0.0168 - mse: 4.9478e-04 - 2s/epoch - 11ms/step
Epoch 243/800
161/161 - 2s - loss: 0.0163 - mae: 0.0163 - mse: 4.4135e-04 - 2s/epoch - 11ms/step
Epoch 244/800
161/161 - 2s - loss: 0.0165 - mae: 0.0165 - mse: 4.6468e-04 - 2s/epoch - 11ms/step
Epoch 245/800
161/161 - 2s - loss: 0.0152 - mae: 0.0152 - mse: 3.9214e-04 - 2s/epoch - 12ms/step
Epoch 246/800
161/161 - 2s - loss: 0.0167 - mae: 0.0167 - mse: 4.6669e-04 - 2s/epoch - 11ms/step
Epoch 247/800
161/161 - 2s - loss: 0.0152 - mae: 0.0152 - mse: 3.9578e-04 - 2s/epoch - 11ms/step
Epoch 248/800
161/161 - 2s - loss: 0.0153 - mae: 0.0153 - mse: 3.9593e-04 - 2s/epoch - 11ms/step
Epoch 249/800
161/161 - 2s - loss: 0.0158 - mae: 0.0158 - mse: 4.2413e-04 - 2s/epoch - 11ms/step
Epoch 250/800
161/161 - 2s - loss: 0.0154 - mae: 0.0154 - mse: 3.9620e-04 - 2s/epoch - 11ms/step
Epoch 251/800
161/161 - 2s - loss: 0.0148 - mae: 0.0148 - mse: 3.6916e-04 - 2s/epoch - 11ms/step
Epoch 252/800
161/161 - 2s - loss: 0.0159 - mae: 0.0159 - mse: 4.2939e-04 - 2s/epoch - 11ms/step
Epoch 253/800
161/161 - 2s - loss: 0.0155 - mae: 0.0155 - mse: 3.9871e-04 - 2s/epoch - 11ms/step
Epoch 254/800
161/161 - 2s - loss: 0.0148 - mae: 0.0148 - mse: 3.6689e-04 - 2s/epoch - 11ms/step
Epoch 255/800
161/161 - 2s - loss: 0.0157 - mae: 0.0157 - mse: 4.1262e-04 - 2s/epoch - 11ms/step
Epoch 256/800
161/161 - 2s - loss: 0.0148 - mae: 0.0148 - mse: 3.6760e-04 - 2s/epoch - 11ms/step
Epoch 257/800
161/161 - 2s - loss: 0.0155 - mae: 0.0155 - mse: 4.0662e-04 - 2s/epoch - 12ms/step
Epoch 258/800
161/161 - 2s - loss: 0.0148 - mae: 0.0148 - mse: 3.6994e-04 - 2s/epoch - 11ms/step
Epoch 259/800
161/161 - 2s - loss: 0.0151 - mae: 0.0151 - mse: 3.8140e-04 - 2s/epoch - 12ms/step
Epoch 260/800
161/161 - 2s - loss: 0.0148 - mae: 0.0148 - mse: 3.6480e-04 - 2s/epoch - 12ms/step
Epoch 261/800
161/161 - 2s - loss: 0.0154 - mae: 0.0154 - mse: 4.0782e-04 - 2s/epoch - 11ms/step
Epoch 262/800
161/161 - 2s - loss: 0.0149 - mae: 0.0149 - mse: 3.7672e-04 - 2s/epoch - 11ms/step
Epoch 263/800
161/161 - 2s - loss: 0.0147 - mae: 0.0147 - mse: 3.6483e-04 - 2s/epoch - 11ms/step
Epoch 264/800
161/161 - 2s - loss: 0.0156 - mae: 0.0156 - mse: 4.0971e-04 - 2s/epoch - 11ms/step
Epoch 265/800
161/161 - 2s - loss: 0.0158 - mae: 0.0158 - mse: 4.1381e-04 - 2s/epoch - 11ms/step
Epoch 266/800
161/161 - 2s - loss: 0.0145 - mae: 0.0145 - mse: 3.5217e-04 - 2s/epoch - 11ms/step
Epoch 267/800
161/161 - 2s - loss: 0.0162 - mae: 0.0162 - mse: 4.2990e-04 - 2s/epoch - 11ms/step
Epoch 268/800
161/161 - 2s - loss: 0.0147 - mae: 0.0147 - mse: 3.6664e-04 - 2s/epoch - 11ms/step
Epoch 269/800
161/161 - 2s - loss: 0.0143 - mae: 0.0143 - mse: 3.4893e-04 - 2s/epoch - 11ms/step
Epoch 270/800
161/161 - 2s - loss: 0.0145 - mae: 0.0145 - mse: 3.5724e-04 - 2s/epoch - 11ms/step
Epoch 271/800
161/161 - 2s - loss: 0.0152 - mae: 0.0152 - mse: 3.7669e-04 - 2s/epoch - 11ms/step
Epoch 272/800
161/161 - 2s - loss: 0.0159 - mae: 0.0159 - mse: 4.1696e-04 - 2s/epoch - 11ms/step
Epoch 273/800
161/161 - 2s - loss: 0.0141 - mae: 0.0141 - mse: 3.3791e-04 - 2s/epoch - 11ms/step
Epoch 274/800
161/161 - 2s - loss: 0.0143 - mae: 0.0143 - mse: 3.4299e-04 - 2s/epoch - 11ms/step
Epoch 275/800
161/161 - 2s - loss: 0.0145 - mae: 0.0145 - mse: 3.6103e-04 - 2s/epoch - 11ms/step
Epoch 276/800
161/161 - 2s - loss: 0.0141 - mae: 0.0141 - mse: 3.4226e-04 - 2s/epoch - 11ms/step
Epoch 277/800
161/161 - 2s - loss: 0.0150 - mae: 0.0150 - mse: 3.7403e-04 - 2s/epoch - 11ms/step
Epoch 278/800
161/161 - 2s - loss: 0.0142 - mae: 0.0142 - mse: 3.4108e-04 - 2s/epoch - 11ms/step
Epoch 279/800
161/161 - 2s - loss: 0.0138 - mae: 0.0138 - mse: 3.2625e-04 - 2s/epoch - 11ms/step
Epoch 280/800
161/161 - 2s - loss: 0.0142 - mae: 0.0142 - mse: 3.4814e-04 - 2s/epoch - 11ms/step
Epoch 281/800
161/161 - 2s - loss: 0.0148 - mae: 0.0148 - mse: 3.6363e-04 - 2s/epoch - 13ms/step
Epoch 282/800
161/161 - 2s - loss: 0.0149 - mae: 0.0149 - mse: 3.7470e-04 - 2s/epoch - 15ms/step
Epoch 283/800
161/161 - 3s - loss: 0.0138 - mae: 0.0138 - mse: 3.1706e-04 - 3s/epoch - 16ms/step
Epoch 284/800
161/161 - 3s - loss: 0.0150 - mae: 0.0150 - mse: 3.7589e-04 - 3s/epoch - 16ms/step
Epoch 285/800
161/161 - 3s - loss: 0.0141 - mae: 0.0141 - mse: 3.3650e-04 - 3s/epoch - 16ms/step
Epoch 286/800
161/161 - 3s - loss: 0.0155 - mae: 0.0155 - mse: 4.1050e-04 - 3s/epoch - 17ms/step
Epoch 287/800
161/161 - 2s - loss: 0.0139 - mae: 0.0139 - mse: 3.2563e-04 - 2s/epoch - 15ms/step
Epoch 288/800
161/161 - 2s - loss: 0.0127 - mae: 0.0127 - mse: 2.7109e-04 - 2s/epoch - 14ms/step
Epoch 289/800
161/161 - 2s - loss: 0.0142 - mae: 0.0142 - mse: 3.3761e-04 - 2s/epoch - 14ms/step
Epoch 290/800
161/161 - 2s - loss: 0.0131 - mae: 0.0131 - mse: 2.9384e-04 - 2s/epoch - 14ms/step
Epoch 291/800
161/161 - 3s - loss: 0.0141 - mae: 0.0141 - mse: 3.2980e-04 - 3s/epoch - 16ms/step
Epoch 292/800
161/161 - 3s - loss: 0.0144 - mae: 0.0144 - mse: 3.4628e-04 - 3s/epoch - 17ms/step
Epoch 293/800
161/161 - 3s - loss: 0.0135 - mae: 0.0135 - mse: 3.0438e-04 - 3s/epoch - 17ms/step
Epoch 294/800
161/161 - 3s - loss: 0.0128 - mae: 0.0128 - mse: 2.8249e-04 - 3s/epoch - 17ms/step
Epoch 295/800
161/161 - 2s - loss: 0.0130 - mae: 0.0130 - mse: 2.8127e-04 - 2s/epoch - 14ms/step
Epoch 296/800
161/161 - 2s - loss: 0.0134 - mae: 0.0134 - mse: 2.9853e-04 - 2s/epoch - 14ms/step
Epoch 297/800
161/161 - 3s - loss: 0.0138 - mae: 0.0138 - mse: 3.2033e-04 - 3s/epoch - 16ms/step
Epoch 298/800
161/161 - 3s - loss: 0.0132 - mae: 0.0132 - mse: 3.0039e-04 - 3s/epoch - 16ms/step
Epoch 299/800
161/161 - 3s - loss: 0.0132 - mae: 0.0132 - mse: 2.9662e-04 - 3s/epoch - 17ms/step
Epoch 300/800
161/161 - 3s - loss: 0.0136 - mae: 0.0136 - mse: 3.0722e-04 - 3s/epoch - 17ms/step
Epoch 301/800
161/161 - 3s - loss: 0.0129 - mae: 0.0129 - mse: 2.8278e-04 - 3s/epoch - 16ms/step
Epoch 302/800
161/161 - 2s - loss: 0.0133 - mae: 0.0133 - mse: 3.0020e-04 - 2s/epoch - 15ms/step
Epoch 303/800
161/161 - 2s - loss: 0.0137 - mae: 0.0137 - mse: 3.1172e-04 - 2s/epoch - 14ms/step
Epoch 304/800
161/161 - 3s - loss: 0.0135 - mae: 0.0135 - mse: 3.0605e-04 - 3s/epoch - 16ms/step
Epoch 305/800
161/161 - 3s - loss: 0.0136 - mae: 0.0136 - mse: 3.1120e-04 - 3s/epoch - 16ms/step
Epoch 306/800
161/161 - 3s - loss: 0.0131 - mae: 0.0131 - mse: 2.8422e-04 - 3s/epoch - 17ms/step
Epoch 307/800
161/161 - 3s - loss: 0.0139 - mae: 0.0139 - mse: 3.2736e-04 - 3s/epoch - 17ms/step
Epoch 308/800
161/161 - 2s - loss: 0.0119 - mae: 0.0119 - mse: 2.4145e-04 - 2s/epoch - 15ms/step
Epoch 309/800
161/161 - 2s - loss: 0.0140 - mae: 0.0140 - mse: 3.2525e-04 - 2s/epoch - 13ms/step
Epoch 310/800
161/161 - 2s - loss: 0.0125 - mae: 0.0125 - mse: 2.9868e-04 - 2s/epoch - 15ms/step
Epoch 311/800
161/161 - 3s - loss: 0.0128 - mae: 0.0128 - mse: 2.9516e-04 - 3s/epoch - 16ms/step
Epoch 312/800
161/161 - 2s - loss: 0.0125 - mae: 0.0125 - mse: 2.6773e-04 - 2s/epoch - 14ms/step
Epoch 313/800
161/161 - 3s - loss: 0.0137 - mae: 0.0137 - mse: 3.1949e-04 - 3s/epoch - 16ms/step
Epoch 314/800
161/161 - 3s - loss: 0.0133 - mae: 0.0133 - mse: 3.0323e-04 - 3s/epoch - 17ms/step
Epoch 315/800
161/161 - 3s - loss: 0.0129 - mae: 0.0129 - mse: 2.8219e-04 - 3s/epoch - 16ms/step
Epoch 316/800
161/161 - 2s - loss: 0.0118 - mae: 0.0118 - mse: 2.3909e-04 - 2s/epoch - 15ms/step
Epoch 317/800
161/161 - 2s - loss: 0.0120 - mae: 0.0120 - mse: 2.4941e-04 - 2s/epoch - 15ms/step
Epoch 318/800
161/161 - 3s - loss: 0.0125 - mae: 0.0125 - mse: 2.6628e-04 - 3s/epoch - 16ms/step
Epoch 319/800
161/161 - 3s - loss: 0.0130 - mae: 0.0130 - mse: 2.8825e-04 - 3s/epoch - 16ms/step
Epoch 320/800
161/161 - 3s - loss: 0.0124 - mae: 0.0124 - mse: 2.6126e-04 - 3s/epoch - 16ms/step
Epoch 321/800
161/161 - 3s - loss: 0.0128 - mae: 0.0128 - mse: 2.7896e-04 - 3s/epoch - 17ms/step
Epoch 322/800
161/161 - 3s - loss: 0.0122 - mae: 0.0122 - mse: 2.4727e-04 - 3s/epoch - 16ms/step
Epoch 323/800
161/161 - 3s - loss: 0.0128 - mae: 0.0128 - mse: 2.7750e-04 - 3s/epoch - 17ms/step
Epoch 324/800
161/161 - 3s - loss: 0.0120 - mae: 0.0120 - mse: 2.4887e-04 - 3s/epoch - 17ms/step
Epoch 325/800
161/161 - 3s - loss: 0.0121 - mae: 0.0121 - mse: 2.5109e-04 - 3s/epoch - 17ms/step
Epoch 326/800
161/161 - 3s - loss: 0.0122 - mae: 0.0122 - mse: 2.5724e-04 - 3s/epoch - 17ms/step
Epoch 327/800
161/161 - 3s - loss: 0.0116 - mae: 0.0116 - mse: 2.2923e-04 - 3s/epoch - 17ms/step
Epoch 328/800
161/161 - 3s - loss: 0.0124 - mae: 0.0124 - mse: 2.6198e-04 - 3s/epoch - 17ms/step
Epoch 329/800
161/161 - 2s - loss: 0.0118 - mae: 0.0118 - mse: 2.3578e-04 - 2s/epoch - 15ms/step
Epoch 330/800
161/161 - 2s - loss: 0.0126 - mae: 0.0126 - mse: 2.7139e-04 - 2s/epoch - 13ms/step
Epoch 331/800
161/161 - 2s - loss: 0.0122 - mae: 0.0122 - mse: 2.5575e-04 - 2s/epoch - 14ms/step
Epoch 332/800
161/161 - 3s - loss: 0.0119 - mae: 0.0119 - mse: 2.4469e-04 - 3s/epoch - 16ms/step
Epoch 333/800
161/161 - 3s - loss: 0.0131 - mae: 0.0131 - mse: 2.8875e-04 - 3s/epoch - 16ms/step
Epoch 334/800
161/161 - 3s - loss: 0.0117 - mae: 0.0117 - mse: 2.2962e-04 - 3s/epoch - 16ms/step
Epoch 335/800
161/161 - 3s - loss: 0.0123 - mae: 0.0123 - mse: 2.5361e-04 - 3s/epoch - 17ms/step
Epoch 336/800
161/161 - 3s - loss: 0.0123 - mae: 0.0123 - mse: 2.5557e-04 - 3s/epoch - 17ms/step
Epoch 337/800
161/161 - 3s - loss: 0.0124 - mae: 0.0124 - mse: 2.5661e-04 - 3s/epoch - 17ms/step
Epoch 338/800
161/161 - 3s - loss: 0.0123 - mae: 0.0123 - mse: 2.5672e-04 - 3s/epoch - 17ms/step
Epoch 339/800
161/161 - 3s - loss: 0.0113 - mae: 0.0113 - mse: 2.2075e-04 - 3s/epoch - 17ms/step
Epoch 340/800
161/161 - 3s - loss: 0.0128 - mae: 0.0128 - mse: 2.7093e-04 - 3s/epoch - 17ms/step
Epoch 341/800
161/161 - 3s - loss: 0.0113 - mae: 0.0113 - mse: 2.2040e-04 - 3s/epoch - 17ms/step
Epoch 342/800
161/161 - 3s - loss: 0.0113 - mae: 0.0113 - mse: 2.1682e-04 - 3s/epoch - 16ms/step
Epoch 343/800
161/161 - 2s - loss: 0.0112 - mae: 0.0112 - mse: 2.1333e-04 - 2s/epoch - 15ms/step
Epoch 344/800
161/161 - 2s - loss: 0.0115 - mae: 0.0115 - mse: 2.2258e-04 - 2s/epoch - 14ms/step
Epoch 345/800
161/161 - 2s - loss: 0.0116 - mae: 0.0116 - mse: 2.2681e-04 - 2s/epoch - 14ms/step
Epoch 346/800
161/161 - 2s - loss: 0.0115 - mae: 0.0115 - mse: 2.2140e-04 - 2s/epoch - 14ms/step
Epoch 347/800
161/161 - 2s - loss: 0.0117 - mae: 0.0117 - mse: 2.2942e-04 - 2s/epoch - 11ms/step
Epoch 348/800
161/161 - 2s - loss: 0.0113 - mae: 0.0113 - mse: 2.1378e-04 - 2s/epoch - 11ms/step
Epoch 349/800
161/161 - 2s - loss: 0.0106 - mae: 0.0106 - mse: 1.9421e-04 - 2s/epoch - 11ms/step
Epoch 350/800
161/161 - 2s - loss: 0.0117 - mae: 0.0117 - mse: 2.3002e-04 - 2s/epoch - 11ms/step
Epoch 351/800
161/161 - 2s - loss: 0.0120 - mae: 0.0120 - mse: 2.3883e-04 - 2s/epoch - 11ms/step
Epoch 352/800
161/161 - 2s - loss: 0.0112 - mae: 0.0112 - mse: 2.1188e-04 - 2s/epoch - 11ms/step
Epoch 353/800
161/161 - 2s - loss: 0.0112 - mae: 0.0112 - mse: 2.1182e-04 - 2s/epoch - 11ms/step
Epoch 354/800
161/161 - 2s - loss: 0.0112 - mae: 0.0112 - mse: 2.1230e-04 - 2s/epoch - 11ms/step
Epoch 355/800
161/161 - 2s - loss: 0.0113 - mae: 0.0113 - mse: 2.1469e-04 - 2s/epoch - 11ms/step
Epoch 356/800
161/161 - 2s - loss: 0.0110 - mae: 0.0110 - mse: 1.9957e-04 - 2s/epoch - 11ms/step
Epoch 357/800
161/161 - 2s - loss: 0.0115 - mae: 0.0115 - mse: 2.2202e-04 - 2s/epoch - 11ms/step
Epoch 358/800
161/161 - 2s - loss: 0.0111 - mae: 0.0111 - mse: 2.0534e-04 - 2s/epoch - 11ms/step
Epoch 359/800
161/161 - 2s - loss: 0.0114 - mae: 0.0114 - mse: 2.1968e-04 - 2s/epoch - 11ms/step
Epoch 360/800
161/161 - 2s - loss: 0.0127 - mae: 0.0127 - mse: 2.7333e-04 - 2s/epoch - 11ms/step
Epoch 361/800
161/161 - 2s - loss: 0.0104 - mae: 0.0104 - mse: 1.8822e-04 - 2s/epoch - 11ms/step
Epoch 362/800
161/161 - 2s - loss: 0.0103 - mae: 0.0103 - mse: 1.8162e-04 - 2s/epoch - 11ms/step
Epoch 363/800
161/161 - 2s - loss: 0.0113 - mae: 0.0113 - mse: 2.3387e-04 - 2s/epoch - 11ms/step
Epoch 364/800
161/161 - 2s - loss: 0.0105 - mae: 0.0105 - mse: 1.8758e-04 - 2s/epoch - 11ms/step
Epoch 365/800
161/161 - 2s - loss: 0.0114 - mae: 0.0114 - mse: 2.2284e-04 - 2s/epoch - 11ms/step
Epoch 366/800
161/161 - 2s - loss: 0.0110 - mae: 0.0110 - mse: 2.0425e-04 - 2s/epoch - 11ms/step
Epoch 367/800
161/161 - 2s - loss: 0.0105 - mae: 0.0105 - mse: 1.8529e-04 - 2s/epoch - 11ms/step
Epoch 368/800
161/161 - 2s - loss: 0.0102 - mae: 0.0102 - mse: 1.7537e-04 - 2s/epoch - 11ms/step
Epoch 369/800
161/161 - 2s - loss: 0.0105 - mae: 0.0105 - mse: 1.8657e-04 - 2s/epoch - 11ms/step
Epoch 370/800
161/161 - 2s - loss: 0.0111 - mae: 0.0111 - mse: 2.0556e-04 - 2s/epoch - 11ms/step
Epoch 371/800
161/161 - 2s - loss: 0.0106 - mae: 0.0106 - mse: 1.9061e-04 - 2s/epoch - 11ms/step
Epoch 372/800
161/161 - 2s - loss: 0.0108 - mae: 0.0108 - mse: 1.9716e-04 - 2s/epoch - 11ms/step
Epoch 373/800
161/161 - 2s - loss: 0.0102 - mae: 0.0102 - mse: 1.7788e-04 - 2s/epoch - 11ms/step
Epoch 374/800
161/161 - 2s - loss: 0.0115 - mae: 0.0115 - mse: 2.2302e-04 - 2s/epoch - 11ms/step
Epoch 375/800
161/161 - 2s - loss: 0.0103 - mae: 0.0103 - mse: 1.7874e-04 - 2s/epoch - 11ms/step
Epoch 376/800
161/161 - 2s - loss: 0.0108 - mae: 0.0108 - mse: 1.9595e-04 - 2s/epoch - 11ms/step
Epoch 377/800
161/161 - 2s - loss: 0.0106 - mae: 0.0106 - mse: 1.9144e-04 - 2s/epoch - 11ms/step
Epoch 378/800
161/161 - 2s - loss: 0.0108 - mae: 0.0108 - mse: 1.9564e-04 - 2s/epoch - 11ms/step
Epoch 379/800
161/161 - 2s - loss: 0.0104 - mae: 0.0104 - mse: 1.8252e-04 - 2s/epoch - 11ms/step
Epoch 380/800
161/161 - 2s - loss: 0.0099 - mae: 0.0099 - mse: 1.6646e-04 - 2s/epoch - 11ms/step
Epoch 381/800
161/161 - 2s - loss: 0.0103 - mae: 0.0103 - mse: 1.8270e-04 - 2s/epoch - 11ms/step
Epoch 382/800
161/161 - 2s - loss: 0.0108 - mae: 0.0108 - mse: 2.0109e-04 - 2s/epoch - 11ms/step
Epoch 383/800
161/161 - 2s - loss: 0.0099 - mae: 0.0099 - mse: 1.6379e-04 - 2s/epoch - 11ms/step
Epoch 384/800
161/161 - 2s - loss: 0.0098 - mae: 0.0098 - mse: 1.6277e-04 - 2s/epoch - 11ms/step
Epoch 385/800
161/161 - 2s - loss: 0.0100 - mae: 0.0100 - mse: 1.6757e-04 - 2s/epoch - 11ms/step
Epoch 386/800
161/161 - 2s - loss: 0.0105 - mae: 0.0105 - mse: 1.8676e-04 - 2s/epoch - 11ms/step
Epoch 387/800
161/161 - 2s - loss: 0.0102 - mae: 0.0102 - mse: 1.7353e-04 - 2s/epoch - 11ms/step
Epoch 388/800
161/161 - 2s - loss: 0.0109 - mae: 0.0109 - mse: 2.0397e-04 - 2s/epoch - 11ms/step
Epoch 389/800
161/161 - 2s - loss: 0.0099 - mae: 0.0099 - mse: 1.6841e-04 - 2s/epoch - 11ms/step
Epoch 390/800
161/161 - 2s - loss: 0.0105 - mae: 0.0105 - mse: 1.8428e-04 - 2s/epoch - 11ms/step
Epoch 391/800
161/161 - 2s - loss: 0.0102 - mae: 0.0102 - mse: 1.7846e-04 - 2s/epoch - 11ms/step
Epoch 392/800
161/161 - 2s - loss: 0.0093 - mae: 0.0093 - mse: 1.4808e-04 - 2s/epoch - 11ms/step
Epoch 393/800
161/161 - 2s - loss: 0.0101 - mae: 0.0101 - mse: 1.7336e-04 - 2s/epoch - 11ms/step
Epoch 394/800
161/161 - 2s - loss: 0.0105 - mae: 0.0105 - mse: 1.9344e-04 - 2s/epoch - 11ms/step
Epoch 395/800
161/161 - 2s - loss: 0.0113 - mae: 0.0113 - mse: 2.1389e-04 - 2s/epoch - 11ms/step
Epoch 396/800
161/161 - 2s - loss: 0.0105 - mae: 0.0105 - mse: 1.8535e-04 - 2s/epoch - 11ms/step
Epoch 397/800
161/161 - 2s - loss: 0.0100 - mae: 0.0100 - mse: 1.6990e-04 - 2s/epoch - 11ms/step
Epoch 398/800
161/161 - 2s - loss: 0.0103 - mae: 0.0103 - mse: 1.7844e-04 - 2s/epoch - 11ms/step
Epoch 399/800
161/161 - 2s - loss: 0.0094 - mae: 0.0094 - mse: 1.5399e-04 - 2s/epoch - 11ms/step
Epoch 400/800
161/161 - 2s - loss: 0.0095 - mae: 0.0095 - mse: 1.5543e-04 - 2s/epoch - 11ms/step
Epoch 401/800
161/161 - 2s - loss: 0.0104 - mae: 0.0104 - mse: 1.8426e-04 - 2s/epoch - 11ms/step
Epoch 402/800
161/161 - 2s - loss: 0.0096 - mae: 0.0096 - mse: 1.5497e-04 - 2s/epoch - 11ms/step
Epoch 403/800
161/161 - 2s - loss: 0.0092 - mae: 0.0092 - mse: 1.4602e-04 - 2s/epoch - 11ms/step
Epoch 404/800
161/161 - 2s - loss: 0.0092 - mae: 0.0092 - mse: 1.4351e-04 - 2s/epoch - 11ms/step
Epoch 405/800
161/161 - 2s - loss: 0.0102 - mae: 0.0102 - mse: 1.7501e-04 - 2s/epoch - 11ms/step
Epoch 406/800
161/161 - 2s - loss: 0.0095 - mae: 0.0095 - mse: 1.5223e-04 - 2s/epoch - 11ms/step
Epoch 407/800
161/161 - 2s - loss: 0.0102 - mae: 0.0102 - mse: 1.8271e-04 - 2s/epoch - 11ms/step
Epoch 408/800
161/161 - 2s - loss: 0.0095 - mae: 0.0095 - mse: 1.5246e-04 - 2s/epoch - 11ms/step
Epoch 409/800
161/161 - 2s - loss: 0.0090 - mae: 0.0090 - mse: 1.3939e-04 - 2s/epoch - 11ms/step
Epoch 410/800
161/161 - 2s - loss: 0.0100 - mae: 0.0100 - mse: 1.6607e-04 - 2s/epoch - 11ms/step
Epoch 411/800
161/161 - 2s - loss: 0.0094 - mae: 0.0094 - mse: 1.5054e-04 - 2s/epoch - 11ms/step
Epoch 412/800
161/161 - 2s - loss: 0.0100 - mae: 0.0100 - mse: 1.7110e-04 - 2s/epoch - 11ms/step
Epoch 413/800
161/161 - 2s - loss: 0.0095 - mae: 0.0095 - mse: 1.5312e-04 - 2s/epoch - 11ms/step
Epoch 414/800
161/161 - 2s - loss: 0.0091 - mae: 0.0091 - mse: 1.4412e-04 - 2s/epoch - 11ms/step
Epoch 415/800
161/161 - 2s - loss: 0.0094 - mae: 0.0094 - mse: 1.4766e-04 - 2s/epoch - 11ms/step
Epoch 416/800
161/161 - 2s - loss: 0.0091 - mae: 0.0091 - mse: 1.4104e-04 - 2s/epoch - 11ms/step
Epoch 417/800
161/161 - 2s - loss: 0.0089 - mae: 0.0089 - mse: 1.3633e-04 - 2s/epoch - 11ms/step
Epoch 418/800
161/161 - 2s - loss: 0.0099 - mae: 0.0099 - mse: 1.6362e-04 - 2s/epoch - 11ms/step
Epoch 419/800
161/161 - 2s - loss: 0.0095 - mae: 0.0095 - mse: 1.4900e-04 - 2s/epoch - 11ms/step
Epoch 420/800
161/161 - 2s - loss: 0.0092 - mae: 0.0092 - mse: 1.4182e-04 - 2s/epoch - 11ms/step
Epoch 421/800
161/161 - 2s - loss: 0.0092 - mae: 0.0092 - mse: 1.4181e-04 - 2s/epoch - 11ms/step
Epoch 422/800
161/161 - 2s - loss: 0.0087 - mae: 0.0087 - mse: 1.3046e-04 - 2s/epoch - 11ms/step
Epoch 423/800
161/161 - 2s - loss: 0.0088 - mae: 0.0088 - mse: 1.3210e-04 - 2s/epoch - 11ms/step
Epoch 424/800
161/161 - 2s - loss: 0.0093 - mae: 0.0093 - mse: 1.4513e-04 - 2s/epoch - 11ms/step
Epoch 425/800
161/161 - 2s - loss: 0.0088 - mae: 0.0088 - mse: 1.3243e-04 - 2s/epoch - 11ms/step
Epoch 426/800
161/161 - 2s - loss: 0.0089 - mae: 0.0089 - mse: 1.3269e-04 - 2s/epoch - 11ms/step
Epoch 427/800
161/161 - 2s - loss: 0.0102 - mae: 0.0102 - mse: 1.7525e-04 - 2s/epoch - 11ms/step
Epoch 428/800
161/161 - 2s - loss: 0.0106 - mae: 0.0106 - mse: 1.8228e-04 - 2s/epoch - 11ms/step
Epoch 429/800
161/161 - 2s - loss: 0.0090 - mae: 0.0090 - mse: 1.3972e-04 - 2s/epoch - 11ms/step
Epoch 430/800
161/161 - 2s - loss: 0.0086 - mae: 0.0086 - mse: 1.2501e-04 - 2s/epoch - 11ms/step
Epoch 431/800
161/161 - 2s - loss: 0.0090 - mae: 0.0090 - mse: 1.3537e-04 - 2s/epoch - 11ms/step
Epoch 432/800
161/161 - 2s - loss: 0.0095 - mae: 0.0095 - mse: 1.5156e-04 - 2s/epoch - 11ms/step
Epoch 433/800
161/161 - 2s - loss: 0.0092 - mae: 0.0092 - mse: 1.4146e-04 - 2s/epoch - 11ms/step
Epoch 434/800
161/161 - 2s - loss: 0.0087 - mae: 0.0087 - mse: 1.2695e-04 - 2s/epoch - 11ms/step
Epoch 435/800
161/161 - 2s - loss: 0.0084 - mae: 0.0084 - mse: 1.1905e-04 - 2s/epoch - 11ms/step
Epoch 436/800
161/161 - 2s - loss: 0.0087 - mae: 0.0087 - mse: 1.2872e-04 - 2s/epoch - 11ms/step
Epoch 437/800
161/161 - 2s - loss: 0.0082 - mae: 0.0082 - mse: 1.1489e-04 - 2s/epoch - 11ms/step
Epoch 438/800
161/161 - 2s - loss: 0.0090 - mae: 0.0090 - mse: 1.3915e-04 - 2s/epoch - 11ms/step
Epoch 439/800
161/161 - 2s - loss: 0.0084 - mae: 0.0084 - mse: 1.2078e-04 - 2s/epoch - 11ms/step
Epoch 440/800
161/161 - 2s - loss: 0.0091 - mae: 0.0091 - mse: 1.3688e-04 - 2s/epoch - 11ms/step
Epoch 441/800
161/161 - 2s - loss: 0.0095 - mae: 0.0095 - mse: 1.5448e-04 - 2s/epoch - 11ms/step
Epoch 442/800
161/161 - 2s - loss: 0.0087 - mae: 0.0087 - mse: 1.2912e-04 - 2s/epoch - 11ms/step
Epoch 443/800
161/161 - 2s - loss: 0.0084 - mae: 0.0084 - mse: 1.2146e-04 - 2s/epoch - 11ms/step
Epoch 444/800
161/161 - 2s - loss: 0.0081 - mae: 0.0081 - mse: 1.1319e-04 - 2s/epoch - 11ms/step
Epoch 445/800
161/161 - 2s - loss: 0.0088 - mae: 0.0088 - mse: 1.2996e-04 - 2s/epoch - 11ms/step
Epoch 446/800
161/161 - 2s - loss: 0.0082 - mae: 0.0082 - mse: 1.1404e-04 - 2s/epoch - 11ms/step
Epoch 447/800
161/161 - 2s - loss: 0.0080 - mae: 0.0080 - mse: 1.0840e-04 - 2s/epoch - 11ms/step
Epoch 448/800
161/161 - 2s - loss: 0.0081 - mae: 0.0081 - mse: 1.0879e-04 - 2s/epoch - 11ms/step
Epoch 449/800
161/161 - 2s - loss: 0.0082 - mae: 0.0082 - mse: 1.1442e-04 - 2s/epoch - 11ms/step
Epoch 450/800
161/161 - 2s - loss: 0.0083 - mae: 0.0083 - mse: 1.1623e-04 - 2s/epoch - 11ms/step
Epoch 451/800
161/161 - 2s - loss: 0.0090 - mae: 0.0090 - mse: 1.3501e-04 - 2s/epoch - 11ms/step
Epoch 452/800
161/161 - 2s - loss: 0.0083 - mae: 0.0083 - mse: 1.1664e-04 - 2s/epoch - 11ms/step
Epoch 453/800
161/161 - 2s - loss: 0.0081 - mae: 0.0081 - mse: 1.1154e-04 - 2s/epoch - 11ms/step
Epoch 454/800
161/161 - 2s - loss: 0.0082 - mae: 0.0082 - mse: 1.1362e-04 - 2s/epoch - 11ms/step
Epoch 455/800
161/161 - 2s - loss: 0.0086 - mae: 0.0086 - mse: 1.2541e-04 - 2s/epoch - 11ms/step
Epoch 456/800
161/161 - 2s - loss: 0.0083 - mae: 0.0083 - mse: 1.1977e-04 - 2s/epoch - 11ms/step
Epoch 457/800
161/161 - 2s - loss: 0.0082 - mae: 0.0082 - mse: 1.1435e-04 - 2s/epoch - 11ms/step
Epoch 458/800
161/161 - 2s - loss: 0.0083 - mae: 0.0083 - mse: 1.1628e-04 - 2s/epoch - 11ms/step
Epoch 459/800
161/161 - 2s - loss: 0.0080 - mae: 0.0080 - mse: 1.0986e-04 - 2s/epoch - 11ms/step
Epoch 460/800
161/161 - 2s - loss: 0.0082 - mae: 0.0082 - mse: 1.1356e-04 - 2s/epoch - 11ms/step
Epoch 461/800
161/161 - 2s - loss: 0.0078 - mae: 0.0078 - mse: 1.0670e-04 - 2s/epoch - 11ms/step
Epoch 462/800
161/161 - 2s - loss: 0.0079 - mae: 0.0079 - mse: 1.0789e-04 - 2s/epoch - 11ms/step
Epoch 463/800
161/161 - 2s - loss: 0.0087 - mae: 0.0087 - mse: 1.2715e-04 - 2s/epoch - 11ms/step
Epoch 464/800
161/161 - 2s - loss: 0.0078 - mae: 0.0078 - mse: 1.0431e-04 - 2s/epoch - 11ms/step
Epoch 465/800
161/161 - 2s - loss: 0.0080 - mae: 0.0080 - mse: 1.0871e-04 - 2s/epoch - 11ms/step
Epoch 466/800
161/161 - 2s - loss: 0.0077 - mae: 0.0077 - mse: 1.0116e-04 - 2s/epoch - 11ms/step
Epoch 467/800
161/161 - 2s - loss: 0.0083 - mae: 0.0083 - mse: 1.1832e-04 - 2s/epoch - 11ms/step
Epoch 468/800
161/161 - 2s - loss: 0.0079 - mae: 0.0079 - mse: 1.0773e-04 - 2s/epoch - 11ms/step
Epoch 469/800
161/161 - 2s - loss: 0.0081 - mae: 0.0081 - mse: 1.1052e-04 - 2s/epoch - 11ms/step
Epoch 470/800
161/161 - 2s - loss: 0.0077 - mae: 0.0077 - mse: 1.0273e-04 - 2s/epoch - 11ms/step
Epoch 471/800
161/161 - 2s - loss: 0.0078 - mae: 0.0078 - mse: 1.0124e-04 - 2s/epoch - 11ms/step
Epoch 472/800
161/161 - 2s - loss: 0.0074 - mae: 0.0074 - mse: 9.1355e-05 - 2s/epoch - 11ms/step
Epoch 473/800
161/161 - 2s - loss: 0.0078 - mae: 0.0078 - mse: 1.0140e-04 - 2s/epoch - 11ms/step
Epoch 474/800
161/161 - 2s - loss: 0.0079 - mae: 0.0079 - mse: 1.0357e-04 - 2s/epoch - 11ms/step
Epoch 475/800
161/161 - 2s - loss: 0.0081 - mae: 0.0081 - mse: 1.1154e-04 - 2s/epoch - 11ms/step
Epoch 476/800
161/161 - 2s - loss: 0.0076 - mae: 0.0076 - mse: 9.7957e-05 - 2s/epoch - 11ms/step
Epoch 477/800
161/161 - 2s - loss: 0.0081 - mae: 0.0081 - mse: 1.1258e-04 - 2s/epoch - 11ms/step
Epoch 478/800
161/161 - 2s - loss: 0.0073 - mae: 0.0073 - mse: 9.1021e-05 - 2s/epoch - 11ms/step
Epoch 479/800
161/161 - 2s - loss: 0.0075 - mae: 0.0075 - mse: 9.4911e-05 - 2s/epoch - 11ms/step
Epoch 480/800
161/161 - 2s - loss: 0.0085 - mae: 0.0085 - mse: 1.1812e-04 - 2s/epoch - 11ms/step
Epoch 481/800
161/161 - 2s - loss: 0.0076 - mae: 0.0076 - mse: 9.9065e-05 - 2s/epoch - 11ms/step
Epoch 482/800
161/161 - 2s - loss: 0.0084 - mae: 0.0084 - mse: 1.1597e-04 - 2s/epoch - 11ms/step
Epoch 483/800
161/161 - 2s - loss: 0.0078 - mae: 0.0078 - mse: 1.0233e-04 - 2s/epoch - 11ms/step
Epoch 484/800
161/161 - 2s - loss: 0.0070 - mae: 0.0070 - mse: 8.5381e-05 - 2s/epoch - 11ms/step
Epoch 485/800
161/161 - 2s - loss: 0.0075 - mae: 0.0075 - mse: 9.6801e-05 - 2s/epoch - 11ms/step
Epoch 486/800
161/161 - 2s - loss: 0.0073 - mae: 0.0073 - mse: 8.9904e-05 - 2s/epoch - 11ms/step
Epoch 487/800
161/161 - 2s - loss: 0.0076 - mae: 0.0076 - mse: 9.6842e-05 - 2s/epoch - 11ms/step
Epoch 488/800
161/161 - 2s - loss: 0.0086 - mae: 0.0086 - mse: 1.2330e-04 - 2s/epoch - 11ms/step
Epoch 489/800
161/161 - 2s - loss: 0.0073 - mae: 0.0073 - mse: 9.0243e-05 - 2s/epoch - 11ms/step
Epoch 490/800
161/161 - 2s - loss: 0.0072 - mae: 0.0072 - mse: 8.8302e-05 - 2s/epoch - 11ms/step
Epoch 491/800
161/161 - 2s - loss: 0.0073 - mae: 0.0073 - mse: 9.0028e-05 - 2s/epoch - 11ms/step
Epoch 492/800
161/161 - 2s - loss: 0.0071 - mae: 0.0071 - mse: 8.5775e-05 - 2s/epoch - 11ms/step
Epoch 493/800
161/161 - 2s - loss: 0.0073 - mae: 0.0073 - mse: 9.1674e-05 - 2s/epoch - 11ms/step
Epoch 494/800
161/161 - 2s - loss: 0.0070 - mae: 0.0070 - mse: 8.2559e-05 - 2s/epoch - 11ms/step
Epoch 495/800
161/161 - 2s - loss: 0.0078 - mae: 0.0078 - mse: 1.0409e-04 - 2s/epoch - 11ms/step
Epoch 496/800
161/161 - 2s - loss: 0.0075 - mae: 0.0075 - mse: 9.4301e-05 - 2s/epoch - 11ms/step
Epoch 497/800
161/161 - 2s - loss: 0.0071 - mae: 0.0071 - mse: 8.5454e-05 - 2s/epoch - 11ms/step
Epoch 498/800
161/161 - 2s - loss: 0.0070 - mae: 0.0070 - mse: 8.3567e-05 - 2s/epoch - 11ms/step
Epoch 499/800
161/161 - 2s - loss: 0.0069 - mae: 0.0069 - mse: 8.1081e-05 - 2s/epoch - 11ms/step
Epoch 500/800
161/161 - 2s - loss: 0.0069 - mae: 0.0069 - mse: 8.3134e-05 - 2s/epoch - 11ms/step
Epoch 501/800
161/161 - 2s - loss: 0.0067 - mae: 0.0067 - mse: 7.6510e-05 - 2s/epoch - 11ms/step
Epoch 502/800
161/161 - 2s - loss: 0.0070 - mae: 0.0070 - mse: 8.2882e-05 - 2s/epoch - 11ms/step
Epoch 503/800
161/161 - 2s - loss: 0.0070 - mae: 0.0070 - mse: 8.2975e-05 - 2s/epoch - 11ms/step
Epoch 504/800
161/161 - 2s - loss: 0.0071 - mae: 0.0071 - mse: 8.6701e-05 - 2s/epoch - 11ms/step
Epoch 505/800
161/161 - 2s - loss: 0.0067 - mae: 0.0067 - mse: 7.6387e-05 - 2s/epoch - 11ms/step
Epoch 506/800
161/161 - 2s - loss: 0.0072 - mae: 0.0072 - mse: 8.6663e-05 - 2s/epoch - 11ms/step
Epoch 507/800
161/161 - 2s - loss: 0.0071 - mae: 0.0071 - mse: 8.4660e-05 - 2s/epoch - 11ms/step
Epoch 508/800
161/161 - 2s - loss: 0.0075 - mae: 0.0075 - mse: 9.5531e-05 - 2s/epoch - 11ms/step
Epoch 509/800
161/161 - 2s - loss: 0.0073 - mae: 0.0073 - mse: 8.9790e-05 - 2s/epoch - 11ms/step
Epoch 510/800
161/161 - 2s - loss: 0.0069 - mae: 0.0069 - mse: 8.0080e-05 - 2s/epoch - 11ms/step
Epoch 511/800
161/161 - 2s - loss: 0.0068 - mae: 0.0068 - mse: 7.8203e-05 - 2s/epoch - 11ms/step
Epoch 512/800
161/161 - 2s - loss: 0.0068 - mae: 0.0068 - mse: 7.9463e-05 - 2s/epoch - 11ms/step
Epoch 513/800
161/161 - 2s - loss: 0.0076 - mae: 0.0076 - mse: 9.5323e-05 - 2s/epoch - 11ms/step
Epoch 514/800
161/161 - 2s - loss: 0.0067 - mae: 0.0067 - mse: 7.7359e-05 - 2s/epoch - 11ms/step
Epoch 515/800
161/161 - 2s - loss: 0.0067 - mae: 0.0067 - mse: 7.5925e-05 - 2s/epoch - 11ms/step
Epoch 516/800
161/161 - 2s - loss: 0.0067 - mae: 0.0067 - mse: 7.5590e-05 - 2s/epoch - 11ms/step
Epoch 517/800
161/161 - 2s - loss: 0.0065 - mae: 0.0065 - mse: 7.1233e-05 - 2s/epoch - 11ms/step
Epoch 518/800
161/161 - 2s - loss: 0.0066 - mae: 0.0066 - mse: 7.3056e-05 - 2s/epoch - 11ms/step
Epoch 519/800
161/161 - 2s - loss: 0.0069 - mae: 0.0069 - mse: 8.0907e-05 - 2s/epoch - 11ms/step
Epoch 520/800
161/161 - 2s - loss: 0.0065 - mae: 0.0065 - mse: 7.2437e-05 - 2s/epoch - 11ms/step
Epoch 521/800
161/161 - 2s - loss: 0.0068 - mae: 0.0068 - mse: 7.7428e-05 - 2s/epoch - 11ms/step
Epoch 522/800
161/161 - 2s - loss: 0.0065 - mae: 0.0065 - mse: 7.0316e-05 - 2s/epoch - 11ms/step
Epoch 523/800
161/161 - 2s - loss: 0.0065 - mae: 0.0065 - mse: 7.1849e-05 - 2s/epoch - 11ms/step
Epoch 524/800
161/161 - 2s - loss: 0.0062 - mae: 0.0062 - mse: 6.5778e-05 - 2s/epoch - 11ms/step
Epoch 525/800
161/161 - 2s - loss: 0.0062 - mae: 0.0062 - mse: 6.4270e-05 - 2s/epoch - 11ms/step
Epoch 526/800
161/161 - 2s - loss: 0.0067 - mae: 0.0067 - mse: 7.6142e-05 - 2s/epoch - 11ms/step
Epoch 527/800
161/161 - 2s - loss: 0.0065 - mae: 0.0065 - mse: 7.2069e-05 - 2s/epoch - 11ms/step
Epoch 528/800
161/161 - 2s - loss: 0.0063 - mae: 0.0063 - mse: 6.9130e-05 - 2s/epoch - 11ms/step
Epoch 529/800
161/161 - 2s - loss: 0.0064 - mae: 0.0064 - mse: 6.9562e-05 - 2s/epoch - 11ms/step
Epoch 530/800
161/161 - 2s - loss: 0.0068 - mae: 0.0068 - mse: 7.7016e-05 - 2s/epoch - 11ms/step
Epoch 531/800
161/161 - 2s - loss: 0.0068 - mae: 0.0068 - mse: 8.1027e-05 - 2s/epoch - 11ms/step
Epoch 532/800
161/161 - 2s - loss: 0.0062 - mae: 0.0062 - mse: 6.4809e-05 - 2s/epoch - 11ms/step
Epoch 533/800
161/161 - 2s - loss: 0.0062 - mae: 0.0062 - mse: 6.4723e-05 - 2s/epoch - 11ms/step
Epoch 534/800
161/161 - 2s - loss: 0.0063 - mae: 0.0063 - mse: 6.7991e-05 - 2s/epoch - 11ms/step
Epoch 535/800
161/161 - 2s - loss: 0.0061 - mae: 0.0061 - mse: 6.3411e-05 - 2s/epoch - 11ms/step
Epoch 536/800
161/161 - 2s - loss: 0.0065 - mae: 0.0065 - mse: 7.2701e-05 - 2s/epoch - 11ms/step
Epoch 537/800
161/161 - 2s - loss: 0.0066 - mae: 0.0066 - mse: 7.2850e-05 - 2s/epoch - 11ms/step
Epoch 538/800
161/161 - 2s - loss: 0.0061 - mae: 0.0061 - mse: 6.2876e-05 - 2s/epoch - 11ms/step
Epoch 539/800
161/161 - 2s - loss: 0.0066 - mae: 0.0066 - mse: 7.1336e-05 - 2s/epoch - 11ms/step
Epoch 540/800
161/161 - 2s - loss: 0.0060 - mae: 0.0060 - mse: 5.9684e-05 - 2s/epoch - 11ms/step
Epoch 541/800
161/161 - 2s - loss: 0.0061 - mae: 0.0061 - mse: 6.3953e-05 - 2s/epoch - 11ms/step
Epoch 542/800
161/161 - 2s - loss: 0.0063 - mae: 0.0063 - mse: 6.8183e-05 - 2s/epoch - 11ms/step
Epoch 543/800
161/161 - 2s - loss: 0.0063 - mae: 0.0063 - mse: 6.8590e-05 - 2s/epoch - 11ms/step
Epoch 544/800
161/161 - 2s - loss: 0.0061 - mae: 0.0061 - mse: 6.3096e-05 - 2s/epoch - 11ms/step
Epoch 545/800
161/161 - 2s - loss: 0.0063 - mae: 0.0063 - mse: 6.8836e-05 - 2s/epoch - 11ms/step
Epoch 546/800
161/161 - 2s - loss: 0.0059 - mae: 0.0059 - mse: 5.9258e-05 - 2s/epoch - 11ms/step
Epoch 547/800
161/161 - 2s - loss: 0.0063 - mae: 0.0063 - mse: 6.8780e-05 - 2s/epoch - 11ms/step
Epoch 548/800
161/161 - 2s - loss: 0.0062 - mae: 0.0062 - mse: 6.5064e-05 - 2s/epoch - 11ms/step
Epoch 549/800
161/161 - 2s - loss: 0.0063 - mae: 0.0063 - mse: 6.6910e-05 - 2s/epoch - 11ms/step
Epoch 550/800
161/161 - 2s - loss: 0.0062 - mae: 0.0062 - mse: 6.4433e-05 - 2s/epoch - 11ms/step
Epoch 551/800
161/161 - 2s - loss: 0.0062 - mae: 0.0062 - mse: 6.6688e-05 - 2s/epoch - 11ms/step
Epoch 552/800
161/161 - 2s - loss: 0.0059 - mae: 0.0059 - mse: 5.8398e-05 - 2s/epoch - 11ms/step
Epoch 553/800
161/161 - 2s - loss: 0.0059 - mae: 0.0059 - mse: 5.9184e-05 - 2s/epoch - 11ms/step
Epoch 554/800
161/161 - 2s - loss: 0.0056 - mae: 0.0056 - mse: 5.3108e-05 - 2s/epoch - 11ms/step
Epoch 555/800
161/161 - 2s - loss: 0.0058 - mae: 0.0058 - mse: 5.7413e-05 - 2s/epoch - 11ms/step
Epoch 556/800
161/161 - 2s - loss: 0.0057 - mae: 0.0057 - mse: 5.4372e-05 - 2s/epoch - 11ms/step
Epoch 557/800
161/161 - 2s - loss: 0.0060 - mae: 0.0060 - mse: 5.9439e-05 - 2s/epoch - 11ms/step
Epoch 558/800
161/161 - 2s - loss: 0.0057 - mae: 0.0057 - mse: 5.6683e-05 - 2s/epoch - 11ms/step
Epoch 559/800
161/161 - 2s - loss: 0.0063 - mae: 0.0063 - mse: 6.6337e-05 - 2s/epoch - 11ms/step
Epoch 560/800
161/161 - 2s - loss: 0.0058 - mae: 0.0058 - mse: 5.7157e-05 - 2s/epoch - 11ms/step
Epoch 561/800
161/161 - 2s - loss: 0.0056 - mae: 0.0056 - mse: 5.4624e-05 - 2s/epoch - 11ms/step
Epoch 562/800
161/161 - 2s - loss: 0.0057 - mae: 0.0057 - mse: 5.5422e-05 - 2s/epoch - 11ms/step
Epoch 563/800
161/161 - 2s - loss: 0.0058 - mae: 0.0058 - mse: 5.7628e-05 - 2s/epoch - 11ms/step
Epoch 564/800
161/161 - 2s - loss: 0.0056 - mae: 0.0056 - mse: 5.3180e-05 - 2s/epoch - 11ms/step
Epoch 565/800
161/161 - 2s - loss: 0.0057 - mae: 0.0057 - mse: 5.5546e-05 - 2s/epoch - 11ms/step
Epoch 566/800
161/161 - 2s - loss: 0.0056 - mae: 0.0056 - mse: 5.2796e-05 - 2s/epoch - 11ms/step
Epoch 567/800
161/161 - 2s - loss: 0.0055 - mae: 0.0055 - mse: 5.0603e-05 - 2s/epoch - 11ms/step
Epoch 568/800
161/161 - 2s - loss: 0.0056 - mae: 0.0056 - mse: 5.2499e-05 - 2s/epoch - 11ms/step
Epoch 569/800
161/161 - 2s - loss: 0.0055 - mae: 0.0055 - mse: 5.1723e-05 - 2s/epoch - 11ms/step
Epoch 570/800
161/161 - 2s - loss: 0.0057 - mae: 0.0057 - mse: 5.5369e-05 - 2s/epoch - 11ms/step
Epoch 571/800
161/161 - 2s - loss: 0.0055 - mae: 0.0055 - mse: 5.1012e-05 - 2s/epoch - 11ms/step
Epoch 572/800
161/161 - 2s - loss: 0.0056 - mae: 0.0056 - mse: 5.1802e-05 - 2s/epoch - 11ms/step
Epoch 573/800
161/161 - 2s - loss: 0.0056 - mae: 0.0056 - mse: 5.1897e-05 - 2s/epoch - 11ms/step
Epoch 574/800
161/161 - 2s - loss: 0.0053 - mae: 0.0053 - mse: 4.7810e-05 - 2s/epoch - 11ms/step
Epoch 575/800
161/161 - 2s - loss: 0.0055 - mae: 0.0055 - mse: 5.0076e-05 - 2s/epoch - 11ms/step
Epoch 576/800
161/161 - 2s - loss: 0.0051 - mae: 0.0051 - mse: 4.4193e-05 - 2s/epoch - 11ms/step
Epoch 577/800
161/161 - 2s - loss: 0.0053 - mae: 0.0053 - mse: 4.7187e-05 - 2s/epoch - 11ms/step
Epoch 578/800
161/161 - 2s - loss: 0.0054 - mae: 0.0054 - mse: 4.8731e-05 - 2s/epoch - 11ms/step
Epoch 579/800
161/161 - 2s - loss: 0.0055 - mae: 0.0055 - mse: 5.1575e-05 - 2s/epoch - 11ms/step
Epoch 580/800
161/161 - 2s - loss: 0.0053 - mae: 0.0053 - mse: 4.7492e-05 - 2s/epoch - 11ms/step
Epoch 581/800
161/161 - 2s - loss: 0.0051 - mae: 0.0051 - mse: 4.5485e-05 - 2s/epoch - 11ms/step
Epoch 582/800
161/161 - 2s - loss: 0.0051 - mae: 0.0051 - mse: 4.4540e-05 - 2s/epoch - 11ms/step
Epoch 583/800
161/161 - 2s - loss: 0.0054 - mae: 0.0054 - mse: 4.9676e-05 - 2s/epoch - 11ms/step
Epoch 584/800
161/161 - 2s - loss: 0.0054 - mae: 0.0054 - mse: 4.9295e-05 - 2s/epoch - 11ms/step
Epoch 585/800
161/161 - 2s - loss: 0.0055 - mae: 0.0055 - mse: 5.0449e-05 - 2s/epoch - 11ms/step
Epoch 586/800
161/161 - 2s - loss: 0.0049 - mae: 0.0049 - mse: 4.0623e-05 - 2s/epoch - 11ms/step
Epoch 587/800
161/161 - 2s - loss: 0.0056 - mae: 0.0056 - mse: 5.4377e-05 - 2s/epoch - 11ms/step
Epoch 588/800
161/161 - 2s - loss: 0.0052 - mae: 0.0052 - mse: 4.5787e-05 - 2s/epoch - 11ms/step
Epoch 589/800
161/161 - 2s - loss: 0.0049 - mae: 0.0049 - mse: 4.1300e-05 - 2s/epoch - 11ms/step
Epoch 590/800
161/161 - 2s - loss: 0.0053 - mae: 0.0053 - mse: 4.8169e-05 - 2s/epoch - 11ms/step
Epoch 591/800
161/161 - 2s - loss: 0.0047 - mae: 0.0047 - mse: 3.7826e-05 - 2s/epoch - 11ms/step
Epoch 592/800
161/161 - 2s - loss: 0.0049 - mae: 0.0049 - mse: 4.1951e-05 - 2s/epoch - 11ms/step
Epoch 593/800
161/161 - 2s - loss: 0.0053 - mae: 0.0053 - mse: 4.7549e-05 - 2s/epoch - 11ms/step
Epoch 594/800
161/161 - 2s - loss: 0.0048 - mae: 0.0048 - mse: 3.9146e-05 - 2s/epoch - 11ms/step
Epoch 595/800
161/161 - 2s - loss: 0.0050 - mae: 0.0050 - mse: 4.2178e-05 - 2s/epoch - 11ms/step
Epoch 596/800
161/161 - 2s - loss: 0.0051 - mae: 0.0051 - mse: 4.3517e-05 - 2s/epoch - 11ms/step
Epoch 597/800
161/161 - 2s - loss: 0.0050 - mae: 0.0050 - mse: 4.2324e-05 - 2s/epoch - 11ms/step
Epoch 598/800
161/161 - 2s - loss: 0.0050 - mae: 0.0050 - mse: 4.2270e-05 - 2s/epoch - 11ms/step
Epoch 599/800
161/161 - 2s - loss: 0.0048 - mae: 0.0048 - mse: 3.9330e-05 - 2s/epoch - 11ms/step
Epoch 600/800
161/161 - 2s - loss: 0.0053 - mae: 0.0053 - mse: 4.7650e-05 - 2s/epoch - 11ms/step
Epoch 601/800
161/161 - 2s - loss: 0.0049 - mae: 0.0049 - mse: 4.1380e-05 - 2s/epoch - 11ms/step
Epoch 602/800
161/161 - 2s - loss: 0.0050 - mae: 0.0050 - mse: 4.1731e-05 - 2s/epoch - 11ms/step
Epoch 603/800
161/161 - 2s - loss: 0.0046 - mae: 0.0046 - mse: 3.5843e-05 - 2s/epoch - 11ms/step
Epoch 604/800
161/161 - 2s - loss: 0.0048 - mae: 0.0048 - mse: 4.1065e-05 - 2s/epoch - 11ms/step
Epoch 605/800
161/161 - 2s - loss: 0.0050 - mae: 0.0050 - mse: 4.1898e-05 - 2s/epoch - 11ms/step
Epoch 606/800
161/161 - 2s - loss: 0.0048 - mae: 0.0048 - mse: 3.9176e-05 - 2s/epoch - 11ms/step
Epoch 607/800
161/161 - 2s - loss: 0.0047 - mae: 0.0047 - mse: 3.8795e-05 - 2s/epoch - 11ms/step
Epoch 608/800
161/161 - 2s - loss: 0.0047 - mae: 0.0047 - mse: 3.6727e-05 - 2s/epoch - 11ms/step
Epoch 609/800
161/161 - 2s - loss: 0.0047 - mae: 0.0047 - mse: 3.7813e-05 - 2s/epoch - 11ms/step
Epoch 610/800
161/161 - 2s - loss: 0.0047 - mae: 0.0047 - mse: 3.7308e-05 - 2s/epoch - 11ms/step
Epoch 611/800
161/161 - 2s - loss: 0.0051 - mae: 0.0051 - mse: 4.4069e-05 - 2s/epoch - 11ms/step
Epoch 612/800
161/161 - 2s - loss: 0.0048 - mae: 0.0048 - mse: 3.9116e-05 - 2s/epoch - 11ms/step
Epoch 613/800
161/161 - 2s - loss: 0.0045 - mae: 0.0045 - mse: 3.4349e-05 - 2s/epoch - 11ms/step
Epoch 614/800
161/161 - 2s - loss: 0.0047 - mae: 0.0047 - mse: 3.7554e-05 - 2s/epoch - 11ms/step
Epoch 615/800
161/161 - 2s - loss: 0.0045 - mae: 0.0045 - mse: 3.3660e-05 - 2s/epoch - 11ms/step
Epoch 616/800
161/161 - 2s - loss: 0.0045 - mae: 0.0045 - mse: 3.4416e-05 - 2s/epoch - 11ms/step
Epoch 617/800
161/161 - 2s - loss: 0.0043 - mae: 0.0043 - mse: 3.0773e-05 - 2s/epoch - 11ms/step
Epoch 618/800
161/161 - 2s - loss: 0.0043 - mae: 0.0043 - mse: 3.2556e-05 - 2s/epoch - 11ms/step
Epoch 619/800
161/161 - 2s - loss: 0.0046 - mae: 0.0046 - mse: 3.5935e-05 - 2s/epoch - 11ms/step
Epoch 620/800
161/161 - 2s - loss: 0.0046 - mae: 0.0046 - mse: 3.6538e-05 - 2s/epoch - 11ms/step
Epoch 621/800
161/161 - 2s - loss: 0.0044 - mae: 0.0044 - mse: 3.2119e-05 - 2s/epoch - 11ms/step
Epoch 622/800
161/161 - 2s - loss: 0.0042 - mae: 0.0042 - mse: 3.0511e-05 - 2s/epoch - 11ms/step
Epoch 623/800
161/161 - 2s - loss: 0.0043 - mae: 0.0043 - mse: 3.1588e-05 - 2s/epoch - 11ms/step
Epoch 624/800
161/161 - 2s - loss: 0.0042 - mae: 0.0042 - mse: 3.0262e-05 - 2s/epoch - 11ms/step
Epoch 625/800
161/161 - 2s - loss: 0.0045 - mae: 0.0045 - mse: 3.4443e-05 - 2s/epoch - 11ms/step
Epoch 626/800
161/161 - 2s - loss: 0.0043 - mae: 0.0043 - mse: 3.1994e-05 - 2s/epoch - 11ms/step
Epoch 627/800
161/161 - 2s - loss: 0.0040 - mae: 0.0040 - mse: 2.7591e-05 - 2s/epoch - 11ms/step
Epoch 628/800
161/161 - 2s - loss: 0.0043 - mae: 0.0043 - mse: 3.1195e-05 - 2s/epoch - 11ms/step
Epoch 629/800
161/161 - 2s - loss: 0.0041 - mae: 0.0041 - mse: 2.9065e-05 - 2s/epoch - 11ms/step
Epoch 630/800
161/161 - 2s - loss: 0.0043 - mae: 0.0043 - mse: 3.1702e-05 - 2s/epoch - 11ms/step
Epoch 631/800
161/161 - 2s - loss: 0.0041 - mae: 0.0041 - mse: 2.9391e-05 - 2s/epoch - 11ms/step
Epoch 632/800
161/161 - 2s - loss: 0.0042 - mae: 0.0042 - mse: 2.9606e-05 - 2s/epoch - 11ms/step
Epoch 633/800
161/161 - 2s - loss: 0.0042 - mae: 0.0042 - mse: 3.0817e-05 - 2s/epoch - 11ms/step
Epoch 634/800
161/161 - 2s - loss: 0.0040 - mae: 0.0040 - mse: 2.7169e-05 - 2s/epoch - 11ms/step
Epoch 635/800
161/161 - 2s - loss: 0.0039 - mae: 0.0039 - mse: 2.5198e-05 - 2s/epoch - 11ms/step
Epoch 636/800
161/161 - 2s - loss: 0.0040 - mae: 0.0040 - mse: 2.6717e-05 - 2s/epoch - 11ms/step
Epoch 637/800
161/161 - 2s - loss: 0.0043 - mae: 0.0043 - mse: 3.0557e-05 - 2s/epoch - 11ms/step
Epoch 638/800
161/161 - 2s - loss: 0.0044 - mae: 0.0044 - mse: 3.2131e-05 - 2s/epoch - 11ms/step
Epoch 639/800
161/161 - 2s - loss: 0.0040 - mae: 0.0040 - mse: 2.7775e-05 - 2s/epoch - 11ms/step
Epoch 640/800
161/161 - 2s - loss: 0.0040 - mae: 0.0040 - mse: 2.7204e-05 - 2s/epoch - 11ms/step
Epoch 641/800
161/161 - 2s - loss: 0.0043 - mae: 0.0043 - mse: 3.1182e-05 - 2s/epoch - 11ms/step
Epoch 642/800
161/161 - 2s - loss: 0.0041 - mae: 0.0041 - mse: 2.8025e-05 - 2s/epoch - 11ms/step
Epoch 643/800
161/161 - 2s - loss: 0.0040 - mae: 0.0040 - mse: 2.6978e-05 - 2s/epoch - 11ms/step
Epoch 644/800
161/161 - 2s - loss: 0.0040 - mae: 0.0040 - mse: 2.7018e-05 - 2s/epoch - 11ms/step
Epoch 645/800
161/161 - 2s - loss: 0.0038 - mae: 0.0038 - mse: 2.4828e-05 - 2s/epoch - 11ms/step
Epoch 646/800
161/161 - 2s - loss: 0.0037 - mae: 0.0037 - mse: 2.3453e-05 - 2s/epoch - 11ms/step
Epoch 647/800
161/161 - 2s - loss: 0.0040 - mae: 0.0040 - mse: 2.6722e-05 - 2s/epoch - 11ms/step
Epoch 648/800
161/161 - 2s - loss: 0.0041 - mae: 0.0041 - mse: 2.8575e-05 - 2s/epoch - 11ms/step
Epoch 649/800
161/161 - 2s - loss: 0.0039 - mae: 0.0039 - mse: 2.5958e-05 - 2s/epoch - 11ms/step
Epoch 650/800
161/161 - 2s - loss: 0.0038 - mae: 0.0038 - mse: 2.3766e-05 - 2s/epoch - 11ms/step
Epoch 651/800
161/161 - 2s - loss: 0.0036 - mae: 0.0036 - mse: 2.1618e-05 - 2s/epoch - 11ms/step
Epoch 652/800
161/161 - 2s - loss: 0.0039 - mae: 0.0039 - mse: 2.5257e-05 - 2s/epoch - 11ms/step
Epoch 653/800
161/161 - 2s - loss: 0.0037 - mae: 0.0037 - mse: 2.4068e-05 - 2s/epoch - 11ms/step
Epoch 654/800
161/161 - 2s - loss: 0.0036 - mae: 0.0036 - mse: 2.1698e-05 - 2s/epoch - 11ms/step
Epoch 655/800
161/161 - 2s - loss: 0.0036 - mae: 0.0036 - mse: 2.2195e-05 - 2s/epoch - 11ms/step
Epoch 656/800
161/161 - 2s - loss: 0.0036 - mae: 0.0036 - mse: 2.2197e-05 - 2s/epoch - 11ms/step
Epoch 657/800
161/161 - 2s - loss: 0.0035 - mae: 0.0035 - mse: 2.0320e-05 - 2s/epoch - 11ms/step
Epoch 658/800
161/161 - 2s - loss: 0.0039 - mae: 0.0039 - mse: 2.5275e-05 - 2s/epoch - 11ms/step
Epoch 659/800
161/161 - 2s - loss: 0.0036 - mae: 0.0036 - mse: 2.1840e-05 - 2s/epoch - 11ms/step
Epoch 660/800
161/161 - 2s - loss: 0.0034 - mae: 0.0034 - mse: 2.0137e-05 - 2s/epoch - 11ms/step
Epoch 661/800
161/161 - 2s - loss: 0.0034 - mae: 0.0034 - mse: 1.9410e-05 - 2s/epoch - 11ms/step
Epoch 662/800
161/161 - 2s - loss: 0.0035 - mae: 0.0035 - mse: 2.1327e-05 - 2s/epoch - 11ms/step
Epoch 663/800
161/161 - 2s - loss: 0.0036 - mae: 0.0036 - mse: 2.1497e-05 - 2s/epoch - 11ms/step
Epoch 664/800
161/161 - 2s - loss: 0.0038 - mae: 0.0038 - mse: 2.3754e-05 - 2s/epoch - 11ms/step
Epoch 665/800
161/161 - 2s - loss: 0.0034 - mae: 0.0034 - mse: 1.9646e-05 - 2s/epoch - 11ms/step
Epoch 666/800
161/161 - 2s - loss: 0.0035 - mae: 0.0035 - mse: 2.1079e-05 - 2s/epoch - 11ms/step
Epoch 667/800
161/161 - 2s - loss: 0.0033 - mae: 0.0033 - mse: 1.8604e-05 - 2s/epoch - 11ms/step
Epoch 668/800
161/161 - 2s - loss: 0.0035 - mae: 0.0035 - mse: 2.0265e-05 - 2s/epoch - 11ms/step
Epoch 669/800
161/161 - 2s - loss: 0.0035 - mae: 0.0035 - mse: 2.0578e-05 - 2s/epoch - 11ms/step
Epoch 670/800
161/161 - 2s - loss: 0.0033 - mae: 0.0033 - mse: 1.8676e-05 - 2s/epoch - 11ms/step
Epoch 671/800
161/161 - 2s - loss: 0.0034 - mae: 0.0034 - mse: 1.9086e-05 - 2s/epoch - 11ms/step
Epoch 672/800
161/161 - 2s - loss: 0.0033 - mae: 0.0033 - mse: 1.8038e-05 - 2s/epoch - 11ms/step
Epoch 673/800
161/161 - 2s - loss: 0.0035 - mae: 0.0035 - mse: 2.0112e-05 - 2s/epoch - 11ms/step
Epoch 674/800
161/161 - 2s - loss: 0.0033 - mae: 0.0033 - mse: 1.9213e-05 - 2s/epoch - 11ms/step
Epoch 675/800
161/161 - 2s - loss: 0.0032 - mae: 0.0032 - mse: 1.7944e-05 - 2s/epoch - 11ms/step
Epoch 676/800
161/161 - 2s - loss: 0.0033 - mae: 0.0033 - mse: 1.8245e-05 - 2s/epoch - 11ms/step
Epoch 677/800
161/161 - 2s - loss: 0.0032 - mae: 0.0032 - mse: 1.7315e-05 - 2s/epoch - 11ms/step
Epoch 678/800
161/161 - 2s - loss: 0.0032 - mae: 0.0032 - mse: 1.7077e-05 - 2s/epoch - 11ms/step
Epoch 679/800
161/161 - 2s - loss: 0.0031 - mae: 0.0031 - mse: 1.6235e-05 - 2s/epoch - 11ms/step
Epoch 680/800
161/161 - 2s - loss: 0.0033 - mae: 0.0033 - mse: 1.7685e-05 - 2s/epoch - 11ms/step
Epoch 681/800
161/161 - 2s - loss: 0.0031 - mae: 0.0031 - mse: 1.6116e-05 - 2s/epoch - 11ms/step
Epoch 682/800
161/161 - 2s - loss: 0.0032 - mae: 0.0032 - mse: 1.7160e-05 - 2s/epoch - 11ms/step
Epoch 683/800
161/161 - 2s - loss: 0.0031 - mae: 0.0031 - mse: 1.6603e-05 - 2s/epoch - 11ms/step
Epoch 684/800
161/161 - 2s - loss: 0.0031 - mae: 0.0031 - mse: 1.6136e-05 - 2s/epoch - 11ms/step
Epoch 685/800
161/161 - 2s - loss: 0.0030 - mae: 0.0030 - mse: 1.5137e-05 - 2s/epoch - 11ms/step
Epoch 686/800
161/161 - 2s - loss: 0.0030 - mae: 0.0030 - mse: 1.4908e-05 - 2s/epoch - 11ms/step
Epoch 687/800
161/161 - 2s - loss: 0.0029 - mae: 0.0029 - mse: 1.4654e-05 - 2s/epoch - 11ms/step
Epoch 688/800
161/161 - 2s - loss: 0.0031 - mae: 0.0031 - mse: 1.5692e-05 - 2s/epoch - 11ms/step
Epoch 689/800
161/161 - 2s - loss: 0.0029 - mae: 0.0029 - mse: 1.4038e-05 - 2s/epoch - 11ms/step
Epoch 690/800
161/161 - 2s - loss: 0.0031 - mae: 0.0031 - mse: 1.5591e-05 - 2s/epoch - 11ms/step
Epoch 691/800
161/161 - 2s - loss: 0.0031 - mae: 0.0031 - mse: 1.6070e-05 - 2s/epoch - 11ms/step
Epoch 692/800
161/161 - 2s - loss: 0.0027 - mae: 0.0027 - mse: 1.2686e-05 - 2s/epoch - 11ms/step
Epoch 693/800
161/161 - 2s - loss: 0.0029 - mae: 0.0029 - mse: 1.3962e-05 - 2s/epoch - 11ms/step
Epoch 694/800
161/161 - 2s - loss: 0.0028 - mae: 0.0028 - mse: 1.3086e-05 - 2s/epoch - 11ms/step
Epoch 695/800
161/161 - 2s - loss: 0.0027 - mae: 0.0027 - mse: 1.2711e-05 - 2s/epoch - 11ms/step
Epoch 696/800
161/161 - 2s - loss: 0.0028 - mae: 0.0028 - mse: 1.3875e-05 - 2s/epoch - 11ms/step
Epoch 697/800
161/161 - 2s - loss: 0.0031 - mae: 0.0031 - mse: 1.6406e-05 - 2s/epoch - 11ms/step
Epoch 698/800
161/161 - 2s - loss: 0.0028 - mae: 0.0028 - mse: 1.3590e-05 - 2s/epoch - 11ms/step
Epoch 699/800
161/161 - 2s - loss: 0.0027 - mae: 0.0027 - mse: 1.2507e-05 - 2s/epoch - 11ms/step
Epoch 700/800
161/161 - 2s - loss: 0.0026 - mae: 0.0026 - mse: 1.1841e-05 - 2s/epoch - 11ms/step
Epoch 701/800
161/161 - 2s - loss: 0.0027 - mae: 0.0027 - mse: 1.2450e-05 - 2s/epoch - 11ms/step
Epoch 702/800
161/161 - 2s - loss: 0.0026 - mae: 0.0026 - mse: 1.1867e-05 - 2s/epoch - 11ms/step
Epoch 703/800
161/161 - 2s - loss: 0.0027 - mae: 0.0027 - mse: 1.2211e-05 - 2s/epoch - 11ms/step
Epoch 704/800
161/161 - 2s - loss: 0.0028 - mae: 0.0028 - mse: 1.2911e-05 - 2s/epoch - 11ms/step
Epoch 705/800
161/161 - 2s - loss: 0.0029 - mae: 0.0029 - mse: 1.3816e-05 - 2s/epoch - 11ms/step
Epoch 706/800
161/161 - 2s - loss: 0.0026 - mae: 0.0026 - mse: 1.1237e-05 - 2s/epoch - 11ms/step
Epoch 707/800
161/161 - 2s - loss: 0.0027 - mae: 0.0027 - mse: 1.2604e-05 - 2s/epoch - 11ms/step
Epoch 708/800
161/161 - 2s - loss: 0.0026 - mae: 0.0026 - mse: 1.1116e-05 - 2s/epoch - 11ms/step
Epoch 709/800
161/161 - 2s - loss: 0.0025 - mae: 0.0025 - mse: 1.0451e-05 - 2s/epoch - 11ms/step
Epoch 710/800
161/161 - 2s - loss: 0.0025 - mae: 0.0025 - mse: 1.0398e-05 - 2s/epoch - 11ms/step
Epoch 711/800
161/161 - 2s - loss: 0.0024 - mae: 0.0024 - mse: 9.3740e-06 - 2s/epoch - 11ms/step
Epoch 712/800
161/161 - 2s - loss: 0.0024 - mae: 0.0024 - mse: 9.5402e-06 - 2s/epoch - 11ms/step
Epoch 713/800
161/161 - 2s - loss: 0.0025 - mae: 0.0025 - mse: 1.0566e-05 - 2s/epoch - 11ms/step
Epoch 714/800
161/161 - 2s - loss: 0.0023 - mae: 0.0023 - mse: 9.3106e-06 - 2s/epoch - 11ms/step
Epoch 715/800
161/161 - 2s - loss: 0.0025 - mae: 0.0025 - mse: 1.0307e-05 - 2s/epoch - 11ms/step
Epoch 716/800
161/161 - 2s - loss: 0.0025 - mae: 0.0025 - mse: 1.0399e-05 - 2s/epoch - 11ms/step
Epoch 717/800
161/161 - 2s - loss: 0.0025 - mae: 0.0025 - mse: 1.0629e-05 - 2s/epoch - 11ms/step
Epoch 718/800
161/161 - 2s - loss: 0.0023 - mae: 0.0023 - mse: 8.9430e-06 - 2s/epoch - 11ms/step
Epoch 719/800
161/161 - 2s - loss: 0.0023 - mae: 0.0023 - mse: 8.9152e-06 - 2s/epoch - 11ms/step
Epoch 720/800
161/161 - 2s - loss: 0.0023 - mae: 0.0023 - mse: 8.7917e-06 - 2s/epoch - 11ms/step
Epoch 721/800
161/161 - 2s - loss: 0.0022 - mae: 0.0022 - mse: 8.1864e-06 - 2s/epoch - 11ms/step
Epoch 722/800
161/161 - 2s - loss: 0.0021 - mae: 0.0021 - mse: 7.8933e-06 - 2s/epoch - 11ms/step
Epoch 723/800
161/161 - 2s - loss: 0.0025 - mae: 0.0025 - mse: 1.0499e-05 - 2s/epoch - 11ms/step
Epoch 724/800
161/161 - 2s - loss: 0.0022 - mae: 0.0022 - mse: 8.5446e-06 - 2s/epoch - 11ms/step
Epoch 725/800
161/161 - 2s - loss: 0.0022 - mae: 0.0022 - mse: 8.6884e-06 - 2s/epoch - 11ms/step
Epoch 726/800
161/161 - 2s - loss: 0.0022 - mae: 0.0022 - mse: 8.4349e-06 - 2s/epoch - 11ms/step
Epoch 727/800
161/161 - 2s - loss: 0.0020 - mae: 0.0020 - mse: 7.0082e-06 - 2s/epoch - 11ms/step
Epoch 728/800
161/161 - 2s - loss: 0.0020 - mae: 0.0020 - mse: 6.8777e-06 - 2s/epoch - 11ms/step
Epoch 729/800
161/161 - 2s - loss: 0.0020 - mae: 0.0020 - mse: 6.9766e-06 - 2s/epoch - 11ms/step
Epoch 730/800
161/161 - 2s - loss: 0.0021 - mae: 0.0021 - mse: 7.3804e-06 - 2s/epoch - 11ms/step
Epoch 731/800
161/161 - 2s - loss: 0.0020 - mae: 0.0020 - mse: 6.6682e-06 - 2s/epoch - 11ms/step
Epoch 732/800
161/161 - 2s - loss: 0.0020 - mae: 0.0020 - mse: 6.5250e-06 - 2s/epoch - 11ms/step
Epoch 733/800
161/161 - 2s - loss: 0.0020 - mae: 0.0020 - mse: 6.6663e-06 - 2s/epoch - 11ms/step
Epoch 734/800
161/161 - 2s - loss: 0.0021 - mae: 0.0021 - mse: 7.6723e-06 - 2s/epoch - 11ms/step
Epoch 735/800
161/161 - 2s - loss: 0.0019 - mae: 0.0019 - mse: 6.0794e-06 - 2s/epoch - 11ms/step
Epoch 736/800
161/161 - 2s - loss: 0.0019 - mae: 0.0019 - mse: 6.3178e-06 - 2s/epoch - 11ms/step
Epoch 737/800
161/161 - 2s - loss: 0.0019 - mae: 0.0019 - mse: 6.4953e-06 - 2s/epoch - 11ms/step
Epoch 738/800
161/161 - 2s - loss: 0.0019 - mae: 0.0019 - mse: 6.0248e-06 - 2s/epoch - 11ms/step
Epoch 739/800
161/161 - 2s - loss: 0.0019 - mae: 0.0019 - mse: 6.1321e-06 - 2s/epoch - 11ms/step
Epoch 740/800
161/161 - 2s - loss: 0.0018 - mae: 0.0018 - mse: 5.4949e-06 - 2s/epoch - 11ms/step
Epoch 741/800
161/161 - 2s - loss: 0.0019 - mae: 0.0019 - mse: 5.9432e-06 - 2s/epoch - 11ms/step
Epoch 742/800
161/161 - 2s - loss: 0.0018 - mae: 0.0018 - mse: 5.5455e-06 - 2s/epoch - 11ms/step
Epoch 743/800
161/161 - 2s - loss: 0.0018 - mae: 0.0018 - mse: 5.6263e-06 - 2s/epoch - 11ms/step
Epoch 744/800
161/161 - 2s - loss: 0.0017 - mae: 0.0017 - mse: 5.2650e-06 - 2s/epoch - 11ms/step
Epoch 745/800
161/161 - 2s - loss: 0.0017 - mae: 0.0017 - mse: 4.9210e-06 - 2s/epoch - 11ms/step
Epoch 746/800
161/161 - 2s - loss: 0.0018 - mae: 0.0018 - mse: 5.3204e-06 - 2s/epoch - 11ms/step
Epoch 747/800
161/161 - 2s - loss: 0.0018 - mae: 0.0018 - mse: 5.2930e-06 - 2s/epoch - 11ms/step
Epoch 748/800
161/161 - 2s - loss: 0.0016 - mae: 0.0016 - mse: 4.7096e-06 - 2s/epoch - 11ms/step
Epoch 749/800
161/161 - 2s - loss: 0.0015 - mae: 0.0015 - mse: 4.1297e-06 - 2s/epoch - 11ms/step
Epoch 750/800
161/161 - 2s - loss: 0.0016 - mae: 0.0016 - mse: 4.1492e-06 - 2s/epoch - 11ms/step
Epoch 751/800
161/161 - 2s - loss: 0.0017 - mae: 0.0017 - mse: 5.1118e-06 - 2s/epoch - 11ms/step
Epoch 752/800
161/161 - 2s - loss: 0.0016 - mae: 0.0016 - mse: 4.2307e-06 - 2s/epoch - 11ms/step
Epoch 753/800
161/161 - 2s - loss: 0.0015 - mae: 0.0015 - mse: 3.9107e-06 - 2s/epoch - 12ms/step
Epoch 754/800
161/161 - 2s - loss: 0.0016 - mae: 0.0016 - mse: 4.2081e-06 - 2s/epoch - 12ms/step
Epoch 755/800
161/161 - 2s - loss: 0.0016 - mae: 0.0016 - mse: 4.4213e-06 - 2s/epoch - 11ms/step
Epoch 756/800
161/161 - 2s - loss: 0.0015 - mae: 0.0015 - mse: 3.9970e-06 - 2s/epoch - 11ms/step
Epoch 757/800
161/161 - 2s - loss: 0.0015 - mae: 0.0015 - mse: 3.8326e-06 - 2s/epoch - 11ms/step
Epoch 758/800
161/161 - 2s - loss: 0.0015 - mae: 0.0015 - mse: 3.6528e-06 - 2s/epoch - 11ms/step
Epoch 759/800
161/161 - 2s - loss: 0.0014 - mae: 0.0014 - mse: 3.6098e-06 - 2s/epoch - 11ms/step
Epoch 760/800
161/161 - 2s - loss: 0.0014 - mae: 0.0014 - mse: 3.5013e-06 - 2s/epoch - 11ms/step
Epoch 761/800
161/161 - 2s - loss: 0.0014 - mae: 0.0014 - mse: 3.3113e-06 - 2s/epoch - 11ms/step
Epoch 762/800
161/161 - 2s - loss: 0.0013 - mae: 0.0013 - mse: 3.1363e-06 - 2s/epoch - 11ms/step
Epoch 763/800
161/161 - 2s - loss: 0.0014 - mae: 0.0014 - mse: 3.2752e-06 - 2s/epoch - 11ms/step
Epoch 764/800
161/161 - 2s - loss: 0.0013 - mae: 0.0013 - mse: 3.1400e-06 - 2s/epoch - 11ms/step
Epoch 765/800
161/161 - 2s - loss: 0.0012 - mae: 0.0012 - mse: 2.8048e-06 - 2s/epoch - 11ms/step
Epoch 766/800
161/161 - 2s - loss: 0.0013 - mae: 0.0013 - mse: 2.8995e-06 - 2s/epoch - 11ms/step
Epoch 767/800
161/161 - 2s - loss: 0.0013 - mae: 0.0013 - mse: 2.8721e-06 - 2s/epoch - 11ms/step
Epoch 768/800
161/161 - 2s - loss: 0.0013 - mae: 0.0013 - mse: 2.8008e-06 - 2s/epoch - 11ms/step
Epoch 769/800
161/161 - 2s - loss: 0.0012 - mae: 0.0012 - mse: 2.6117e-06 - 2s/epoch - 11ms/step
Epoch 770/800
161/161 - 2s - loss: 0.0012 - mae: 0.0012 - mse: 2.5675e-06 - 2s/epoch - 11ms/step
Epoch 771/800
161/161 - 2s - loss: 0.0012 - mae: 0.0012 - mse: 2.3579e-06 - 2s/epoch - 11ms/step
Epoch 772/800
161/161 - 2s - loss: 0.0011 - mae: 0.0011 - mse: 2.1826e-06 - 2s/epoch - 11ms/step
Epoch 773/800
161/161 - 2s - loss: 0.0011 - mae: 0.0011 - mse: 2.2224e-06 - 2s/epoch - 11ms/step
Epoch 774/800
161/161 - 2s - loss: 0.0011 - mae: 0.0011 - mse: 2.1083e-06 - 2s/epoch - 11ms/step
Epoch 775/800
161/161 - 2s - loss: 0.0011 - mae: 0.0011 - mse: 2.0744e-06 - 2s/epoch - 11ms/step
Epoch 776/800
161/161 - 2s - loss: 0.0011 - mae: 0.0011 - mse: 2.0419e-06 - 2s/epoch - 11ms/step
Epoch 777/800
161/161 - 2s - loss: 9.6994e-04 - mae: 9.6994e-04 - mse: 1.7724e-06 - 2s/epoch - 11ms/step
Epoch 778/800
161/161 - 2s - loss: 0.0011 - mae: 0.0011 - mse: 2.1085e-06 - 2s/epoch - 11ms/step
Epoch 779/800
161/161 - 2s - loss: 0.0011 - mae: 0.0011 - mse: 1.9722e-06 - 2s/epoch - 11ms/step
Epoch 780/800
161/161 - 2s - loss: 9.9047e-04 - mae: 9.9047e-04 - mse: 1.8041e-06 - 2s/epoch - 11ms/step
Epoch 781/800
161/161 - 2s - loss: 9.2913e-04 - mae: 9.2913e-04 - mse: 1.6315e-06 - 2s/epoch - 11ms/step
Epoch 782/800
161/161 - 2s - loss: 0.0010 - mae: 0.0010 - mse: 1.8906e-06 - 2s/epoch - 11ms/step
Epoch 783/800
161/161 - 2s - loss: 9.2019e-04 - mae: 9.2019e-04 - mse: 1.6010e-06 - 2s/epoch - 11ms/step
Epoch 784/800
161/161 - 2s - loss: 8.6904e-04 - mae: 8.6904e-04 - mse: 1.4531e-06 - 2s/epoch - 11ms/step
Epoch 785/800
161/161 - 2s - loss: 9.1508e-04 - mae: 9.1508e-04 - mse: 1.5763e-06 - 2s/epoch - 11ms/step
Epoch 786/800
161/161 - 2s - loss: 8.1189e-04 - mae: 8.1189e-04 - mse: 1.2977e-06 - 2s/epoch - 11ms/step
Epoch 787/800
161/161 - 2s - loss: 8.5070e-04 - mae: 8.5070e-04 - mse: 1.3869e-06 - 2s/epoch - 11ms/step
Epoch 788/800
161/161 - 2s - loss: 7.7270e-04 - mae: 7.7270e-04 - mse: 1.2095e-06 - 2s/epoch - 11ms/step
Epoch 789/800
161/161 - 2s - loss: 7.6002e-04 - mae: 7.6002e-04 - mse: 1.1719e-06 - 2s/epoch - 11ms/step
Epoch 790/800
161/161 - 2s - loss: 7.5375e-04 - mae: 7.5375e-04 - mse: 1.1681e-06 - 2s/epoch - 11ms/step
Epoch 791/800
161/161 - 2s - loss: 7.1150e-04 - mae: 7.1150e-04 - mse: 1.0643e-06 - 2s/epoch - 11ms/step
Epoch 792/800
161/161 - 2s - loss: 7.3137e-04 - mae: 7.3137e-04 - mse: 1.1223e-06 - 2s/epoch - 11ms/step
Epoch 793/800
161/161 - 2s - loss: 6.9462e-04 - mae: 6.9462e-04 - mse: 1.0151e-06 - 2s/epoch - 11ms/step
Epoch 794/800
161/161 - 2s - loss: 6.8088e-04 - mae: 6.8088e-04 - mse: 9.8920e-07 - 2s/epoch - 11ms/step
Epoch 795/800
161/161 - 2s - loss: 6.3928e-04 - mae: 6.3928e-04 - mse: 9.1174e-07 - 2s/epoch - 11ms/step
Epoch 796/800
161/161 - 2s - loss: 6.1865e-04 - mae: 6.1865e-04 - mse: 8.7780e-07 - 2s/epoch - 11ms/step
Epoch 797/800
161/161 - 2s - loss: 6.2297e-04 - mae: 6.2297e-04 - mse: 8.9978e-07 - 2s/epoch - 11ms/step
Epoch 798/800
161/161 - 2s - loss: 6.2310e-04 - mae: 6.2310e-04 - mse: 8.8372e-07 - 2s/epoch - 11ms/step
Epoch 799/800
161/161 - 2s - loss: 5.9809e-04 - mae: 5.9809e-04 - mse: 8.5021e-07 - 2s/epoch - 11ms/step
Epoch 800/800
161/161 - 2s - loss: 5.9799e-04 - mae: 5.9799e-04 - mse: 8.4064e-07 - 2s/epoch - 11ms/step
Training finished in 1438.22 seconds.

 1/81 [..............................] - ETA: 1:11
 8/81 [=>............................] - ETA: 0s  
16/81 [====>.........................] - ETA: 0s
24/81 [=======>......................] - ETA: 0s
32/81 [==========>...................] - ETA: 0s
40/81 [=============>................] - ETA: 0s
48/81 [================>.............] - ETA: 0s
56/81 [===================>..........] - ETA: 0s
64/81 [======================>.......] - ETA: 0s
72/81 [=========================>....] - ETA: 0s
80/81 [============================>.] - ETA: 0s
81/81 [==============================] - 1s 7ms/step
Fold 2 MAE: 0.0228

--- Starting Fold 3/5 ---
INFO:kgcnn.model.utils:Updated model kwargs: '{'name': 'coGN', 'inputs': {'offset': {'shape': (None, 3), 'name': 'offset', 'dtype': 'float32', 'ragged': True}, 'cell_translation': None, 'affine_matrix': None, 'voronoi_ridge_area': None, 'atomic_number': {'shape': (None,), 'name': 'atomic_number', 'dtype': 'int32', 'ragged': True}, 'frac_coords': None, 'coords': None, 'multiplicity': {'shape': (None,), 'name': 'multiplicity', 'dtype': 'int32', 'ragged': True}, 'lattice_matrix': None, 'edge_indices': {'shape': (None, 2), 'name': 'edge_indices', 'dtype': 'int32', 'ragged': True}, 'line_graph_edge_indices': None}, 'input_block_cfg': {'node_size': 128, 'edge_size': 128, 'atomic_mass': True, 'atomic_radius': True, 'electronegativity': True, 'ionization_energy': True, 'oxidation_states': True, 'edge_embedding_args': {'bins_distance': 32, 'max_distance': 8.0, 'distance_log_base': 1.0, 'bins_voronoi_area': None, 'max_voronoi_area': None}}, 'processing_blocks_cfg': [{'edge_mlp': {'units': [128, 128, 128, 128, 128], 'activation': ['swish', 'swish', 'swish', 'swish', 'swish']}, 'node_mlp': {'units': [128], 'activation': ['swish']}, 'global_mlp': None, 'nested_blocks_cfgs': None, 'aggregate_edges_local': 'sum', 'aggregate_edges_global': None, 'aggregate_nodes': None, 'return_updated_edges': False, 'return_updated_nodes': True, 'return_updated_globals': True, 'edge_attention_mlp_local': {'units': [32, 1], 'activation': ['swish', 'swish']}, 'edge_attention_mlp_global': {'units': [32, 1], 'activation': ['swish', 'swish']}, 'node_attention_mlp': {'units': [32, 1], 'activation': ['swish', 'swish']}, 'edge_gate': None, 'node_gate': None, 'global_gate': None, 'residual_node_update': True, 'residual_edge_update': False, 'residual_global_update': False, 'update_edges_input': [True, True, True, False], 'update_nodes_input': [True, False, False], 'update_global_input': [False, True, False], 'multiplicity_readout': False}, {'edge_mlp': {'units': [128, 128, 128, 128, 128], 'activation': ['swish', 'swish', 'swish', 'swish', 'swish']}, 'node_mlp': {'units': [128], 'activation': ['swish']}, 'global_mlp': None, 'nested_blocks_cfgs': None, 'aggregate_edges_local': 'sum', 'aggregate_edges_global': None, 'aggregate_nodes': None, 'return_updated_edges': False, 'return_updated_nodes': True, 'return_updated_globals': True, 'edge_attention_mlp_local': {'units': [32, 1], 'activation': ['swish', 'swish']}, 'edge_attention_mlp_global': {'units': [32, 1], 'activation': ['swish', 'swish']}, 'node_attention_mlp': {'units': [32, 1], 'activation': ['swish', 'swish']}, 'edge_gate': None, 'node_gate': None, 'global_gate': None, 'residual_node_update': True, 'residual_edge_update': False, 'residual_global_update': False, 'update_edges_input': [True, True, True, False], 'update_nodes_input': [True, False, False], 'update_global_input': [False, True, False], 'multiplicity_readout': False}, {'edge_mlp': {'units': [128, 128, 128, 128, 128], 'activation': ['swish', 'swish', 'swish', 'swish', 'swish']}, 'node_mlp': {'units': [128], 'activation': ['swish']}, 'global_mlp': None, 'nested_blocks_cfgs': None, 'aggregate_edges_local': 'sum', 'aggregate_edges_global': None, 'aggregate_nodes': None, 'return_updated_edges': False, 'return_updated_nodes': True, 'return_updated_globals': True, 'edge_attention_mlp_local': {'units': [32, 1], 'activation': ['swish', 'swish']}, 'edge_attention_mlp_global': {'units': [32, 1], 'activation': ['swish', 'swish']}, 'node_attention_mlp': {'units': [32, 1], 'activation': ['swish', 'swish']}, 'edge_gate': None, 'node_gate': None, 'global_gate': None, 'residual_node_update': True, 'residual_edge_update': False, 'residual_global_update': False, 'update_edges_input': [True, True, True, False], 'update_nodes_input': [True, False, False], 'update_global_input': [False, True, False], 'multiplicity_readout': False}, {'edge_mlp': {'units': [128, 128, 128, 128, 128], 'activation': ['swish', 'swish', 'swish', 'swish', 'swish']}, 'node_mlp': {'units': [128], 'activation': ['swish']}, 'global_mlp': None, 'nested_blocks_cfgs': None, 'aggregate_edges_local': 'sum', 'aggregate_edges_global': None, 'aggregate_nodes': None, 'return_updated_edges': False, 'return_updated_nodes': True, 'return_updated_globals': True, 'edge_attention_mlp_local': {'units': [32, 1], 'activation': ['swish', 'swish']}, 'edge_attention_mlp_global': {'units': [32, 1], 'activation': ['swish', 'swish']}, 'node_attention_mlp': {'units': [32, 1], 'activation': ['swish', 'swish']}, 'edge_gate': None, 'node_gate': None, 'global_gate': None, 'residual_node_update': True, 'residual_edge_update': False, 'residual_global_update': False, 'update_edges_input': [True, True, True, False], 'update_nodes_input': [True, False, False], 'update_global_input': [False, True, False], 'multiplicity_readout': False}, {'edge_mlp': {'units': [128, 128, 128, 128, 128], 'activation': ['swish', 'swish', 'swish', 'swish', 'swish']}, 'node_mlp': {'units': [128], 'activation': ['swish']}, 'global_mlp': None, 'nested_blocks_cfgs': None, 'aggregate_edges_local': 'sum', 'aggregate_edges_global': None, 'aggregate_nodes': None, 'return_updated_edges': False, 'return_updated_nodes': True, 'return_updated_globals': True, 'edge_attention_mlp_local': {'units': [32, 1], 'activation': ['swish', 'swish']}, 'edge_attention_mlp_global': {'units': [32, 1], 'activation': ['swish', 'swish']}, 'node_attention_mlp': {'units': [32, 1], 'activation': ['swish', 'swish']}, 'edge_gate': None, 'node_gate': None, 'global_gate': None, 'residual_node_update': True, 'residual_edge_update': False, 'residual_global_update': False, 'update_edges_input': [True, True, True, False], 'update_nodes_input': [True, False, False], 'update_global_input': [False, True, False], 'multiplicity_readout': False}], 'output_block_cfg': {'edge_mlp': None, 'node_mlp': None, 'global_mlp': {'units': [1], 'activation': ['linear']}, 'nested_blocks_cfgs': None, 'aggregate_edges_local': 'sum', 'aggregate_edges_global': None, 'aggregate_nodes': 'mean', 'return_updated_edges': False, 'return_updated_nodes': True, 'return_updated_globals': True, 'edge_attention_mlp_local': {'units': [32, 1], 'activation': ['swish', 'swish']}, 'edge_attention_mlp_global': {'units': [32, 1], 'activation': ['swish', 'swish']}, 'node_attention_mlp': {'units': [32, 1], 'activation': ['swish', 'swish']}, 'edge_gate': None, 'node_gate': None, 'global_gate': None, 'residual_node_update': False, 'residual_edge_update': False, 'residual_global_update': False, 'update_edges_input': [True, True, True, False], 'update_nodes_input': [True, False, False], 'update_global_input': [False, True, False], 'multiplicity_readout': True}}'.
/gpfs/scratch/acad/htforft/rgouvea/other_datasets/processed_datasets/.venv/lib/python3.9/site-packages/kgcnn/crystal/periodic_table/periodic_table.py:30: FutureWarning: A value is trying to be set on a copy of a DataFrame or Series through chained assignment using an inplace method.
The behavior will change in pandas 3.0. This inplace method will never work because the intermediate object on which we are setting values always behaves as a copy.

For example, when doing 'df[col].method(value, inplace=True)', try using 'df.method({col: value}, inplace=True)' or df[col] = df[col].method(value) instead, to perform the operation inplace on the original object.


  self.data['AtomicRadius'].fillna(imputation_atomic_radius, inplace=True)
/gpfs/scratch/acad/htforft/rgouvea/other_datasets/processed_datasets/.venv/lib/python3.9/site-packages/kgcnn/crystal/periodic_table/periodic_table.py:32: FutureWarning: A value is trying to be set on a copy of a DataFrame or Series through chained assignment using an inplace method.
The behavior will change in pandas 3.0. This inplace method will never work because the intermediate object on which we are setting values always behaves as a copy.

For example, when doing 'df[col].method(value, inplace=True)', try using 'df.method({col: value}, inplace=True)' or df[col] = df[col].method(value) instead, to perform the operation inplace on the original object.


  self.data['Electronegativity'].fillna(imputation_electronegativity, inplace=True)
/gpfs/scratch/acad/htforft/rgouvea/other_datasets/processed_datasets/.venv/lib/python3.9/site-packages/kgcnn/crystal/periodic_table/periodic_table.py:33: FutureWarning: A value is trying to be set on a copy of a DataFrame or Series through chained assignment using an inplace method.
The behavior will change in pandas 3.0. This inplace method will never work because the intermediate object on which we are setting values always behaves as a copy.

For example, when doing 'df[col].method(value, inplace=True)', try using 'df.method({col: value}, inplace=True)' or df[col] = df[col].method(value) instead, to perform the operation inplace on the original object.


  self.data['IonizationEnergy'].fillna(imputation_ionization_energy, inplace=True)
[<KerasTensor: type_spec=RaggedTensorSpec(TensorShape([None, None, 3]), tf.float32, 1, tf.int64) (created by layer 'offset')>, <KerasTensor: type_spec=RaggedTensorSpec(TensorShape([None, None]), tf.int32, 1, tf.int64) (created by layer 'atomic_number')>, <KerasTensor: type_spec=RaggedTensorSpec(TensorShape([None, None]), tf.int32, 1, tf.int64) (created by layer 'multiplicity')>, <KerasTensor: type_spec=RaggedTensorSpec(TensorShape([None, None, 2]), tf.int32, 1, tf.int64) (created by layer 'edge_indices')>]
Training on 10252 samples...
Epoch 1/800
/gpfs/scratch/acad/htforft/rgouvea/other_datasets/processed_datasets/.venv/lib/python3.9/site-packages/tensorflow/python/framework/indexed_slices.py:444: UserWarning: Converting sparse IndexedSlices(IndexedSlices(indices=Tensor("gradient_tape/coGN/sequential_graph_network_7/graph_network_39/gather_embedding_selection_54/Reshape_1:0", shape=(None,), dtype=int32), values=Tensor("gradient_tape/coGN/sequential_graph_network_7/graph_network_39/gather_embedding_selection_54/Reshape:0", shape=(None, 128), dtype=float32), dense_shape=Tensor("gradient_tape/coGN/sequential_graph_network_7/graph_network_39/gather_embedding_selection_54/Cast:0", shape=(2,), dtype=int32))) to a dense Tensor of unknown shape. This may consume a large amount of memory.
  warnings.warn(
/gpfs/scratch/acad/htforft/rgouvea/other_datasets/processed_datasets/.venv/lib/python3.9/site-packages/tensorflow/python/framework/indexed_slices.py:444: UserWarning: Converting sparse IndexedSlices(IndexedSlices(indices=Tensor("gradient_tape/coGN/sequential_graph_network_7/graph_network_39/gather_embedding_selection_54/Reshape_3:0", shape=(None,), dtype=int32), values=Tensor("gradient_tape/coGN/sequential_graph_network_7/graph_network_39/gather_embedding_selection_54/Reshape_2:0", shape=(None, 128), dtype=float32), dense_shape=Tensor("gradient_tape/coGN/sequential_graph_network_7/graph_network_39/gather_embedding_selection_54/Cast_1:0", shape=(2,), dtype=int32))) to a dense Tensor of unknown shape. This may consume a large amount of memory.
  warnings.warn(
/gpfs/scratch/acad/htforft/rgouvea/other_datasets/processed_datasets/.venv/lib/python3.9/site-packages/tensorflow/python/framework/indexed_slices.py:444: UserWarning: Converting sparse IndexedSlices(IndexedSlices(indices=Tensor("gradient_tape/coGN/sequential_graph_network_7/graph_network_38/gather_embedding_selection_53/Reshape_1:0", shape=(None,), dtype=int32), values=Tensor("gradient_tape/coGN/sequential_graph_network_7/graph_network_38/gather_embedding_selection_53/Reshape:0", shape=(None, 128), dtype=float32), dense_shape=Tensor("gradient_tape/coGN/sequential_graph_network_7/graph_network_38/gather_embedding_selection_53/Cast:0", shape=(2,), dtype=int32))) to a dense Tensor of unknown shape. This may consume a large amount of memory.
  warnings.warn(
/gpfs/scratch/acad/htforft/rgouvea/other_datasets/processed_datasets/.venv/lib/python3.9/site-packages/tensorflow/python/framework/indexed_slices.py:444: UserWarning: Converting sparse IndexedSlices(IndexedSlices(indices=Tensor("gradient_tape/coGN/sequential_graph_network_7/graph_network_38/gather_embedding_selection_53/Reshape_3:0", shape=(None,), dtype=int32), values=Tensor("gradient_tape/coGN/sequential_graph_network_7/graph_network_38/gather_embedding_selection_53/Reshape_2:0", shape=(None, 128), dtype=float32), dense_shape=Tensor("gradient_tape/coGN/sequential_graph_network_7/graph_network_38/gather_embedding_selection_53/Cast_1:0", shape=(2,), dtype=int32))) to a dense Tensor of unknown shape. This may consume a large amount of memory.
  warnings.warn(
/gpfs/scratch/acad/htforft/rgouvea/other_datasets/processed_datasets/.venv/lib/python3.9/site-packages/tensorflow/python/framework/indexed_slices.py:444: UserWarning: Converting sparse IndexedSlices(IndexedSlices(indices=Tensor("gradient_tape/coGN/sequential_graph_network_7/graph_network_37/gather_embedding_selection_52/Reshape_1:0", shape=(None,), dtype=int32), values=Tensor("gradient_tape/coGN/sequential_graph_network_7/graph_network_37/gather_embedding_selection_52/Reshape:0", shape=(None, 128), dtype=float32), dense_shape=Tensor("gradient_tape/coGN/sequential_graph_network_7/graph_network_37/gather_embedding_selection_52/Cast:0", shape=(2,), dtype=int32))) to a dense Tensor of unknown shape. This may consume a large amount of memory.
  warnings.warn(
/gpfs/scratch/acad/htforft/rgouvea/other_datasets/processed_datasets/.venv/lib/python3.9/site-packages/tensorflow/python/framework/indexed_slices.py:444: UserWarning: Converting sparse IndexedSlices(IndexedSlices(indices=Tensor("gradient_tape/coGN/sequential_graph_network_7/graph_network_37/gather_embedding_selection_52/Reshape_3:0", shape=(None,), dtype=int32), values=Tensor("gradient_tape/coGN/sequential_graph_network_7/graph_network_37/gather_embedding_selection_52/Reshape_2:0", shape=(None, 128), dtype=float32), dense_shape=Tensor("gradient_tape/coGN/sequential_graph_network_7/graph_network_37/gather_embedding_selection_52/Cast_1:0", shape=(2,), dtype=int32))) to a dense Tensor of unknown shape. This may consume a large amount of memory.
  warnings.warn(
/gpfs/scratch/acad/htforft/rgouvea/other_datasets/processed_datasets/.venv/lib/python3.9/site-packages/tensorflow/python/framework/indexed_slices.py:444: UserWarning: Converting sparse IndexedSlices(IndexedSlices(indices=Tensor("gradient_tape/coGN/sequential_graph_network_7/graph_network_36/gather_embedding_selection_51/Reshape_1:0", shape=(None,), dtype=int32), values=Tensor("gradient_tape/coGN/sequential_graph_network_7/graph_network_36/gather_embedding_selection_51/Reshape:0", shape=(None, 128), dtype=float32), dense_shape=Tensor("gradient_tape/coGN/sequential_graph_network_7/graph_network_36/gather_embedding_selection_51/Cast:0", shape=(2,), dtype=int32))) to a dense Tensor of unknown shape. This may consume a large amount of memory.
  warnings.warn(
/gpfs/scratch/acad/htforft/rgouvea/other_datasets/processed_datasets/.venv/lib/python3.9/site-packages/tensorflow/python/framework/indexed_slices.py:444: UserWarning: Converting sparse IndexedSlices(IndexedSlices(indices=Tensor("gradient_tape/coGN/sequential_graph_network_7/graph_network_36/gather_embedding_selection_51/Reshape_3:0", shape=(None,), dtype=int32), values=Tensor("gradient_tape/coGN/sequential_graph_network_7/graph_network_36/gather_embedding_selection_51/Reshape_2:0", shape=(None, 128), dtype=float32), dense_shape=Tensor("gradient_tape/coGN/sequential_graph_network_7/graph_network_36/gather_embedding_selection_51/Cast_1:0", shape=(2,), dtype=int32))) to a dense Tensor of unknown shape. This may consume a large amount of memory.
  warnings.warn(
/gpfs/scratch/acad/htforft/rgouvea/other_datasets/processed_datasets/.venv/lib/python3.9/site-packages/tensorflow/python/framework/indexed_slices.py:444: UserWarning: Converting sparse IndexedSlices(IndexedSlices(indices=Tensor("gradient_tape/coGN/sequential_graph_network_7/graph_network_35/gather_embedding_selection_50/Reshape_1:0", shape=(None,), dtype=int32), values=Tensor("gradient_tape/coGN/sequential_graph_network_7/graph_network_35/gather_embedding_selection_50/Reshape:0", shape=(None, 128), dtype=float32), dense_shape=Tensor("gradient_tape/coGN/sequential_graph_network_7/graph_network_35/gather_embedding_selection_50/Cast:0", shape=(2,), dtype=int32))) to a dense Tensor of unknown shape. This may consume a large amount of memory.
  warnings.warn(
/gpfs/scratch/acad/htforft/rgouvea/other_datasets/processed_datasets/.venv/lib/python3.9/site-packages/tensorflow/python/framework/indexed_slices.py:444: UserWarning: Converting sparse IndexedSlices(IndexedSlices(indices=Tensor("gradient_tape/coGN/sequential_graph_network_7/graph_network_35/gather_embedding_selection_50/Reshape_3:0", shape=(None,), dtype=int32), values=Tensor("gradient_tape/coGN/sequential_graph_network_7/graph_network_35/gather_embedding_selection_50/Reshape_2:0", shape=(None, 128), dtype=float32), dense_shape=Tensor("gradient_tape/coGN/sequential_graph_network_7/graph_network_35/gather_embedding_selection_50/Cast_1:0", shape=(2,), dtype=int32))) to a dense Tensor of unknown shape. This may consume a large amount of memory.
  warnings.warn(
161/161 - 5s - loss: 0.4047 - mae: 0.4047 - mse: 0.3830 - 5s/epoch - 28ms/step
Epoch 2/800
161/161 - 2s - loss: 0.2377 - mae: 0.2377 - mse: 0.0966 - 2s/epoch - 11ms/step
Epoch 3/800
161/161 - 2s - loss: 0.1961 - mae: 0.1961 - mse: 0.0680 - 2s/epoch - 11ms/step
Epoch 4/800
161/161 - 2s - loss: 0.1745 - mae: 0.1745 - mse: 0.0584 - 2s/epoch - 11ms/step
Epoch 5/800
161/161 - 2s - loss: 0.1405 - mae: 0.1405 - mse: 0.0354 - 2s/epoch - 11ms/step
Epoch 6/800
161/161 - 2s - loss: 0.1060 - mae: 0.1060 - mse: 0.0191 - 2s/epoch - 11ms/step
Epoch 7/800
161/161 - 2s - loss: 0.0948 - mae: 0.0948 - mse: 0.0154 - 2s/epoch - 11ms/step
Epoch 8/800
161/161 - 2s - loss: 0.0854 - mae: 0.0854 - mse: 0.0124 - 2s/epoch - 11ms/step
Epoch 9/800
161/161 - 2s - loss: 0.0821 - mae: 0.0821 - mse: 0.0115 - 2s/epoch - 11ms/step
Epoch 10/800
161/161 - 2s - loss: 0.0774 - mae: 0.0774 - mse: 0.0104 - 2s/epoch - 11ms/step
Epoch 11/800
161/161 - 2s - loss: 0.0740 - mae: 0.0740 - mse: 0.0092 - 2s/epoch - 11ms/step
Epoch 12/800
161/161 - 2s - loss: 0.0723 - mae: 0.0723 - mse: 0.0090 - 2s/epoch - 11ms/step
Epoch 13/800
161/161 - 2s - loss: 0.0765 - mae: 0.0765 - mse: 0.0094 - 2s/epoch - 11ms/step
Epoch 14/800
161/161 - 2s - loss: 0.0613 - mae: 0.0613 - mse: 0.0065 - 2s/epoch - 11ms/step
Epoch 15/800
161/161 - 2s - loss: 0.0683 - mae: 0.0683 - mse: 0.0080 - 2s/epoch - 11ms/step
Epoch 16/800
161/161 - 2s - loss: 0.0624 - mae: 0.0624 - mse: 0.0065 - 2s/epoch - 11ms/step
Epoch 17/800
161/161 - 2s - loss: 0.0714 - mae: 0.0714 - mse: 0.0085 - 2s/epoch - 11ms/step
Epoch 18/800
161/161 - 2s - loss: 0.0614 - mae: 0.0614 - mse: 0.0064 - 2s/epoch - 11ms/step
Epoch 19/800
161/161 - 2s - loss: 0.0559 - mae: 0.0559 - mse: 0.0053 - 2s/epoch - 11ms/step
Epoch 20/800
161/161 - 2s - loss: 0.0608 - mae: 0.0608 - mse: 0.0063 - 2s/epoch - 11ms/step
Epoch 21/800
161/161 - 2s - loss: 0.0579 - mae: 0.0579 - mse: 0.0058 - 2s/epoch - 11ms/step
Epoch 22/800
161/161 - 2s - loss: 0.0555 - mae: 0.0555 - mse: 0.0052 - 2s/epoch - 11ms/step
Epoch 23/800
161/161 - 2s - loss: 0.0542 - mae: 0.0542 - mse: 0.0050 - 2s/epoch - 11ms/step
Epoch 24/800
161/161 - 2s - loss: 0.0535 - mae: 0.0535 - mse: 0.0049 - 2s/epoch - 11ms/step
Epoch 25/800
161/161 - 2s - loss: 0.0545 - mae: 0.0545 - mse: 0.0050 - 2s/epoch - 11ms/step
Epoch 26/800
161/161 - 2s - loss: 0.0560 - mae: 0.0560 - mse: 0.0053 - 2s/epoch - 11ms/step
Epoch 27/800
161/161 - 2s - loss: 0.0530 - mae: 0.0530 - mse: 0.0048 - 2s/epoch - 11ms/step
Epoch 28/800
161/161 - 2s - loss: 0.0536 - mae: 0.0536 - mse: 0.0049 - 2s/epoch - 11ms/step
Epoch 29/800
161/161 - 2s - loss: 0.0524 - mae: 0.0524 - mse: 0.0046 - 2s/epoch - 11ms/step
Epoch 30/800
161/161 - 2s - loss: 0.0536 - mae: 0.0536 - mse: 0.0048 - 2s/epoch - 11ms/step
Epoch 31/800
161/161 - 2s - loss: 0.0501 - mae: 0.0501 - mse: 0.0042 - 2s/epoch - 11ms/step
Epoch 32/800
161/161 - 2s - loss: 0.0528 - mae: 0.0528 - mse: 0.0047 - 2s/epoch - 11ms/step
Epoch 33/800
161/161 - 2s - loss: 0.0503 - mae: 0.0503 - mse: 0.0042 - 2s/epoch - 11ms/step
Epoch 34/800
161/161 - 2s - loss: 0.0532 - mae: 0.0532 - mse: 0.0048 - 2s/epoch - 11ms/step
Epoch 35/800
161/161 - 2s - loss: 0.0488 - mae: 0.0488 - mse: 0.0040 - 2s/epoch - 11ms/step
Epoch 36/800
161/161 - 2s - loss: 0.0467 - mae: 0.0467 - mse: 0.0037 - 2s/epoch - 11ms/step
Epoch 37/800
161/161 - 2s - loss: 0.0470 - mae: 0.0470 - mse: 0.0037 - 2s/epoch - 11ms/step
Epoch 38/800
161/161 - 2s - loss: 0.0506 - mae: 0.0506 - mse: 0.0044 - 2s/epoch - 11ms/step
Epoch 39/800
161/161 - 2s - loss: 0.0483 - mae: 0.0483 - mse: 0.0039 - 2s/epoch - 11ms/step
Epoch 40/800
161/161 - 2s - loss: 0.0443 - mae: 0.0443 - mse: 0.0034 - 2s/epoch - 11ms/step
Epoch 41/800
161/161 - 2s - loss: 0.0459 - mae: 0.0459 - mse: 0.0036 - 2s/epoch - 11ms/step
Epoch 42/800
161/161 - 2s - loss: 0.0460 - mae: 0.0460 - mse: 0.0036 - 2s/epoch - 11ms/step
Epoch 43/800
161/161 - 2s - loss: 0.0488 - mae: 0.0488 - mse: 0.0040 - 2s/epoch - 11ms/step
Epoch 44/800
161/161 - 2s - loss: 0.0435 - mae: 0.0435 - mse: 0.0032 - 2s/epoch - 11ms/step
Epoch 45/800
161/161 - 2s - loss: 0.0422 - mae: 0.0422 - mse: 0.0030 - 2s/epoch - 11ms/step
Epoch 46/800
161/161 - 2s - loss: 0.0423 - mae: 0.0423 - mse: 0.0030 - 2s/epoch - 11ms/step
Epoch 47/800
161/161 - 2s - loss: 0.0440 - mae: 0.0440 - mse: 0.0033 - 2s/epoch - 11ms/step
Epoch 48/800
161/161 - 2s - loss: 0.0438 - mae: 0.0438 - mse: 0.0033 - 2s/epoch - 11ms/step
Epoch 49/800
161/161 - 2s - loss: 0.0427 - mae: 0.0427 - mse: 0.0031 - 2s/epoch - 11ms/step
Epoch 50/800
161/161 - 2s - loss: 0.0454 - mae: 0.0454 - mse: 0.0035 - 2s/epoch - 11ms/step
Epoch 51/800
161/161 - 2s - loss: 0.0455 - mae: 0.0455 - mse: 0.0035 - 2s/epoch - 11ms/step
Epoch 52/800
161/161 - 2s - loss: 0.0443 - mae: 0.0443 - mse: 0.0033 - 2s/epoch - 11ms/step
Epoch 53/800
161/161 - 2s - loss: 0.0443 - mae: 0.0443 - mse: 0.0033 - 2s/epoch - 11ms/step
Epoch 54/800
161/161 - 2s - loss: 0.0448 - mae: 0.0448 - mse: 0.0034 - 2s/epoch - 11ms/step
Epoch 55/800
161/161 - 2s - loss: 0.0413 - mae: 0.0413 - mse: 0.0029 - 2s/epoch - 11ms/step
Epoch 56/800
161/161 - 2s - loss: 0.0448 - mae: 0.0448 - mse: 0.0034 - 2s/epoch - 11ms/step
Epoch 57/800
161/161 - 2s - loss: 0.0435 - mae: 0.0435 - mse: 0.0032 - 2s/epoch - 11ms/step
Epoch 58/800
161/161 - 2s - loss: 0.0414 - mae: 0.0414 - mse: 0.0029 - 2s/epoch - 11ms/step
Epoch 59/800
161/161 - 2s - loss: 0.0406 - mae: 0.0406 - mse: 0.0028 - 2s/epoch - 11ms/step
Epoch 60/800
161/161 - 2s - loss: 0.0403 - mae: 0.0403 - mse: 0.0028 - 2s/epoch - 11ms/step
Epoch 61/800
161/161 - 2s - loss: 0.0411 - mae: 0.0411 - mse: 0.0029 - 2s/epoch - 11ms/step
Epoch 62/800
161/161 - 2s - loss: 0.0390 - mae: 0.0390 - mse: 0.0026 - 2s/epoch - 11ms/step
Epoch 63/800
161/161 - 2s - loss: 0.0394 - mae: 0.0394 - mse: 0.0027 - 2s/epoch - 11ms/step
Epoch 64/800
161/161 - 2s - loss: 0.0396 - mae: 0.0396 - mse: 0.0027 - 2s/epoch - 11ms/step
Epoch 65/800
161/161 - 2s - loss: 0.0437 - mae: 0.0437 - mse: 0.0032 - 2s/epoch - 11ms/step
Epoch 66/800
161/161 - 2s - loss: 0.0380 - mae: 0.0380 - mse: 0.0025 - 2s/epoch - 11ms/step
Epoch 67/800
161/161 - 2s - loss: 0.0392 - mae: 0.0392 - mse: 0.0026 - 2s/epoch - 11ms/step
Epoch 68/800
161/161 - 2s - loss: 0.0393 - mae: 0.0393 - mse: 0.0026 - 2s/epoch - 11ms/step
Epoch 69/800
161/161 - 2s - loss: 0.0390 - mae: 0.0390 - mse: 0.0026 - 2s/epoch - 11ms/step
Epoch 70/800
161/161 - 2s - loss: 0.0390 - mae: 0.0390 - mse: 0.0026 - 2s/epoch - 11ms/step
Epoch 71/800
161/161 - 2s - loss: 0.0366 - mae: 0.0366 - mse: 0.0023 - 2s/epoch - 11ms/step
Epoch 72/800
161/161 - 2s - loss: 0.0375 - mae: 0.0375 - mse: 0.0024 - 2s/epoch - 11ms/step
Epoch 73/800
161/161 - 2s - loss: 0.0398 - mae: 0.0398 - mse: 0.0027 - 2s/epoch - 11ms/step
Epoch 74/800
161/161 - 2s - loss: 0.0383 - mae: 0.0383 - mse: 0.0025 - 2s/epoch - 11ms/step
Epoch 75/800
161/161 - 2s - loss: 0.0376 - mae: 0.0376 - mse: 0.0024 - 2s/epoch - 11ms/step
Epoch 76/800
161/161 - 2s - loss: 0.0371 - mae: 0.0371 - mse: 0.0023 - 2s/epoch - 11ms/step
Epoch 77/800
161/161 - 2s - loss: 0.0343 - mae: 0.0343 - mse: 0.0020 - 2s/epoch - 11ms/step
Epoch 78/800
161/161 - 2s - loss: 0.0364 - mae: 0.0364 - mse: 0.0022 - 2s/epoch - 11ms/step
Epoch 79/800
161/161 - 2s - loss: 0.0353 - mae: 0.0353 - mse: 0.0022 - 2s/epoch - 11ms/step
Epoch 80/800
161/161 - 2s - loss: 0.0363 - mae: 0.0363 - mse: 0.0022 - 2s/epoch - 11ms/step
Epoch 81/800
161/161 - 2s - loss: 0.0355 - mae: 0.0355 - mse: 0.0021 - 2s/epoch - 11ms/step
Epoch 82/800
161/161 - 2s - loss: 0.0342 - mae: 0.0342 - mse: 0.0020 - 2s/epoch - 11ms/step
Epoch 83/800
161/161 - 2s - loss: 0.0351 - mae: 0.0351 - mse: 0.0021 - 2s/epoch - 11ms/step
Epoch 84/800
161/161 - 2s - loss: 0.0382 - mae: 0.0382 - mse: 0.0025 - 2s/epoch - 11ms/step
Epoch 85/800
161/161 - 2s - loss: 0.0372 - mae: 0.0372 - mse: 0.0024 - 2s/epoch - 11ms/step
Epoch 86/800
161/161 - 2s - loss: 0.0348 - mae: 0.0348 - mse: 0.0021 - 2s/epoch - 11ms/step
Epoch 87/800
161/161 - 2s - loss: 0.0374 - mae: 0.0374 - mse: 0.0024 - 2s/epoch - 11ms/step
Epoch 88/800
161/161 - 2s - loss: 0.0341 - mae: 0.0341 - mse: 0.0020 - 2s/epoch - 11ms/step
Epoch 89/800
161/161 - 2s - loss: 0.0349 - mae: 0.0349 - mse: 0.0021 - 2s/epoch - 11ms/step
Epoch 90/800
161/161 - 2s - loss: 0.0367 - mae: 0.0367 - mse: 0.0022 - 2s/epoch - 11ms/step
Epoch 91/800
161/161 - 2s - loss: 0.0327 - mae: 0.0327 - mse: 0.0018 - 2s/epoch - 11ms/step
Epoch 92/800
161/161 - 2s - loss: 0.0348 - mae: 0.0348 - mse: 0.0021 - 2s/epoch - 11ms/step
Epoch 93/800
161/161 - 2s - loss: 0.0337 - mae: 0.0337 - mse: 0.0019 - 2s/epoch - 11ms/step
Epoch 94/800
161/161 - 2s - loss: 0.0330 - mae: 0.0330 - mse: 0.0019 - 2s/epoch - 11ms/step
Epoch 95/800
161/161 - 2s - loss: 0.0341 - mae: 0.0341 - mse: 0.0020 - 2s/epoch - 11ms/step
Epoch 96/800
161/161 - 2s - loss: 0.0350 - mae: 0.0350 - mse: 0.0020 - 2s/epoch - 11ms/step
Epoch 97/800
161/161 - 2s - loss: 0.0353 - mae: 0.0353 - mse: 0.0021 - 2s/epoch - 11ms/step
Epoch 98/800
161/161 - 2s - loss: 0.0330 - mae: 0.0330 - mse: 0.0018 - 2s/epoch - 11ms/step
Epoch 99/800
161/161 - 2s - loss: 0.0313 - mae: 0.0313 - mse: 0.0017 - 2s/epoch - 11ms/step
Epoch 100/800
161/161 - 2s - loss: 0.0311 - mae: 0.0311 - mse: 0.0017 - 2s/epoch - 11ms/step
Epoch 101/800
161/161 - 2s - loss: 0.0341 - mae: 0.0341 - mse: 0.0019 - 2s/epoch - 11ms/step
Epoch 102/800
161/161 - 2s - loss: 0.0329 - mae: 0.0329 - mse: 0.0018 - 2s/epoch - 11ms/step
Epoch 103/800
161/161 - 2s - loss: 0.0309 - mae: 0.0309 - mse: 0.0016 - 2s/epoch - 11ms/step
Epoch 104/800
161/161 - 2s - loss: 0.0309 - mae: 0.0309 - mse: 0.0016 - 2s/epoch - 11ms/step
Epoch 105/800
161/161 - 2s - loss: 0.0328 - mae: 0.0328 - mse: 0.0018 - 2s/epoch - 11ms/step
Epoch 106/800
161/161 - 2s - loss: 0.0330 - mae: 0.0330 - mse: 0.0018 - 2s/epoch - 11ms/step
Epoch 107/800
161/161 - 2s - loss: 0.0322 - mae: 0.0322 - mse: 0.0018 - 2s/epoch - 11ms/step
Epoch 108/800
161/161 - 2s - loss: 0.0323 - mae: 0.0323 - mse: 0.0018 - 2s/epoch - 11ms/step
Epoch 109/800
161/161 - 2s - loss: 0.0318 - mae: 0.0318 - mse: 0.0018 - 2s/epoch - 11ms/step
Epoch 110/800
161/161 - 2s - loss: 0.0311 - mae: 0.0311 - mse: 0.0017 - 2s/epoch - 11ms/step
Epoch 111/800
161/161 - 2s - loss: 0.0324 - mae: 0.0324 - mse: 0.0018 - 2s/epoch - 11ms/step
Epoch 112/800
161/161 - 2s - loss: 0.0299 - mae: 0.0299 - mse: 0.0015 - 2s/epoch - 11ms/step
Epoch 113/800
161/161 - 2s - loss: 0.0311 - mae: 0.0311 - mse: 0.0016 - 2s/epoch - 11ms/step
Epoch 114/800
161/161 - 2s - loss: 0.0323 - mae: 0.0323 - mse: 0.0017 - 2s/epoch - 11ms/step
Epoch 115/800
161/161 - 2s - loss: 0.0296 - mae: 0.0296 - mse: 0.0015 - 2s/epoch - 11ms/step
Epoch 116/800
161/161 - 2s - loss: 0.0310 - mae: 0.0310 - mse: 0.0016 - 2s/epoch - 11ms/step
Epoch 117/800
161/161 - 2s - loss: 0.0282 - mae: 0.0282 - mse: 0.0014 - 2s/epoch - 11ms/step
Epoch 118/800
161/161 - 2s - loss: 0.0294 - mae: 0.0294 - mse: 0.0015 - 2s/epoch - 11ms/step
Epoch 119/800
161/161 - 2s - loss: 0.0315 - mae: 0.0315 - mse: 0.0017 - 2s/epoch - 11ms/step
Epoch 120/800
161/161 - 2s - loss: 0.0297 - mae: 0.0297 - mse: 0.0015 - 2s/epoch - 11ms/step
Epoch 121/800
161/161 - 2s - loss: 0.0277 - mae: 0.0277 - mse: 0.0013 - 2s/epoch - 11ms/step
Epoch 122/800
161/161 - 2s - loss: 0.0299 - mae: 0.0299 - mse: 0.0015 - 2s/epoch - 11ms/step
Epoch 123/800
161/161 - 2s - loss: 0.0295 - mae: 0.0295 - mse: 0.0015 - 2s/epoch - 11ms/step
Epoch 124/800
161/161 - 2s - loss: 0.0291 - mae: 0.0291 - mse: 0.0014 - 2s/epoch - 11ms/step
Epoch 125/800
161/161 - 2s - loss: 0.0295 - mae: 0.0295 - mse: 0.0015 - 2s/epoch - 11ms/step
Epoch 126/800
161/161 - 2s - loss: 0.0291 - mae: 0.0291 - mse: 0.0014 - 2s/epoch - 11ms/step
Epoch 127/800
161/161 - 2s - loss: 0.0290 - mae: 0.0290 - mse: 0.0014 - 2s/epoch - 11ms/step
Epoch 128/800
161/161 - 2s - loss: 0.0289 - mae: 0.0289 - mse: 0.0014 - 2s/epoch - 11ms/step
Epoch 129/800
161/161 - 2s - loss: 0.0297 - mae: 0.0297 - mse: 0.0015 - 2s/epoch - 11ms/step
Epoch 130/800
161/161 - 2s - loss: 0.0296 - mae: 0.0296 - mse: 0.0015 - 2s/epoch - 11ms/step
Epoch 131/800
161/161 - 2s - loss: 0.0266 - mae: 0.0266 - mse: 0.0012 - 2s/epoch - 11ms/step
Epoch 132/800
161/161 - 2s - loss: 0.0278 - mae: 0.0278 - mse: 0.0013 - 2s/epoch - 11ms/step
Epoch 133/800
161/161 - 2s - loss: 0.0290 - mae: 0.0290 - mse: 0.0014 - 2s/epoch - 11ms/step
Epoch 134/800
161/161 - 2s - loss: 0.0269 - mae: 0.0269 - mse: 0.0012 - 2s/epoch - 11ms/step
Epoch 135/800
161/161 - 2s - loss: 0.0271 - mae: 0.0271 - mse: 0.0013 - 2s/epoch - 11ms/step
Epoch 136/800
161/161 - 2s - loss: 0.0282 - mae: 0.0282 - mse: 0.0014 - 2s/epoch - 11ms/step
Epoch 137/800
161/161 - 2s - loss: 0.0268 - mae: 0.0268 - mse: 0.0012 - 2s/epoch - 11ms/step
Epoch 138/800
161/161 - 2s - loss: 0.0264 - mae: 0.0264 - mse: 0.0012 - 2s/epoch - 11ms/step
Epoch 139/800
161/161 - 2s - loss: 0.0276 - mae: 0.0276 - mse: 0.0013 - 2s/epoch - 11ms/step
Epoch 140/800
161/161 - 2s - loss: 0.0249 - mae: 0.0249 - mse: 0.0011 - 2s/epoch - 11ms/step
Epoch 141/800
161/161 - 2s - loss: 0.0265 - mae: 0.0265 - mse: 0.0012 - 2s/epoch - 11ms/step
Epoch 142/800
161/161 - 2s - loss: 0.0256 - mae: 0.0256 - mse: 0.0011 - 2s/epoch - 11ms/step
Epoch 143/800
161/161 - 2s - loss: 0.0269 - mae: 0.0269 - mse: 0.0012 - 2s/epoch - 11ms/step
Epoch 144/800
161/161 - 2s - loss: 0.0255 - mae: 0.0255 - mse: 0.0011 - 2s/epoch - 11ms/step
Epoch 145/800
161/161 - 2s - loss: 0.0272 - mae: 0.0272 - mse: 0.0013 - 2s/epoch - 11ms/step
Epoch 146/800
161/161 - 2s - loss: 0.0250 - mae: 0.0250 - mse: 0.0011 - 2s/epoch - 11ms/step
Epoch 147/800
161/161 - 2s - loss: 0.0260 - mae: 0.0260 - mse: 0.0011 - 2s/epoch - 11ms/step
Epoch 148/800
161/161 - 2s - loss: 0.0279 - mae: 0.0279 - mse: 0.0013 - 2s/epoch - 11ms/step
Epoch 149/800
161/161 - 2s - loss: 0.0275 - mae: 0.0275 - mse: 0.0013 - 2s/epoch - 11ms/step
Epoch 150/800
161/161 - 2s - loss: 0.0246 - mae: 0.0246 - mse: 0.0010 - 2s/epoch - 11ms/step
Epoch 151/800
161/161 - 2s - loss: 0.0253 - mae: 0.0253 - mse: 0.0011 - 2s/epoch - 11ms/step
Epoch 152/800
161/161 - 2s - loss: 0.0232 - mae: 0.0232 - mse: 9.1963e-04 - 2s/epoch - 11ms/step
Epoch 153/800
161/161 - 2s - loss: 0.0244 - mae: 0.0244 - mse: 0.0010 - 2s/epoch - 11ms/step
Epoch 154/800
161/161 - 2s - loss: 0.0258 - mae: 0.0258 - mse: 0.0011 - 2s/epoch - 11ms/step
Epoch 155/800
161/161 - 2s - loss: 0.0239 - mae: 0.0239 - mse: 9.7628e-04 - 2s/epoch - 11ms/step
Epoch 156/800
161/161 - 2s - loss: 0.0241 - mae: 0.0241 - mse: 0.0010 - 2s/epoch - 11ms/step
Epoch 157/800
161/161 - 2s - loss: 0.0243 - mae: 0.0243 - mse: 0.0010 - 2s/epoch - 11ms/step
Epoch 158/800
161/161 - 2s - loss: 0.0259 - mae: 0.0259 - mse: 0.0011 - 2s/epoch - 11ms/step
Epoch 159/800
161/161 - 2s - loss: 0.0250 - mae: 0.0250 - mse: 0.0010 - 2s/epoch - 11ms/step
Epoch 160/800
161/161 - 2s - loss: 0.0252 - mae: 0.0252 - mse: 0.0011 - 2s/epoch - 11ms/step
Epoch 161/800
161/161 - 2s - loss: 0.0240 - mae: 0.0240 - mse: 9.7964e-04 - 2s/epoch - 11ms/step
Epoch 162/800
161/161 - 2s - loss: 0.0225 - mae: 0.0225 - mse: 8.5650e-04 - 2s/epoch - 11ms/step
Epoch 163/800
161/161 - 2s - loss: 0.0248 - mae: 0.0248 - mse: 0.0010 - 2s/epoch - 11ms/step
Epoch 164/800
161/161 - 2s - loss: 0.0240 - mae: 0.0240 - mse: 9.8777e-04 - 2s/epoch - 11ms/step
Epoch 165/800
161/161 - 2s - loss: 0.0231 - mae: 0.0231 - mse: 9.1577e-04 - 2s/epoch - 11ms/step
Epoch 166/800
161/161 - 2s - loss: 0.0236 - mae: 0.0236 - mse: 9.6489e-04 - 2s/epoch - 11ms/step
Epoch 167/800
161/161 - 2s - loss: 0.0244 - mae: 0.0244 - mse: 9.9794e-04 - 2s/epoch - 11ms/step
Epoch 168/800
161/161 - 2s - loss: 0.0220 - mae: 0.0220 - mse: 8.2914e-04 - 2s/epoch - 11ms/step
Epoch 169/800
161/161 - 2s - loss: 0.0228 - mae: 0.0228 - mse: 8.8255e-04 - 2s/epoch - 11ms/step
Epoch 170/800
161/161 - 2s - loss: 0.0240 - mae: 0.0240 - mse: 9.7091e-04 - 2s/epoch - 11ms/step
Epoch 171/800
161/161 - 2s - loss: 0.0262 - mae: 0.0262 - mse: 0.0011 - 2s/epoch - 11ms/step
Epoch 172/800
161/161 - 2s - loss: 0.0241 - mae: 0.0241 - mse: 9.9829e-04 - 2s/epoch - 11ms/step
Epoch 173/800
161/161 - 2s - loss: 0.0232 - mae: 0.0232 - mse: 9.0679e-04 - 2s/epoch - 11ms/step
Epoch 174/800
161/161 - 2s - loss: 0.0215 - mae: 0.0215 - mse: 7.9538e-04 - 2s/epoch - 11ms/step
Epoch 175/800
161/161 - 2s - loss: 0.0229 - mae: 0.0229 - mse: 8.7880e-04 - 2s/epoch - 11ms/step
Epoch 176/800
161/161 - 2s - loss: 0.0231 - mae: 0.0231 - mse: 8.9848e-04 - 2s/epoch - 11ms/step
Epoch 177/800
161/161 - 2s - loss: 0.0251 - mae: 0.0251 - mse: 0.0010 - 2s/epoch - 11ms/step
Epoch 178/800
161/161 - 2s - loss: 0.0222 - mae: 0.0222 - mse: 8.5221e-04 - 2s/epoch - 11ms/step
Epoch 179/800
161/161 - 2s - loss: 0.0213 - mae: 0.0213 - mse: 7.7815e-04 - 2s/epoch - 11ms/step
Epoch 180/800
161/161 - 2s - loss: 0.0229 - mae: 0.0229 - mse: 8.8573e-04 - 2s/epoch - 11ms/step
Epoch 181/800
161/161 - 2s - loss: 0.0206 - mae: 0.0206 - mse: 7.2456e-04 - 2s/epoch - 11ms/step
Epoch 182/800
161/161 - 2s - loss: 0.0212 - mae: 0.0212 - mse: 7.5649e-04 - 2s/epoch - 11ms/step
Epoch 183/800
161/161 - 2s - loss: 0.0213 - mae: 0.0213 - mse: 7.7940e-04 - 2s/epoch - 11ms/step
Epoch 184/800
161/161 - 2s - loss: 0.0215 - mae: 0.0215 - mse: 7.6479e-04 - 2s/epoch - 11ms/step
Epoch 185/800
161/161 - 2s - loss: 0.0229 - mae: 0.0229 - mse: 8.8512e-04 - 2s/epoch - 11ms/step
Epoch 186/800
161/161 - 2s - loss: 0.0215 - mae: 0.0215 - mse: 7.7098e-04 - 2s/epoch - 11ms/step
Epoch 187/800
161/161 - 2s - loss: 0.0215 - mae: 0.0215 - mse: 7.7730e-04 - 2s/epoch - 11ms/step
Epoch 188/800
161/161 - 2s - loss: 0.0197 - mae: 0.0197 - mse: 6.6855e-04 - 2s/epoch - 11ms/step
Epoch 189/800
161/161 - 2s - loss: 0.0218 - mae: 0.0218 - mse: 8.0114e-04 - 2s/epoch - 11ms/step
Epoch 190/800
161/161 - 2s - loss: 0.0209 - mae: 0.0209 - mse: 7.3259e-04 - 2s/epoch - 11ms/step
Epoch 191/800
161/161 - 2s - loss: 0.0208 - mae: 0.0208 - mse: 7.5042e-04 - 2s/epoch - 11ms/step
Epoch 192/800
161/161 - 2s - loss: 0.0210 - mae: 0.0210 - mse: 7.4617e-04 - 2s/epoch - 11ms/step
Epoch 193/800
161/161 - 2s - loss: 0.0212 - mae: 0.0212 - mse: 7.6113e-04 - 2s/epoch - 11ms/step
Epoch 194/800
161/161 - 2s - loss: 0.0212 - mae: 0.0212 - mse: 7.7795e-04 - 2s/epoch - 11ms/step
Epoch 195/800
161/161 - 2s - loss: 0.0200 - mae: 0.0200 - mse: 6.8853e-04 - 2s/epoch - 11ms/step
Epoch 196/800
161/161 - 2s - loss: 0.0219 - mae: 0.0219 - mse: 8.1040e-04 - 2s/epoch - 11ms/step
Epoch 197/800
161/161 - 2s - loss: 0.0204 - mae: 0.0204 - mse: 7.0274e-04 - 2s/epoch - 11ms/step
Epoch 198/800
161/161 - 2s - loss: 0.0205 - mae: 0.0205 - mse: 7.0123e-04 - 2s/epoch - 11ms/step
Epoch 199/800
161/161 - 2s - loss: 0.0208 - mae: 0.0208 - mse: 7.3166e-04 - 2s/epoch - 11ms/step
Epoch 200/800
161/161 - 2s - loss: 0.0184 - mae: 0.0184 - mse: 5.8750e-04 - 2s/epoch - 11ms/step
Epoch 201/800
161/161 - 2s - loss: 0.0201 - mae: 0.0201 - mse: 6.8693e-04 - 2s/epoch - 11ms/step
Epoch 202/800
161/161 - 2s - loss: 0.0210 - mae: 0.0210 - mse: 7.5380e-04 - 2s/epoch - 11ms/step
Epoch 203/800
161/161 - 2s - loss: 0.0201 - mae: 0.0201 - mse: 6.7754e-04 - 2s/epoch - 11ms/step
Epoch 204/800
161/161 - 2s - loss: 0.0192 - mae: 0.0192 - mse: 6.2605e-04 - 2s/epoch - 11ms/step
Epoch 205/800
161/161 - 2s - loss: 0.0206 - mae: 0.0206 - mse: 7.0332e-04 - 2s/epoch - 11ms/step
Epoch 206/800
161/161 - 2s - loss: 0.0218 - mae: 0.0218 - mse: 7.9369e-04 - 2s/epoch - 11ms/step
Epoch 207/800
161/161 - 2s - loss: 0.0188 - mae: 0.0188 - mse: 6.0955e-04 - 2s/epoch - 11ms/step
Epoch 208/800
161/161 - 2s - loss: 0.0206 - mae: 0.0206 - mse: 7.0758e-04 - 2s/epoch - 11ms/step
Epoch 209/800
161/161 - 2s - loss: 0.0194 - mae: 0.0194 - mse: 6.2247e-04 - 2s/epoch - 11ms/step
Epoch 210/800
161/161 - 2s - loss: 0.0198 - mae: 0.0198 - mse: 6.6165e-04 - 2s/epoch - 11ms/step
Epoch 211/800
161/161 - 2s - loss: 0.0196 - mae: 0.0196 - mse: 6.4107e-04 - 2s/epoch - 11ms/step
Epoch 212/800
161/161 - 2s - loss: 0.0193 - mae: 0.0193 - mse: 6.2309e-04 - 2s/epoch - 11ms/step
Epoch 213/800
161/161 - 2s - loss: 0.0199 - mae: 0.0199 - mse: 6.6225e-04 - 2s/epoch - 11ms/step
Epoch 214/800
161/161 - 2s - loss: 0.0188 - mae: 0.0188 - mse: 5.9524e-04 - 2s/epoch - 11ms/step
Epoch 215/800
161/161 - 2s - loss: 0.0194 - mae: 0.0194 - mse: 6.3337e-04 - 2s/epoch - 11ms/step
Epoch 216/800
161/161 - 2s - loss: 0.0185 - mae: 0.0185 - mse: 5.8861e-04 - 2s/epoch - 11ms/step
Epoch 217/800
161/161 - 2s - loss: 0.0203 - mae: 0.0203 - mse: 6.8174e-04 - 2s/epoch - 11ms/step
Epoch 218/800
161/161 - 2s - loss: 0.0195 - mae: 0.0195 - mse: 6.3157e-04 - 2s/epoch - 11ms/step
Epoch 219/800
161/161 - 2s - loss: 0.0190 - mae: 0.0190 - mse: 6.0688e-04 - 2s/epoch - 11ms/step
Epoch 220/800
161/161 - 2s - loss: 0.0174 - mae: 0.0174 - mse: 5.1036e-04 - 2s/epoch - 11ms/step
Epoch 221/800
161/161 - 2s - loss: 0.0189 - mae: 0.0189 - mse: 6.0489e-04 - 2s/epoch - 11ms/step
Epoch 222/800
161/161 - 2s - loss: 0.0209 - mae: 0.0209 - mse: 7.2858e-04 - 2s/epoch - 11ms/step
Epoch 223/800
161/161 - 2s - loss: 0.0185 - mae: 0.0185 - mse: 5.8006e-04 - 2s/epoch - 11ms/step
Epoch 224/800
161/161 - 2s - loss: 0.0175 - mae: 0.0175 - mse: 5.1037e-04 - 2s/epoch - 11ms/step
Epoch 225/800
161/161 - 2s - loss: 0.0184 - mae: 0.0184 - mse: 5.6645e-04 - 2s/epoch - 11ms/step
Epoch 226/800
161/161 - 2s - loss: 0.0184 - mae: 0.0184 - mse: 5.7331e-04 - 2s/epoch - 11ms/step
Epoch 227/800
161/161 - 2s - loss: 0.0198 - mae: 0.0198 - mse: 6.4482e-04 - 2s/epoch - 11ms/step
Epoch 228/800
161/161 - 2s - loss: 0.0180 - mae: 0.0180 - mse: 5.4625e-04 - 2s/epoch - 11ms/step
Epoch 229/800
161/161 - 2s - loss: 0.0172 - mae: 0.0172 - mse: 4.9886e-04 - 2s/epoch - 11ms/step
Epoch 230/800
161/161 - 2s - loss: 0.0190 - mae: 0.0190 - mse: 6.1185e-04 - 2s/epoch - 11ms/step
Epoch 231/800
161/161 - 2s - loss: 0.0181 - mae: 0.0181 - mse: 5.6499e-04 - 2s/epoch - 11ms/step
Epoch 232/800
161/161 - 2s - loss: 0.0176 - mae: 0.0176 - mse: 5.1457e-04 - 2s/epoch - 11ms/step
Epoch 233/800
161/161 - 2s - loss: 0.0167 - mae: 0.0167 - mse: 4.8322e-04 - 2s/epoch - 11ms/step
Epoch 234/800
161/161 - 2s - loss: 0.0190 - mae: 0.0190 - mse: 6.0209e-04 - 2s/epoch - 11ms/step
Epoch 235/800
161/161 - 2s - loss: 0.0177 - mae: 0.0177 - mse: 5.1982e-04 - 2s/epoch - 11ms/step
Epoch 236/800
161/161 - 2s - loss: 0.0171 - mae: 0.0171 - mse: 4.9429e-04 - 2s/epoch - 11ms/step
Epoch 237/800
161/161 - 2s - loss: 0.0186 - mae: 0.0186 - mse: 5.8210e-04 - 2s/epoch - 11ms/step
Epoch 238/800
161/161 - 2s - loss: 0.0179 - mae: 0.0179 - mse: 5.3507e-04 - 2s/epoch - 11ms/step
Epoch 239/800
161/161 - 2s - loss: 0.0187 - mae: 0.0187 - mse: 6.0310e-04 - 2s/epoch - 11ms/step
Epoch 240/800
161/161 - 2s - loss: 0.0173 - mae: 0.0173 - mse: 5.0358e-04 - 2s/epoch - 11ms/step
Epoch 241/800
161/161 - 2s - loss: 0.0167 - mae: 0.0167 - mse: 4.6975e-04 - 2s/epoch - 11ms/step
Epoch 242/800
161/161 - 2s - loss: 0.0174 - mae: 0.0174 - mse: 5.0366e-04 - 2s/epoch - 11ms/step
Epoch 243/800
161/161 - 2s - loss: 0.0159 - mae: 0.0159 - mse: 4.2891e-04 - 2s/epoch - 11ms/step
Epoch 244/800
161/161 - 2s - loss: 0.0178 - mae: 0.0178 - mse: 5.3723e-04 - 2s/epoch - 11ms/step
Epoch 245/800
161/161 - 2s - loss: 0.0185 - mae: 0.0185 - mse: 5.6861e-04 - 2s/epoch - 11ms/step
Epoch 246/800
161/161 - 2s - loss: 0.0182 - mae: 0.0182 - mse: 5.4676e-04 - 2s/epoch - 11ms/step
Epoch 247/800
161/161 - 2s - loss: 0.0172 - mae: 0.0172 - mse: 4.9854e-04 - 2s/epoch - 11ms/step
Epoch 248/800
161/161 - 2s - loss: 0.0162 - mae: 0.0162 - mse: 4.4215e-04 - 2s/epoch - 11ms/step
Epoch 249/800
161/161 - 2s - loss: 0.0163 - mae: 0.0163 - mse: 4.5029e-04 - 2s/epoch - 11ms/step
Epoch 250/800
161/161 - 2s - loss: 0.0169 - mae: 0.0169 - mse: 4.7730e-04 - 2s/epoch - 11ms/step
Epoch 251/800
161/161 - 2s - loss: 0.0161 - mae: 0.0161 - mse: 4.4487e-04 - 2s/epoch - 11ms/step
Epoch 252/800
161/161 - 2s - loss: 0.0179 - mae: 0.0179 - mse: 5.3874e-04 - 2s/epoch - 11ms/step
Epoch 253/800
161/161 - 2s - loss: 0.0171 - mae: 0.0171 - mse: 4.8788e-04 - 2s/epoch - 11ms/step
Epoch 254/800
161/161 - 2s - loss: 0.0162 - mae: 0.0162 - mse: 4.4690e-04 - 2s/epoch - 11ms/step
Epoch 255/800
161/161 - 2s - loss: 0.0166 - mae: 0.0166 - mse: 4.5474e-04 - 2s/epoch - 11ms/step
Epoch 256/800
161/161 - 2s - loss: 0.0159 - mae: 0.0159 - mse: 4.3082e-04 - 2s/epoch - 11ms/step
Epoch 257/800
161/161 - 2s - loss: 0.0169 - mae: 0.0169 - mse: 4.7957e-04 - 2s/epoch - 11ms/step
Epoch 258/800
161/161 - 2s - loss: 0.0158 - mae: 0.0158 - mse: 4.1420e-04 - 2s/epoch - 11ms/step
Epoch 259/800
161/161 - 2s - loss: 0.0164 - mae: 0.0164 - mse: 4.5224e-04 - 2s/epoch - 11ms/step
Epoch 260/800
161/161 - 2s - loss: 0.0161 - mae: 0.0161 - mse: 4.4081e-04 - 2s/epoch - 11ms/step
Epoch 261/800
161/161 - 2s - loss: 0.0170 - mae: 0.0170 - mse: 4.8960e-04 - 2s/epoch - 11ms/step
Epoch 262/800
161/161 - 2s - loss: 0.0158 - mae: 0.0158 - mse: 4.2568e-04 - 2s/epoch - 11ms/step
Epoch 263/800
161/161 - 2s - loss: 0.0158 - mae: 0.0158 - mse: 4.1814e-04 - 2s/epoch - 11ms/step
Epoch 264/800
161/161 - 2s - loss: 0.0158 - mae: 0.0158 - mse: 4.1471e-04 - 2s/epoch - 11ms/step
Epoch 265/800
161/161 - 2s - loss: 0.0168 - mae: 0.0168 - mse: 4.8405e-04 - 2s/epoch - 11ms/step
Epoch 266/800
161/161 - 2s - loss: 0.0160 - mae: 0.0160 - mse: 4.3650e-04 - 2s/epoch - 11ms/step
Epoch 267/800
161/161 - 2s - loss: 0.0163 - mae: 0.0163 - mse: 4.4833e-04 - 2s/epoch - 11ms/step
Epoch 268/800
161/161 - 2s - loss: 0.0161 - mae: 0.0161 - mse: 4.3264e-04 - 2s/epoch - 11ms/step
Epoch 269/800
161/161 - 2s - loss: 0.0153 - mae: 0.0153 - mse: 4.0210e-04 - 2s/epoch - 11ms/step
Epoch 270/800
161/161 - 2s - loss: 0.0154 - mae: 0.0154 - mse: 3.9900e-04 - 2s/epoch - 11ms/step
Epoch 271/800
161/161 - 2s - loss: 0.0177 - mae: 0.0177 - mse: 5.1462e-04 - 2s/epoch - 11ms/step
Epoch 272/800
161/161 - 2s - loss: 0.0152 - mae: 0.0152 - mse: 3.8429e-04 - 2s/epoch - 11ms/step
Epoch 273/800
161/161 - 2s - loss: 0.0155 - mae: 0.0155 - mse: 4.1404e-04 - 2s/epoch - 11ms/step
Epoch 274/800
161/161 - 2s - loss: 0.0172 - mae: 0.0172 - mse: 4.8666e-04 - 2s/epoch - 11ms/step
Epoch 275/800
161/161 - 2s - loss: 0.0157 - mae: 0.0157 - mse: 4.0909e-04 - 2s/epoch - 11ms/step
Epoch 276/800
161/161 - 2s - loss: 0.0150 - mae: 0.0150 - mse: 3.7733e-04 - 2s/epoch - 11ms/step
Epoch 277/800
161/161 - 2s - loss: 0.0153 - mae: 0.0153 - mse: 3.9452e-04 - 2s/epoch - 11ms/step
Epoch 278/800
161/161 - 2s - loss: 0.0152 - mae: 0.0152 - mse: 3.9031e-04 - 2s/epoch - 11ms/step
Epoch 279/800
161/161 - 2s - loss: 0.0158 - mae: 0.0158 - mse: 4.0894e-04 - 2s/epoch - 11ms/step
Epoch 280/800
161/161 - 2s - loss: 0.0152 - mae: 0.0152 - mse: 3.8704e-04 - 2s/epoch - 11ms/step
Epoch 281/800
161/161 - 2s - loss: 0.0163 - mae: 0.0163 - mse: 4.5151e-04 - 2s/epoch - 11ms/step
Epoch 282/800
161/161 - 2s - loss: 0.0143 - mae: 0.0143 - mse: 3.4930e-04 - 2s/epoch - 11ms/step
Epoch 283/800
161/161 - 2s - loss: 0.0156 - mae: 0.0156 - mse: 4.1529e-04 - 2s/epoch - 11ms/step
Epoch 284/800
161/161 - 2s - loss: 0.0150 - mae: 0.0150 - mse: 3.7799e-04 - 2s/epoch - 11ms/step
Epoch 285/800
161/161 - 2s - loss: 0.0149 - mae: 0.0149 - mse: 3.7029e-04 - 2s/epoch - 11ms/step
Epoch 286/800
161/161 - 2s - loss: 0.0160 - mae: 0.0160 - mse: 4.2669e-04 - 2s/epoch - 11ms/step
Epoch 287/800
161/161 - 2s - loss: 0.0153 - mae: 0.0153 - mse: 3.9041e-04 - 2s/epoch - 11ms/step
Epoch 288/800
161/161 - 2s - loss: 0.0154 - mae: 0.0154 - mse: 4.0149e-04 - 2s/epoch - 11ms/step
Epoch 289/800
161/161 - 2s - loss: 0.0146 - mae: 0.0146 - mse: 3.5996e-04 - 2s/epoch - 11ms/step
Epoch 290/800
161/161 - 2s - loss: 0.0147 - mae: 0.0147 - mse: 3.6506e-04 - 2s/epoch - 11ms/step
Epoch 291/800
161/161 - 2s - loss: 0.0149 - mae: 0.0149 - mse: 3.7377e-04 - 2s/epoch - 11ms/step
Epoch 292/800
161/161 - 2s - loss: 0.0147 - mae: 0.0147 - mse: 3.5944e-04 - 2s/epoch - 11ms/step
Epoch 293/800
161/161 - 2s - loss: 0.0141 - mae: 0.0141 - mse: 3.3687e-04 - 2s/epoch - 11ms/step
Epoch 294/800
161/161 - 2s - loss: 0.0142 - mae: 0.0142 - mse: 3.3658e-04 - 2s/epoch - 11ms/step
Epoch 295/800
161/161 - 2s - loss: 0.0145 - mae: 0.0145 - mse: 3.5660e-04 - 2s/epoch - 11ms/step
Epoch 296/800
161/161 - 2s - loss: 0.0151 - mae: 0.0151 - mse: 3.7751e-04 - 2s/epoch - 11ms/step
Epoch 297/800
161/161 - 2s - loss: 0.0140 - mae: 0.0140 - mse: 3.2620e-04 - 2s/epoch - 11ms/step
Epoch 298/800
161/161 - 2s - loss: 0.0151 - mae: 0.0151 - mse: 3.8598e-04 - 2s/epoch - 11ms/step
Epoch 299/800
161/161 - 2s - loss: 0.0139 - mae: 0.0139 - mse: 3.2180e-04 - 2s/epoch - 11ms/step
Epoch 300/800
161/161 - 2s - loss: 0.0134 - mae: 0.0134 - mse: 3.0463e-04 - 2s/epoch - 11ms/step
Epoch 301/800
161/161 - 2s - loss: 0.0142 - mae: 0.0142 - mse: 3.3667e-04 - 2s/epoch - 11ms/step
Epoch 302/800
161/161 - 2s - loss: 0.0139 - mae: 0.0139 - mse: 3.2527e-04 - 2s/epoch - 11ms/step
Epoch 303/800
161/161 - 2s - loss: 0.0151 - mae: 0.0151 - mse: 3.7976e-04 - 2s/epoch - 11ms/step
Epoch 304/800
161/161 - 2s - loss: 0.0151 - mae: 0.0151 - mse: 3.7823e-04 - 2s/epoch - 11ms/step
Epoch 305/800
161/161 - 2s - loss: 0.0138 - mae: 0.0138 - mse: 3.1953e-04 - 2s/epoch - 11ms/step
Epoch 306/800
161/161 - 2s - loss: 0.0140 - mae: 0.0140 - mse: 3.2352e-04 - 2s/epoch - 11ms/step
Epoch 307/800
161/161 - 2s - loss: 0.0140 - mae: 0.0140 - mse: 3.3446e-04 - 2s/epoch - 11ms/step
Epoch 308/800
161/161 - 2s - loss: 0.0146 - mae: 0.0146 - mse: 3.5224e-04 - 2s/epoch - 11ms/step
Epoch 309/800
161/161 - 2s - loss: 0.0142 - mae: 0.0142 - mse: 3.4032e-04 - 2s/epoch - 11ms/step
Epoch 310/800
161/161 - 2s - loss: 0.0134 - mae: 0.0134 - mse: 3.0035e-04 - 2s/epoch - 11ms/step
Epoch 311/800
161/161 - 2s - loss: 0.0128 - mae: 0.0128 - mse: 2.7288e-04 - 2s/epoch - 11ms/step
Epoch 312/800
161/161 - 2s - loss: 0.0131 - mae: 0.0131 - mse: 2.9080e-04 - 2s/epoch - 11ms/step
Epoch 313/800
161/161 - 2s - loss: 0.0131 - mae: 0.0131 - mse: 2.8956e-04 - 2s/epoch - 11ms/step
Epoch 314/800
161/161 - 2s - loss: 0.0141 - mae: 0.0141 - mse: 3.3508e-04 - 2s/epoch - 11ms/step
Epoch 315/800
161/161 - 2s - loss: 0.0137 - mae: 0.0137 - mse: 3.1868e-04 - 2s/epoch - 11ms/step
Epoch 316/800
161/161 - 2s - loss: 0.0136 - mae: 0.0136 - mse: 3.1390e-04 - 2s/epoch - 11ms/step
Epoch 317/800
161/161 - 2s - loss: 0.0137 - mae: 0.0137 - mse: 3.1579e-04 - 2s/epoch - 11ms/step
Epoch 318/800
161/161 - 2s - loss: 0.0141 - mae: 0.0141 - mse: 3.3227e-04 - 2s/epoch - 11ms/step
Epoch 319/800
161/161 - 2s - loss: 0.0135 - mae: 0.0135 - mse: 3.0615e-04 - 2s/epoch - 11ms/step
Epoch 320/800
161/161 - 2s - loss: 0.0126 - mae: 0.0126 - mse: 2.6612e-04 - 2s/epoch - 11ms/step
Epoch 321/800
161/161 - 2s - loss: 0.0134 - mae: 0.0134 - mse: 3.0458e-04 - 2s/epoch - 11ms/step
Epoch 322/800
161/161 - 2s - loss: 0.0137 - mae: 0.0137 - mse: 3.1029e-04 - 2s/epoch - 11ms/step
Epoch 323/800
161/161 - 2s - loss: 0.0125 - mae: 0.0125 - mse: 2.6237e-04 - 2s/epoch - 11ms/step
Epoch 324/800
161/161 - 2s - loss: 0.0130 - mae: 0.0130 - mse: 2.8159e-04 - 2s/epoch - 11ms/step
Epoch 325/800
161/161 - 2s - loss: 0.0133 - mae: 0.0133 - mse: 2.9972e-04 - 2s/epoch - 11ms/step
Epoch 326/800
161/161 - 2s - loss: 0.0127 - mae: 0.0127 - mse: 2.7465e-04 - 2s/epoch - 11ms/step
Epoch 327/800
161/161 - 2s - loss: 0.0126 - mae: 0.0126 - mse: 2.6964e-04 - 2s/epoch - 11ms/step
Epoch 328/800
161/161 - 2s - loss: 0.0137 - mae: 0.0137 - mse: 3.1203e-04 - 2s/epoch - 11ms/step
Epoch 329/800
161/161 - 2s - loss: 0.0124 - mae: 0.0124 - mse: 2.6100e-04 - 2s/epoch - 11ms/step
Epoch 330/800
161/161 - 2s - loss: 0.0145 - mae: 0.0145 - mse: 3.5161e-04 - 2s/epoch - 11ms/step
Epoch 331/800
161/161 - 2s - loss: 0.0135 - mae: 0.0135 - mse: 3.0707e-04 - 2s/epoch - 11ms/step
Epoch 332/800
161/161 - 2s - loss: 0.0127 - mae: 0.0127 - mse: 2.7311e-04 - 2s/epoch - 11ms/step
Epoch 333/800
161/161 - 2s - loss: 0.0133 - mae: 0.0133 - mse: 2.9429e-04 - 2s/epoch - 11ms/step
Epoch 334/800
161/161 - 2s - loss: 0.0127 - mae: 0.0127 - mse: 2.7394e-04 - 2s/epoch - 12ms/step
Epoch 335/800
161/161 - 2s - loss: 0.0137 - mae: 0.0137 - mse: 3.1374e-04 - 2s/epoch - 12ms/step
Epoch 336/800
161/161 - 2s - loss: 0.0146 - mae: 0.0146 - mse: 3.5989e-04 - 2s/epoch - 11ms/step
Epoch 337/800
161/161 - 2s - loss: 0.0140 - mae: 0.0140 - mse: 3.2508e-04 - 2s/epoch - 11ms/step
Epoch 338/800
161/161 - 2s - loss: 0.0118 - mae: 0.0118 - mse: 2.3817e-04 - 2s/epoch - 12ms/step
Epoch 339/800
161/161 - 3s - loss: 0.0121 - mae: 0.0121 - mse: 2.4634e-04 - 3s/epoch - 16ms/step
Epoch 340/800
161/161 - 3s - loss: 0.0130 - mae: 0.0130 - mse: 2.8758e-04 - 3s/epoch - 16ms/step
Epoch 341/800
161/161 - 3s - loss: 0.0128 - mae: 0.0128 - mse: 2.7010e-04 - 3s/epoch - 16ms/step
Epoch 342/800
161/161 - 3s - loss: 0.0129 - mae: 0.0129 - mse: 2.7617e-04 - 3s/epoch - 16ms/step
Epoch 343/800
161/161 - 2s - loss: 0.0122 - mae: 0.0122 - mse: 2.5087e-04 - 2s/epoch - 14ms/step
Epoch 344/800
161/161 - 3s - loss: 0.0130 - mae: 0.0130 - mse: 2.8092e-04 - 3s/epoch - 16ms/step
Epoch 345/800
161/161 - 2s - loss: 0.0132 - mae: 0.0132 - mse: 2.9318e-04 - 2s/epoch - 13ms/step
Epoch 346/800
161/161 - 2s - loss: 0.0124 - mae: 0.0124 - mse: 2.6111e-04 - 2s/epoch - 14ms/step
Epoch 347/800
161/161 - 2s - loss: 0.0123 - mae: 0.0123 - mse: 2.5731e-04 - 2s/epoch - 14ms/step
Epoch 348/800
161/161 - 2s - loss: 0.0120 - mae: 0.0120 - mse: 2.4235e-04 - 2s/epoch - 14ms/step
Epoch 349/800
161/161 - 3s - loss: 0.0123 - mae: 0.0123 - mse: 2.5677e-04 - 3s/epoch - 16ms/step
Epoch 350/800
161/161 - 3s - loss: 0.0119 - mae: 0.0119 - mse: 2.3987e-04 - 3s/epoch - 17ms/step
Epoch 351/800
161/161 - 3s - loss: 0.0126 - mae: 0.0126 - mse: 2.6602e-04 - 3s/epoch - 17ms/step
Epoch 352/800
161/161 - 3s - loss: 0.0118 - mae: 0.0118 - mse: 2.4193e-04 - 3s/epoch - 16ms/step
Epoch 353/800
161/161 - 2s - loss: 0.0119 - mae: 0.0119 - mse: 2.3654e-04 - 2s/epoch - 14ms/step
Epoch 354/800
161/161 - 2s - loss: 0.0117 - mae: 0.0117 - mse: 2.3187e-04 - 2s/epoch - 13ms/step
Epoch 355/800
161/161 - 2s - loss: 0.0119 - mae: 0.0119 - mse: 2.3574e-04 - 2s/epoch - 15ms/step
Epoch 356/800
161/161 - 3s - loss: 0.0120 - mae: 0.0120 - mse: 2.4674e-04 - 3s/epoch - 16ms/step
Epoch 357/800
161/161 - 3s - loss: 0.0121 - mae: 0.0121 - mse: 2.4788e-04 - 3s/epoch - 16ms/step
Epoch 358/800
161/161 - 3s - loss: 0.0121 - mae: 0.0121 - mse: 2.4518e-04 - 3s/epoch - 17ms/step
Epoch 359/800
161/161 - 2s - loss: 0.0119 - mae: 0.0119 - mse: 2.4102e-04 - 2s/epoch - 15ms/step
Epoch 360/800
161/161 - 3s - loss: 0.0115 - mae: 0.0115 - mse: 2.2363e-04 - 3s/epoch - 16ms/step
Epoch 361/800
161/161 - 3s - loss: 0.0119 - mae: 0.0119 - mse: 2.4273e-04 - 3s/epoch - 16ms/step
Epoch 362/800
161/161 - 2s - loss: 0.0122 - mae: 0.0122 - mse: 2.4921e-04 - 2s/epoch - 15ms/step
Epoch 363/800
161/161 - 2s - loss: 0.0119 - mae: 0.0119 - mse: 2.3415e-04 - 2s/epoch - 15ms/step
Epoch 364/800
161/161 - 3s - loss: 0.0109 - mae: 0.0109 - mse: 2.0298e-04 - 3s/epoch - 16ms/step
Epoch 365/800
161/161 - 3s - loss: 0.0122 - mae: 0.0122 - mse: 2.4824e-04 - 3s/epoch - 16ms/step
Epoch 366/800
161/161 - 3s - loss: 0.0115 - mae: 0.0115 - mse: 2.2492e-04 - 3s/epoch - 16ms/step
Epoch 367/800
161/161 - 3s - loss: 0.0112 - mae: 0.0112 - mse: 2.1210e-04 - 3s/epoch - 17ms/step
Epoch 368/800
161/161 - 3s - loss: 0.0135 - mae: 0.0135 - mse: 2.9170e-04 - 3s/epoch - 17ms/step
Epoch 369/800
161/161 - 3s - loss: 0.0108 - mae: 0.0108 - mse: 1.9505e-04 - 3s/epoch - 16ms/step
Epoch 370/800
161/161 - 3s - loss: 0.0109 - mae: 0.0109 - mse: 2.0058e-04 - 3s/epoch - 17ms/step
Epoch 371/800
161/161 - 3s - loss: 0.0110 - mae: 0.0110 - mse: 2.0538e-04 - 3s/epoch - 17ms/step
Epoch 372/800
161/161 - 3s - loss: 0.0112 - mae: 0.0112 - mse: 2.1266e-04 - 3s/epoch - 16ms/step
Epoch 373/800
161/161 - 2s - loss: 0.0108 - mae: 0.0108 - mse: 1.9891e-04 - 2s/epoch - 15ms/step
Epoch 374/800
161/161 - 2s - loss: 0.0108 - mae: 0.0108 - mse: 1.9784e-04 - 2s/epoch - 15ms/step
Epoch 375/800
161/161 - 2s - loss: 0.0112 - mae: 0.0112 - mse: 2.1249e-04 - 2s/epoch - 15ms/step
Epoch 376/800
161/161 - 2s - loss: 0.0112 - mae: 0.0112 - mse: 2.0927e-04 - 2s/epoch - 15ms/step
Epoch 377/800
161/161 - 2s - loss: 0.0123 - mae: 0.0123 - mse: 2.5030e-04 - 2s/epoch - 15ms/step
Epoch 378/800
161/161 - 3s - loss: 0.0121 - mae: 0.0121 - mse: 2.4528e-04 - 3s/epoch - 16ms/step
Epoch 379/800
161/161 - 3s - loss: 0.0114 - mae: 0.0114 - mse: 2.1661e-04 - 3s/epoch - 16ms/step
Epoch 380/800
161/161 - 2s - loss: 0.0107 - mae: 0.0107 - mse: 1.9144e-04 - 2s/epoch - 15ms/step
Epoch 381/800
161/161 - 3s - loss: 0.0116 - mae: 0.0116 - mse: 2.2899e-04 - 3s/epoch - 16ms/step
Epoch 382/800
161/161 - 3s - loss: 0.0115 - mae: 0.0115 - mse: 2.2895e-04 - 3s/epoch - 16ms/step
Epoch 383/800
161/161 - 2s - loss: 0.0123 - mae: 0.0123 - mse: 2.4961e-04 - 2s/epoch - 14ms/step
Epoch 384/800
161/161 - 2s - loss: 0.0120 - mae: 0.0120 - mse: 2.3686e-04 - 2s/epoch - 14ms/step
Epoch 385/800
161/161 - 3s - loss: 0.0115 - mae: 0.0115 - mse: 2.2261e-04 - 3s/epoch - 16ms/step
Epoch 386/800
161/161 - 3s - loss: 0.0109 - mae: 0.0109 - mse: 2.0348e-04 - 3s/epoch - 16ms/step
Epoch 387/800
161/161 - 2s - loss: 0.0102 - mae: 0.0102 - mse: 1.7405e-04 - 2s/epoch - 15ms/step
Epoch 388/800
161/161 - 2s - loss: 0.0116 - mae: 0.0116 - mse: 2.2564e-04 - 2s/epoch - 15ms/step
Epoch 389/800
161/161 - 3s - loss: 0.0104 - mae: 0.0104 - mse: 1.8035e-04 - 3s/epoch - 16ms/step
Epoch 390/800
161/161 - 3s - loss: 0.0100 - mae: 0.0100 - mse: 1.6886e-04 - 3s/epoch - 16ms/step
Epoch 391/800
161/161 - 3s - loss: 0.0106 - mae: 0.0106 - mse: 1.9107e-04 - 3s/epoch - 17ms/step
Epoch 392/800
161/161 - 2s - loss: 0.0108 - mae: 0.0108 - mse: 1.9653e-04 - 2s/epoch - 15ms/step
Epoch 393/800
161/161 - 2s - loss: 0.0105 - mae: 0.0105 - mse: 1.9060e-04 - 2s/epoch - 13ms/step
Epoch 394/800
161/161 - 2s - loss: 0.0103 - mae: 0.0103 - mse: 1.8029e-04 - 2s/epoch - 14ms/step
Epoch 395/800
161/161 - 2s - loss: 0.0125 - mae: 0.0125 - mse: 2.5408e-04 - 2s/epoch - 15ms/step
Epoch 396/800
161/161 - 3s - loss: 0.0101 - mae: 0.0101 - mse: 1.7553e-04 - 3s/epoch - 16ms/step
Epoch 397/800
161/161 - 2s - loss: 0.0105 - mae: 0.0105 - mse: 1.8554e-04 - 2s/epoch - 15ms/step
Epoch 398/800
161/161 - 3s - loss: 0.0105 - mae: 0.0105 - mse: 1.8575e-04 - 3s/epoch - 16ms/step
Epoch 399/800
161/161 - 3s - loss: 0.0115 - mae: 0.0115 - mse: 2.2079e-04 - 3s/epoch - 16ms/step
Epoch 400/800
161/161 - 3s - loss: 0.0105 - mae: 0.0105 - mse: 1.8541e-04 - 3s/epoch - 16ms/step
Epoch 401/800
161/161 - 2s - loss: 0.0105 - mae: 0.0105 - mse: 1.8573e-04 - 2s/epoch - 13ms/step
Epoch 402/800
161/161 - 2s - loss: 0.0104 - mae: 0.0104 - mse: 1.8162e-04 - 2s/epoch - 12ms/step
Epoch 403/800
161/161 - 2s - loss: 0.0103 - mae: 0.0103 - mse: 1.7698e-04 - 2s/epoch - 13ms/step
Epoch 404/800
161/161 - 2s - loss: 0.0103 - mae: 0.0103 - mse: 1.7714e-04 - 2s/epoch - 12ms/step
Epoch 405/800
161/161 - 2s - loss: 0.0099 - mae: 0.0099 - mse: 1.6882e-04 - 2s/epoch - 13ms/step
Epoch 406/800
161/161 - 2s - loss: 0.0103 - mae: 0.0103 - mse: 1.7949e-04 - 2s/epoch - 12ms/step
Epoch 407/800
161/161 - 2s - loss: 0.0113 - mae: 0.0113 - mse: 2.1323e-04 - 2s/epoch - 13ms/step
Epoch 408/800
161/161 - 2s - loss: 0.0100 - mae: 0.0100 - mse: 1.7248e-04 - 2s/epoch - 12ms/step
Epoch 409/800
161/161 - 2s - loss: 0.0101 - mae: 0.0101 - mse: 1.7156e-04 - 2s/epoch - 12ms/step
Epoch 410/800
161/161 - 2s - loss: 0.0101 - mae: 0.0101 - mse: 1.6985e-04 - 2s/epoch - 11ms/step
Epoch 411/800
161/161 - 2s - loss: 0.0101 - mae: 0.0101 - mse: 1.7354e-04 - 2s/epoch - 11ms/step
Epoch 412/800
161/161 - 2s - loss: 0.0105 - mae: 0.0105 - mse: 1.8293e-04 - 2s/epoch - 11ms/step
Epoch 413/800
161/161 - 2s - loss: 0.0098 - mae: 0.0098 - mse: 1.6339e-04 - 2s/epoch - 11ms/step
Epoch 414/800
161/161 - 2s - loss: 0.0099 - mae: 0.0099 - mse: 1.6471e-04 - 2s/epoch - 11ms/step
Epoch 415/800
161/161 - 2s - loss: 0.0100 - mae: 0.0100 - mse: 1.6935e-04 - 2s/epoch - 11ms/step
Epoch 416/800
161/161 - 2s - loss: 0.0097 - mae: 0.0097 - mse: 1.5649e-04 - 2s/epoch - 11ms/step
Epoch 417/800
161/161 - 2s - loss: 0.0101 - mae: 0.0101 - mse: 1.7047e-04 - 2s/epoch - 11ms/step
Epoch 418/800
161/161 - 2s - loss: 0.0093 - mae: 0.0093 - mse: 1.4754e-04 - 2s/epoch - 11ms/step
Epoch 419/800
161/161 - 2s - loss: 0.0100 - mae: 0.0100 - mse: 1.6745e-04 - 2s/epoch - 11ms/step
Epoch 420/800
161/161 - 2s - loss: 0.0098 - mae: 0.0098 - mse: 1.5959e-04 - 2s/epoch - 11ms/step
Epoch 421/800
161/161 - 2s - loss: 0.0101 - mae: 0.0101 - mse: 1.6824e-04 - 2s/epoch - 11ms/step
Epoch 422/800
161/161 - 2s - loss: 0.0102 - mae: 0.0102 - mse: 1.7237e-04 - 2s/epoch - 11ms/step
Epoch 423/800
161/161 - 2s - loss: 0.0105 - mae: 0.0105 - mse: 1.8056e-04 - 2s/epoch - 11ms/step
Epoch 424/800
161/161 - 2s - loss: 0.0101 - mae: 0.0101 - mse: 1.6729e-04 - 2s/epoch - 11ms/step
Epoch 425/800
161/161 - 2s - loss: 0.0095 - mae: 0.0095 - mse: 1.5567e-04 - 2s/epoch - 11ms/step
Epoch 426/800
161/161 - 2s - loss: 0.0093 - mae: 0.0093 - mse: 1.4330e-04 - 2s/epoch - 11ms/step
Epoch 427/800
161/161 - 2s - loss: 0.0093 - mae: 0.0093 - mse: 1.4891e-04 - 2s/epoch - 11ms/step
Epoch 428/800
161/161 - 2s - loss: 0.0101 - mae: 0.0101 - mse: 1.6916e-04 - 2s/epoch - 11ms/step
Epoch 429/800
161/161 - 2s - loss: 0.0104 - mae: 0.0104 - mse: 1.8276e-04 - 2s/epoch - 11ms/step
Epoch 430/800
161/161 - 2s - loss: 0.0094 - mae: 0.0094 - mse: 1.5291e-04 - 2s/epoch - 11ms/step
Epoch 431/800
161/161 - 2s - loss: 0.0102 - mae: 0.0102 - mse: 1.7578e-04 - 2s/epoch - 11ms/step
Epoch 432/800
161/161 - 2s - loss: 0.0106 - mae: 0.0106 - mse: 1.8577e-04 - 2s/epoch - 11ms/step
Epoch 433/800
161/161 - 2s - loss: 0.0096 - mae: 0.0096 - mse: 1.5424e-04 - 2s/epoch - 11ms/step
Epoch 434/800
161/161 - 2s - loss: 0.0100 - mae: 0.0100 - mse: 1.6590e-04 - 2s/epoch - 11ms/step
Epoch 435/800
161/161 - 2s - loss: 0.0095 - mae: 0.0095 - mse: 1.5218e-04 - 2s/epoch - 11ms/step
Epoch 436/800
161/161 - 2s - loss: 0.0091 - mae: 0.0091 - mse: 1.3781e-04 - 2s/epoch - 11ms/step
Epoch 437/800
161/161 - 2s - loss: 0.0093 - mae: 0.0093 - mse: 1.4640e-04 - 2s/epoch - 11ms/step
Epoch 438/800
161/161 - 2s - loss: 0.0089 - mae: 0.0089 - mse: 1.3555e-04 - 2s/epoch - 11ms/step
Epoch 439/800
161/161 - 2s - loss: 0.0086 - mae: 0.0086 - mse: 1.2769e-04 - 2s/epoch - 11ms/step
Epoch 440/800
161/161 - 2s - loss: 0.0094 - mae: 0.0094 - mse: 1.5069e-04 - 2s/epoch - 11ms/step
Epoch 441/800
161/161 - 2s - loss: 0.0091 - mae: 0.0091 - mse: 1.3927e-04 - 2s/epoch - 11ms/step
Epoch 442/800
161/161 - 2s - loss: 0.0096 - mae: 0.0096 - mse: 1.5475e-04 - 2s/epoch - 11ms/step
Epoch 443/800
161/161 - 2s - loss: 0.0092 - mae: 0.0092 - mse: 1.4201e-04 - 2s/epoch - 11ms/step
Epoch 444/800
161/161 - 2s - loss: 0.0097 - mae: 0.0097 - mse: 1.5416e-04 - 2s/epoch - 11ms/step
Epoch 445/800
161/161 - 2s - loss: 0.0097 - mae: 0.0097 - mse: 1.5523e-04 - 2s/epoch - 11ms/step
Epoch 446/800
161/161 - 2s - loss: 0.0087 - mae: 0.0087 - mse: 1.2649e-04 - 2s/epoch - 11ms/step
Epoch 447/800
161/161 - 2s - loss: 0.0092 - mae: 0.0092 - mse: 1.4228e-04 - 2s/epoch - 11ms/step
Epoch 448/800
161/161 - 2s - loss: 0.0095 - mae: 0.0095 - mse: 1.4867e-04 - 2s/epoch - 11ms/step
Epoch 449/800
161/161 - 2s - loss: 0.0089 - mae: 0.0089 - mse: 1.3102e-04 - 2s/epoch - 11ms/step
Epoch 450/800
161/161 - 2s - loss: 0.0096 - mae: 0.0096 - mse: 1.5322e-04 - 2s/epoch - 11ms/step
Epoch 451/800
161/161 - 2s - loss: 0.0093 - mae: 0.0093 - mse: 1.4481e-04 - 2s/epoch - 11ms/step
Epoch 452/800
161/161 - 2s - loss: 0.0093 - mae: 0.0093 - mse: 1.4462e-04 - 2s/epoch - 11ms/step
Epoch 453/800
161/161 - 2s - loss: 0.0094 - mae: 0.0094 - mse: 1.4802e-04 - 2s/epoch - 11ms/step
Epoch 454/800
161/161 - 2s - loss: 0.0087 - mae: 0.0087 - mse: 1.2575e-04 - 2s/epoch - 11ms/step
Epoch 455/800
161/161 - 2s - loss: 0.0085 - mae: 0.0085 - mse: 1.2229e-04 - 2s/epoch - 11ms/step
Epoch 456/800
161/161 - 2s - loss: 0.0091 - mae: 0.0091 - mse: 1.4369e-04 - 2s/epoch - 11ms/step
Epoch 457/800
161/161 - 2s - loss: 0.0088 - mae: 0.0088 - mse: 1.2850e-04 - 2s/epoch - 11ms/step
Epoch 458/800
161/161 - 2s - loss: 0.0087 - mae: 0.0087 - mse: 1.2740e-04 - 2s/epoch - 11ms/step
Epoch 459/800
161/161 - 2s - loss: 0.0085 - mae: 0.0085 - mse: 1.2260e-04 - 2s/epoch - 11ms/step
Epoch 460/800
161/161 - 2s - loss: 0.0085 - mae: 0.0085 - mse: 1.2173e-04 - 2s/epoch - 15ms/step
Epoch 461/800
161/161 - 3s - loss: 0.0096 - mae: 0.0096 - mse: 1.5520e-04 - 3s/epoch - 16ms/step
Epoch 462/800
161/161 - 3s - loss: 0.0086 - mae: 0.0086 - mse: 1.2467e-04 - 3s/epoch - 16ms/step
Epoch 463/800
161/161 - 3s - loss: 0.0102 - mae: 0.0102 - mse: 1.7048e-04 - 3s/epoch - 16ms/step
Epoch 464/800
161/161 - 3s - loss: 0.0085 - mae: 0.0085 - mse: 1.2406e-04 - 3s/epoch - 17ms/step
Epoch 465/800
161/161 - 3s - loss: 0.0083 - mae: 0.0083 - mse: 1.1616e-04 - 3s/epoch - 16ms/step
Epoch 466/800
161/161 - 2s - loss: 0.0084 - mae: 0.0084 - mse: 1.1769e-04 - 2s/epoch - 13ms/step
Epoch 467/800
161/161 - 2s - loss: 0.0087 - mae: 0.0087 - mse: 1.2899e-04 - 2s/epoch - 15ms/step
Epoch 468/800
161/161 - 3s - loss: 0.0085 - mae: 0.0085 - mse: 1.2033e-04 - 3s/epoch - 16ms/step
Epoch 469/800
161/161 - 3s - loss: 0.0085 - mae: 0.0085 - mse: 1.2080e-04 - 3s/epoch - 16ms/step
Epoch 470/800
161/161 - 3s - loss: 0.0087 - mae: 0.0087 - mse: 1.2860e-04 - 3s/epoch - 17ms/step
Epoch 471/800
161/161 - 3s - loss: 0.0088 - mae: 0.0088 - mse: 1.3099e-04 - 3s/epoch - 16ms/step
Epoch 472/800
161/161 - 3s - loss: 0.0085 - mae: 0.0085 - mse: 1.2163e-04 - 3s/epoch - 17ms/step
Epoch 473/800
161/161 - 2s - loss: 0.0090 - mae: 0.0090 - mse: 1.3695e-04 - 2s/epoch - 14ms/step
Epoch 474/800
161/161 - 2s - loss: 0.0084 - mae: 0.0084 - mse: 1.2003e-04 - 2s/epoch - 13ms/step
Epoch 475/800
161/161 - 2s - loss: 0.0086 - mae: 0.0086 - mse: 1.2332e-04 - 2s/epoch - 15ms/step
Epoch 476/800
161/161 - 3s - loss: 0.0084 - mae: 0.0084 - mse: 1.1905e-04 - 3s/epoch - 16ms/step
Epoch 477/800
161/161 - 3s - loss: 0.0084 - mae: 0.0084 - mse: 1.1804e-04 - 3s/epoch - 16ms/step
Epoch 478/800
161/161 - 3s - loss: 0.0085 - mae: 0.0085 - mse: 1.2354e-04 - 3s/epoch - 16ms/step
Epoch 479/800
161/161 - 3s - loss: 0.0088 - mae: 0.0088 - mse: 1.2774e-04 - 3s/epoch - 16ms/step
Epoch 480/800
161/161 - 3s - loss: 0.0075 - mae: 0.0075 - mse: 9.5302e-05 - 3s/epoch - 16ms/step
Epoch 481/800
161/161 - 2s - loss: 0.0083 - mae: 0.0083 - mse: 1.1564e-04 - 2s/epoch - 13ms/step
Epoch 482/800
161/161 - 2s - loss: 0.0076 - mae: 0.0076 - mse: 9.8688e-05 - 2s/epoch - 15ms/step
Epoch 483/800
161/161 - 2s - loss: 0.0083 - mae: 0.0083 - mse: 1.1618e-04 - 2s/epoch - 13ms/step
Epoch 484/800
161/161 - 3s - loss: 0.0075 - mae: 0.0075 - mse: 9.6261e-05 - 3s/epoch - 16ms/step
Epoch 485/800
161/161 - 3s - loss: 0.0078 - mae: 0.0078 - mse: 1.0462e-04 - 3s/epoch - 16ms/step
Epoch 486/800
161/161 - 3s - loss: 0.0078 - mae: 0.0078 - mse: 1.0297e-04 - 3s/epoch - 17ms/step
Epoch 487/800
161/161 - 3s - loss: 0.0079 - mae: 0.0079 - mse: 1.0566e-04 - 3s/epoch - 17ms/step
Epoch 488/800
161/161 - 2s - loss: 0.0076 - mae: 0.0076 - mse: 9.8914e-05 - 2s/epoch - 15ms/step
Epoch 489/800
161/161 - 2s - loss: 0.0077 - mae: 0.0077 - mse: 9.9971e-05 - 2s/epoch - 13ms/step
Epoch 490/800
161/161 - 2s - loss: 0.0077 - mae: 0.0077 - mse: 1.0363e-04 - 2s/epoch - 15ms/step
Epoch 491/800
161/161 - 3s - loss: 0.0080 - mae: 0.0080 - mse: 1.0602e-04 - 3s/epoch - 16ms/step
Epoch 492/800
161/161 - 3s - loss: 0.0080 - mae: 0.0080 - mse: 1.0863e-04 - 3s/epoch - 16ms/step
Epoch 493/800
161/161 - 3s - loss: 0.0077 - mae: 0.0077 - mse: 1.0044e-04 - 3s/epoch - 17ms/step
Epoch 494/800
161/161 - 3s - loss: 0.0078 - mae: 0.0078 - mse: 1.0153e-04 - 3s/epoch - 17ms/step
Epoch 495/800
161/161 - 2s - loss: 0.0089 - mae: 0.0089 - mse: 1.3005e-04 - 2s/epoch - 15ms/step
Epoch 496/800
161/161 - 2s - loss: 0.0077 - mae: 0.0077 - mse: 1.0143e-04 - 2s/epoch - 14ms/step
Epoch 497/800
161/161 - 2s - loss: 0.0074 - mae: 0.0074 - mse: 9.5528e-05 - 2s/epoch - 15ms/step
Epoch 498/800
161/161 - 3s - loss: 0.0080 - mae: 0.0080 - mse: 1.0556e-04 - 3s/epoch - 16ms/step
Epoch 499/800
161/161 - 3s - loss: 0.0081 - mae: 0.0081 - mse: 1.0661e-04 - 3s/epoch - 16ms/step
Epoch 500/800
161/161 - 3s - loss: 0.0076 - mae: 0.0076 - mse: 9.7579e-05 - 3s/epoch - 16ms/step
Epoch 501/800
161/161 - 2s - loss: 0.0073 - mae: 0.0073 - mse: 9.1655e-05 - 2s/epoch - 12ms/step
Epoch 502/800
161/161 - 2s - loss: 0.0073 - mae: 0.0073 - mse: 9.0814e-05 - 2s/epoch - 11ms/step
Epoch 503/800
161/161 - 2s - loss: 0.0075 - mae: 0.0075 - mse: 9.2182e-05 - 2s/epoch - 11ms/step
Epoch 504/800
161/161 - 2s - loss: 0.0075 - mae: 0.0075 - mse: 9.5827e-05 - 2s/epoch - 11ms/step
Epoch 505/800
161/161 - 2s - loss: 0.0076 - mae: 0.0076 - mse: 9.5681e-05 - 2s/epoch - 11ms/step
Epoch 506/800
161/161 - 2s - loss: 0.0073 - mae: 0.0073 - mse: 8.9842e-05 - 2s/epoch - 11ms/step
Epoch 507/800
161/161 - 2s - loss: 0.0075 - mae: 0.0075 - mse: 9.5391e-05 - 2s/epoch - 11ms/step
Epoch 508/800
161/161 - 2s - loss: 0.0073 - mae: 0.0073 - mse: 8.9152e-05 - 2s/epoch - 11ms/step
Epoch 509/800
161/161 - 2s - loss: 0.0071 - mae: 0.0071 - mse: 8.5528e-05 - 2s/epoch - 11ms/step
Epoch 510/800
161/161 - 2s - loss: 0.0077 - mae: 0.0077 - mse: 1.0116e-04 - 2s/epoch - 11ms/step
Epoch 511/800
161/161 - 2s - loss: 0.0077 - mae: 0.0077 - mse: 9.7472e-05 - 2s/epoch - 11ms/step
Epoch 512/800
161/161 - 2s - loss: 0.0070 - mae: 0.0070 - mse: 8.2325e-05 - 2s/epoch - 11ms/step
Epoch 513/800
161/161 - 2s - loss: 0.0074 - mae: 0.0074 - mse: 9.1284e-05 - 2s/epoch - 11ms/step
Epoch 514/800
161/161 - 2s - loss: 0.0072 - mae: 0.0072 - mse: 9.0764e-05 - 2s/epoch - 11ms/step
Epoch 515/800
161/161 - 2s - loss: 0.0071 - mae: 0.0071 - mse: 8.4960e-05 - 2s/epoch - 11ms/step
Epoch 516/800
161/161 - 2s - loss: 0.0075 - mae: 0.0075 - mse: 9.5483e-05 - 2s/epoch - 11ms/step
Epoch 517/800
161/161 - 2s - loss: 0.0071 - mae: 0.0071 - mse: 8.6490e-05 - 2s/epoch - 11ms/step
Epoch 518/800
161/161 - 2s - loss: 0.0075 - mae: 0.0075 - mse: 9.6570e-05 - 2s/epoch - 11ms/step
Epoch 519/800
161/161 - 2s - loss: 0.0079 - mae: 0.0079 - mse: 1.0401e-04 - 2s/epoch - 11ms/step
Epoch 520/800
161/161 - 2s - loss: 0.0070 - mae: 0.0070 - mse: 8.5273e-05 - 2s/epoch - 11ms/step
Epoch 521/800
161/161 - 2s - loss: 0.0071 - mae: 0.0071 - mse: 8.2649e-05 - 2s/epoch - 11ms/step
Epoch 522/800
161/161 - 2s - loss: 0.0073 - mae: 0.0073 - mse: 9.1005e-05 - 2s/epoch - 11ms/step
Epoch 523/800
161/161 - 2s - loss: 0.0069 - mae: 0.0069 - mse: 8.0802e-05 - 2s/epoch - 11ms/step
Epoch 524/800
161/161 - 2s - loss: 0.0070 - mae: 0.0070 - mse: 8.1813e-05 - 2s/epoch - 11ms/step
Epoch 525/800
161/161 - 2s - loss: 0.0072 - mae: 0.0072 - mse: 8.7314e-05 - 2s/epoch - 11ms/step
Epoch 526/800
161/161 - 2s - loss: 0.0067 - mae: 0.0067 - mse: 7.7334e-05 - 2s/epoch - 11ms/step
Epoch 527/800
161/161 - 2s - loss: 0.0075 - mae: 0.0075 - mse: 9.3439e-05 - 2s/epoch - 11ms/step
Epoch 528/800
161/161 - 2s - loss: 0.0071 - mae: 0.0071 - mse: 8.4300e-05 - 2s/epoch - 11ms/step
Epoch 529/800
161/161 - 2s - loss: 0.0069 - mae: 0.0069 - mse: 8.0281e-05 - 2s/epoch - 11ms/step
Epoch 530/800
161/161 - 2s - loss: 0.0067 - mae: 0.0067 - mse: 7.5351e-05 - 2s/epoch - 11ms/step
Epoch 531/800
161/161 - 2s - loss: 0.0069 - mae: 0.0069 - mse: 8.0379e-05 - 2s/epoch - 11ms/step
Epoch 532/800
161/161 - 2s - loss: 0.0071 - mae: 0.0071 - mse: 8.3657e-05 - 2s/epoch - 11ms/step
Epoch 533/800
161/161 - 2s - loss: 0.0067 - mae: 0.0067 - mse: 7.5090e-05 - 2s/epoch - 11ms/step
Epoch 534/800
161/161 - 2s - loss: 0.0066 - mae: 0.0066 - mse: 7.4497e-05 - 2s/epoch - 11ms/step
Epoch 535/800
161/161 - 2s - loss: 0.0069 - mae: 0.0069 - mse: 7.9334e-05 - 2s/epoch - 11ms/step
Epoch 536/800
161/161 - 2s - loss: 0.0074 - mae: 0.0074 - mse: 9.8964e-05 - 2s/epoch - 11ms/step
Epoch 537/800
161/161 - 2s - loss: 0.0072 - mae: 0.0072 - mse: 8.8857e-05 - 2s/epoch - 11ms/step
Epoch 538/800
161/161 - 2s - loss: 0.0065 - mae: 0.0065 - mse: 7.1838e-05 - 2s/epoch - 11ms/step
Epoch 539/800
161/161 - 2s - loss: 0.0072 - mae: 0.0072 - mse: 8.4583e-05 - 2s/epoch - 11ms/step
Epoch 540/800
161/161 - 2s - loss: 0.0069 - mae: 0.0069 - mse: 7.9517e-05 - 2s/epoch - 11ms/step
Epoch 541/800
161/161 - 2s - loss: 0.0064 - mae: 0.0064 - mse: 6.9771e-05 - 2s/epoch - 11ms/step
Epoch 542/800
161/161 - 2s - loss: 0.0061 - mae: 0.0061 - mse: 6.3340e-05 - 2s/epoch - 11ms/step
Epoch 543/800
161/161 - 2s - loss: 0.0066 - mae: 0.0066 - mse: 7.2747e-05 - 2s/epoch - 11ms/step
Epoch 544/800
161/161 - 2s - loss: 0.0074 - mae: 0.0074 - mse: 9.0542e-05 - 2s/epoch - 11ms/step
Epoch 545/800
161/161 - 2s - loss: 0.0064 - mae: 0.0064 - mse: 7.0249e-05 - 2s/epoch - 11ms/step
Epoch 546/800
161/161 - 2s - loss: 0.0071 - mae: 0.0071 - mse: 8.5134e-05 - 2s/epoch - 11ms/step
Epoch 547/800
161/161 - 2s - loss: 0.0065 - mae: 0.0065 - mse: 7.1931e-05 - 2s/epoch - 11ms/step
Epoch 548/800
161/161 - 2s - loss: 0.0063 - mae: 0.0063 - mse: 6.7251e-05 - 2s/epoch - 11ms/step
Epoch 549/800
161/161 - 2s - loss: 0.0066 - mae: 0.0066 - mse: 7.4000e-05 - 2s/epoch - 11ms/step
Epoch 550/800
161/161 - 2s - loss: 0.0069 - mae: 0.0069 - mse: 8.0634e-05 - 2s/epoch - 11ms/step
Epoch 551/800
161/161 - 2s - loss: 0.0063 - mae: 0.0063 - mse: 6.7983e-05 - 2s/epoch - 11ms/step
Epoch 552/800
161/161 - 2s - loss: 0.0065 - mae: 0.0065 - mse: 7.0441e-05 - 2s/epoch - 11ms/step
Epoch 553/800
161/161 - 2s - loss: 0.0060 - mae: 0.0060 - mse: 5.9910e-05 - 2s/epoch - 11ms/step
Epoch 554/800
161/161 - 2s - loss: 0.0062 - mae: 0.0062 - mse: 6.7130e-05 - 2s/epoch - 11ms/step
Epoch 555/800
161/161 - 2s - loss: 0.0062 - mae: 0.0062 - mse: 6.6305e-05 - 2s/epoch - 11ms/step
Epoch 556/800
161/161 - 2s - loss: 0.0065 - mae: 0.0065 - mse: 7.0035e-05 - 2s/epoch - 11ms/step
Epoch 557/800
161/161 - 2s - loss: 0.0059 - mae: 0.0059 - mse: 5.9645e-05 - 2s/epoch - 11ms/step
Epoch 558/800
161/161 - 2s - loss: 0.0060 - mae: 0.0060 - mse: 6.0496e-05 - 2s/epoch - 11ms/step
Epoch 559/800
161/161 - 2s - loss: 0.0062 - mae: 0.0062 - mse: 6.6462e-05 - 2s/epoch - 11ms/step
Epoch 560/800
161/161 - 2s - loss: 0.0060 - mae: 0.0060 - mse: 6.2593e-05 - 2s/epoch - 11ms/step
Epoch 561/800
161/161 - 2s - loss: 0.0061 - mae: 0.0061 - mse: 6.2965e-05 - 2s/epoch - 11ms/step
Epoch 562/800
161/161 - 2s - loss: 0.0061 - mae: 0.0061 - mse: 6.2380e-05 - 2s/epoch - 11ms/step
Epoch 563/800
161/161 - 2s - loss: 0.0061 - mae: 0.0061 - mse: 6.4146e-05 - 2s/epoch - 11ms/step
Epoch 564/800
161/161 - 2s - loss: 0.0058 - mae: 0.0058 - mse: 5.7905e-05 - 2s/epoch - 11ms/step
Epoch 565/800
161/161 - 2s - loss: 0.0067 - mae: 0.0067 - mse: 7.4007e-05 - 2s/epoch - 11ms/step
Epoch 566/800
161/161 - 2s - loss: 0.0061 - mae: 0.0061 - mse: 6.2519e-05 - 2s/epoch - 11ms/step
Epoch 567/800
161/161 - 2s - loss: 0.0059 - mae: 0.0059 - mse: 5.8397e-05 - 2s/epoch - 11ms/step
Epoch 568/800
161/161 - 2s - loss: 0.0062 - mae: 0.0062 - mse: 6.3915e-05 - 2s/epoch - 11ms/step
Epoch 569/800
161/161 - 2s - loss: 0.0057 - mae: 0.0057 - mse: 5.6215e-05 - 2s/epoch - 11ms/step
Epoch 570/800
161/161 - 2s - loss: 0.0061 - mae: 0.0061 - mse: 6.1806e-05 - 2s/epoch - 11ms/step
Epoch 571/800
161/161 - 2s - loss: 0.0059 - mae: 0.0059 - mse: 5.8153e-05 - 2s/epoch - 11ms/step
Epoch 572/800
161/161 - 2s - loss: 0.0058 - mae: 0.0058 - mse: 5.5592e-05 - 2s/epoch - 11ms/step
Epoch 573/800
161/161 - 2s - loss: 0.0063 - mae: 0.0063 - mse: 6.5420e-05 - 2s/epoch - 11ms/step
Epoch 574/800
161/161 - 2s - loss: 0.0064 - mae: 0.0064 - mse: 6.6837e-05 - 2s/epoch - 11ms/step
Epoch 575/800
161/161 - 2s - loss: 0.0060 - mae: 0.0060 - mse: 6.1226e-05 - 2s/epoch - 11ms/step
Epoch 576/800
161/161 - 2s - loss: 0.0058 - mae: 0.0058 - mse: 5.5297e-05 - 2s/epoch - 11ms/step
Epoch 577/800
161/161 - 2s - loss: 0.0058 - mae: 0.0058 - mse: 5.5390e-05 - 2s/epoch - 11ms/step
Epoch 578/800
161/161 - 2s - loss: 0.0059 - mae: 0.0059 - mse: 5.8605e-05 - 2s/epoch - 11ms/step
Epoch 579/800
161/161 - 2s - loss: 0.0057 - mae: 0.0057 - mse: 5.5111e-05 - 2s/epoch - 11ms/step
Epoch 580/800
161/161 - 2s - loss: 0.0057 - mae: 0.0057 - mse: 5.5511e-05 - 2s/epoch - 11ms/step
Epoch 581/800
161/161 - 2s - loss: 0.0062 - mae: 0.0062 - mse: 6.3728e-05 - 2s/epoch - 11ms/step
Epoch 582/800
161/161 - 2s - loss: 0.0053 - mae: 0.0053 - mse: 4.8934e-05 - 2s/epoch - 11ms/step
Epoch 583/800
161/161 - 2s - loss: 0.0054 - mae: 0.0054 - mse: 4.9696e-05 - 2s/epoch - 11ms/step
Epoch 584/800
161/161 - 2s - loss: 0.0052 - mae: 0.0052 - mse: 4.5898e-05 - 2s/epoch - 11ms/step
Epoch 585/800
161/161 - 2s - loss: 0.0055 - mae: 0.0055 - mse: 5.0621e-05 - 2s/epoch - 11ms/step
Epoch 586/800
161/161 - 2s - loss: 0.0052 - mae: 0.0052 - mse: 4.5315e-05 - 2s/epoch - 11ms/step
Epoch 587/800
161/161 - 2s - loss: 0.0054 - mae: 0.0054 - mse: 4.9675e-05 - 2s/epoch - 11ms/step
Epoch 588/800
161/161 - 2s - loss: 0.0059 - mae: 0.0059 - mse: 5.7857e-05 - 2s/epoch - 11ms/step
Epoch 589/800
161/161 - 2s - loss: 0.0058 - mae: 0.0058 - mse: 5.6138e-05 - 2s/epoch - 11ms/step
Epoch 590/800
161/161 - 2s - loss: 0.0056 - mae: 0.0056 - mse: 5.3384e-05 - 2s/epoch - 11ms/step
Epoch 591/800
161/161 - 2s - loss: 0.0056 - mae: 0.0056 - mse: 5.3020e-05 - 2s/epoch - 11ms/step
Epoch 592/800
161/161 - 2s - loss: 0.0054 - mae: 0.0054 - mse: 4.9624e-05 - 2s/epoch - 11ms/step
Epoch 593/800
161/161 - 2s - loss: 0.0055 - mae: 0.0055 - mse: 5.0114e-05 - 2s/epoch - 14ms/step
Epoch 594/800
161/161 - 3s - loss: 0.0052 - mae: 0.0052 - mse: 4.6648e-05 - 3s/epoch - 16ms/step
Epoch 595/800
161/161 - 3s - loss: 0.0058 - mae: 0.0058 - mse: 5.5740e-05 - 3s/epoch - 16ms/step
Epoch 596/800
161/161 - 3s - loss: 0.0053 - mae: 0.0053 - mse: 4.7732e-05 - 3s/epoch - 16ms/step
Epoch 597/800
161/161 - 3s - loss: 0.0052 - mae: 0.0052 - mse: 4.5699e-05 - 3s/epoch - 16ms/step
Epoch 598/800
161/161 - 2s - loss: 0.0051 - mae: 0.0051 - mse: 4.3955e-05 - 2s/epoch - 15ms/step
Epoch 599/800
161/161 - 2s - loss: 0.0056 - mae: 0.0056 - mse: 5.2459e-05 - 2s/epoch - 14ms/step
Epoch 600/800
161/161 - 2s - loss: 0.0050 - mae: 0.0050 - mse: 4.2286e-05 - 2s/epoch - 14ms/step
Epoch 601/800
161/161 - 2s - loss: 0.0051 - mae: 0.0051 - mse: 4.5048e-05 - 2s/epoch - 15ms/step
Epoch 602/800
161/161 - 3s - loss: 0.0051 - mae: 0.0051 - mse: 4.2876e-05 - 3s/epoch - 16ms/step
Epoch 603/800
161/161 - 2s - loss: 0.0052 - mae: 0.0052 - mse: 4.5051e-05 - 2s/epoch - 14ms/step
Epoch 604/800
161/161 - 2s - loss: 0.0052 - mae: 0.0052 - mse: 4.5169e-05 - 2s/epoch - 15ms/step
Epoch 605/800
161/161 - 3s - loss: 0.0051 - mae: 0.0051 - mse: 4.4687e-05 - 3s/epoch - 16ms/step
Epoch 606/800
161/161 - 3s - loss: 0.0050 - mae: 0.0050 - mse: 4.1478e-05 - 3s/epoch - 16ms/step
Epoch 607/800
161/161 - 2s - loss: 0.0051 - mae: 0.0051 - mse: 4.3918e-05 - 2s/epoch - 14ms/step
Epoch 608/800
161/161 - 2s - loss: 0.0052 - mae: 0.0052 - mse: 4.4958e-05 - 2s/epoch - 14ms/step
Epoch 609/800
161/161 - 2s - loss: 0.0050 - mae: 0.0050 - mse: 4.2085e-05 - 2s/epoch - 15ms/step
Epoch 610/800
161/161 - 2s - loss: 0.0049 - mae: 0.0049 - mse: 3.9871e-05 - 2s/epoch - 15ms/step
Epoch 611/800
161/161 - 3s - loss: 0.0048 - mae: 0.0048 - mse: 3.9290e-05 - 3s/epoch - 16ms/step
Epoch 612/800
161/161 - 3s - loss: 0.0050 - mae: 0.0050 - mse: 4.3174e-05 - 3s/epoch - 16ms/step
Epoch 613/800
161/161 - 3s - loss: 0.0050 - mae: 0.0050 - mse: 4.4004e-05 - 3s/epoch - 16ms/step
Epoch 614/800
161/161 - 3s - loss: 0.0050 - mae: 0.0050 - mse: 4.2765e-05 - 3s/epoch - 16ms/step
Epoch 615/800
161/161 - 2s - loss: 0.0051 - mae: 0.0051 - mse: 4.3509e-05 - 2s/epoch - 14ms/step
Epoch 616/800
161/161 - 2s - loss: 0.0052 - mae: 0.0052 - mse: 4.4698e-05 - 2s/epoch - 15ms/step
Epoch 617/800
161/161 - 2s - loss: 0.0051 - mae: 0.0051 - mse: 4.3200e-05 - 2s/epoch - 15ms/step
Epoch 618/800
161/161 - 3s - loss: 0.0048 - mae: 0.0048 - mse: 3.8607e-05 - 3s/epoch - 16ms/step
Epoch 619/800
161/161 - 2s - loss: 0.0048 - mae: 0.0048 - mse: 3.9429e-05 - 2s/epoch - 15ms/step
Epoch 620/800
161/161 - 3s - loss: 0.0047 - mae: 0.0047 - mse: 3.7080e-05 - 3s/epoch - 17ms/step
Epoch 621/800
161/161 - 3s - loss: 0.0047 - mae: 0.0047 - mse: 3.7884e-05 - 3s/epoch - 16ms/step
Epoch 622/800
161/161 - 2s - loss: 0.0048 - mae: 0.0048 - mse: 3.8635e-05 - 2s/epoch - 14ms/step
Epoch 623/800
161/161 - 2s - loss: 0.0047 - mae: 0.0047 - mse: 3.7715e-05 - 2s/epoch - 15ms/step
Epoch 624/800
161/161 - 2s - loss: 0.0047 - mae: 0.0047 - mse: 3.6366e-05 - 2s/epoch - 15ms/step
Epoch 625/800
161/161 - 3s - loss: 0.0051 - mae: 0.0051 - mse: 4.3478e-05 - 3s/epoch - 16ms/step
Epoch 626/800
161/161 - 2s - loss: 0.0043 - mae: 0.0043 - mse: 3.1869e-05 - 2s/epoch - 15ms/step
Epoch 627/800
161/161 - 3s - loss: 0.0046 - mae: 0.0046 - mse: 3.6670e-05 - 3s/epoch - 16ms/step
Epoch 628/800
161/161 - 3s - loss: 0.0050 - mae: 0.0050 - mse: 4.2719e-05 - 3s/epoch - 16ms/step
Epoch 629/800
161/161 - 2s - loss: 0.0048 - mae: 0.0048 - mse: 3.9020e-05 - 2s/epoch - 15ms/step
Epoch 630/800
161/161 - 2s - loss: 0.0050 - mae: 0.0050 - mse: 4.0840e-05 - 2s/epoch - 15ms/step
Epoch 631/800
161/161 - 2s - loss: 0.0045 - mae: 0.0045 - mse: 3.4859e-05 - 2s/epoch - 15ms/step
Epoch 632/800
161/161 - 3s - loss: 0.0046 - mae: 0.0046 - mse: 3.5305e-05 - 3s/epoch - 16ms/step
Epoch 633/800
161/161 - 2s - loss: 0.0042 - mae: 0.0042 - mse: 2.9503e-05 - 2s/epoch - 15ms/step
Epoch 634/800
161/161 - 3s - loss: 0.0044 - mae: 0.0044 - mse: 3.2829e-05 - 3s/epoch - 16ms/step
Epoch 635/800
161/161 - 3s - loss: 0.0044 - mae: 0.0044 - mse: 3.3331e-05 - 3s/epoch - 17ms/step
Epoch 636/800
161/161 - 2s - loss: 0.0044 - mae: 0.0044 - mse: 3.2262e-05 - 2s/epoch - 15ms/step
Epoch 637/800
161/161 - 2s - loss: 0.0046 - mae: 0.0046 - mse: 3.5911e-05 - 2s/epoch - 14ms/step
Epoch 638/800
161/161 - 2s - loss: 0.0041 - mae: 0.0041 - mse: 2.8951e-05 - 2s/epoch - 14ms/step
Epoch 639/800
161/161 - 2s - loss: 0.0043 - mae: 0.0043 - mse: 3.1803e-05 - 2s/epoch - 15ms/step
Epoch 640/800
161/161 - 3s - loss: 0.0045 - mae: 0.0045 - mse: 3.3556e-05 - 3s/epoch - 16ms/step
Epoch 641/800
161/161 - 3s - loss: 0.0045 - mae: 0.0045 - mse: 3.3851e-05 - 3s/epoch - 16ms/step
Epoch 642/800
161/161 - 3s - loss: 0.0041 - mae: 0.0041 - mse: 2.9000e-05 - 3s/epoch - 17ms/step
Epoch 643/800
161/161 - 3s - loss: 0.0041 - mae: 0.0041 - mse: 2.8131e-05 - 3s/epoch - 16ms/step
Epoch 644/800
161/161 - 2s - loss: 0.0040 - mae: 0.0040 - mse: 2.8031e-05 - 2s/epoch - 14ms/step
Epoch 645/800
161/161 - 2s - loss: 0.0042 - mae: 0.0042 - mse: 3.0091e-05 - 2s/epoch - 14ms/step
Epoch 646/800
161/161 - 2s - loss: 0.0042 - mae: 0.0042 - mse: 3.0294e-05 - 2s/epoch - 15ms/step
Epoch 647/800
161/161 - 2s - loss: 0.0038 - mae: 0.0038 - mse: 2.4930e-05 - 2s/epoch - 15ms/step
Epoch 648/800
161/161 - 2s - loss: 0.0041 - mae: 0.0041 - mse: 2.8153e-05 - 2s/epoch - 13ms/step
Epoch 649/800
161/161 - 2s - loss: 0.0042 - mae: 0.0042 - mse: 2.9229e-05 - 2s/epoch - 15ms/step
Epoch 650/800
161/161 - 2s - loss: 0.0041 - mae: 0.0041 - mse: 2.8877e-05 - 2s/epoch - 15ms/step
Epoch 651/800
161/161 - 3s - loss: 0.0043 - mae: 0.0043 - mse: 3.0748e-05 - 3s/epoch - 16ms/step
Epoch 652/800
161/161 - 3s - loss: 0.0039 - mae: 0.0039 - mse: 2.6004e-05 - 3s/epoch - 16ms/step
Epoch 653/800
161/161 - 2s - loss: 0.0038 - mae: 0.0038 - mse: 2.4332e-05 - 2s/epoch - 13ms/step
Epoch 654/800
161/161 - 2s - loss: 0.0040 - mae: 0.0040 - mse: 2.6563e-05 - 2s/epoch - 15ms/step
Epoch 655/800
161/161 - 2s - loss: 0.0045 - mae: 0.0045 - mse: 3.4098e-05 - 2s/epoch - 15ms/step
Epoch 656/800
161/161 - 2s - loss: 0.0038 - mae: 0.0038 - mse: 2.4316e-05 - 2s/epoch - 15ms/step
Epoch 657/800
161/161 - 2s - loss: 0.0038 - mae: 0.0038 - mse: 2.4438e-05 - 2s/epoch - 14ms/step
Epoch 658/800
161/161 - 3s - loss: 0.0037 - mae: 0.0037 - mse: 2.4027e-05 - 3s/epoch - 16ms/step
Epoch 659/800
161/161 - 3s - loss: 0.0039 - mae: 0.0039 - mse: 2.5203e-05 - 3s/epoch - 16ms/step
Epoch 660/800
161/161 - 2s - loss: 0.0039 - mae: 0.0039 - mse: 2.5627e-05 - 2s/epoch - 14ms/step
Epoch 661/800
161/161 - 2s - loss: 0.0037 - mae: 0.0037 - mse: 2.3456e-05 - 2s/epoch - 13ms/step
Epoch 662/800
161/161 - 2s - loss: 0.0039 - mae: 0.0039 - mse: 2.6205e-05 - 2s/epoch - 15ms/step
Epoch 663/800
161/161 - 3s - loss: 0.0039 - mae: 0.0039 - mse: 2.5501e-05 - 3s/epoch - 16ms/step
Epoch 664/800
161/161 - 3s - loss: 0.0038 - mae: 0.0038 - mse: 2.4268e-05 - 3s/epoch - 16ms/step
Epoch 665/800
161/161 - 3s - loss: 0.0037 - mae: 0.0037 - mse: 2.2756e-05 - 3s/epoch - 16ms/step
Epoch 666/800
161/161 - 3s - loss: 0.0041 - mae: 0.0041 - mse: 2.8138e-05 - 3s/epoch - 16ms/step
Epoch 667/800
161/161 - 3s - loss: 0.0038 - mae: 0.0038 - mse: 2.5106e-05 - 3s/epoch - 17ms/step
Epoch 668/800
161/161 - 2s - loss: 0.0035 - mae: 0.0035 - mse: 2.0495e-05 - 2s/epoch - 14ms/step
Epoch 669/800
161/161 - 2s - loss: 0.0037 - mae: 0.0037 - mse: 2.2351e-05 - 2s/epoch - 13ms/step
Epoch 670/800
161/161 - 2s - loss: 0.0038 - mae: 0.0038 - mse: 2.4410e-05 - 2s/epoch - 16ms/step
Epoch 671/800
161/161 - 3s - loss: 0.0034 - mae: 0.0034 - mse: 2.0321e-05 - 3s/epoch - 16ms/step
Epoch 672/800
161/161 - 3s - loss: 0.0037 - mae: 0.0037 - mse: 2.2468e-05 - 3s/epoch - 16ms/step
Epoch 673/800
161/161 - 3s - loss: 0.0037 - mae: 0.0037 - mse: 2.3218e-05 - 3s/epoch - 16ms/step
Epoch 674/800
161/161 - 2s - loss: 0.0036 - mae: 0.0036 - mse: 2.2060e-05 - 2s/epoch - 16ms/step
Epoch 675/800
161/161 - 3s - loss: 0.0033 - mae: 0.0033 - mse: 1.8694e-05 - 3s/epoch - 16ms/step
Epoch 676/800
161/161 - 2s - loss: 0.0033 - mae: 0.0033 - mse: 1.9202e-05 - 2s/epoch - 13ms/step
Epoch 677/800
161/161 - 2s - loss: 0.0035 - mae: 0.0035 - mse: 2.0207e-05 - 2s/epoch - 14ms/step
Epoch 678/800
161/161 - 3s - loss: 0.0034 - mae: 0.0034 - mse: 2.0044e-05 - 3s/epoch - 16ms/step
Epoch 679/800
161/161 - 3s - loss: 0.0035 - mae: 0.0035 - mse: 2.0108e-05 - 3s/epoch - 16ms/step
Epoch 680/800
161/161 - 3s - loss: 0.0035 - mae: 0.0035 - mse: 2.0999e-05 - 3s/epoch - 17ms/step
Epoch 681/800
161/161 - 3s - loss: 0.0035 - mae: 0.0035 - mse: 2.0470e-05 - 3s/epoch - 17ms/step
Epoch 682/800
161/161 - 3s - loss: 0.0033 - mae: 0.0033 - mse: 1.8191e-05 - 3s/epoch - 16ms/step
Epoch 683/800
161/161 - 2s - loss: 0.0031 - mae: 0.0031 - mse: 1.6445e-05 - 2s/epoch - 14ms/step
Epoch 684/800
161/161 - 2s - loss: 0.0035 - mae: 0.0035 - mse: 2.1082e-05 - 2s/epoch - 14ms/step
Epoch 685/800
161/161 - 2s - loss: 0.0031 - mae: 0.0031 - mse: 1.6405e-05 - 2s/epoch - 15ms/step
Epoch 686/800
161/161 - 3s - loss: 0.0032 - mae: 0.0032 - mse: 1.7503e-05 - 3s/epoch - 16ms/step
Epoch 687/800
161/161 - 2s - loss: 0.0031 - mae: 0.0031 - mse: 1.6547e-05 - 2s/epoch - 15ms/step
Epoch 688/800
161/161 - 3s - loss: 0.0031 - mae: 0.0031 - mse: 1.6659e-05 - 3s/epoch - 16ms/step
Epoch 689/800
161/161 - 3s - loss: 0.0031 - mae: 0.0031 - mse: 1.6241e-05 - 3s/epoch - 16ms/step
Epoch 690/800
161/161 - 2s - loss: 0.0032 - mae: 0.0032 - mse: 1.7112e-05 - 2s/epoch - 15ms/step
Epoch 691/800
161/161 - 2s - loss: 0.0034 - mae: 0.0034 - mse: 1.8898e-05 - 2s/epoch - 14ms/step
Epoch 692/800
161/161 - 2s - loss: 0.0029 - mae: 0.0029 - mse: 1.4680e-05 - 2s/epoch - 14ms/step
Epoch 693/800
161/161 - 2s - loss: 0.0030 - mae: 0.0030 - mse: 1.5616e-05 - 2s/epoch - 15ms/step
Epoch 694/800
161/161 - 2s - loss: 0.0030 - mae: 0.0030 - mse: 1.5358e-05 - 2s/epoch - 14ms/step
Epoch 695/800
161/161 - 3s - loss: 0.0029 - mae: 0.0029 - mse: 1.4455e-05 - 3s/epoch - 16ms/step
Epoch 696/800
161/161 - 3s - loss: 0.0032 - mae: 0.0032 - mse: 1.6990e-05 - 3s/epoch - 16ms/step
Epoch 697/800
161/161 - 2s - loss: 0.0028 - mae: 0.0028 - mse: 1.3875e-05 - 2s/epoch - 15ms/step
Epoch 698/800
161/161 - 2s - loss: 0.0031 - mae: 0.0031 - mse: 1.5941e-05 - 2s/epoch - 15ms/step
Epoch 699/800
161/161 - 2s - loss: 0.0028 - mae: 0.0028 - mse: 1.3861e-05 - 2s/epoch - 14ms/step
Epoch 700/800
161/161 - 2s - loss: 0.0028 - mae: 0.0028 - mse: 1.3797e-05 - 2s/epoch - 15ms/step
Epoch 701/800
161/161 - 3s - loss: 0.0028 - mae: 0.0028 - mse: 1.3044e-05 - 3s/epoch - 16ms/step
Epoch 702/800
161/161 - 3s - loss: 0.0028 - mae: 0.0028 - mse: 1.3385e-05 - 3s/epoch - 16ms/step
Epoch 703/800
161/161 - 3s - loss: 0.0028 - mae: 0.0028 - mse: 1.3522e-05 - 3s/epoch - 16ms/step
Epoch 704/800
161/161 - 3s - loss: 0.0028 - mae: 0.0028 - mse: 1.3656e-05 - 3s/epoch - 17ms/step
Epoch 705/800
161/161 - 2s - loss: 0.0028 - mae: 0.0028 - mse: 1.3040e-05 - 2s/epoch - 14ms/step
Epoch 706/800
161/161 - 2s - loss: 0.0029 - mae: 0.0029 - mse: 1.4230e-05 - 2s/epoch - 14ms/step
Epoch 707/800
161/161 - 2s - loss: 0.0026 - mae: 0.0026 - mse: 1.1966e-05 - 2s/epoch - 15ms/step
Epoch 708/800
161/161 - 2s - loss: 0.0027 - mae: 0.0027 - mse: 1.2181e-05 - 2s/epoch - 15ms/step
Epoch 709/800
161/161 - 3s - loss: 0.0028 - mae: 0.0028 - mse: 1.3072e-05 - 3s/epoch - 16ms/step
Epoch 710/800
161/161 - 3s - loss: 0.0027 - mae: 0.0027 - mse: 1.1871e-05 - 3s/epoch - 16ms/step
Epoch 711/800
161/161 - 3s - loss: 0.0027 - mae: 0.0027 - mse: 1.2313e-05 - 3s/epoch - 16ms/step
Epoch 712/800
161/161 - 3s - loss: 0.0027 - mae: 0.0027 - mse: 1.2654e-05 - 3s/epoch - 16ms/step
Epoch 713/800
161/161 - 2s - loss: 0.0025 - mae: 0.0025 - mse: 1.0773e-05 - 2s/epoch - 14ms/step
Epoch 714/800
161/161 - 2s - loss: 0.0026 - mae: 0.0026 - mse: 1.1241e-05 - 2s/epoch - 15ms/step
Epoch 715/800
161/161 - 2s - loss: 0.0025 - mae: 0.0025 - mse: 1.0957e-05 - 2s/epoch - 15ms/step
Epoch 716/800
161/161 - 2s - loss: 0.0025 - mae: 0.0025 - mse: 1.0385e-05 - 2s/epoch - 15ms/step
Epoch 717/800
161/161 - 2s - loss: 0.0025 - mae: 0.0025 - mse: 1.0765e-05 - 2s/epoch - 14ms/step
Epoch 718/800
161/161 - 2s - loss: 0.0025 - mae: 0.0025 - mse: 1.0859e-05 - 2s/epoch - 14ms/step
Epoch 719/800
161/161 - 3s - loss: 0.0024 - mae: 0.0024 - mse: 1.0015e-05 - 3s/epoch - 16ms/step
Epoch 720/800
161/161 - 3s - loss: 0.0024 - mae: 0.0024 - mse: 9.9082e-06 - 3s/epoch - 17ms/step
Epoch 721/800
161/161 - 2s - loss: 0.0025 - mae: 0.0025 - mse: 1.0864e-05 - 2s/epoch - 15ms/step
Epoch 722/800
161/161 - 2s - loss: 0.0025 - mae: 0.0025 - mse: 1.0657e-05 - 2s/epoch - 14ms/step
Epoch 723/800
161/161 - 2s - loss: 0.0023 - mae: 0.0023 - mse: 9.0833e-06 - 2s/epoch - 14ms/step
Epoch 724/800
161/161 - 2s - loss: 0.0024 - mae: 0.0024 - mse: 1.0122e-05 - 2s/epoch - 16ms/step
Epoch 725/800
161/161 - 3s - loss: 0.0024 - mae: 0.0024 - mse: 9.7723e-06 - 3s/epoch - 16ms/step
Epoch 726/800
161/161 - 3s - loss: 0.0023 - mae: 0.0023 - mse: 9.6086e-06 - 3s/epoch - 16ms/step
Epoch 727/800
161/161 - 3s - loss: 0.0024 - mae: 0.0024 - mse: 9.8183e-06 - 3s/epoch - 17ms/step
Epoch 728/800
161/161 - 3s - loss: 0.0022 - mae: 0.0022 - mse: 8.1708e-06 - 3s/epoch - 16ms/step
Epoch 729/800
161/161 - 2s - loss: 0.0021 - mae: 0.0021 - mse: 7.9412e-06 - 2s/epoch - 13ms/step
Epoch 730/800
161/161 - 2s - loss: 0.0023 - mae: 0.0023 - mse: 8.8504e-06 - 2s/epoch - 14ms/step
Epoch 731/800
161/161 - 2s - loss: 0.0022 - mae: 0.0022 - mse: 8.2736e-06 - 2s/epoch - 16ms/step
Epoch 732/800
161/161 - 3s - loss: 0.0022 - mae: 0.0022 - mse: 8.1832e-06 - 3s/epoch - 16ms/step
Epoch 733/800
161/161 - 3s - loss: 0.0021 - mae: 0.0021 - mse: 7.5262e-06 - 3s/epoch - 16ms/step
Epoch 734/800
161/161 - 3s - loss: 0.0021 - mae: 0.0021 - mse: 7.9939e-06 - 3s/epoch - 17ms/step
Epoch 735/800
161/161 - 3s - loss: 0.0023 - mae: 0.0023 - mse: 8.5382e-06 - 3s/epoch - 17ms/step
Epoch 736/800
161/161 - 2s - loss: 0.0021 - mae: 0.0021 - mse: 7.2808e-06 - 2s/epoch - 14ms/step
Epoch 737/800
161/161 - 2s - loss: 0.0020 - mae: 0.0020 - mse: 6.9829e-06 - 2s/epoch - 13ms/step
Epoch 738/800
161/161 - 3s - loss: 0.0021 - mae: 0.0021 - mse: 7.3573e-06 - 3s/epoch - 16ms/step
Epoch 739/800
161/161 - 2s - loss: 0.0019 - mae: 0.0019 - mse: 6.5174e-06 - 2s/epoch - 15ms/step
Epoch 740/800
161/161 - 2s - loss: 0.0020 - mae: 0.0020 - mse: 6.6653e-06 - 2s/epoch - 15ms/step
Epoch 741/800
161/161 - 3s - loss: 0.0020 - mae: 0.0020 - mse: 6.9753e-06 - 3s/epoch - 16ms/step
Epoch 742/800
161/161 - 3s - loss: 0.0020 - mae: 0.0020 - mse: 6.9626e-06 - 3s/epoch - 17ms/step
Epoch 743/800
161/161 - 2s - loss: 0.0018 - mae: 0.0018 - mse: 5.9416e-06 - 2s/epoch - 15ms/step
Epoch 744/800
161/161 - 2s - loss: 0.0018 - mae: 0.0018 - mse: 5.7928e-06 - 2s/epoch - 13ms/step
Epoch 745/800
161/161 - 2s - loss: 0.0018 - mae: 0.0018 - mse: 5.6651e-06 - 2s/epoch - 14ms/step
Epoch 746/800
161/161 - 3s - loss: 0.0018 - mae: 0.0018 - mse: 5.9364e-06 - 3s/epoch - 16ms/step
Epoch 747/800
161/161 - 3s - loss: 0.0017 - mae: 0.0017 - mse: 5.3829e-06 - 3s/epoch - 16ms/step
Epoch 748/800
161/161 - 3s - loss: 0.0020 - mae: 0.0020 - mse: 6.6008e-06 - 3s/epoch - 16ms/step
Epoch 749/800
161/161 - 3s - loss: 0.0019 - mae: 0.0019 - mse: 6.3175e-06 - 3s/epoch - 17ms/step
Epoch 750/800
161/161 - 3s - loss: 0.0017 - mae: 0.0017 - mse: 5.2468e-06 - 3s/epoch - 16ms/step
Epoch 751/800
161/161 - 2s - loss: 0.0017 - mae: 0.0017 - mse: 5.2108e-06 - 2s/epoch - 15ms/step
Epoch 752/800
161/161 - 2s - loss: 0.0017 - mae: 0.0017 - mse: 5.0241e-06 - 2s/epoch - 13ms/step
Epoch 753/800
161/161 - 3s - loss: 0.0017 - mae: 0.0017 - mse: 5.1097e-06 - 3s/epoch - 16ms/step
Epoch 754/800
161/161 - 3s - loss: 0.0015 - mae: 0.0015 - mse: 4.3233e-06 - 3s/epoch - 16ms/step
Epoch 755/800
161/161 - 2s - loss: 0.0017 - mae: 0.0017 - mse: 4.7528e-06 - 2s/epoch - 15ms/step
Epoch 756/800
161/161 - 3s - loss: 0.0017 - mae: 0.0017 - mse: 5.2539e-06 - 3s/epoch - 16ms/step
Epoch 757/800
161/161 - 3s - loss: 0.0016 - mae: 0.0016 - mse: 4.5613e-06 - 3s/epoch - 17ms/step
Epoch 758/800
161/161 - 3s - loss: 0.0015 - mae: 0.0015 - mse: 4.2182e-06 - 3s/epoch - 16ms/step
Epoch 759/800
161/161 - 2s - loss: 0.0016 - mae: 0.0016 - mse: 4.5743e-06 - 2s/epoch - 13ms/step
Epoch 760/800
161/161 - 2s - loss: 0.0015 - mae: 0.0015 - mse: 4.1835e-06 - 2s/epoch - 15ms/step
Epoch 761/800
161/161 - 2s - loss: 0.0015 - mae: 0.0015 - mse: 3.9889e-06 - 2s/epoch - 15ms/step
Epoch 762/800
161/161 - 3s - loss: 0.0015 - mae: 0.0015 - mse: 4.1991e-06 - 3s/epoch - 16ms/step
Epoch 763/800
161/161 - 3s - loss: 0.0014 - mae: 0.0014 - mse: 3.4626e-06 - 3s/epoch - 16ms/step
Epoch 764/800
161/161 - 3s - loss: 0.0015 - mae: 0.0015 - mse: 3.9751e-06 - 3s/epoch - 17ms/step
Epoch 765/800
161/161 - 3s - loss: 0.0015 - mae: 0.0015 - mse: 3.8246e-06 - 3s/epoch - 16ms/step
Epoch 766/800
161/161 - 2s - loss: 0.0015 - mae: 0.0015 - mse: 3.8429e-06 - 2s/epoch - 14ms/step
Epoch 767/800
161/161 - 2s - loss: 0.0013 - mae: 0.0013 - mse: 3.1725e-06 - 2s/epoch - 14ms/step
Epoch 768/800
161/161 - 2s - loss: 0.0013 - mae: 0.0013 - mse: 3.1072e-06 - 2s/epoch - 15ms/step
Epoch 769/800
161/161 - 3s - loss: 0.0013 - mae: 0.0013 - mse: 3.1949e-06 - 3s/epoch - 16ms/step
Epoch 770/800
161/161 - 3s - loss: 0.0013 - mae: 0.0013 - mse: 2.9161e-06 - 3s/epoch - 16ms/step
Epoch 771/800
161/161 - 3s - loss: 0.0012 - mae: 0.0012 - mse: 2.8120e-06 - 3s/epoch - 16ms/step
Epoch 772/800
161/161 - 2s - loss: 0.0012 - mae: 0.0012 - mse: 2.7557e-06 - 2s/epoch - 15ms/step
Epoch 773/800
161/161 - 3s - loss: 0.0012 - mae: 0.0012 - mse: 2.8428e-06 - 3s/epoch - 16ms/step
Epoch 774/800
161/161 - 2s - loss: 0.0012 - mae: 0.0012 - mse: 2.5875e-06 - 2s/epoch - 14ms/step
Epoch 775/800
161/161 - 2s - loss: 0.0012 - mae: 0.0012 - mse: 2.5845e-06 - 2s/epoch - 15ms/step
Epoch 776/800
161/161 - 2s - loss: 0.0012 - mae: 0.0012 - mse: 2.7809e-06 - 2s/epoch - 15ms/step
Epoch 777/800
161/161 - 3s - loss: 0.0012 - mae: 0.0012 - mse: 2.6151e-06 - 3s/epoch - 16ms/step
Epoch 778/800
161/161 - 2s - loss: 0.0011 - mae: 0.0011 - mse: 2.4249e-06 - 2s/epoch - 13ms/step
Epoch 779/800
161/161 - 3s - loss: 0.0011 - mae: 0.0011 - mse: 2.2174e-06 - 3s/epoch - 16ms/step
Epoch 780/800
161/161 - 3s - loss: 0.0011 - mae: 0.0011 - mse: 2.2459e-06 - 3s/epoch - 16ms/step
Epoch 781/800
161/161 - 3s - loss: 0.0010 - mae: 0.0010 - mse: 2.0814e-06 - 3s/epoch - 16ms/step
Epoch 782/800
161/161 - 2s - loss: 0.0010 - mae: 0.0010 - mse: 2.0102e-06 - 2s/epoch - 14ms/step
Epoch 783/800
161/161 - 2s - loss: 0.0010 - mae: 0.0010 - mse: 2.1006e-06 - 2s/epoch - 15ms/step
Epoch 784/800
161/161 - 3s - loss: 0.0010 - mae: 0.0010 - mse: 1.9889e-06 - 3s/epoch - 16ms/step
Epoch 785/800
161/161 - 2s - loss: 9.1387e-04 - mae: 9.1387e-04 - mse: 1.7442e-06 - 2s/epoch - 15ms/step
Epoch 786/800
161/161 - 2s - loss: 9.3380e-04 - mae: 9.3380e-04 - mse: 1.7949e-06 - 2s/epoch - 14ms/step
Epoch 787/800
161/161 - 2s - loss: 9.0195e-04 - mae: 9.0195e-04 - mse: 1.6870e-06 - 2s/epoch - 15ms/step
Epoch 788/800
161/161 - 2s - loss: 8.8487e-04 - mae: 8.8487e-04 - mse: 1.6273e-06 - 2s/epoch - 15ms/step
Epoch 789/800
161/161 - 2s - loss: 8.5705e-04 - mae: 8.5705e-04 - mse: 1.5477e-06 - 2s/epoch - 15ms/step
Epoch 790/800
161/161 - 2s - loss: 8.8166e-04 - mae: 8.8166e-04 - mse: 1.6087e-06 - 2s/epoch - 14ms/step
Epoch 791/800
161/161 - 2s - loss: 7.9941e-04 - mae: 7.9941e-04 - mse: 1.4541e-06 - 2s/epoch - 15ms/step
Epoch 792/800
161/161 - 2s - loss: 7.8341e-04 - mae: 7.8341e-04 - mse: 1.3978e-06 - 2s/epoch - 14ms/step
Epoch 793/800
161/161 - 3s - loss: 7.4957e-04 - mae: 7.4957e-04 - mse: 1.3153e-06 - 3s/epoch - 16ms/step
Epoch 794/800
161/161 - 3s - loss: 7.3780e-04 - mae: 7.3780e-04 - mse: 1.2930e-06 - 3s/epoch - 16ms/step
Epoch 795/800
161/161 - 3s - loss: 7.4448e-04 - mae: 7.4448e-04 - mse: 1.3013e-06 - 3s/epoch - 16ms/step
Epoch 796/800
161/161 - 3s - loss: 6.8964e-04 - mae: 6.8964e-04 - mse: 1.1824e-06 - 3s/epoch - 16ms/step
Epoch 797/800
161/161 - 2s - loss: 6.9314e-04 - mae: 6.9314e-04 - mse: 1.1790e-06 - 2s/epoch - 15ms/step
Epoch 798/800
161/161 - 2s - loss: 7.0454e-04 - mae: 7.0454e-04 - mse: 1.2165e-06 - 2s/epoch - 14ms/step
Epoch 799/800
161/161 - 2s - loss: 7.0748e-04 - mae: 7.0748e-04 - mse: 1.2267e-06 - 2s/epoch - 15ms/step
Epoch 800/800
161/161 - 3s - loss: 6.8487e-04 - mae: 6.8487e-04 - mse: 1.1768e-06 - 3s/epoch - 16ms/step
Training finished in 1620.42 seconds.

 1/81 [..............................] - ETA: 3:16
 5/81 [>.............................] - ETA: 0s  
 9/81 [==>...........................] - ETA: 0s
13/81 [===>..........................] - ETA: 0s
17/81 [=====>........................] - ETA: 0s
22/81 [=======>......................] - ETA: 0s
26/81 [========>.....................] - ETA: 0s
30/81 [==========>...................] - ETA: 0s
34/81 [===========>..................] - ETA: 0s
38/81 [=============>................] - ETA: 0s
42/81 [==============>...............] - ETA: 0s
46/81 [================>.............] - ETA: 0s
50/81 [=================>............] - ETA: 0s
54/81 [===================>..........] - ETA: 0s
58/81 [====================>.........] - ETA: 0s
62/81 [=====================>........] - ETA: 0s
66/81 [=======================>......] - ETA: 0s
70/81 [========================>.....] - ETA: 0s
74/81 [==========================>...] - ETA: 0s
78/81 [===========================>..] - ETA: 0s
81/81 [==============================] - ETA: 0s
81/81 [==============================] - 4s 15ms/step
Fold 3 MAE: 0.0233

--- Starting Fold 4/5 ---
INFO:kgcnn.model.utils:Updated model kwargs: '{'name': 'coGN', 'inputs': {'offset': {'shape': (None, 3), 'name': 'offset', 'dtype': 'float32', 'ragged': True}, 'cell_translation': None, 'affine_matrix': None, 'voronoi_ridge_area': None, 'atomic_number': {'shape': (None,), 'name': 'atomic_number', 'dtype': 'int32', 'ragged': True}, 'frac_coords': None, 'coords': None, 'multiplicity': {'shape': (None,), 'name': 'multiplicity', 'dtype': 'int32', 'ragged': True}, 'lattice_matrix': None, 'edge_indices': {'shape': (None, 2), 'name': 'edge_indices', 'dtype': 'int32', 'ragged': True}, 'line_graph_edge_indices': None}, 'input_block_cfg': {'node_size': 128, 'edge_size': 128, 'atomic_mass': True, 'atomic_radius': True, 'electronegativity': True, 'ionization_energy': True, 'oxidation_states': True, 'edge_embedding_args': {'bins_distance': 32, 'max_distance': 8.0, 'distance_log_base': 1.0, 'bins_voronoi_area': None, 'max_voronoi_area': None}}, 'processing_blocks_cfg': [{'edge_mlp': {'units': [128, 128, 128, 128, 128], 'activation': ['swish', 'swish', 'swish', 'swish', 'swish']}, 'node_mlp': {'units': [128], 'activation': ['swish']}, 'global_mlp': None, 'nested_blocks_cfgs': None, 'aggregate_edges_local': 'sum', 'aggregate_edges_global': None, 'aggregate_nodes': None, 'return_updated_edges': False, 'return_updated_nodes': True, 'return_updated_globals': True, 'edge_attention_mlp_local': {'units': [32, 1], 'activation': ['swish', 'swish']}, 'edge_attention_mlp_global': {'units': [32, 1], 'activation': ['swish', 'swish']}, 'node_attention_mlp': {'units': [32, 1], 'activation': ['swish', 'swish']}, 'edge_gate': None, 'node_gate': None, 'global_gate': None, 'residual_node_update': True, 'residual_edge_update': False, 'residual_global_update': False, 'update_edges_input': [True, True, True, False], 'update_nodes_input': [True, False, False], 'update_global_input': [False, True, False], 'multiplicity_readout': False}, {'edge_mlp': {'units': [128, 128, 128, 128, 128], 'activation': ['swish', 'swish', 'swish', 'swish', 'swish']}, 'node_mlp': {'units': [128], 'activation': ['swish']}, 'global_mlp': None, 'nested_blocks_cfgs': None, 'aggregate_edges_local': 'sum', 'aggregate_edges_global': None, 'aggregate_nodes': None, 'return_updated_edges': False, 'return_updated_nodes': True, 'return_updated_globals': True, 'edge_attention_mlp_local': {'units': [32, 1], 'activation': ['swish', 'swish']}, 'edge_attention_mlp_global': {'units': [32, 1], 'activation': ['swish', 'swish']}, 'node_attention_mlp': {'units': [32, 1], 'activation': ['swish', 'swish']}, 'edge_gate': None, 'node_gate': None, 'global_gate': None, 'residual_node_update': True, 'residual_edge_update': False, 'residual_global_update': False, 'update_edges_input': [True, True, True, False], 'update_nodes_input': [True, False, False], 'update_global_input': [False, True, False], 'multiplicity_readout': False}, {'edge_mlp': {'units': [128, 128, 128, 128, 128], 'activation': ['swish', 'swish', 'swish', 'swish', 'swish']}, 'node_mlp': {'units': [128], 'activation': ['swish']}, 'global_mlp': None, 'nested_blocks_cfgs': None, 'aggregate_edges_local': 'sum', 'aggregate_edges_global': None, 'aggregate_nodes': None, 'return_updated_edges': False, 'return_updated_nodes': True, 'return_updated_globals': True, 'edge_attention_mlp_local': {'units': [32, 1], 'activation': ['swish', 'swish']}, 'edge_attention_mlp_global': {'units': [32, 1], 'activation': ['swish', 'swish']}, 'node_attention_mlp': {'units': [32, 1], 'activation': ['swish', 'swish']}, 'edge_gate': None, 'node_gate': None, 'global_gate': None, 'residual_node_update': True, 'residual_edge_update': False, 'residual_global_update': False, 'update_edges_input': [True, True, True, False], 'update_nodes_input': [True, False, False], 'update_global_input': [False, True, False], 'multiplicity_readout': False}, {'edge_mlp': {'units': [128, 128, 128, 128, 128], 'activation': ['swish', 'swish', 'swish', 'swish', 'swish']}, 'node_mlp': {'units': [128], 'activation': ['swish']}, 'global_mlp': None, 'nested_blocks_cfgs': None, 'aggregate_edges_local': 'sum', 'aggregate_edges_global': None, 'aggregate_nodes': None, 'return_updated_edges': False, 'return_updated_nodes': True, 'return_updated_globals': True, 'edge_attention_mlp_local': {'units': [32, 1], 'activation': ['swish', 'swish']}, 'edge_attention_mlp_global': {'units': [32, 1], 'activation': ['swish', 'swish']}, 'node_attention_mlp': {'units': [32, 1], 'activation': ['swish', 'swish']}, 'edge_gate': None, 'node_gate': None, 'global_gate': None, 'residual_node_update': True, 'residual_edge_update': False, 'residual_global_update': False, 'update_edges_input': [True, True, True, False], 'update_nodes_input': [True, False, False], 'update_global_input': [False, True, False], 'multiplicity_readout': False}, {'edge_mlp': {'units': [128, 128, 128, 128, 128], 'activation': ['swish', 'swish', 'swish', 'swish', 'swish']}, 'node_mlp': {'units': [128], 'activation': ['swish']}, 'global_mlp': None, 'nested_blocks_cfgs': None, 'aggregate_edges_local': 'sum', 'aggregate_edges_global': None, 'aggregate_nodes': None, 'return_updated_edges': False, 'return_updated_nodes': True, 'return_updated_globals': True, 'edge_attention_mlp_local': {'units': [32, 1], 'activation': ['swish', 'swish']}, 'edge_attention_mlp_global': {'units': [32, 1], 'activation': ['swish', 'swish']}, 'node_attention_mlp': {'units': [32, 1], 'activation': ['swish', 'swish']}, 'edge_gate': None, 'node_gate': None, 'global_gate': None, 'residual_node_update': True, 'residual_edge_update': False, 'residual_global_update': False, 'update_edges_input': [True, True, True, False], 'update_nodes_input': [True, False, False], 'update_global_input': [False, True, False], 'multiplicity_readout': False}], 'output_block_cfg': {'edge_mlp': None, 'node_mlp': None, 'global_mlp': {'units': [1], 'activation': ['linear']}, 'nested_blocks_cfgs': None, 'aggregate_edges_local': 'sum', 'aggregate_edges_global': None, 'aggregate_nodes': 'mean', 'return_updated_edges': False, 'return_updated_nodes': True, 'return_updated_globals': True, 'edge_attention_mlp_local': {'units': [32, 1], 'activation': ['swish', 'swish']}, 'edge_attention_mlp_global': {'units': [32, 1], 'activation': ['swish', 'swish']}, 'node_attention_mlp': {'units': [32, 1], 'activation': ['swish', 'swish']}, 'edge_gate': None, 'node_gate': None, 'global_gate': None, 'residual_node_update': False, 'residual_edge_update': False, 'residual_global_update': False, 'update_edges_input': [True, True, True, False], 'update_nodes_input': [True, False, False], 'update_global_input': [False, True, False], 'multiplicity_readout': True}}'.
/gpfs/scratch/acad/htforft/rgouvea/other_datasets/processed_datasets/.venv/lib/python3.9/site-packages/kgcnn/crystal/periodic_table/periodic_table.py:30: FutureWarning: A value is trying to be set on a copy of a DataFrame or Series through chained assignment using an inplace method.
The behavior will change in pandas 3.0. This inplace method will never work because the intermediate object on which we are setting values always behaves as a copy.

For example, when doing 'df[col].method(value, inplace=True)', try using 'df.method({col: value}, inplace=True)' or df[col] = df[col].method(value) instead, to perform the operation inplace on the original object.


  self.data['AtomicRadius'].fillna(imputation_atomic_radius, inplace=True)
/gpfs/scratch/acad/htforft/rgouvea/other_datasets/processed_datasets/.venv/lib/python3.9/site-packages/kgcnn/crystal/periodic_table/periodic_table.py:32: FutureWarning: A value is trying to be set on a copy of a DataFrame or Series through chained assignment using an inplace method.
The behavior will change in pandas 3.0. This inplace method will never work because the intermediate object on which we are setting values always behaves as a copy.

For example, when doing 'df[col].method(value, inplace=True)', try using 'df.method({col: value}, inplace=True)' or df[col] = df[col].method(value) instead, to perform the operation inplace on the original object.


  self.data['Electronegativity'].fillna(imputation_electronegativity, inplace=True)
/gpfs/scratch/acad/htforft/rgouvea/other_datasets/processed_datasets/.venv/lib/python3.9/site-packages/kgcnn/crystal/periodic_table/periodic_table.py:33: FutureWarning: A value is trying to be set on a copy of a DataFrame or Series through chained assignment using an inplace method.
The behavior will change in pandas 3.0. This inplace method will never work because the intermediate object on which we are setting values always behaves as a copy.

For example, when doing 'df[col].method(value, inplace=True)', try using 'df.method({col: value}, inplace=True)' or df[col] = df[col].method(value) instead, to perform the operation inplace on the original object.


  self.data['IonizationEnergy'].fillna(imputation_ionization_energy, inplace=True)
[<KerasTensor: type_spec=RaggedTensorSpec(TensorShape([None, None, 3]), tf.float32, 1, tf.int64) (created by layer 'offset')>, <KerasTensor: type_spec=RaggedTensorSpec(TensorShape([None, None]), tf.int32, 1, tf.int64) (created by layer 'atomic_number')>, <KerasTensor: type_spec=RaggedTensorSpec(TensorShape([None, None]), tf.int32, 1, tf.int64) (created by layer 'multiplicity')>, <KerasTensor: type_spec=RaggedTensorSpec(TensorShape([None, None, 2]), tf.int32, 1, tf.int64) (created by layer 'edge_indices')>]
Training on 10252 samples...
Epoch 1/800
/gpfs/scratch/acad/htforft/rgouvea/other_datasets/processed_datasets/.venv/lib/python3.9/site-packages/tensorflow/python/framework/indexed_slices.py:444: UserWarning: Converting sparse IndexedSlices(IndexedSlices(indices=Tensor("gradient_tape/coGN/sequential_graph_network_8/graph_network_44/gather_embedding_selection_61/Reshape_1:0", shape=(None,), dtype=int32), values=Tensor("gradient_tape/coGN/sequential_graph_network_8/graph_network_44/gather_embedding_selection_61/Reshape:0", shape=(None, 128), dtype=float32), dense_shape=Tensor("gradient_tape/coGN/sequential_graph_network_8/graph_network_44/gather_embedding_selection_61/Cast:0", shape=(2,), dtype=int32))) to a dense Tensor of unknown shape. This may consume a large amount of memory.
  warnings.warn(
/gpfs/scratch/acad/htforft/rgouvea/other_datasets/processed_datasets/.venv/lib/python3.9/site-packages/tensorflow/python/framework/indexed_slices.py:444: UserWarning: Converting sparse IndexedSlices(IndexedSlices(indices=Tensor("gradient_tape/coGN/sequential_graph_network_8/graph_network_44/gather_embedding_selection_61/Reshape_3:0", shape=(None,), dtype=int32), values=Tensor("gradient_tape/coGN/sequential_graph_network_8/graph_network_44/gather_embedding_selection_61/Reshape_2:0", shape=(None, 128), dtype=float32), dense_shape=Tensor("gradient_tape/coGN/sequential_graph_network_8/graph_network_44/gather_embedding_selection_61/Cast_1:0", shape=(2,), dtype=int32))) to a dense Tensor of unknown shape. This may consume a large amount of memory.
  warnings.warn(
/gpfs/scratch/acad/htforft/rgouvea/other_datasets/processed_datasets/.venv/lib/python3.9/site-packages/tensorflow/python/framework/indexed_slices.py:444: UserWarning: Converting sparse IndexedSlices(IndexedSlices(indices=Tensor("gradient_tape/coGN/sequential_graph_network_8/graph_network_43/gather_embedding_selection_60/Reshape_1:0", shape=(None,), dtype=int32), values=Tensor("gradient_tape/coGN/sequential_graph_network_8/graph_network_43/gather_embedding_selection_60/Reshape:0", shape=(None, 128), dtype=float32), dense_shape=Tensor("gradient_tape/coGN/sequential_graph_network_8/graph_network_43/gather_embedding_selection_60/Cast:0", shape=(2,), dtype=int32))) to a dense Tensor of unknown shape. This may consume a large amount of memory.
  warnings.warn(
/gpfs/scratch/acad/htforft/rgouvea/other_datasets/processed_datasets/.venv/lib/python3.9/site-packages/tensorflow/python/framework/indexed_slices.py:444: UserWarning: Converting sparse IndexedSlices(IndexedSlices(indices=Tensor("gradient_tape/coGN/sequential_graph_network_8/graph_network_43/gather_embedding_selection_60/Reshape_3:0", shape=(None,), dtype=int32), values=Tensor("gradient_tape/coGN/sequential_graph_network_8/graph_network_43/gather_embedding_selection_60/Reshape_2:0", shape=(None, 128), dtype=float32), dense_shape=Tensor("gradient_tape/coGN/sequential_graph_network_8/graph_network_43/gather_embedding_selection_60/Cast_1:0", shape=(2,), dtype=int32))) to a dense Tensor of unknown shape. This may consume a large amount of memory.
  warnings.warn(
/gpfs/scratch/acad/htforft/rgouvea/other_datasets/processed_datasets/.venv/lib/python3.9/site-packages/tensorflow/python/framework/indexed_slices.py:444: UserWarning: Converting sparse IndexedSlices(IndexedSlices(indices=Tensor("gradient_tape/coGN/sequential_graph_network_8/graph_network_42/gather_embedding_selection_59/Reshape_1:0", shape=(None,), dtype=int32), values=Tensor("gradient_tape/coGN/sequential_graph_network_8/graph_network_42/gather_embedding_selection_59/Reshape:0", shape=(None, 128), dtype=float32), dense_shape=Tensor("gradient_tape/coGN/sequential_graph_network_8/graph_network_42/gather_embedding_selection_59/Cast:0", shape=(2,), dtype=int32))) to a dense Tensor of unknown shape. This may consume a large amount of memory.
  warnings.warn(
/gpfs/scratch/acad/htforft/rgouvea/other_datasets/processed_datasets/.venv/lib/python3.9/site-packages/tensorflow/python/framework/indexed_slices.py:444: UserWarning: Converting sparse IndexedSlices(IndexedSlices(indices=Tensor("gradient_tape/coGN/sequential_graph_network_8/graph_network_42/gather_embedding_selection_59/Reshape_3:0", shape=(None,), dtype=int32), values=Tensor("gradient_tape/coGN/sequential_graph_network_8/graph_network_42/gather_embedding_selection_59/Reshape_2:0", shape=(None, 128), dtype=float32), dense_shape=Tensor("gradient_tape/coGN/sequential_graph_network_8/graph_network_42/gather_embedding_selection_59/Cast_1:0", shape=(2,), dtype=int32))) to a dense Tensor of unknown shape. This may consume a large amount of memory.
  warnings.warn(
/gpfs/scratch/acad/htforft/rgouvea/other_datasets/processed_datasets/.venv/lib/python3.9/site-packages/tensorflow/python/framework/indexed_slices.py:444: UserWarning: Converting sparse IndexedSlices(IndexedSlices(indices=Tensor("gradient_tape/coGN/sequential_graph_network_8/graph_network_41/gather_embedding_selection_58/Reshape_1:0", shape=(None,), dtype=int32), values=Tensor("gradient_tape/coGN/sequential_graph_network_8/graph_network_41/gather_embedding_selection_58/Reshape:0", shape=(None, 128), dtype=float32), dense_shape=Tensor("gradient_tape/coGN/sequential_graph_network_8/graph_network_41/gather_embedding_selection_58/Cast:0", shape=(2,), dtype=int32))) to a dense Tensor of unknown shape. This may consume a large amount of memory.
  warnings.warn(
/gpfs/scratch/acad/htforft/rgouvea/other_datasets/processed_datasets/.venv/lib/python3.9/site-packages/tensorflow/python/framework/indexed_slices.py:444: UserWarning: Converting sparse IndexedSlices(IndexedSlices(indices=Tensor("gradient_tape/coGN/sequential_graph_network_8/graph_network_41/gather_embedding_selection_58/Reshape_3:0", shape=(None,), dtype=int32), values=Tensor("gradient_tape/coGN/sequential_graph_network_8/graph_network_41/gather_embedding_selection_58/Reshape_2:0", shape=(None, 128), dtype=float32), dense_shape=Tensor("gradient_tape/coGN/sequential_graph_network_8/graph_network_41/gather_embedding_selection_58/Cast_1:0", shape=(2,), dtype=int32))) to a dense Tensor of unknown shape. This may consume a large amount of memory.
  warnings.warn(
/gpfs/scratch/acad/htforft/rgouvea/other_datasets/processed_datasets/.venv/lib/python3.9/site-packages/tensorflow/python/framework/indexed_slices.py:444: UserWarning: Converting sparse IndexedSlices(IndexedSlices(indices=Tensor("gradient_tape/coGN/sequential_graph_network_8/graph_network_40/gather_embedding_selection_57/Reshape_1:0", shape=(None,), dtype=int32), values=Tensor("gradient_tape/coGN/sequential_graph_network_8/graph_network_40/gather_embedding_selection_57/Reshape:0", shape=(None, 128), dtype=float32), dense_shape=Tensor("gradient_tape/coGN/sequential_graph_network_8/graph_network_40/gather_embedding_selection_57/Cast:0", shape=(2,), dtype=int32))) to a dense Tensor of unknown shape. This may consume a large amount of memory.
  warnings.warn(
/gpfs/scratch/acad/htforft/rgouvea/other_datasets/processed_datasets/.venv/lib/python3.9/site-packages/tensorflow/python/framework/indexed_slices.py:444: UserWarning: Converting sparse IndexedSlices(IndexedSlices(indices=Tensor("gradient_tape/coGN/sequential_graph_network_8/graph_network_40/gather_embedding_selection_57/Reshape_3:0", shape=(None,), dtype=int32), values=Tensor("gradient_tape/coGN/sequential_graph_network_8/graph_network_40/gather_embedding_selection_57/Reshape_2:0", shape=(None, 128), dtype=float32), dense_shape=Tensor("gradient_tape/coGN/sequential_graph_network_8/graph_network_40/gather_embedding_selection_57/Cast_1:0", shape=(2,), dtype=int32))) to a dense Tensor of unknown shape. This may consume a large amount of memory.
  warnings.warn(
161/161 - 8s - loss: 0.3733 - mae: 0.3733 - mse: 0.3246 - 8s/epoch - 48ms/step
Epoch 2/800
161/161 - 2s - loss: 0.2270 - mae: 0.2270 - mse: 0.0905 - 2s/epoch - 15ms/step
Epoch 3/800
161/161 - 3s - loss: 0.2011 - mae: 0.2011 - mse: 0.0700 - 3s/epoch - 16ms/step
Epoch 4/800
161/161 - 3s - loss: 0.1647 - mae: 0.1647 - mse: 0.0475 - 3s/epoch - 17ms/step
Epoch 5/800
161/161 - 3s - loss: 0.1482 - mae: 0.1482 - mse: 0.0384 - 3s/epoch - 16ms/step
Epoch 6/800
161/161 - 2s - loss: 0.1170 - mae: 0.1170 - mse: 0.0243 - 2s/epoch - 15ms/step
Epoch 7/800
161/161 - 2s - loss: 0.1077 - mae: 0.1077 - mse: 0.0197 - 2s/epoch - 15ms/step
Epoch 8/800
161/161 - 2s - loss: 0.0962 - mae: 0.0962 - mse: 0.0157 - 2s/epoch - 14ms/step
Epoch 9/800
161/161 - 3s - loss: 0.0849 - mae: 0.0849 - mse: 0.0123 - 3s/epoch - 16ms/step
Epoch 10/800
161/161 - 3s - loss: 0.0804 - mae: 0.0804 - mse: 0.0109 - 3s/epoch - 16ms/step
Epoch 11/800
161/161 - 3s - loss: 0.0802 - mae: 0.0802 - mse: 0.0108 - 3s/epoch - 16ms/step
Epoch 12/800
161/161 - 2s - loss: 0.0727 - mae: 0.0727 - mse: 0.0089 - 2s/epoch - 15ms/step
Epoch 13/800
161/161 - 2s - loss: 0.0710 - mae: 0.0710 - mse: 0.0085 - 2s/epoch - 15ms/step
Epoch 14/800
161/161 - 3s - loss: 0.0678 - mae: 0.0678 - mse: 0.0077 - 3s/epoch - 16ms/step
Epoch 15/800
161/161 - 2s - loss: 0.0648 - mae: 0.0648 - mse: 0.0073 - 2s/epoch - 14ms/step
Epoch 16/800
161/161 - 2s - loss: 0.0658 - mae: 0.0658 - mse: 0.0072 - 2s/epoch - 14ms/step
Epoch 17/800
161/161 - 2s - loss: 0.0647 - mae: 0.0647 - mse: 0.0071 - 2s/epoch - 15ms/step
Epoch 18/800
161/161 - 2s - loss: 0.0636 - mae: 0.0636 - mse: 0.0069 - 2s/epoch - 15ms/step
Epoch 19/800
161/161 - 2s - loss: 0.0607 - mae: 0.0607 - mse: 0.0062 - 2s/epoch - 15ms/step
Epoch 20/800
161/161 - 2s - loss: 0.0613 - mae: 0.0613 - mse: 0.0063 - 2s/epoch - 15ms/step
Epoch 21/800
161/161 - 2s - loss: 0.0601 - mae: 0.0601 - mse: 0.0062 - 2s/epoch - 15ms/step
Epoch 22/800
161/161 - 2s - loss: 0.0609 - mae: 0.0609 - mse: 0.0062 - 2s/epoch - 15ms/step
Epoch 23/800
161/161 - 2s - loss: 0.0557 - mae: 0.0557 - mse: 0.0053 - 2s/epoch - 15ms/step
Epoch 24/800
161/161 - 3s - loss: 0.0610 - mae: 0.0610 - mse: 0.0064 - 3s/epoch - 16ms/step
Epoch 25/800
161/161 - 3s - loss: 0.0554 - mae: 0.0554 - mse: 0.0052 - 3s/epoch - 16ms/step
Epoch 26/800
161/161 - 2s - loss: 0.0580 - mae: 0.0580 - mse: 0.0056 - 2s/epoch - 15ms/step
Epoch 27/800
161/161 - 3s - loss: 0.0528 - mae: 0.0528 - mse: 0.0048 - 3s/epoch - 16ms/step
Epoch 28/800
161/161 - 3s - loss: 0.0515 - mae: 0.0515 - mse: 0.0045 - 3s/epoch - 16ms/step
Epoch 29/800
161/161 - 3s - loss: 0.0534 - mae: 0.0534 - mse: 0.0048 - 3s/epoch - 16ms/step
Epoch 30/800
161/161 - 2s - loss: 0.0502 - mae: 0.0502 - mse: 0.0043 - 2s/epoch - 14ms/step
Epoch 31/800
161/161 - 2s - loss: 0.0541 - mae: 0.0541 - mse: 0.0049 - 2s/epoch - 15ms/step
Epoch 32/800
161/161 - 3s - loss: 0.0514 - mae: 0.0514 - mse: 0.0045 - 3s/epoch - 16ms/step
Epoch 33/800
161/161 - 2s - loss: 0.0507 - mae: 0.0507 - mse: 0.0043 - 2s/epoch - 15ms/step
Epoch 34/800
161/161 - 3s - loss: 0.0534 - mae: 0.0534 - mse: 0.0048 - 3s/epoch - 16ms/step
Epoch 35/800
161/161 - 3s - loss: 0.0490 - mae: 0.0490 - mse: 0.0041 - 3s/epoch - 16ms/step
Epoch 36/800
161/161 - 3s - loss: 0.0483 - mae: 0.0483 - mse: 0.0039 - 3s/epoch - 16ms/step
Epoch 37/800
161/161 - 2s - loss: 0.0490 - mae: 0.0490 - mse: 0.0040 - 2s/epoch - 15ms/step
Epoch 38/800
161/161 - 2s - loss: 0.0505 - mae: 0.0505 - mse: 0.0043 - 2s/epoch - 15ms/step
Epoch 39/800
161/161 - 3s - loss: 0.0480 - mae: 0.0480 - mse: 0.0040 - 3s/epoch - 16ms/step
Epoch 40/800
161/161 - 3s - loss: 0.0462 - mae: 0.0462 - mse: 0.0036 - 3s/epoch - 16ms/step
Epoch 41/800
161/161 - 2s - loss: 0.0488 - mae: 0.0488 - mse: 0.0040 - 2s/epoch - 15ms/step
Epoch 42/800
161/161 - 3s - loss: 0.0458 - mae: 0.0458 - mse: 0.0035 - 3s/epoch - 16ms/step
Epoch 43/800
161/161 - 3s - loss: 0.0479 - mae: 0.0479 - mse: 0.0039 - 3s/epoch - 16ms/step
Epoch 44/800
161/161 - 2s - loss: 0.0523 - mae: 0.0523 - mse: 0.0045 - 2s/epoch - 15ms/step
Epoch 45/800
161/161 - 2s - loss: 0.0436 - mae: 0.0436 - mse: 0.0032 - 2s/epoch - 15ms/step
Epoch 46/800
161/161 - 2s - loss: 0.0467 - mae: 0.0467 - mse: 0.0036 - 2s/epoch - 15ms/step
Epoch 47/800
161/161 - 2s - loss: 0.0442 - mae: 0.0442 - mse: 0.0032 - 2s/epoch - 15ms/step
Epoch 48/800
161/161 - 2s - loss: 0.0463 - mae: 0.0463 - mse: 0.0036 - 2s/epoch - 16ms/step
Epoch 49/800
161/161 - 3s - loss: 0.0477 - mae: 0.0477 - mse: 0.0038 - 3s/epoch - 16ms/step
Epoch 50/800
161/161 - 3s - loss: 0.0453 - mae: 0.0453 - mse: 0.0035 - 3s/epoch - 16ms/step
Epoch 51/800
161/161 - 2s - loss: 0.0417 - mae: 0.0417 - mse: 0.0030 - 2s/epoch - 15ms/step
Epoch 52/800
161/161 - 2s - loss: 0.0404 - mae: 0.0404 - mse: 0.0028 - 2s/epoch - 15ms/step
Epoch 53/800
161/161 - 2s - loss: 0.0485 - mae: 0.0485 - mse: 0.0039 - 2s/epoch - 15ms/step
Epoch 54/800
161/161 - 3s - loss: 0.0427 - mae: 0.0427 - mse: 0.0031 - 3s/epoch - 16ms/step
Epoch 55/800
161/161 - 2s - loss: 0.0421 - mae: 0.0421 - mse: 0.0030 - 2s/epoch - 14ms/step
Epoch 56/800
161/161 - 3s - loss: 0.0424 - mae: 0.0424 - mse: 0.0031 - 3s/epoch - 16ms/step
Epoch 57/800
161/161 - 3s - loss: 0.0405 - mae: 0.0405 - mse: 0.0028 - 3s/epoch - 16ms/step
Epoch 58/800
161/161 - 2s - loss: 0.0443 - mae: 0.0443 - mse: 0.0033 - 2s/epoch - 15ms/step
Epoch 59/800
161/161 - 2s - loss: 0.0463 - mae: 0.0463 - mse: 0.0036 - 2s/epoch - 14ms/step
Epoch 60/800
161/161 - 2s - loss: 0.0436 - mae: 0.0436 - mse: 0.0032 - 2s/epoch - 15ms/step
Epoch 61/800
161/161 - 3s - loss: 0.0406 - mae: 0.0406 - mse: 0.0028 - 3s/epoch - 16ms/step
Epoch 62/800
161/161 - 2s - loss: 0.0429 - mae: 0.0429 - mse: 0.0031 - 2s/epoch - 15ms/step
Epoch 63/800
161/161 - 3s - loss: 0.0396 - mae: 0.0396 - mse: 0.0027 - 3s/epoch - 16ms/step
Epoch 64/800
161/161 - 3s - loss: 0.0414 - mae: 0.0414 - mse: 0.0029 - 3s/epoch - 16ms/step
Epoch 65/800
161/161 - 2s - loss: 0.0385 - mae: 0.0385 - mse: 0.0025 - 2s/epoch - 15ms/step
Epoch 66/800
161/161 - 2s - loss: 0.0404 - mae: 0.0404 - mse: 0.0027 - 2s/epoch - 15ms/step
Epoch 67/800
161/161 - 2s - loss: 0.0392 - mae: 0.0392 - mse: 0.0026 - 2s/epoch - 15ms/step
Epoch 68/800
161/161 - 2s - loss: 0.0435 - mae: 0.0435 - mse: 0.0031 - 2s/epoch - 15ms/step
Epoch 69/800
161/161 - 3s - loss: 0.0390 - mae: 0.0390 - mse: 0.0026 - 3s/epoch - 16ms/step
Epoch 70/800
161/161 - 3s - loss: 0.0381 - mae: 0.0381 - mse: 0.0025 - 3s/epoch - 16ms/step
Epoch 71/800
161/161 - 3s - loss: 0.0380 - mae: 0.0380 - mse: 0.0024 - 3s/epoch - 16ms/step
Epoch 72/800
161/161 - 2s - loss: 0.0396 - mae: 0.0396 - mse: 0.0027 - 2s/epoch - 15ms/step
Epoch 73/800
161/161 - 2s - loss: 0.0364 - mae: 0.0364 - mse: 0.0023 - 2s/epoch - 14ms/step
Epoch 74/800
161/161 - 2s - loss: 0.0372 - mae: 0.0372 - mse: 0.0024 - 2s/epoch - 11ms/step
Epoch 75/800
161/161 - 2s - loss: 0.0369 - mae: 0.0369 - mse: 0.0023 - 2s/epoch - 11ms/step
Epoch 76/800
161/161 - 2s - loss: 0.0366 - mae: 0.0366 - mse: 0.0023 - 2s/epoch - 11ms/step
Epoch 77/800
161/161 - 2s - loss: 0.0380 - mae: 0.0380 - mse: 0.0024 - 2s/epoch - 15ms/step
Epoch 78/800
161/161 - 3s - loss: 0.0369 - mae: 0.0369 - mse: 0.0023 - 3s/epoch - 16ms/step
Epoch 79/800
161/161 - 3s - loss: 0.0363 - mae: 0.0363 - mse: 0.0022 - 3s/epoch - 16ms/step
Epoch 80/800
161/161 - 3s - loss: 0.0381 - mae: 0.0381 - mse: 0.0025 - 3s/epoch - 16ms/step
Epoch 81/800
161/161 - 3s - loss: 0.0356 - mae: 0.0356 - mse: 0.0022 - 3s/epoch - 17ms/step
Epoch 82/800
161/161 - 3s - loss: 0.0363 - mae: 0.0363 - mse: 0.0022 - 3s/epoch - 17ms/step
Epoch 83/800
161/161 - 2s - loss: 0.0360 - mae: 0.0360 - mse: 0.0022 - 2s/epoch - 13ms/step
Epoch 84/800
161/161 - 2s - loss: 0.0353 - mae: 0.0353 - mse: 0.0021 - 2s/epoch - 15ms/step
Epoch 85/800
161/161 - 3s - loss: 0.0352 - mae: 0.0352 - mse: 0.0021 - 3s/epoch - 16ms/step
Epoch 86/800
161/161 - 3s - loss: 0.0357 - mae: 0.0357 - mse: 0.0021 - 3s/epoch - 16ms/step
Epoch 87/800
161/161 - 2s - loss: 0.0356 - mae: 0.0356 - mse: 0.0021 - 2s/epoch - 15ms/step
Epoch 88/800
161/161 - 3s - loss: 0.0353 - mae: 0.0353 - mse: 0.0021 - 3s/epoch - 16ms/step
Epoch 89/800
161/161 - 3s - loss: 0.0355 - mae: 0.0355 - mse: 0.0021 - 3s/epoch - 17ms/step
Epoch 90/800
161/161 - 2s - loss: 0.0330 - mae: 0.0330 - mse: 0.0019 - 2s/epoch - 15ms/step
Epoch 91/800
161/161 - 2s - loss: 0.0328 - mae: 0.0328 - mse: 0.0018 - 2s/epoch - 13ms/step
Epoch 92/800
161/161 - 2s - loss: 0.0329 - mae: 0.0329 - mse: 0.0018 - 2s/epoch - 16ms/step
Epoch 93/800
161/161 - 2s - loss: 0.0340 - mae: 0.0340 - mse: 0.0020 - 2s/epoch - 15ms/step
Epoch 94/800
161/161 - 3s - loss: 0.0329 - mae: 0.0329 - mse: 0.0019 - 3s/epoch - 16ms/step
Epoch 95/800
161/161 - 3s - loss: 0.0337 - mae: 0.0337 - mse: 0.0019 - 3s/epoch - 16ms/step
Epoch 96/800
161/161 - 3s - loss: 0.0312 - mae: 0.0312 - mse: 0.0017 - 3s/epoch - 16ms/step
Epoch 97/800
161/161 - 3s - loss: 0.0329 - mae: 0.0329 - mse: 0.0018 - 3s/epoch - 16ms/step
Epoch 98/800
161/161 - 2s - loss: 0.0317 - mae: 0.0317 - mse: 0.0017 - 2s/epoch - 13ms/step
Epoch 99/800
161/161 - 2s - loss: 0.0315 - mae: 0.0315 - mse: 0.0017 - 2s/epoch - 13ms/step
Epoch 100/800
161/161 - 2s - loss: 0.0316 - mae: 0.0316 - mse: 0.0017 - 2s/epoch - 15ms/step
Epoch 101/800
161/161 - 3s - loss: 0.0334 - mae: 0.0334 - mse: 0.0019 - 3s/epoch - 16ms/step
Epoch 102/800
161/161 - 3s - loss: 0.0341 - mae: 0.0341 - mse: 0.0020 - 3s/epoch - 16ms/step
Epoch 103/800
161/161 - 3s - loss: 0.0320 - mae: 0.0320 - mse: 0.0017 - 3s/epoch - 16ms/step
Epoch 104/800
161/161 - 2s - loss: 0.0323 - mae: 0.0323 - mse: 0.0018 - 2s/epoch - 15ms/step
Epoch 105/800
161/161 - 2s - loss: 0.0318 - mae: 0.0318 - mse: 0.0017 - 2s/epoch - 14ms/step
Epoch 106/800
161/161 - 2s - loss: 0.0320 - mae: 0.0320 - mse: 0.0017 - 2s/epoch - 13ms/step
Epoch 107/800
161/161 - 2s - loss: 0.0314 - mae: 0.0314 - mse: 0.0017 - 2s/epoch - 12ms/step
Epoch 108/800
161/161 - 2s - loss: 0.0310 - mae: 0.0310 - mse: 0.0016 - 2s/epoch - 11ms/step
Epoch 109/800
161/161 - 2s - loss: 0.0280 - mae: 0.0280 - mse: 0.0014 - 2s/epoch - 11ms/step
Epoch 110/800
161/161 - 2s - loss: 0.0300 - mae: 0.0300 - mse: 0.0015 - 2s/epoch - 11ms/step
Epoch 111/800
161/161 - 2s - loss: 0.0332 - mae: 0.0332 - mse: 0.0019 - 2s/epoch - 11ms/step
Epoch 112/800
161/161 - 2s - loss: 0.0309 - mae: 0.0309 - mse: 0.0016 - 2s/epoch - 11ms/step
Epoch 113/800
161/161 - 2s - loss: 0.0290 - mae: 0.0290 - mse: 0.0014 - 2s/epoch - 11ms/step
Epoch 114/800
161/161 - 2s - loss: 0.0321 - mae: 0.0321 - mse: 0.0017 - 2s/epoch - 11ms/step
Epoch 115/800
161/161 - 2s - loss: 0.0333 - mae: 0.0333 - mse: 0.0018 - 2s/epoch - 11ms/step
Epoch 116/800
161/161 - 2s - loss: 0.0293 - mae: 0.0293 - mse: 0.0015 - 2s/epoch - 11ms/step
Epoch 117/800
161/161 - 2s - loss: 0.0290 - mae: 0.0290 - mse: 0.0014 - 2s/epoch - 11ms/step
Epoch 118/800
161/161 - 2s - loss: 0.0290 - mae: 0.0290 - mse: 0.0014 - 2s/epoch - 11ms/step
Epoch 119/800
161/161 - 2s - loss: 0.0278 - mae: 0.0278 - mse: 0.0013 - 2s/epoch - 11ms/step
Epoch 120/800
161/161 - 2s - loss: 0.0304 - mae: 0.0304 - mse: 0.0016 - 2s/epoch - 11ms/step
Epoch 121/800
161/161 - 2s - loss: 0.0288 - mae: 0.0288 - mse: 0.0014 - 2s/epoch - 11ms/step
Epoch 122/800
161/161 - 2s - loss: 0.0272 - mae: 0.0272 - mse: 0.0013 - 2s/epoch - 11ms/step
Epoch 123/800
161/161 - 2s - loss: 0.0286 - mae: 0.0286 - mse: 0.0014 - 2s/epoch - 11ms/step
Epoch 124/800
161/161 - 2s - loss: 0.0286 - mae: 0.0286 - mse: 0.0014 - 2s/epoch - 11ms/step
Epoch 125/800
161/161 - 2s - loss: 0.0293 - mae: 0.0293 - mse: 0.0014 - 2s/epoch - 11ms/step
Epoch 126/800
161/161 - 2s - loss: 0.0278 - mae: 0.0278 - mse: 0.0013 - 2s/epoch - 11ms/step
Epoch 127/800
161/161 - 2s - loss: 0.0291 - mae: 0.0291 - mse: 0.0014 - 2s/epoch - 11ms/step
Epoch 128/800
161/161 - 2s - loss: 0.0282 - mae: 0.0282 - mse: 0.0014 - 2s/epoch - 13ms/step
Epoch 129/800
161/161 - 2s - loss: 0.0254 - mae: 0.0254 - mse: 0.0011 - 2s/epoch - 12ms/step
Epoch 130/800
161/161 - 2s - loss: 0.0263 - mae: 0.0263 - mse: 0.0012 - 2s/epoch - 14ms/step
Epoch 131/800
161/161 - 3s - loss: 0.0279 - mae: 0.0279 - mse: 0.0013 - 3s/epoch - 16ms/step
Epoch 132/800
161/161 - 3s - loss: 0.0259 - mae: 0.0259 - mse: 0.0011 - 3s/epoch - 16ms/step
Epoch 133/800
161/161 - 3s - loss: 0.0297 - mae: 0.0297 - mse: 0.0015 - 3s/epoch - 16ms/step
Epoch 134/800
161/161 - 3s - loss: 0.0275 - mae: 0.0275 - mse: 0.0013 - 3s/epoch - 16ms/step
Epoch 135/800
161/161 - 2s - loss: 0.0261 - mae: 0.0261 - mse: 0.0012 - 2s/epoch - 15ms/step
Epoch 136/800
161/161 - 2s - loss: 0.0271 - mae: 0.0271 - mse: 0.0012 - 2s/epoch - 14ms/step
Epoch 137/800
161/161 - 2s - loss: 0.0275 - mae: 0.0275 - mse: 0.0013 - 2s/epoch - 15ms/step
Epoch 138/800
161/161 - 3s - loss: 0.0266 - mae: 0.0266 - mse: 0.0012 - 3s/epoch - 16ms/step
Epoch 139/800
161/161 - 3s - loss: 0.0269 - mae: 0.0269 - mse: 0.0012 - 3s/epoch - 16ms/step
Epoch 140/800
161/161 - 3s - loss: 0.0265 - mae: 0.0265 - mse: 0.0012 - 3s/epoch - 17ms/step
Epoch 141/800
161/161 - 3s - loss: 0.0261 - mae: 0.0261 - mse: 0.0012 - 3s/epoch - 16ms/step
Epoch 142/800
161/161 - 2s - loss: 0.0249 - mae: 0.0249 - mse: 0.0011 - 2s/epoch - 14ms/step
Epoch 143/800
161/161 - 2s - loss: 0.0265 - mae: 0.0265 - mse: 0.0012 - 2s/epoch - 13ms/step
Epoch 144/800
161/161 - 2s - loss: 0.0260 - mae: 0.0260 - mse: 0.0011 - 2s/epoch - 12ms/step
Epoch 145/800
161/161 - 2s - loss: 0.0257 - mae: 0.0257 - mse: 0.0011 - 2s/epoch - 11ms/step
Epoch 146/800
161/161 - 2s - loss: 0.0239 - mae: 0.0239 - mse: 9.7652e-04 - 2s/epoch - 11ms/step
Epoch 147/800
161/161 - 2s - loss: 0.0266 - mae: 0.0266 - mse: 0.0012 - 2s/epoch - 11ms/step
Epoch 148/800
161/161 - 2s - loss: 0.0253 - mae: 0.0253 - mse: 0.0011 - 2s/epoch - 11ms/step
Epoch 149/800
161/161 - 2s - loss: 0.0244 - mae: 0.0244 - mse: 0.0010 - 2s/epoch - 11ms/step
Epoch 150/800
161/161 - 2s - loss: 0.0256 - mae: 0.0256 - mse: 0.0011 - 2s/epoch - 11ms/step
Epoch 151/800
161/161 - 2s - loss: 0.0261 - mae: 0.0261 - mse: 0.0011 - 2s/epoch - 11ms/step
Epoch 152/800
161/161 - 2s - loss: 0.0241 - mae: 0.0241 - mse: 0.0010 - 2s/epoch - 11ms/step
Epoch 153/800
161/161 - 2s - loss: 0.0259 - mae: 0.0259 - mse: 0.0011 - 2s/epoch - 11ms/step
Epoch 154/800
161/161 - 2s - loss: 0.0258 - mae: 0.0258 - mse: 0.0011 - 2s/epoch - 11ms/step
Epoch 155/800
161/161 - 2s - loss: 0.0253 - mae: 0.0253 - mse: 0.0011 - 2s/epoch - 11ms/step
Epoch 156/800
161/161 - 2s - loss: 0.0257 - mae: 0.0257 - mse: 0.0011 - 2s/epoch - 11ms/step
Epoch 157/800
161/161 - 2s - loss: 0.0246 - mae: 0.0246 - mse: 0.0010 - 2s/epoch - 11ms/step
Epoch 158/800
161/161 - 2s - loss: 0.0258 - mae: 0.0258 - mse: 0.0011 - 2s/epoch - 11ms/step
Epoch 159/800
161/161 - 2s - loss: 0.0236 - mae: 0.0236 - mse: 9.6283e-04 - 2s/epoch - 11ms/step
Epoch 160/800
161/161 - 2s - loss: 0.0246 - mae: 0.0246 - mse: 0.0010 - 2s/epoch - 11ms/step
Epoch 161/800
161/161 - 2s - loss: 0.0238 - mae: 0.0238 - mse: 9.4534e-04 - 2s/epoch - 11ms/step
Epoch 162/800
161/161 - 2s - loss: 0.0227 - mae: 0.0227 - mse: 8.7564e-04 - 2s/epoch - 11ms/step
Epoch 163/800
161/161 - 2s - loss: 0.0250 - mae: 0.0250 - mse: 0.0010 - 2s/epoch - 11ms/step
Epoch 164/800
161/161 - 2s - loss: 0.0235 - mae: 0.0235 - mse: 9.3874e-04 - 2s/epoch - 11ms/step
Epoch 165/800
161/161 - 2s - loss: 0.0230 - mae: 0.0230 - mse: 9.1028e-04 - 2s/epoch - 11ms/step
Epoch 166/800
161/161 - 2s - loss: 0.0224 - mae: 0.0224 - mse: 8.4689e-04 - 2s/epoch - 11ms/step
Epoch 167/800
161/161 - 2s - loss: 0.0252 - mae: 0.0252 - mse: 0.0011 - 2s/epoch - 11ms/step
Epoch 168/800
161/161 - 2s - loss: 0.0228 - mae: 0.0228 - mse: 8.8963e-04 - 2s/epoch - 11ms/step
Epoch 169/800
161/161 - 2s - loss: 0.0220 - mae: 0.0220 - mse: 8.2596e-04 - 2s/epoch - 11ms/step
Epoch 170/800
161/161 - 2s - loss: 0.0261 - mae: 0.0261 - mse: 0.0011 - 2s/epoch - 11ms/step
Epoch 171/800
161/161 - 2s - loss: 0.0246 - mae: 0.0246 - mse: 0.0010 - 2s/epoch - 11ms/step
Epoch 172/800
161/161 - 2s - loss: 0.0226 - mae: 0.0226 - mse: 8.6552e-04 - 2s/epoch - 11ms/step
Epoch 173/800
161/161 - 2s - loss: 0.0228 - mae: 0.0228 - mse: 8.8070e-04 - 2s/epoch - 11ms/step
Epoch 174/800
161/161 - 2s - loss: 0.0228 - mae: 0.0228 - mse: 8.7599e-04 - 2s/epoch - 11ms/step
Epoch 175/800
161/161 - 2s - loss: 0.0217 - mae: 0.0217 - mse: 7.8711e-04 - 2s/epoch - 11ms/step
Epoch 176/800
161/161 - 2s - loss: 0.0216 - mae: 0.0216 - mse: 7.9171e-04 - 2s/epoch - 11ms/step
Epoch 177/800
161/161 - 2s - loss: 0.0234 - mae: 0.0234 - mse: 9.2432e-04 - 2s/epoch - 11ms/step
Epoch 178/800
161/161 - 2s - loss: 0.0213 - mae: 0.0213 - mse: 7.5820e-04 - 2s/epoch - 11ms/step
Epoch 179/800
161/161 - 2s - loss: 0.0206 - mae: 0.0206 - mse: 7.2367e-04 - 2s/epoch - 11ms/step
Epoch 180/800
161/161 - 2s - loss: 0.0228 - mae: 0.0228 - mse: 8.5910e-04 - 2s/epoch - 11ms/step
Epoch 181/800
161/161 - 2s - loss: 0.0205 - mae: 0.0205 - mse: 7.0756e-04 - 2s/epoch - 11ms/step
Epoch 182/800
161/161 - 2s - loss: 0.0203 - mae: 0.0203 - mse: 7.0854e-04 - 2s/epoch - 11ms/step
Epoch 183/800
161/161 - 2s - loss: 0.0203 - mae: 0.0203 - mse: 6.9805e-04 - 2s/epoch - 11ms/step
Epoch 184/800
161/161 - 2s - loss: 0.0233 - mae: 0.0233 - mse: 9.1194e-04 - 2s/epoch - 11ms/step
Epoch 185/800
161/161 - 2s - loss: 0.0215 - mae: 0.0215 - mse: 7.8824e-04 - 2s/epoch - 11ms/step
Epoch 186/800
161/161 - 2s - loss: 0.0203 - mae: 0.0203 - mse: 6.9460e-04 - 2s/epoch - 11ms/step
Epoch 187/800
161/161 - 2s - loss: 0.0209 - mae: 0.0209 - mse: 7.2712e-04 - 2s/epoch - 11ms/step
Epoch 188/800
161/161 - 2s - loss: 0.0221 - mae: 0.0221 - mse: 8.0995e-04 - 2s/epoch - 11ms/step
Epoch 189/800
161/161 - 2s - loss: 0.0229 - mae: 0.0229 - mse: 8.7151e-04 - 2s/epoch - 11ms/step
Epoch 190/800
161/161 - 2s - loss: 0.0197 - mae: 0.0197 - mse: 6.5698e-04 - 2s/epoch - 11ms/step
Epoch 191/800
161/161 - 2s - loss: 0.0199 - mae: 0.0199 - mse: 6.7654e-04 - 2s/epoch - 11ms/step
Epoch 192/800
161/161 - 2s - loss: 0.0201 - mae: 0.0201 - mse: 6.8823e-04 - 2s/epoch - 11ms/step
Epoch 193/800
161/161 - 2s - loss: 0.0201 - mae: 0.0201 - mse: 6.8671e-04 - 2s/epoch - 11ms/step
Epoch 194/800
161/161 - 2s - loss: 0.0204 - mae: 0.0204 - mse: 7.0088e-04 - 2s/epoch - 11ms/step
Epoch 195/800
161/161 - 2s - loss: 0.0211 - mae: 0.0211 - mse: 7.6143e-04 - 2s/epoch - 12ms/step
Epoch 196/800
161/161 - 2s - loss: 0.0210 - mae: 0.0210 - mse: 7.4546e-04 - 2s/epoch - 12ms/step
Epoch 197/800
161/161 - 2s - loss: 0.0195 - mae: 0.0195 - mse: 6.4862e-04 - 2s/epoch - 12ms/step
Epoch 198/800
161/161 - 2s - loss: 0.0205 - mae: 0.0205 - mse: 7.0390e-04 - 2s/epoch - 11ms/step
Epoch 199/800
161/161 - 2s - loss: 0.0208 - mae: 0.0208 - mse: 7.2483e-04 - 2s/epoch - 11ms/step
Epoch 200/800
161/161 - 2s - loss: 0.0196 - mae: 0.0196 - mse: 6.3936e-04 - 2s/epoch - 11ms/step
Epoch 201/800
161/161 - 2s - loss: 0.0208 - mae: 0.0208 - mse: 7.1386e-04 - 2s/epoch - 11ms/step
Epoch 202/800
161/161 - 2s - loss: 0.0209 - mae: 0.0209 - mse: 7.2678e-04 - 2s/epoch - 11ms/step
Epoch 203/800
161/161 - 2s - loss: 0.0192 - mae: 0.0192 - mse: 6.2882e-04 - 2s/epoch - 11ms/step
Epoch 204/800
161/161 - 2s - loss: 0.0217 - mae: 0.0217 - mse: 7.8670e-04 - 2s/epoch - 11ms/step
Epoch 205/800
161/161 - 2s - loss: 0.0184 - mae: 0.0184 - mse: 5.7306e-04 - 2s/epoch - 11ms/step
Epoch 206/800
161/161 - 2s - loss: 0.0199 - mae: 0.0199 - mse: 6.5144e-04 - 2s/epoch - 11ms/step
Epoch 207/800
161/161 - 2s - loss: 0.0212 - mae: 0.0212 - mse: 7.4476e-04 - 2s/epoch - 11ms/step
Epoch 208/800
161/161 - 2s - loss: 0.0188 - mae: 0.0188 - mse: 5.9564e-04 - 2s/epoch - 11ms/step
Epoch 209/800
161/161 - 2s - loss: 0.0195 - mae: 0.0195 - mse: 6.4253e-04 - 2s/epoch - 11ms/step
Epoch 210/800
161/161 - 2s - loss: 0.0196 - mae: 0.0196 - mse: 6.6265e-04 - 2s/epoch - 11ms/step
Epoch 211/800
161/161 - 2s - loss: 0.0187 - mae: 0.0187 - mse: 5.9068e-04 - 2s/epoch - 11ms/step
Epoch 212/800
161/161 - 2s - loss: 0.0218 - mae: 0.0218 - mse: 7.8093e-04 - 2s/epoch - 11ms/step
Epoch 213/800
161/161 - 2s - loss: 0.0184 - mae: 0.0184 - mse: 5.6765e-04 - 2s/epoch - 11ms/step
Epoch 214/800
161/161 - 2s - loss: 0.0178 - mae: 0.0178 - mse: 5.3031e-04 - 2s/epoch - 11ms/step
Epoch 215/800
161/161 - 2s - loss: 0.0179 - mae: 0.0179 - mse: 5.4591e-04 - 2s/epoch - 11ms/step
Epoch 216/800
161/161 - 2s - loss: 0.0198 - mae: 0.0198 - mse: 6.5588e-04 - 2s/epoch - 11ms/step
Epoch 217/800
161/161 - 2s - loss: 0.0190 - mae: 0.0190 - mse: 6.0656e-04 - 2s/epoch - 11ms/step
Epoch 218/800
161/161 - 2s - loss: 0.0182 - mae: 0.0182 - mse: 5.6391e-04 - 2s/epoch - 11ms/step
Epoch 219/800
161/161 - 2s - loss: 0.0187 - mae: 0.0187 - mse: 5.8998e-04 - 2s/epoch - 11ms/step
Epoch 220/800
161/161 - 2s - loss: 0.0192 - mae: 0.0192 - mse: 6.2167e-04 - 2s/epoch - 11ms/step
Epoch 221/800
161/161 - 2s - loss: 0.0174 - mae: 0.0174 - mse: 5.0616e-04 - 2s/epoch - 11ms/step
Epoch 222/800
161/161 - 2s - loss: 0.0180 - mae: 0.0180 - mse: 5.4869e-04 - 2s/epoch - 11ms/step
Epoch 223/800
161/161 - 2s - loss: 0.0170 - mae: 0.0170 - mse: 5.0473e-04 - 2s/epoch - 11ms/step
Epoch 224/800
161/161 - 2s - loss: 0.0180 - mae: 0.0180 - mse: 5.4369e-04 - 2s/epoch - 11ms/step
Epoch 225/800
161/161 - 2s - loss: 0.0190 - mae: 0.0190 - mse: 6.1141e-04 - 2s/epoch - 11ms/step
Epoch 226/800
161/161 - 2s - loss: 0.0182 - mae: 0.0182 - mse: 5.6230e-04 - 2s/epoch - 11ms/step
Epoch 227/800
161/161 - 2s - loss: 0.0183 - mae: 0.0183 - mse: 5.6921e-04 - 2s/epoch - 11ms/step
Epoch 228/800
161/161 - 2s - loss: 0.0172 - mae: 0.0172 - mse: 4.9681e-04 - 2s/epoch - 11ms/step
Epoch 229/800
161/161 - 2s - loss: 0.0178 - mae: 0.0178 - mse: 5.3459e-04 - 2s/epoch - 11ms/step
Epoch 230/800
161/161 - 2s - loss: 0.0179 - mae: 0.0179 - mse: 5.2736e-04 - 2s/epoch - 11ms/step
Epoch 231/800
161/161 - 2s - loss: 0.0191 - mae: 0.0191 - mse: 6.0314e-04 - 2s/epoch - 11ms/step
Epoch 232/800
161/161 - 2s - loss: 0.0186 - mae: 0.0186 - mse: 5.7188e-04 - 2s/epoch - 11ms/step
Epoch 233/800
161/161 - 2s - loss: 0.0188 - mae: 0.0188 - mse: 5.9093e-04 - 2s/epoch - 11ms/step
Epoch 234/800
161/161 - 2s - loss: 0.0179 - mae: 0.0179 - mse: 5.2900e-04 - 2s/epoch - 11ms/step
Epoch 235/800
161/161 - 2s - loss: 0.0168 - mae: 0.0168 - mse: 4.7839e-04 - 2s/epoch - 11ms/step
Epoch 236/800
161/161 - 2s - loss: 0.0170 - mae: 0.0170 - mse: 4.8325e-04 - 2s/epoch - 11ms/step
Epoch 237/800
161/161 - 2s - loss: 0.0160 - mae: 0.0160 - mse: 4.3009e-04 - 2s/epoch - 11ms/step
Epoch 238/800
161/161 - 2s - loss: 0.0182 - mae: 0.0182 - mse: 5.5850e-04 - 2s/epoch - 11ms/step
Epoch 239/800
161/161 - 2s - loss: 0.0168 - mae: 0.0168 - mse: 4.7999e-04 - 2s/epoch - 11ms/step
Epoch 240/800
161/161 - 2s - loss: 0.0171 - mae: 0.0171 - mse: 4.8756e-04 - 2s/epoch - 11ms/step
Epoch 241/800
161/161 - 2s - loss: 0.0165 - mae: 0.0165 - mse: 4.6760e-04 - 2s/epoch - 11ms/step
Epoch 242/800
161/161 - 2s - loss: 0.0183 - mae: 0.0183 - mse: 5.5998e-04 - 2s/epoch - 11ms/step
Epoch 243/800
161/161 - 2s - loss: 0.0169 - mae: 0.0169 - mse: 4.7764e-04 - 2s/epoch - 11ms/step
Epoch 244/800
161/161 - 2s - loss: 0.0176 - mae: 0.0176 - mse: 5.1508e-04 - 2s/epoch - 11ms/step
Epoch 245/800
161/161 - 2s - loss: 0.0171 - mae: 0.0171 - mse: 4.8283e-04 - 2s/epoch - 11ms/step
Epoch 246/800
161/161 - 2s - loss: 0.0175 - mae: 0.0175 - mse: 5.0517e-04 - 2s/epoch - 11ms/step
Epoch 247/800
161/161 - 2s - loss: 0.0163 - mae: 0.0163 - mse: 4.4631e-04 - 2s/epoch - 11ms/step
Epoch 248/800
161/161 - 2s - loss: 0.0169 - mae: 0.0169 - mse: 4.8936e-04 - 2s/epoch - 11ms/step
Epoch 249/800
161/161 - 2s - loss: 0.0169 - mae: 0.0169 - mse: 4.8468e-04 - 2s/epoch - 11ms/step
Epoch 250/800
161/161 - 2s - loss: 0.0164 - mae: 0.0164 - mse: 4.4454e-04 - 2s/epoch - 11ms/step
Epoch 251/800
161/161 - 2s - loss: 0.0165 - mae: 0.0165 - mse: 4.6099e-04 - 2s/epoch - 11ms/step
Epoch 252/800
161/161 - 2s - loss: 0.0168 - mae: 0.0168 - mse: 4.6513e-04 - 2s/epoch - 11ms/step
Epoch 253/800
161/161 - 2s - loss: 0.0171 - mae: 0.0171 - mse: 4.8513e-04 - 2s/epoch - 11ms/step
Epoch 254/800
161/161 - 2s - loss: 0.0169 - mae: 0.0169 - mse: 4.7715e-04 - 2s/epoch - 11ms/step
Epoch 255/800
161/161 - 2s - loss: 0.0155 - mae: 0.0155 - mse: 4.0601e-04 - 2s/epoch - 11ms/step
Epoch 256/800
161/161 - 2s - loss: 0.0162 - mae: 0.0162 - mse: 4.4261e-04 - 2s/epoch - 11ms/step
Epoch 257/800
161/161 - 2s - loss: 0.0160 - mae: 0.0160 - mse: 4.2684e-04 - 2s/epoch - 11ms/step
Epoch 258/800
161/161 - 2s - loss: 0.0155 - mae: 0.0155 - mse: 4.0191e-04 - 2s/epoch - 11ms/step
Epoch 259/800
161/161 - 2s - loss: 0.0165 - mae: 0.0165 - mse: 4.4466e-04 - 2s/epoch - 11ms/step
Epoch 260/800
161/161 - 2s - loss: 0.0161 - mae: 0.0161 - mse: 4.3026e-04 - 2s/epoch - 11ms/step
Epoch 261/800
161/161 - 2s - loss: 0.0161 - mae: 0.0161 - mse: 4.4054e-04 - 2s/epoch - 11ms/step
Epoch 262/800
161/161 - 2s - loss: 0.0153 - mae: 0.0153 - mse: 4.0057e-04 - 2s/epoch - 11ms/step
Epoch 263/800
161/161 - 2s - loss: 0.0158 - mae: 0.0158 - mse: 4.1937e-04 - 2s/epoch - 11ms/step
Epoch 264/800
161/161 - 2s - loss: 0.0157 - mae: 0.0157 - mse: 4.1555e-04 - 2s/epoch - 11ms/step
Epoch 265/800
161/161 - 2s - loss: 0.0154 - mae: 0.0154 - mse: 3.9989e-04 - 2s/epoch - 11ms/step
Epoch 266/800
161/161 - 2s - loss: 0.0166 - mae: 0.0166 - mse: 4.6204e-04 - 2s/epoch - 11ms/step
Epoch 267/800
161/161 - 2s - loss: 0.0154 - mae: 0.0154 - mse: 3.9622e-04 - 2s/epoch - 11ms/step
Epoch 268/800
161/161 - 2s - loss: 0.0152 - mae: 0.0152 - mse: 3.8848e-04 - 2s/epoch - 11ms/step
Epoch 269/800
161/161 - 2s - loss: 0.0146 - mae: 0.0146 - mse: 3.5864e-04 - 2s/epoch - 11ms/step
Epoch 270/800
161/161 - 2s - loss: 0.0144 - mae: 0.0144 - mse: 3.4450e-04 - 2s/epoch - 11ms/step
Epoch 271/800
161/161 - 2s - loss: 0.0153 - mae: 0.0153 - mse: 3.8905e-04 - 2s/epoch - 11ms/step
Epoch 272/800
161/161 - 2s - loss: 0.0153 - mae: 0.0153 - mse: 3.9002e-04 - 2s/epoch - 11ms/step
Epoch 273/800
161/161 - 2s - loss: 0.0149 - mae: 0.0149 - mse: 3.7229e-04 - 2s/epoch - 11ms/step
Epoch 274/800
161/161 - 2s - loss: 0.0152 - mae: 0.0152 - mse: 3.8608e-04 - 2s/epoch - 11ms/step
Epoch 275/800
161/161 - 2s - loss: 0.0154 - mae: 0.0154 - mse: 4.0405e-04 - 2s/epoch - 11ms/step
Epoch 276/800
161/161 - 2s - loss: 0.0157 - mae: 0.0157 - mse: 4.0867e-04 - 2s/epoch - 11ms/step
Epoch 277/800
161/161 - 2s - loss: 0.0163 - mae: 0.0163 - mse: 4.3712e-04 - 2s/epoch - 11ms/step
Epoch 278/800
161/161 - 2s - loss: 0.0141 - mae: 0.0141 - mse: 3.3539e-04 - 2s/epoch - 11ms/step
Epoch 279/800
161/161 - 2s - loss: 0.0155 - mae: 0.0155 - mse: 4.0264e-04 - 2s/epoch - 11ms/step
Epoch 280/800
161/161 - 2s - loss: 0.0148 - mae: 0.0148 - mse: 3.7251e-04 - 2s/epoch - 11ms/step
Epoch 281/800
161/161 - 2s - loss: 0.0138 - mae: 0.0138 - mse: 3.1726e-04 - 2s/epoch - 11ms/step
Epoch 282/800
161/161 - 2s - loss: 0.0154 - mae: 0.0154 - mse: 3.9822e-04 - 2s/epoch - 11ms/step
Epoch 283/800
161/161 - 2s - loss: 0.0157 - mae: 0.0157 - mse: 4.0989e-04 - 2s/epoch - 11ms/step
Epoch 284/800
161/161 - 2s - loss: 0.0139 - mae: 0.0139 - mse: 3.1863e-04 - 2s/epoch - 11ms/step
Epoch 285/800
161/161 - 2s - loss: 0.0149 - mae: 0.0149 - mse: 3.6347e-04 - 2s/epoch - 11ms/step
Epoch 286/800
161/161 - 2s - loss: 0.0148 - mae: 0.0148 - mse: 3.7016e-04 - 2s/epoch - 11ms/step
Epoch 287/800
161/161 - 2s - loss: 0.0139 - mae: 0.0139 - mse: 3.2412e-04 - 2s/epoch - 11ms/step
Epoch 288/800
161/161 - 2s - loss: 0.0146 - mae: 0.0146 - mse: 3.5474e-04 - 2s/epoch - 11ms/step
Epoch 289/800
161/161 - 2s - loss: 0.0142 - mae: 0.0142 - mse: 3.3823e-04 - 2s/epoch - 12ms/step
Epoch 290/800
161/161 - 2s - loss: 0.0137 - mae: 0.0137 - mse: 3.1067e-04 - 2s/epoch - 11ms/step
Epoch 291/800
161/161 - 2s - loss: 0.0148 - mae: 0.0148 - mse: 3.6552e-04 - 2s/epoch - 11ms/step
Epoch 292/800
161/161 - 2s - loss: 0.0142 - mae: 0.0142 - mse: 3.3964e-04 - 2s/epoch - 11ms/step
Epoch 293/800
161/161 - 2s - loss: 0.0142 - mae: 0.0142 - mse: 3.3858e-04 - 2s/epoch - 11ms/step
Epoch 294/800
161/161 - 2s - loss: 0.0142 - mae: 0.0142 - mse: 3.4227e-04 - 2s/epoch - 11ms/step
Epoch 295/800
161/161 - 2s - loss: 0.0146 - mae: 0.0146 - mse: 3.5383e-04 - 2s/epoch - 11ms/step
Epoch 296/800
161/161 - 2s - loss: 0.0133 - mae: 0.0133 - mse: 3.0116e-04 - 2s/epoch - 11ms/step
Epoch 297/800
161/161 - 2s - loss: 0.0135 - mae: 0.0135 - mse: 3.0824e-04 - 2s/epoch - 11ms/step
Epoch 298/800
161/161 - 2s - loss: 0.0140 - mae: 0.0140 - mse: 3.3028e-04 - 2s/epoch - 11ms/step
Epoch 299/800
161/161 - 2s - loss: 0.0134 - mae: 0.0134 - mse: 3.0375e-04 - 2s/epoch - 11ms/step
Epoch 300/800
161/161 - 2s - loss: 0.0137 - mae: 0.0137 - mse: 3.1230e-04 - 2s/epoch - 11ms/step
Epoch 301/800
161/161 - 2s - loss: 0.0130 - mae: 0.0130 - mse: 2.8411e-04 - 2s/epoch - 11ms/step
Epoch 302/800
161/161 - 2s - loss: 0.0141 - mae: 0.0141 - mse: 3.2840e-04 - 2s/epoch - 11ms/step
Epoch 303/800
161/161 - 2s - loss: 0.0142 - mae: 0.0142 - mse: 3.3074e-04 - 2s/epoch - 11ms/step
Epoch 304/800
161/161 - 2s - loss: 0.0132 - mae: 0.0132 - mse: 2.8732e-04 - 2s/epoch - 11ms/step
Epoch 305/800
161/161 - 2s - loss: 0.0143 - mae: 0.0143 - mse: 3.3581e-04 - 2s/epoch - 11ms/step
Epoch 306/800
161/161 - 2s - loss: 0.0130 - mae: 0.0130 - mse: 2.8140e-04 - 2s/epoch - 11ms/step
Epoch 307/800
161/161 - 2s - loss: 0.0130 - mae: 0.0130 - mse: 2.9109e-04 - 2s/epoch - 11ms/step
Epoch 308/800
161/161 - 2s - loss: 0.0130 - mae: 0.0130 - mse: 2.8707e-04 - 2s/epoch - 11ms/step
Epoch 309/800
161/161 - 2s - loss: 0.0130 - mae: 0.0130 - mse: 2.8409e-04 - 2s/epoch - 11ms/step
Epoch 310/800
161/161 - 2s - loss: 0.0137 - mae: 0.0137 - mse: 3.0952e-04 - 2s/epoch - 11ms/step
Epoch 311/800
161/161 - 2s - loss: 0.0134 - mae: 0.0134 - mse: 2.9931e-04 - 2s/epoch - 11ms/step
Epoch 312/800
161/161 - 2s - loss: 0.0131 - mae: 0.0131 - mse: 2.8871e-04 - 2s/epoch - 11ms/step
Epoch 313/800
161/161 - 2s - loss: 0.0125 - mae: 0.0125 - mse: 2.6618e-04 - 2s/epoch - 11ms/step
Epoch 314/800
161/161 - 2s - loss: 0.0134 - mae: 0.0134 - mse: 3.0255e-04 - 2s/epoch - 13ms/step
Epoch 315/800
161/161 - 2s - loss: 0.0137 - mae: 0.0137 - mse: 3.1514e-04 - 2s/epoch - 12ms/step
Epoch 316/800
161/161 - 2s - loss: 0.0137 - mae: 0.0137 - mse: 3.1208e-04 - 2s/epoch - 13ms/step
Epoch 317/800
161/161 - 2s - loss: 0.0125 - mae: 0.0125 - mse: 2.6015e-04 - 2s/epoch - 11ms/step
Epoch 318/800
161/161 - 2s - loss: 0.0144 - mae: 0.0144 - mse: 3.4506e-04 - 2s/epoch - 14ms/step
Epoch 319/800
161/161 - 2s - loss: 0.0130 - mae: 0.0130 - mse: 2.8162e-04 - 2s/epoch - 13ms/step
Epoch 320/800
161/161 - 2s - loss: 0.0134 - mae: 0.0134 - mse: 3.0430e-04 - 2s/epoch - 12ms/step
Epoch 321/800
161/161 - 2s - loss: 0.0137 - mae: 0.0137 - mse: 3.1339e-04 - 2s/epoch - 11ms/step
Epoch 322/800
161/161 - 2s - loss: 0.0130 - mae: 0.0130 - mse: 2.8476e-04 - 2s/epoch - 11ms/step
Epoch 323/800
161/161 - 2s - loss: 0.0118 - mae: 0.0118 - mse: 2.3751e-04 - 2s/epoch - 11ms/step
Epoch 324/800
161/161 - 2s - loss: 0.0129 - mae: 0.0129 - mse: 2.7986e-04 - 2s/epoch - 12ms/step
Epoch 325/800
161/161 - 2s - loss: 0.0136 - mae: 0.0136 - mse: 3.1241e-04 - 2s/epoch - 12ms/step
Epoch 326/800
161/161 - 2s - loss: 0.0129 - mae: 0.0129 - mse: 2.8243e-04 - 2s/epoch - 11ms/step
Epoch 327/800
161/161 - 2s - loss: 0.0130 - mae: 0.0130 - mse: 2.8022e-04 - 2s/epoch - 11ms/step
Epoch 328/800
161/161 - 2s - loss: 0.0130 - mae: 0.0130 - mse: 2.8057e-04 - 2s/epoch - 11ms/step
Epoch 329/800
161/161 - 2s - loss: 0.0138 - mae: 0.0138 - mse: 3.1653e-04 - 2s/epoch - 11ms/step
Epoch 330/800
161/161 - 2s - loss: 0.0117 - mae: 0.0117 - mse: 2.3705e-04 - 2s/epoch - 11ms/step
Epoch 331/800
161/161 - 2s - loss: 0.0119 - mae: 0.0119 - mse: 2.3903e-04 - 2s/epoch - 11ms/step
Epoch 332/800
161/161 - 2s - loss: 0.0117 - mae: 0.0117 - mse: 2.3603e-04 - 2s/epoch - 11ms/step
Epoch 333/800
161/161 - 2s - loss: 0.0128 - mae: 0.0128 - mse: 2.7560e-04 - 2s/epoch - 11ms/step
Epoch 334/800
161/161 - 2s - loss: 0.0127 - mae: 0.0127 - mse: 2.6978e-04 - 2s/epoch - 11ms/step
Epoch 335/800
161/161 - 2s - loss: 0.0117 - mae: 0.0117 - mse: 2.3320e-04 - 2s/epoch - 11ms/step
Epoch 336/800
161/161 - 2s - loss: 0.0130 - mae: 0.0130 - mse: 2.7416e-04 - 2s/epoch - 11ms/step
Epoch 337/800
161/161 - 2s - loss: 0.0127 - mae: 0.0127 - mse: 2.7163e-04 - 2s/epoch - 11ms/step
Epoch 338/800
161/161 - 2s - loss: 0.0122 - mae: 0.0122 - mse: 2.5486e-04 - 2s/epoch - 11ms/step
Epoch 339/800
161/161 - 2s - loss: 0.0125 - mae: 0.0125 - mse: 2.6100e-04 - 2s/epoch - 11ms/step
Epoch 340/800
161/161 - 2s - loss: 0.0120 - mae: 0.0120 - mse: 2.3961e-04 - 2s/epoch - 11ms/step
Epoch 341/800
161/161 - 2s - loss: 0.0120 - mae: 0.0120 - mse: 2.4145e-04 - 2s/epoch - 11ms/step
Epoch 342/800
161/161 - 2s - loss: 0.0128 - mae: 0.0128 - mse: 2.7626e-04 - 2s/epoch - 11ms/step
Epoch 343/800
161/161 - 2s - loss: 0.0123 - mae: 0.0123 - mse: 2.5269e-04 - 2s/epoch - 11ms/step
Epoch 344/800
161/161 - 2s - loss: 0.0119 - mae: 0.0119 - mse: 2.3930e-04 - 2s/epoch - 11ms/step
Epoch 345/800
161/161 - 2s - loss: 0.0115 - mae: 0.0115 - mse: 2.2624e-04 - 2s/epoch - 11ms/step
Epoch 346/800
161/161 - 2s - loss: 0.0120 - mae: 0.0120 - mse: 2.4530e-04 - 2s/epoch - 11ms/step
Epoch 347/800
161/161 - 2s - loss: 0.0123 - mae: 0.0123 - mse: 2.4904e-04 - 2s/epoch - 11ms/step
Epoch 348/800
161/161 - 2s - loss: 0.0130 - mae: 0.0130 - mse: 2.7619e-04 - 2s/epoch - 11ms/step
Epoch 349/800
161/161 - 2s - loss: 0.0111 - mae: 0.0111 - mse: 2.0871e-04 - 2s/epoch - 12ms/step
Epoch 350/800
161/161 - 2s - loss: 0.0125 - mae: 0.0125 - mse: 2.5887e-04 - 2s/epoch - 11ms/step
Epoch 351/800
161/161 - 2s - loss: 0.0117 - mae: 0.0117 - mse: 2.2726e-04 - 2s/epoch - 11ms/step
Epoch 352/800
161/161 - 2s - loss: 0.0119 - mae: 0.0119 - mse: 2.3859e-04 - 2s/epoch - 11ms/step
Epoch 353/800
161/161 - 2s - loss: 0.0112 - mae: 0.0112 - mse: 2.1212e-04 - 2s/epoch - 11ms/step
Epoch 354/800
161/161 - 2s - loss: 0.0110 - mae: 0.0110 - mse: 2.0538e-04 - 2s/epoch - 11ms/step
Epoch 355/800
161/161 - 2s - loss: 0.0126 - mae: 0.0126 - mse: 2.6167e-04 - 2s/epoch - 11ms/step
Epoch 356/800
161/161 - 2s - loss: 0.0113 - mae: 0.0113 - mse: 2.1696e-04 - 2s/epoch - 11ms/step
Epoch 357/800
161/161 - 2s - loss: 0.0118 - mae: 0.0118 - mse: 2.3356e-04 - 2s/epoch - 11ms/step
Epoch 358/800
161/161 - 2s - loss: 0.0112 - mae: 0.0112 - mse: 2.1423e-04 - 2s/epoch - 11ms/step
Epoch 359/800
161/161 - 2s - loss: 0.0117 - mae: 0.0117 - mse: 2.3059e-04 - 2s/epoch - 11ms/step
Epoch 360/800
161/161 - 2s - loss: 0.0114 - mae: 0.0114 - mse: 2.1480e-04 - 2s/epoch - 11ms/step
Epoch 361/800
161/161 - 2s - loss: 0.0116 - mae: 0.0116 - mse: 2.1932e-04 - 2s/epoch - 11ms/step
Epoch 362/800
161/161 - 2s - loss: 0.0123 - mae: 0.0123 - mse: 2.5228e-04 - 2s/epoch - 11ms/step
Epoch 363/800
161/161 - 2s - loss: 0.0116 - mae: 0.0116 - mse: 2.2099e-04 - 2s/epoch - 11ms/step
Epoch 364/800
161/161 - 2s - loss: 0.0104 - mae: 0.0104 - mse: 1.8133e-04 - 2s/epoch - 11ms/step
Epoch 365/800
161/161 - 2s - loss: 0.0115 - mae: 0.0115 - mse: 2.1950e-04 - 2s/epoch - 11ms/step
Epoch 366/800
161/161 - 2s - loss: 0.0124 - mae: 0.0124 - mse: 2.5928e-04 - 2s/epoch - 11ms/step
Epoch 367/800
161/161 - 2s - loss: 0.0109 - mae: 0.0109 - mse: 2.0099e-04 - 2s/epoch - 11ms/step
Epoch 368/800
161/161 - 2s - loss: 0.0110 - mae: 0.0110 - mse: 2.0523e-04 - 2s/epoch - 11ms/step
Epoch 369/800
161/161 - 2s - loss: 0.0110 - mae: 0.0110 - mse: 2.0267e-04 - 2s/epoch - 11ms/step
Epoch 370/800
161/161 - 2s - loss: 0.0116 - mae: 0.0116 - mse: 2.2331e-04 - 2s/epoch - 11ms/step
Epoch 371/800
161/161 - 2s - loss: 0.0106 - mae: 0.0106 - mse: 1.9020e-04 - 2s/epoch - 11ms/step
Epoch 372/800
161/161 - 2s - loss: 0.0108 - mae: 0.0108 - mse: 1.9282e-04 - 2s/epoch - 11ms/step
Epoch 373/800
161/161 - 2s - loss: 0.0118 - mae: 0.0118 - mse: 2.2880e-04 - 2s/epoch - 11ms/step
Epoch 374/800
161/161 - 2s - loss: 0.0113 - mae: 0.0113 - mse: 2.1456e-04 - 2s/epoch - 11ms/step
Epoch 375/800
161/161 - 2s - loss: 0.0116 - mae: 0.0116 - mse: 2.2189e-04 - 2s/epoch - 11ms/step
Epoch 376/800
161/161 - 2s - loss: 0.0113 - mae: 0.0113 - mse: 2.1722e-04 - 2s/epoch - 11ms/step
Epoch 377/800
161/161 - 2s - loss: 0.0102 - mae: 0.0102 - mse: 1.7350e-04 - 2s/epoch - 11ms/step
Epoch 378/800
161/161 - 2s - loss: 0.0117 - mae: 0.0117 - mse: 2.2910e-04 - 2s/epoch - 11ms/step
Epoch 379/800
161/161 - 2s - loss: 0.0102 - mae: 0.0102 - mse: 1.7806e-04 - 2s/epoch - 11ms/step
Epoch 380/800
161/161 - 2s - loss: 0.0109 - mae: 0.0109 - mse: 2.0067e-04 - 2s/epoch - 11ms/step
Epoch 381/800
161/161 - 2s - loss: 0.0114 - mae: 0.0114 - mse: 2.1749e-04 - 2s/epoch - 11ms/step
Epoch 382/800
161/161 - 2s - loss: 0.0106 - mae: 0.0106 - mse: 1.9299e-04 - 2s/epoch - 11ms/step
Epoch 383/800
161/161 - 2s - loss: 0.0107 - mae: 0.0107 - mse: 1.9681e-04 - 2s/epoch - 11ms/step
Epoch 384/800
161/161 - 2s - loss: 0.0105 - mae: 0.0105 - mse: 1.8316e-04 - 2s/epoch - 11ms/step
Epoch 385/800
161/161 - 2s - loss: 0.0106 - mae: 0.0106 - mse: 1.8345e-04 - 2s/epoch - 11ms/step
Epoch 386/800
161/161 - 2s - loss: 0.0101 - mae: 0.0101 - mse: 1.7245e-04 - 2s/epoch - 11ms/step
Epoch 387/800
161/161 - 2s - loss: 0.0104 - mae: 0.0104 - mse: 1.8247e-04 - 2s/epoch - 11ms/step
Epoch 388/800
161/161 - 2s - loss: 0.0108 - mae: 0.0108 - mse: 1.9899e-04 - 2s/epoch - 11ms/step
Epoch 389/800
161/161 - 2s - loss: 0.0104 - mae: 0.0104 - mse: 1.8488e-04 - 2s/epoch - 11ms/step
Epoch 390/800
161/161 - 2s - loss: 0.0103 - mae: 0.0103 - mse: 1.7852e-04 - 2s/epoch - 11ms/step
Epoch 391/800
161/161 - 2s - loss: 0.0104 - mae: 0.0104 - mse: 1.8104e-04 - 2s/epoch - 11ms/step
Epoch 392/800
161/161 - 2s - loss: 0.0107 - mae: 0.0107 - mse: 1.9021e-04 - 2s/epoch - 11ms/step
Epoch 393/800
161/161 - 2s - loss: 0.0111 - mae: 0.0111 - mse: 2.0466e-04 - 2s/epoch - 11ms/step
Epoch 394/800
161/161 - 2s - loss: 0.0104 - mae: 0.0104 - mse: 1.8456e-04 - 2s/epoch - 11ms/step
Epoch 395/800
161/161 - 2s - loss: 0.0106 - mae: 0.0106 - mse: 1.8964e-04 - 2s/epoch - 11ms/step
Epoch 396/800
161/161 - 2s - loss: 0.0104 - mae: 0.0104 - mse: 1.7872e-04 - 2s/epoch - 11ms/step
Epoch 397/800
161/161 - 2s - loss: 0.0101 - mae: 0.0101 - mse: 1.7234e-04 - 2s/epoch - 12ms/step
Epoch 398/800
161/161 - 2s - loss: 0.0103 - mae: 0.0103 - mse: 1.8181e-04 - 2s/epoch - 12ms/step
Epoch 399/800
161/161 - 2s - loss: 0.0107 - mae: 0.0107 - mse: 1.9177e-04 - 2s/epoch - 12ms/step
Epoch 400/800
161/161 - 2s - loss: 0.0104 - mae: 0.0104 - mse: 1.8550e-04 - 2s/epoch - 11ms/step
Epoch 401/800
161/161 - 2s - loss: 0.0109 - mae: 0.0109 - mse: 1.9672e-04 - 2s/epoch - 11ms/step
Epoch 402/800
161/161 - 2s - loss: 0.0104 - mae: 0.0104 - mse: 1.8011e-04 - 2s/epoch - 11ms/step
Epoch 403/800
161/161 - 2s - loss: 0.0101 - mae: 0.0101 - mse: 1.7066e-04 - 2s/epoch - 11ms/step
Epoch 404/800
161/161 - 2s - loss: 0.0093 - mae: 0.0093 - mse: 1.4659e-04 - 2s/epoch - 11ms/step
Epoch 405/800
161/161 - 2s - loss: 0.0100 - mae: 0.0100 - mse: 1.6854e-04 - 2s/epoch - 11ms/step
Epoch 406/800
161/161 - 2s - loss: 0.0101 - mae: 0.0101 - mse: 1.7037e-04 - 2s/epoch - 11ms/step
Epoch 407/800
161/161 - 2s - loss: 0.0101 - mae: 0.0101 - mse: 1.7195e-04 - 2s/epoch - 11ms/step
Epoch 408/800
161/161 - 2s - loss: 0.0100 - mae: 0.0100 - mse: 1.6823e-04 - 2s/epoch - 11ms/step
Epoch 409/800
161/161 - 2s - loss: 0.0092 - mae: 0.0092 - mse: 1.4160e-04 - 2s/epoch - 11ms/step
Epoch 410/800
161/161 - 2s - loss: 0.0099 - mae: 0.0099 - mse: 1.6298e-04 - 2s/epoch - 11ms/step
Epoch 411/800
161/161 - 2s - loss: 0.0098 - mae: 0.0098 - mse: 1.6019e-04 - 2s/epoch - 11ms/step
Epoch 412/800
161/161 - 2s - loss: 0.0093 - mae: 0.0093 - mse: 1.5065e-04 - 2s/epoch - 11ms/step
Epoch 413/800
161/161 - 2s - loss: 0.0099 - mae: 0.0099 - mse: 1.6604e-04 - 2s/epoch - 11ms/step
Epoch 414/800
161/161 - 2s - loss: 0.0095 - mae: 0.0095 - mse: 1.5338e-04 - 2s/epoch - 11ms/step
Epoch 415/800
161/161 - 2s - loss: 0.0102 - mae: 0.0102 - mse: 1.7591e-04 - 2s/epoch - 11ms/step
Epoch 416/800
161/161 - 2s - loss: 0.0098 - mae: 0.0098 - mse: 1.6073e-04 - 2s/epoch - 11ms/step
Epoch 417/800
161/161 - 2s - loss: 0.0099 - mae: 0.0099 - mse: 1.6736e-04 - 2s/epoch - 11ms/step
Epoch 418/800
161/161 - 2s - loss: 0.0095 - mae: 0.0095 - mse: 1.5275e-04 - 2s/epoch - 11ms/step
Epoch 419/800
161/161 - 2s - loss: 0.0106 - mae: 0.0106 - mse: 1.8848e-04 - 2s/epoch - 11ms/step
Epoch 420/800
161/161 - 2s - loss: 0.0103 - mae: 0.0103 - mse: 1.7321e-04 - 2s/epoch - 11ms/step
Epoch 421/800
161/161 - 2s - loss: 0.0100 - mae: 0.0100 - mse: 1.6690e-04 - 2s/epoch - 11ms/step
Epoch 422/800
161/161 - 2s - loss: 0.0098 - mae: 0.0098 - mse: 1.5951e-04 - 2s/epoch - 12ms/step
Epoch 423/800
161/161 - 2s - loss: 0.0102 - mae: 0.0102 - mse: 1.7015e-04 - 2s/epoch - 12ms/step
Epoch 424/800
161/161 - 2s - loss: 0.0100 - mae: 0.0100 - mse: 1.6787e-04 - 2s/epoch - 11ms/step
Epoch 425/800
161/161 - 2s - loss: 0.0093 - mae: 0.0093 - mse: 1.4666e-04 - 2s/epoch - 12ms/step
Epoch 426/800
161/161 - 2s - loss: 0.0093 - mae: 0.0093 - mse: 1.4692e-04 - 2s/epoch - 11ms/step
Epoch 427/800
161/161 - 2s - loss: 0.0097 - mae: 0.0097 - mse: 1.5984e-04 - 2s/epoch - 11ms/step
Epoch 428/800
161/161 - 2s - loss: 0.0093 - mae: 0.0093 - mse: 1.4647e-04 - 2s/epoch - 11ms/step
Epoch 429/800
161/161 - 2s - loss: 0.0093 - mae: 0.0093 - mse: 1.4368e-04 - 2s/epoch - 11ms/step
Epoch 430/800
161/161 - 2s - loss: 0.0090 - mae: 0.0090 - mse: 1.3545e-04 - 2s/epoch - 11ms/step
Epoch 431/800
161/161 - 2s - loss: 0.0095 - mae: 0.0095 - mse: 1.5085e-04 - 2s/epoch - 11ms/step
Epoch 432/800
161/161 - 2s - loss: 0.0090 - mae: 0.0090 - mse: 1.3776e-04 - 2s/epoch - 11ms/step
Epoch 433/800
161/161 - 2s - loss: 0.0089 - mae: 0.0089 - mse: 1.3277e-04 - 2s/epoch - 11ms/step
Epoch 434/800
161/161 - 2s - loss: 0.0090 - mae: 0.0090 - mse: 1.3645e-04 - 2s/epoch - 11ms/step
Epoch 435/800
161/161 - 2s - loss: 0.0094 - mae: 0.0094 - mse: 1.4927e-04 - 2s/epoch - 11ms/step
Epoch 436/800
161/161 - 2s - loss: 0.0090 - mae: 0.0090 - mse: 1.3521e-04 - 2s/epoch - 11ms/step
Epoch 437/800
161/161 - 2s - loss: 0.0093 - mae: 0.0093 - mse: 1.4514e-04 - 2s/epoch - 11ms/step
Epoch 438/800
161/161 - 2s - loss: 0.0089 - mae: 0.0089 - mse: 1.3141e-04 - 2s/epoch - 11ms/step
Epoch 439/800
161/161 - 2s - loss: 0.0091 - mae: 0.0091 - mse: 1.4230e-04 - 2s/epoch - 11ms/step
Epoch 440/800
161/161 - 2s - loss: 0.0091 - mae: 0.0091 - mse: 1.4178e-04 - 2s/epoch - 11ms/step
Epoch 441/800
161/161 - 2s - loss: 0.0093 - mae: 0.0093 - mse: 1.4531e-04 - 2s/epoch - 11ms/step
Epoch 442/800
161/161 - 2s - loss: 0.0086 - mae: 0.0086 - mse: 1.2444e-04 - 2s/epoch - 11ms/step
Epoch 443/800
161/161 - 2s - loss: 0.0089 - mae: 0.0089 - mse: 1.3136e-04 - 2s/epoch - 11ms/step
Epoch 444/800
161/161 - 2s - loss: 0.0090 - mae: 0.0090 - mse: 1.3650e-04 - 2s/epoch - 11ms/step
Epoch 445/800
161/161 - 2s - loss: 0.0088 - mae: 0.0088 - mse: 1.3393e-04 - 2s/epoch - 11ms/step
Epoch 446/800
161/161 - 2s - loss: 0.0089 - mae: 0.0089 - mse: 1.3294e-04 - 2s/epoch - 11ms/step
Epoch 447/800
161/161 - 2s - loss: 0.0088 - mae: 0.0088 - mse: 1.3007e-04 - 2s/epoch - 11ms/step
Epoch 448/800
161/161 - 2s - loss: 0.0091 - mae: 0.0091 - mse: 1.3767e-04 - 2s/epoch - 11ms/step
Epoch 449/800
161/161 - 2s - loss: 0.0085 - mae: 0.0085 - mse: 1.2274e-04 - 2s/epoch - 11ms/step
Epoch 450/800
161/161 - 2s - loss: 0.0088 - mae: 0.0088 - mse: 1.2998e-04 - 2s/epoch - 11ms/step
Epoch 451/800
161/161 - 2s - loss: 0.0087 - mae: 0.0087 - mse: 1.2658e-04 - 2s/epoch - 11ms/step
Epoch 452/800
161/161 - 2s - loss: 0.0084 - mae: 0.0084 - mse: 1.1694e-04 - 2s/epoch - 11ms/step
Epoch 453/800
161/161 - 2s - loss: 0.0089 - mae: 0.0089 - mse: 1.3237e-04 - 2s/epoch - 11ms/step
Epoch 454/800
161/161 - 2s - loss: 0.0087 - mae: 0.0087 - mse: 1.2529e-04 - 2s/epoch - 11ms/step
Epoch 455/800
161/161 - 2s - loss: 0.0087 - mae: 0.0087 - mse: 1.2655e-04 - 2s/epoch - 11ms/step
Epoch 456/800
161/161 - 2s - loss: 0.0084 - mae: 0.0084 - mse: 1.1726e-04 - 2s/epoch - 11ms/step
Epoch 457/800
161/161 - 2s - loss: 0.0089 - mae: 0.0089 - mse: 1.3465e-04 - 2s/epoch - 11ms/step
Epoch 458/800
161/161 - 2s - loss: 0.0084 - mae: 0.0084 - mse: 1.1755e-04 - 2s/epoch - 11ms/step
Epoch 459/800
161/161 - 2s - loss: 0.0090 - mae: 0.0090 - mse: 1.3417e-04 - 2s/epoch - 11ms/step
Epoch 460/800
161/161 - 2s - loss: 0.0090 - mae: 0.0090 - mse: 1.3778e-04 - 2s/epoch - 11ms/step
Epoch 461/800
161/161 - 2s - loss: 0.0095 - mae: 0.0095 - mse: 1.5173e-04 - 2s/epoch - 11ms/step
Epoch 462/800
161/161 - 2s - loss: 0.0089 - mae: 0.0089 - mse: 1.3215e-04 - 2s/epoch - 11ms/step
Epoch 463/800
161/161 - 2s - loss: 0.0090 - mae: 0.0090 - mse: 1.3944e-04 - 2s/epoch - 11ms/step
Epoch 464/800
161/161 - 2s - loss: 0.0080 - mae: 0.0080 - mse: 1.0709e-04 - 2s/epoch - 11ms/step
Epoch 465/800
161/161 - 2s - loss: 0.0081 - mae: 0.0081 - mse: 1.1242e-04 - 2s/epoch - 11ms/step
Epoch 466/800
161/161 - 2s - loss: 0.0086 - mae: 0.0086 - mse: 1.2353e-04 - 2s/epoch - 11ms/step
Epoch 467/800
161/161 - 2s - loss: 0.0081 - mae: 0.0081 - mse: 1.1060e-04 - 2s/epoch - 11ms/step
Epoch 468/800
161/161 - 2s - loss: 0.0081 - mae: 0.0081 - mse: 1.1121e-04 - 2s/epoch - 11ms/step
Epoch 469/800
161/161 - 2s - loss: 0.0079 - mae: 0.0079 - mse: 1.0614e-04 - 2s/epoch - 11ms/step
Epoch 470/800
161/161 - 2s - loss: 0.0083 - mae: 0.0083 - mse: 1.1436e-04 - 2s/epoch - 11ms/step
Epoch 471/800
161/161 - 2s - loss: 0.0088 - mae: 0.0088 - mse: 1.2974e-04 - 2s/epoch - 11ms/step
Epoch 472/800
161/161 - 2s - loss: 0.0083 - mae: 0.0083 - mse: 1.1548e-04 - 2s/epoch - 11ms/step
Epoch 473/800
161/161 - 2s - loss: 0.0080 - mae: 0.0080 - mse: 1.0864e-04 - 2s/epoch - 11ms/step
Epoch 474/800
161/161 - 2s - loss: 0.0081 - mae: 0.0081 - mse: 1.0902e-04 - 2s/epoch - 11ms/step
Epoch 475/800
161/161 - 2s - loss: 0.0081 - mae: 0.0081 - mse: 1.0938e-04 - 2s/epoch - 11ms/step
Epoch 476/800
161/161 - 2s - loss: 0.0084 - mae: 0.0084 - mse: 1.1679e-04 - 2s/epoch - 11ms/step
Epoch 477/800
161/161 - 2s - loss: 0.0080 - mae: 0.0080 - mse: 1.1118e-04 - 2s/epoch - 11ms/step
Epoch 478/800
161/161 - 2s - loss: 0.0075 - mae: 0.0075 - mse: 9.4143e-05 - 2s/epoch - 11ms/step
Epoch 479/800
161/161 - 2s - loss: 0.0078 - mae: 0.0078 - mse: 1.0281e-04 - 2s/epoch - 11ms/step
Epoch 480/800
161/161 - 2s - loss: 0.0086 - mae: 0.0086 - mse: 1.2404e-04 - 2s/epoch - 11ms/step
Epoch 481/800
161/161 - 2s - loss: 0.0080 - mae: 0.0080 - mse: 1.0850e-04 - 2s/epoch - 12ms/step
Epoch 482/800
161/161 - 2s - loss: 0.0086 - mae: 0.0086 - mse: 1.2173e-04 - 2s/epoch - 11ms/step
Epoch 483/800
161/161 - 2s - loss: 0.0073 - mae: 0.0073 - mse: 9.1442e-05 - 2s/epoch - 11ms/step
Epoch 484/800
161/161 - 2s - loss: 0.0073 - mae: 0.0073 - mse: 9.1429e-05 - 2s/epoch - 11ms/step
Epoch 485/800
161/161 - 2s - loss: 0.0079 - mae: 0.0079 - mse: 1.0607e-04 - 2s/epoch - 11ms/step
Epoch 486/800
161/161 - 2s - loss: 0.0080 - mae: 0.0080 - mse: 1.0756e-04 - 2s/epoch - 11ms/step
Epoch 487/800
161/161 - 2s - loss: 0.0073 - mae: 0.0073 - mse: 9.1465e-05 - 2s/epoch - 11ms/step
Epoch 488/800
161/161 - 2s - loss: 0.0075 - mae: 0.0075 - mse: 9.3847e-05 - 2s/epoch - 11ms/step
Epoch 489/800
161/161 - 2s - loss: 0.0081 - mae: 0.0081 - mse: 1.0832e-04 - 2s/epoch - 11ms/step
Epoch 490/800
161/161 - 2s - loss: 0.0077 - mae: 0.0077 - mse: 9.8834e-05 - 2s/epoch - 11ms/step
Epoch 491/800
161/161 - 2s - loss: 0.0076 - mae: 0.0076 - mse: 9.7022e-05 - 2s/epoch - 11ms/step
Epoch 492/800
161/161 - 2s - loss: 0.0074 - mae: 0.0074 - mse: 9.0956e-05 - 2s/epoch - 11ms/step
Epoch 493/800
161/161 - 2s - loss: 0.0082 - mae: 0.0082 - mse: 1.1537e-04 - 2s/epoch - 11ms/step
Epoch 494/800
161/161 - 2s - loss: 0.0078 - mae: 0.0078 - mse: 1.0170e-04 - 2s/epoch - 11ms/step
Epoch 495/800
161/161 - 2s - loss: 0.0072 - mae: 0.0072 - mse: 8.9288e-05 - 2s/epoch - 11ms/step
Epoch 496/800
161/161 - 2s - loss: 0.0076 - mae: 0.0076 - mse: 9.7181e-05 - 2s/epoch - 11ms/step
Epoch 497/800
161/161 - 2s - loss: 0.0076 - mae: 0.0076 - mse: 9.7214e-05 - 2s/epoch - 11ms/step
Epoch 498/800
161/161 - 2s - loss: 0.0077 - mae: 0.0077 - mse: 1.0202e-04 - 2s/epoch - 11ms/step
Epoch 499/800
161/161 - 2s - loss: 0.0074 - mae: 0.0074 - mse: 9.2268e-05 - 2s/epoch - 11ms/step
Epoch 500/800
161/161 - 2s - loss: 0.0075 - mae: 0.0075 - mse: 9.5863e-05 - 2s/epoch - 11ms/step
Epoch 501/800
161/161 - 2s - loss: 0.0073 - mae: 0.0073 - mse: 9.1310e-05 - 2s/epoch - 11ms/step
Epoch 502/800
161/161 - 2s - loss: 0.0075 - mae: 0.0075 - mse: 9.4842e-05 - 2s/epoch - 11ms/step
Epoch 503/800
161/161 - 2s - loss: 0.0077 - mae: 0.0077 - mse: 9.9637e-05 - 2s/epoch - 11ms/step
Epoch 504/800
161/161 - 2s - loss: 0.0074 - mae: 0.0074 - mse: 9.3588e-05 - 2s/epoch - 11ms/step
Epoch 505/800
161/161 - 2s - loss: 0.0077 - mae: 0.0077 - mse: 9.9981e-05 - 2s/epoch - 11ms/step
Epoch 506/800
161/161 - 2s - loss: 0.0073 - mae: 0.0073 - mse: 9.0483e-05 - 2s/epoch - 11ms/step
Epoch 507/800
161/161 - 2s - loss: 0.0067 - mae: 0.0067 - mse: 7.6625e-05 - 2s/epoch - 11ms/step
Epoch 508/800
161/161 - 2s - loss: 0.0073 - mae: 0.0073 - mse: 8.7538e-05 - 2s/epoch - 11ms/step
Epoch 509/800
161/161 - 2s - loss: 0.0071 - mae: 0.0071 - mse: 8.6154e-05 - 2s/epoch - 11ms/step
Epoch 510/800
161/161 - 2s - loss: 0.0070 - mae: 0.0070 - mse: 8.2861e-05 - 2s/epoch - 11ms/step
Epoch 511/800
161/161 - 2s - loss: 0.0076 - mae: 0.0076 - mse: 9.8608e-05 - 2s/epoch - 11ms/step
Epoch 512/800
161/161 - 2s - loss: 0.0069 - mae: 0.0069 - mse: 8.1511e-05 - 2s/epoch - 11ms/step
Epoch 513/800
161/161 - 2s - loss: 0.0072 - mae: 0.0072 - mse: 8.5956e-05 - 2s/epoch - 11ms/step
Epoch 514/800
161/161 - 2s - loss: 0.0075 - mae: 0.0075 - mse: 9.4148e-05 - 2s/epoch - 11ms/step
Epoch 515/800
161/161 - 2s - loss: 0.0073 - mae: 0.0073 - mse: 8.9153e-05 - 2s/epoch - 11ms/step
Epoch 516/800
161/161 - 2s - loss: 0.0071 - mae: 0.0071 - mse: 8.4448e-05 - 2s/epoch - 11ms/step
Epoch 517/800
161/161 - 2s - loss: 0.0071 - mae: 0.0071 - mse: 8.5023e-05 - 2s/epoch - 11ms/step
Epoch 518/800
161/161 - 2s - loss: 0.0072 - mae: 0.0072 - mse: 8.7049e-05 - 2s/epoch - 11ms/step
Epoch 519/800
161/161 - 2s - loss: 0.0071 - mae: 0.0071 - mse: 8.4084e-05 - 2s/epoch - 11ms/step
Epoch 520/800
161/161 - 2s - loss: 0.0067 - mae: 0.0067 - mse: 7.5973e-05 - 2s/epoch - 11ms/step
Epoch 521/800
161/161 - 2s - loss: 0.0068 - mae: 0.0068 - mse: 7.8653e-05 - 2s/epoch - 12ms/step
Epoch 522/800
161/161 - 2s - loss: 0.0073 - mae: 0.0073 - mse: 8.8812e-05 - 2s/epoch - 11ms/step
Epoch 523/800
161/161 - 2s - loss: 0.0067 - mae: 0.0067 - mse: 7.5999e-05 - 2s/epoch - 11ms/step
Epoch 524/800
161/161 - 2s - loss: 0.0070 - mae: 0.0070 - mse: 8.2003e-05 - 2s/epoch - 12ms/step
Epoch 525/800
161/161 - 2s - loss: 0.0065 - mae: 0.0065 - mse: 7.1120e-05 - 2s/epoch - 12ms/step
Epoch 526/800
161/161 - 2s - loss: 0.0067 - mae: 0.0067 - mse: 7.4178e-05 - 2s/epoch - 11ms/step
Epoch 527/800
161/161 - 2s - loss: 0.0069 - mae: 0.0069 - mse: 7.9529e-05 - 2s/epoch - 11ms/step
Epoch 528/800
161/161 - 2s - loss: 0.0067 - mae: 0.0067 - mse: 7.4688e-05 - 2s/epoch - 11ms/step
Epoch 529/800
161/161 - 2s - loss: 0.0068 - mae: 0.0068 - mse: 7.7942e-05 - 2s/epoch - 11ms/step
Epoch 530/800
161/161 - 2s - loss: 0.0075 - mae: 0.0075 - mse: 9.1973e-05 - 2s/epoch - 11ms/step
Epoch 531/800
161/161 - 2s - loss: 0.0070 - mae: 0.0070 - mse: 8.2122e-05 - 2s/epoch - 11ms/step
Epoch 532/800
161/161 - 2s - loss: 0.0066 - mae: 0.0066 - mse: 7.4714e-05 - 2s/epoch - 11ms/step
Epoch 533/800
161/161 - 2s - loss: 0.0065 - mae: 0.0065 - mse: 7.1925e-05 - 2s/epoch - 11ms/step
Epoch 534/800
161/161 - 2s - loss: 0.0063 - mae: 0.0063 - mse: 6.6166e-05 - 2s/epoch - 11ms/step
Epoch 535/800
161/161 - 2s - loss: 0.0069 - mae: 0.0069 - mse: 7.9208e-05 - 2s/epoch - 11ms/step
Epoch 536/800
161/161 - 2s - loss: 0.0069 - mae: 0.0069 - mse: 7.9898e-05 - 2s/epoch - 11ms/step
Epoch 537/800
161/161 - 2s - loss: 0.0072 - mae: 0.0072 - mse: 8.5522e-05 - 2s/epoch - 11ms/step
Epoch 538/800
161/161 - 2s - loss: 0.0063 - mae: 0.0063 - mse: 6.6845e-05 - 2s/epoch - 11ms/step
Epoch 539/800
161/161 - 2s - loss: 0.0064 - mae: 0.0064 - mse: 6.9150e-05 - 2s/epoch - 11ms/step
Epoch 540/800
161/161 - 2s - loss: 0.0065 - mae: 0.0065 - mse: 7.1006e-05 - 2s/epoch - 11ms/step
Epoch 541/800
161/161 - 2s - loss: 0.0072 - mae: 0.0072 - mse: 8.3870e-05 - 2s/epoch - 11ms/step
Epoch 542/800
161/161 - 2s - loss: 0.0063 - mae: 0.0063 - mse: 6.7833e-05 - 2s/epoch - 11ms/step
Epoch 543/800
161/161 - 2s - loss: 0.0062 - mae: 0.0062 - mse: 6.5965e-05 - 2s/epoch - 11ms/step
Epoch 544/800
161/161 - 2s - loss: 0.0065 - mae: 0.0065 - mse: 7.2790e-05 - 2s/epoch - 11ms/step
Epoch 545/800
161/161 - 2s - loss: 0.0060 - mae: 0.0060 - mse: 6.0835e-05 - 2s/epoch - 11ms/step
Epoch 546/800
161/161 - 2s - loss: 0.0063 - mae: 0.0063 - mse: 6.5960e-05 - 2s/epoch - 11ms/step
Epoch 547/800
161/161 - 2s - loss: 0.0064 - mae: 0.0064 - mse: 6.7966e-05 - 2s/epoch - 11ms/step
Epoch 548/800
161/161 - 2s - loss: 0.0063 - mae: 0.0063 - mse: 6.7424e-05 - 2s/epoch - 11ms/step
Epoch 549/800
161/161 - 2s - loss: 0.0062 - mae: 0.0062 - mse: 6.5416e-05 - 2s/epoch - 11ms/step
Epoch 550/800
161/161 - 2s - loss: 0.0061 - mae: 0.0061 - mse: 6.2683e-05 - 2s/epoch - 11ms/step
Epoch 551/800
161/161 - 2s - loss: 0.0063 - mae: 0.0063 - mse: 6.6709e-05 - 2s/epoch - 11ms/step
Epoch 552/800
161/161 - 2s - loss: 0.0063 - mae: 0.0063 - mse: 6.5607e-05 - 2s/epoch - 11ms/step
Epoch 553/800
161/161 - 2s - loss: 0.0064 - mae: 0.0064 - mse: 6.8766e-05 - 2s/epoch - 11ms/step
Epoch 554/800
161/161 - 2s - loss: 0.0061 - mae: 0.0061 - mse: 6.2857e-05 - 2s/epoch - 11ms/step
Epoch 555/800
161/161 - 2s - loss: 0.0062 - mae: 0.0062 - mse: 6.3881e-05 - 2s/epoch - 11ms/step
Epoch 556/800
161/161 - 2s - loss: 0.0063 - mae: 0.0063 - mse: 6.8263e-05 - 2s/epoch - 11ms/step
Epoch 557/800
161/161 - 2s - loss: 0.0057 - mae: 0.0057 - mse: 5.4684e-05 - 2s/epoch - 11ms/step
Epoch 558/800
161/161 - 2s - loss: 0.0058 - mae: 0.0058 - mse: 5.5495e-05 - 2s/epoch - 11ms/step
Epoch 559/800
161/161 - 2s - loss: 0.0057 - mae: 0.0057 - mse: 5.4629e-05 - 2s/epoch - 11ms/step
Epoch 560/800
161/161 - 2s - loss: 0.0061 - mae: 0.0061 - mse: 6.3318e-05 - 2s/epoch - 11ms/step
Epoch 561/800
161/161 - 2s - loss: 0.0063 - mae: 0.0063 - mse: 6.6925e-05 - 2s/epoch - 11ms/step
Epoch 562/800
161/161 - 2s - loss: 0.0059 - mae: 0.0059 - mse: 6.0378e-05 - 2s/epoch - 11ms/step
Epoch 563/800
161/161 - 2s - loss: 0.0057 - mae: 0.0057 - mse: 5.5711e-05 - 2s/epoch - 11ms/step
Epoch 564/800
161/161 - 2s - loss: 0.0059 - mae: 0.0059 - mse: 5.9042e-05 - 2s/epoch - 11ms/step
Epoch 565/800
161/161 - 2s - loss: 0.0057 - mae: 0.0057 - mse: 5.5876e-05 - 2s/epoch - 11ms/step
Epoch 566/800
161/161 - 2s - loss: 0.0058 - mae: 0.0058 - mse: 5.8124e-05 - 2s/epoch - 11ms/step
Epoch 567/800
161/161 - 2s - loss: 0.0062 - mae: 0.0062 - mse: 6.3442e-05 - 2s/epoch - 11ms/step
Epoch 568/800
161/161 - 2s - loss: 0.0058 - mae: 0.0058 - mse: 5.7773e-05 - 2s/epoch - 11ms/step
Epoch 569/800
161/161 - 2s - loss: 0.0057 - mae: 0.0057 - mse: 5.4334e-05 - 2s/epoch - 11ms/step
Epoch 570/800
161/161 - 2s - loss: 0.0058 - mae: 0.0058 - mse: 5.7258e-05 - 2s/epoch - 11ms/step
Epoch 571/800
161/161 - 2s - loss: 0.0055 - mae: 0.0055 - mse: 5.2012e-05 - 2s/epoch - 11ms/step
Epoch 572/800
161/161 - 2s - loss: 0.0057 - mae: 0.0057 - mse: 5.3972e-05 - 2s/epoch - 11ms/step
Epoch 573/800
161/161 - 2s - loss: 0.0058 - mae: 0.0058 - mse: 5.6909e-05 - 2s/epoch - 11ms/step
Epoch 574/800
161/161 - 2s - loss: 0.0056 - mae: 0.0056 - mse: 5.3374e-05 - 2s/epoch - 11ms/step
Epoch 575/800
161/161 - 2s - loss: 0.0053 - mae: 0.0053 - mse: 4.8240e-05 - 2s/epoch - 11ms/step
Epoch 576/800
161/161 - 2s - loss: 0.0051 - mae: 0.0051 - mse: 4.5147e-05 - 2s/epoch - 11ms/step
Epoch 577/800
161/161 - 2s - loss: 0.0059 - mae: 0.0059 - mse: 5.6724e-05 - 2s/epoch - 11ms/step
Epoch 578/800
161/161 - 2s - loss: 0.0057 - mae: 0.0057 - mse: 5.4560e-05 - 2s/epoch - 11ms/step
Epoch 579/800
161/161 - 2s - loss: 0.0057 - mae: 0.0057 - mse: 5.3581e-05 - 2s/epoch - 11ms/step
Epoch 580/800
161/161 - 2s - loss: 0.0053 - mae: 0.0053 - mse: 4.7992e-05 - 2s/epoch - 11ms/step
Epoch 581/800
161/161 - 2s - loss: 0.0054 - mae: 0.0054 - mse: 4.8761e-05 - 2s/epoch - 11ms/step
Epoch 582/800
161/161 - 2s - loss: 0.0054 - mae: 0.0054 - mse: 4.9072e-05 - 2s/epoch - 11ms/step
Epoch 583/800
161/161 - 2s - loss: 0.0054 - mae: 0.0054 - mse: 4.8903e-05 - 2s/epoch - 11ms/step
Epoch 584/800
161/161 - 2s - loss: 0.0051 - mae: 0.0051 - mse: 4.3515e-05 - 2s/epoch - 11ms/step
Epoch 585/800
161/161 - 2s - loss: 0.0057 - mae: 0.0057 - mse: 5.4095e-05 - 2s/epoch - 11ms/step
Epoch 586/800
161/161 - 2s - loss: 0.0054 - mae: 0.0054 - mse: 4.8634e-05 - 2s/epoch - 11ms/step
Epoch 587/800
161/161 - 2s - loss: 0.0054 - mae: 0.0054 - mse: 4.7960e-05 - 2s/epoch - 11ms/step
Epoch 588/800
161/161 - 2s - loss: 0.0055 - mae: 0.0055 - mse: 4.9743e-05 - 2s/epoch - 11ms/step
Epoch 589/800
161/161 - 2s - loss: 0.0052 - mae: 0.0052 - mse: 4.6041e-05 - 2s/epoch - 11ms/step
Epoch 590/800
161/161 - 2s - loss: 0.0051 - mae: 0.0051 - mse: 4.4526e-05 - 2s/epoch - 11ms/step
Epoch 591/800
161/161 - 2s - loss: 0.0055 - mae: 0.0055 - mse: 5.0374e-05 - 2s/epoch - 11ms/step
Epoch 592/800
161/161 - 2s - loss: 0.0050 - mae: 0.0050 - mse: 4.2563e-05 - 2s/epoch - 11ms/step
Epoch 593/800
161/161 - 2s - loss: 0.0053 - mae: 0.0053 - mse: 4.6959e-05 - 2s/epoch - 11ms/step
Epoch 594/800
161/161 - 2s - loss: 0.0050 - mae: 0.0050 - mse: 4.2356e-05 - 2s/epoch - 11ms/step
Epoch 595/800
161/161 - 2s - loss: 0.0051 - mae: 0.0051 - mse: 4.3493e-05 - 2s/epoch - 11ms/step
Epoch 596/800
161/161 - 2s - loss: 0.0055 - mae: 0.0055 - mse: 5.1251e-05 - 2s/epoch - 11ms/step
Epoch 597/800
161/161 - 2s - loss: 0.0051 - mae: 0.0051 - mse: 4.4186e-05 - 2s/epoch - 11ms/step
Epoch 598/800
161/161 - 2s - loss: 0.0051 - mae: 0.0051 - mse: 4.2286e-05 - 2s/epoch - 11ms/step
Epoch 599/800
161/161 - 2s - loss: 0.0053 - mae: 0.0053 - mse: 4.5947e-05 - 2s/epoch - 11ms/step
Epoch 600/800
161/161 - 2s - loss: 0.0053 - mae: 0.0053 - mse: 4.6223e-05 - 2s/epoch - 11ms/step
Epoch 601/800
161/161 - 2s - loss: 0.0048 - mae: 0.0048 - mse: 3.8833e-05 - 2s/epoch - 11ms/step
Epoch 602/800
161/161 - 2s - loss: 0.0047 - mae: 0.0047 - mse: 3.8035e-05 - 2s/epoch - 11ms/step
Epoch 603/800
161/161 - 2s - loss: 0.0049 - mae: 0.0049 - mse: 4.0721e-05 - 2s/epoch - 11ms/step
Epoch 604/800
161/161 - 2s - loss: 0.0049 - mae: 0.0049 - mse: 4.0559e-05 - 2s/epoch - 11ms/step
Epoch 605/800
161/161 - 2s - loss: 0.0049 - mae: 0.0049 - mse: 4.0074e-05 - 2s/epoch - 11ms/step
Epoch 606/800
161/161 - 2s - loss: 0.0054 - mae: 0.0054 - mse: 4.9231e-05 - 2s/epoch - 11ms/step
Epoch 607/800
161/161 - 2s - loss: 0.0050 - mae: 0.0050 - mse: 4.1737e-05 - 2s/epoch - 11ms/step
Epoch 608/800
161/161 - 2s - loss: 0.0049 - mae: 0.0049 - mse: 4.1206e-05 - 2s/epoch - 11ms/step
Epoch 609/800
161/161 - 2s - loss: 0.0048 - mae: 0.0048 - mse: 3.8637e-05 - 2s/epoch - 11ms/step
Epoch 610/800
161/161 - 2s - loss: 0.0046 - mae: 0.0046 - mse: 3.6890e-05 - 2s/epoch - 11ms/step
Epoch 611/800
161/161 - 2s - loss: 0.0050 - mae: 0.0050 - mse: 4.2412e-05 - 2s/epoch - 11ms/step
Epoch 612/800
161/161 - 2s - loss: 0.0049 - mae: 0.0049 - mse: 4.0847e-05 - 2s/epoch - 11ms/step
Epoch 613/800
161/161 - 2s - loss: 0.0048 - mae: 0.0048 - mse: 3.8172e-05 - 2s/epoch - 11ms/step
Epoch 614/800
161/161 - 2s - loss: 0.0047 - mae: 0.0047 - mse: 3.6990e-05 - 2s/epoch - 11ms/step
Epoch 615/800
161/161 - 2s - loss: 0.0047 - mae: 0.0047 - mse: 3.7165e-05 - 2s/epoch - 11ms/step
Epoch 616/800
161/161 - 2s - loss: 0.0047 - mae: 0.0047 - mse: 3.6936e-05 - 2s/epoch - 11ms/step
Epoch 617/800
161/161 - 2s - loss: 0.0043 - mae: 0.0043 - mse: 3.1807e-05 - 2s/epoch - 11ms/step
Epoch 618/800
161/161 - 2s - loss: 0.0044 - mae: 0.0044 - mse: 3.2688e-05 - 2s/epoch - 11ms/step
Epoch 619/800
161/161 - 2s - loss: 0.0047 - mae: 0.0047 - mse: 3.6457e-05 - 2s/epoch - 11ms/step
Epoch 620/800
161/161 - 2s - loss: 0.0046 - mae: 0.0046 - mse: 3.5177e-05 - 2s/epoch - 11ms/step
Epoch 621/800
161/161 - 2s - loss: 0.0046 - mae: 0.0046 - mse: 3.5905e-05 - 2s/epoch - 11ms/step
Epoch 622/800
161/161 - 2s - loss: 0.0048 - mae: 0.0048 - mse: 3.8336e-05 - 2s/epoch - 11ms/step
Epoch 623/800
161/161 - 2s - loss: 0.0046 - mae: 0.0046 - mse: 3.5400e-05 - 2s/epoch - 11ms/step
Epoch 624/800
161/161 - 2s - loss: 0.0046 - mae: 0.0046 - mse: 3.5974e-05 - 2s/epoch - 11ms/step
Epoch 625/800
161/161 - 2s - loss: 0.0047 - mae: 0.0047 - mse: 3.7013e-05 - 2s/epoch - 11ms/step
Epoch 626/800
161/161 - 2s - loss: 0.0046 - mae: 0.0046 - mse: 3.5169e-05 - 2s/epoch - 11ms/step
Epoch 627/800
161/161 - 2s - loss: 0.0041 - mae: 0.0041 - mse: 2.8103e-05 - 2s/epoch - 11ms/step
Epoch 628/800
161/161 - 2s - loss: 0.0042 - mae: 0.0042 - mse: 2.9606e-05 - 2s/epoch - 11ms/step
Epoch 629/800
161/161 - 2s - loss: 0.0044 - mae: 0.0044 - mse: 3.3106e-05 - 2s/epoch - 11ms/step
Epoch 630/800
161/161 - 2s - loss: 0.0045 - mae: 0.0045 - mse: 3.4241e-05 - 2s/epoch - 11ms/step
Epoch 631/800
161/161 - 2s - loss: 0.0044 - mae: 0.0044 - mse: 3.2745e-05 - 2s/epoch - 11ms/step
Epoch 632/800
161/161 - 2s - loss: 0.0047 - mae: 0.0047 - mse: 3.5947e-05 - 2s/epoch - 11ms/step
Epoch 633/800
161/161 - 2s - loss: 0.0047 - mae: 0.0047 - mse: 3.6438e-05 - 2s/epoch - 11ms/step
Epoch 634/800
161/161 - 2s - loss: 0.0042 - mae: 0.0042 - mse: 2.8921e-05 - 2s/epoch - 11ms/step
Epoch 635/800
161/161 - 2s - loss: 0.0041 - mae: 0.0041 - mse: 2.9295e-05 - 2s/epoch - 11ms/step
Epoch 636/800
161/161 - 2s - loss: 0.0048 - mae: 0.0048 - mse: 3.8111e-05 - 2s/epoch - 11ms/step
Epoch 637/800
161/161 - 2s - loss: 0.0046 - mae: 0.0046 - mse: 3.5544e-05 - 2s/epoch - 11ms/step
Epoch 638/800
161/161 - 2s - loss: 0.0042 - mae: 0.0042 - mse: 2.9129e-05 - 2s/epoch - 11ms/step
Epoch 639/800
161/161 - 2s - loss: 0.0041 - mae: 0.0041 - mse: 2.8309e-05 - 2s/epoch - 11ms/step
Epoch 640/800
161/161 - 2s - loss: 0.0040 - mae: 0.0040 - mse: 2.7515e-05 - 2s/epoch - 11ms/step
Epoch 641/800
161/161 - 2s - loss: 0.0042 - mae: 0.0042 - mse: 2.9963e-05 - 2s/epoch - 11ms/step
Epoch 642/800
161/161 - 2s - loss: 0.0039 - mae: 0.0039 - mse: 2.5408e-05 - 2s/epoch - 11ms/step
Epoch 643/800
161/161 - 2s - loss: 0.0043 - mae: 0.0043 - mse: 3.0436e-05 - 2s/epoch - 11ms/step
Epoch 644/800
161/161 - 2s - loss: 0.0038 - mae: 0.0038 - mse: 2.3978e-05 - 2s/epoch - 11ms/step
Epoch 645/800
161/161 - 2s - loss: 0.0039 - mae: 0.0039 - mse: 2.5620e-05 - 2s/epoch - 11ms/step
Epoch 646/800
161/161 - 2s - loss: 0.0039 - mae: 0.0039 - mse: 2.6260e-05 - 2s/epoch - 11ms/step
Epoch 647/800
161/161 - 2s - loss: 0.0041 - mae: 0.0041 - mse: 2.7626e-05 - 2s/epoch - 11ms/step
Epoch 648/800
161/161 - 2s - loss: 0.0040 - mae: 0.0040 - mse: 2.7134e-05 - 2s/epoch - 11ms/step
Epoch 649/800
161/161 - 2s - loss: 0.0039 - mae: 0.0039 - mse: 2.6466e-05 - 2s/epoch - 11ms/step
Epoch 650/800
161/161 - 2s - loss: 0.0043 - mae: 0.0043 - mse: 3.0730e-05 - 2s/epoch - 11ms/step
Epoch 651/800
161/161 - 2s - loss: 0.0040 - mae: 0.0040 - mse: 2.6467e-05 - 2s/epoch - 11ms/step
Epoch 652/800
161/161 - 2s - loss: 0.0040 - mae: 0.0040 - mse: 2.7260e-05 - 2s/epoch - 11ms/step
Epoch 653/800
161/161 - 2s - loss: 0.0037 - mae: 0.0037 - mse: 2.3740e-05 - 2s/epoch - 11ms/step
Epoch 654/800
161/161 - 2s - loss: 0.0041 - mae: 0.0041 - mse: 2.7939e-05 - 2s/epoch - 11ms/step
Epoch 655/800
161/161 - 2s - loss: 0.0038 - mae: 0.0038 - mse: 2.4224e-05 - 2s/epoch - 11ms/step
Epoch 656/800
161/161 - 2s - loss: 0.0037 - mae: 0.0037 - mse: 2.2953e-05 - 2s/epoch - 11ms/step
Epoch 657/800
161/161 - 2s - loss: 0.0036 - mae: 0.0036 - mse: 2.1790e-05 - 2s/epoch - 11ms/step
Epoch 658/800
161/161 - 2s - loss: 0.0040 - mae: 0.0040 - mse: 2.6717e-05 - 2s/epoch - 11ms/step
Epoch 659/800
161/161 - 2s - loss: 0.0040 - mae: 0.0040 - mse: 2.6732e-05 - 2s/epoch - 11ms/step
Epoch 660/800
161/161 - 2s - loss: 0.0037 - mae: 0.0037 - mse: 2.2443e-05 - 2s/epoch - 11ms/step
Epoch 661/800
161/161 - 2s - loss: 0.0037 - mae: 0.0037 - mse: 2.2512e-05 - 2s/epoch - 11ms/step
Epoch 662/800
161/161 - 2s - loss: 0.0036 - mae: 0.0036 - mse: 2.1196e-05 - 2s/epoch - 11ms/step
Epoch 663/800
161/161 - 2s - loss: 0.0037 - mae: 0.0037 - mse: 2.2913e-05 - 2s/epoch - 11ms/step
Epoch 664/800
161/161 - 2s - loss: 0.0037 - mae: 0.0037 - mse: 2.3175e-05 - 2s/epoch - 11ms/step
Epoch 665/800
161/161 - 2s - loss: 0.0040 - mae: 0.0040 - mse: 2.6128e-05 - 2s/epoch - 11ms/step
Epoch 666/800
161/161 - 2s - loss: 0.0034 - mae: 0.0034 - mse: 1.9912e-05 - 2s/epoch - 11ms/step
Epoch 667/800
161/161 - 2s - loss: 0.0036 - mae: 0.0036 - mse: 2.1823e-05 - 2s/epoch - 11ms/step
Epoch 668/800
161/161 - 2s - loss: 0.0034 - mae: 0.0034 - mse: 1.9627e-05 - 2s/epoch - 11ms/step
Epoch 669/800
161/161 - 2s - loss: 0.0032 - mae: 0.0032 - mse: 1.6821e-05 - 2s/epoch - 11ms/step
Epoch 670/800
161/161 - 2s - loss: 0.0036 - mae: 0.0036 - mse: 2.1346e-05 - 2s/epoch - 11ms/step
Epoch 671/800
161/161 - 2s - loss: 0.0037 - mae: 0.0037 - mse: 2.3223e-05 - 2s/epoch - 11ms/step
Epoch 672/800
161/161 - 2s - loss: 0.0036 - mae: 0.0036 - mse: 2.1616e-05 - 2s/epoch - 11ms/step
Epoch 673/800
161/161 - 2s - loss: 0.0034 - mae: 0.0034 - mse: 1.8888e-05 - 2s/epoch - 11ms/step
Epoch 674/800
161/161 - 2s - loss: 0.0034 - mae: 0.0034 - mse: 1.9866e-05 - 2s/epoch - 11ms/step
Epoch 675/800
161/161 - 2s - loss: 0.0033 - mae: 0.0033 - mse: 1.8601e-05 - 2s/epoch - 11ms/step
Epoch 676/800
161/161 - 2s - loss: 0.0032 - mae: 0.0032 - mse: 1.7635e-05 - 2s/epoch - 11ms/step
Epoch 677/800
161/161 - 2s - loss: 0.0032 - mae: 0.0032 - mse: 1.7349e-05 - 2s/epoch - 11ms/step
Epoch 678/800
161/161 - 2s - loss: 0.0032 - mae: 0.0032 - mse: 1.6894e-05 - 2s/epoch - 11ms/step
Epoch 679/800
161/161 - 2s - loss: 0.0035 - mae: 0.0035 - mse: 2.0463e-05 - 2s/epoch - 11ms/step
Epoch 680/800
161/161 - 2s - loss: 0.0031 - mae: 0.0031 - mse: 1.6853e-05 - 2s/epoch - 11ms/step
Epoch 681/800
161/161 - 2s - loss: 0.0032 - mae: 0.0032 - mse: 1.7003e-05 - 2s/epoch - 11ms/step
Epoch 682/800
161/161 - 2s - loss: 0.0032 - mae: 0.0032 - mse: 1.7166e-05 - 2s/epoch - 11ms/step
Epoch 683/800
161/161 - 2s - loss: 0.0035 - mae: 0.0035 - mse: 1.9944e-05 - 2s/epoch - 11ms/step
Epoch 684/800
161/161 - 2s - loss: 0.0031 - mae: 0.0031 - mse: 1.6410e-05 - 2s/epoch - 11ms/step
Epoch 685/800
161/161 - 2s - loss: 0.0032 - mae: 0.0032 - mse: 1.7032e-05 - 2s/epoch - 11ms/step
Epoch 686/800
161/161 - 2s - loss: 0.0030 - mae: 0.0030 - mse: 1.5258e-05 - 2s/epoch - 11ms/step
Epoch 687/800
161/161 - 2s - loss: 0.0032 - mae: 0.0032 - mse: 1.6849e-05 - 2s/epoch - 11ms/step
Epoch 688/800
161/161 - 2s - loss: 0.0032 - mae: 0.0032 - mse: 1.6869e-05 - 2s/epoch - 11ms/step
Epoch 689/800
161/161 - 2s - loss: 0.0031 - mae: 0.0031 - mse: 1.7156e-05 - 2s/epoch - 11ms/step
Epoch 690/800
161/161 - 2s - loss: 0.0029 - mae: 0.0029 - mse: 1.4391e-05 - 2s/epoch - 11ms/step
Epoch 691/800
161/161 - 2s - loss: 0.0028 - mae: 0.0028 - mse: 1.3203e-05 - 2s/epoch - 11ms/step
Epoch 692/800
161/161 - 2s - loss: 0.0029 - mae: 0.0029 - mse: 1.4264e-05 - 2s/epoch - 11ms/step
Epoch 693/800
161/161 - 2s - loss: 0.0031 - mae: 0.0031 - mse: 1.5910e-05 - 2s/epoch - 11ms/step
Epoch 694/800
161/161 - 2s - loss: 0.0031 - mae: 0.0031 - mse: 1.6475e-05 - 2s/epoch - 11ms/step
Epoch 695/800
161/161 - 2s - loss: 0.0030 - mae: 0.0030 - mse: 1.5626e-05 - 2s/epoch - 11ms/step
Epoch 696/800
161/161 - 2s - loss: 0.0029 - mae: 0.0029 - mse: 1.4473e-05 - 2s/epoch - 11ms/step
Epoch 697/800
161/161 - 2s - loss: 0.0028 - mae: 0.0028 - mse: 1.3170e-05 - 2s/epoch - 11ms/step
Epoch 698/800
161/161 - 2s - loss: 0.0028 - mae: 0.0028 - mse: 1.3370e-05 - 2s/epoch - 11ms/step
Epoch 699/800
161/161 - 2s - loss: 0.0028 - mae: 0.0028 - mse: 1.3167e-05 - 2s/epoch - 11ms/step
Epoch 700/800
161/161 - 2s - loss: 0.0031 - mae: 0.0031 - mse: 1.5514e-05 - 2s/epoch - 11ms/step
Epoch 701/800
161/161 - 2s - loss: 0.0026 - mae: 0.0026 - mse: 1.1789e-05 - 2s/epoch - 11ms/step
Epoch 702/800
161/161 - 2s - loss: 0.0026 - mae: 0.0026 - mse: 1.0996e-05 - 2s/epoch - 11ms/step
Epoch 703/800
161/161 - 2s - loss: 0.0027 - mae: 0.0027 - mse: 1.2592e-05 - 2s/epoch - 11ms/step
Epoch 704/800
161/161 - 2s - loss: 0.0027 - mae: 0.0027 - mse: 1.2439e-05 - 2s/epoch - 11ms/step
Epoch 705/800
161/161 - 2s - loss: 0.0025 - mae: 0.0025 - mse: 1.0842e-05 - 2s/epoch - 11ms/step
Epoch 706/800
161/161 - 2s - loss: 0.0027 - mae: 0.0027 - mse: 1.2489e-05 - 2s/epoch - 11ms/step
Epoch 707/800
161/161 - 2s - loss: 0.0027 - mae: 0.0027 - mse: 1.2466e-05 - 2s/epoch - 11ms/step
Epoch 708/800
161/161 - 2s - loss: 0.0027 - mae: 0.0027 - mse: 1.1858e-05 - 2s/epoch - 11ms/step
Epoch 709/800
161/161 - 2s - loss: 0.0027 - mae: 0.0027 - mse: 1.2129e-05 - 2s/epoch - 11ms/step
Epoch 710/800
161/161 - 2s - loss: 0.0026 - mae: 0.0026 - mse: 1.1786e-05 - 2s/epoch - 11ms/step
Epoch 711/800
161/161 - 2s - loss: 0.0026 - mae: 0.0026 - mse: 1.1648e-05 - 2s/epoch - 11ms/step
Epoch 712/800
161/161 - 2s - loss: 0.0024 - mae: 0.0024 - mse: 9.7690e-06 - 2s/epoch - 11ms/step
Epoch 713/800
161/161 - 2s - loss: 0.0026 - mae: 0.0026 - mse: 1.1236e-05 - 2s/epoch - 11ms/step
Epoch 714/800
161/161 - 2s - loss: 0.0026 - mae: 0.0026 - mse: 1.1071e-05 - 2s/epoch - 11ms/step
Epoch 715/800
161/161 - 2s - loss: 0.0025 - mae: 0.0025 - mse: 1.0039e-05 - 2s/epoch - 11ms/step
Epoch 716/800
161/161 - 2s - loss: 0.0024 - mae: 0.0024 - mse: 9.7554e-06 - 2s/epoch - 11ms/step
Epoch 717/800
161/161 - 2s - loss: 0.0023 - mae: 0.0023 - mse: 8.8890e-06 - 2s/epoch - 11ms/step
Epoch 718/800
161/161 - 2s - loss: 0.0023 - mae: 0.0023 - mse: 9.2693e-06 - 2s/epoch - 11ms/step
Epoch 719/800
161/161 - 2s - loss: 0.0023 - mae: 0.0023 - mse: 8.9674e-06 - 2s/epoch - 11ms/step
Epoch 720/800
161/161 - 2s - loss: 0.0023 - mae: 0.0023 - mse: 9.0310e-06 - 2s/epoch - 11ms/step
Epoch 721/800
161/161 - 2s - loss: 0.0023 - mae: 0.0023 - mse: 9.1476e-06 - 2s/epoch - 11ms/step
Epoch 722/800
161/161 - 2s - loss: 0.0025 - mae: 0.0025 - mse: 1.0698e-05 - 2s/epoch - 11ms/step
Epoch 723/800
161/161 - 2s - loss: 0.0022 - mae: 0.0022 - mse: 8.2895e-06 - 2s/epoch - 11ms/step
Epoch 724/800
161/161 - 2s - loss: 0.0022 - mae: 0.0022 - mse: 8.3950e-06 - 2s/epoch - 11ms/step
Epoch 725/800
161/161 - 2s - loss: 0.0022 - mae: 0.0022 - mse: 8.1224e-06 - 2s/epoch - 11ms/step
Epoch 726/800
161/161 - 2s - loss: 0.0021 - mae: 0.0021 - mse: 7.7082e-06 - 2s/epoch - 11ms/step
Epoch 727/800
161/161 - 2s - loss: 0.0023 - mae: 0.0023 - mse: 9.3988e-06 - 2s/epoch - 11ms/step
Epoch 728/800
161/161 - 2s - loss: 0.0022 - mae: 0.0022 - mse: 8.5636e-06 - 2s/epoch - 11ms/step
Epoch 729/800
161/161 - 2s - loss: 0.0023 - mae: 0.0023 - mse: 8.4864e-06 - 2s/epoch - 11ms/step
Epoch 730/800
161/161 - 2s - loss: 0.0021 - mae: 0.0021 - mse: 7.5743e-06 - 2s/epoch - 11ms/step
Epoch 731/800
161/161 - 2s - loss: 0.0021 - mae: 0.0021 - mse: 7.5452e-06 - 2s/epoch - 11ms/step
Epoch 732/800
161/161 - 2s - loss: 0.0021 - mae: 0.0021 - mse: 7.7180e-06 - 2s/epoch - 11ms/step
Epoch 733/800
161/161 - 2s - loss: 0.0020 - mae: 0.0020 - mse: 6.8751e-06 - 2s/epoch - 11ms/step
Epoch 734/800
161/161 - 2s - loss: 0.0020 - mae: 0.0020 - mse: 6.9515e-06 - 2s/epoch - 11ms/step
Epoch 735/800
161/161 - 2s - loss: 0.0020 - mae: 0.0020 - mse: 7.0692e-06 - 2s/epoch - 11ms/step
Epoch 736/800
161/161 - 2s - loss: 0.0021 - mae: 0.0021 - mse: 7.1784e-06 - 2s/epoch - 11ms/step
Epoch 737/800
161/161 - 2s - loss: 0.0020 - mae: 0.0020 - mse: 6.8778e-06 - 2s/epoch - 11ms/step
Epoch 738/800
161/161 - 2s - loss: 0.0021 - mae: 0.0021 - mse: 7.1313e-06 - 2s/epoch - 11ms/step
Epoch 739/800
161/161 - 2s - loss: 0.0020 - mae: 0.0020 - mse: 6.9413e-06 - 2s/epoch - 11ms/step
Epoch 740/800
161/161 - 2s - loss: 0.0018 - mae: 0.0018 - mse: 5.8268e-06 - 2s/epoch - 11ms/step
Epoch 741/800
161/161 - 2s - loss: 0.0019 - mae: 0.0019 - mse: 6.2374e-06 - 2s/epoch - 11ms/step
Epoch 742/800
161/161 - 2s - loss: 0.0018 - mae: 0.0018 - mse: 5.6715e-06 - 2s/epoch - 11ms/step
Epoch 743/800
161/161 - 2s - loss: 0.0017 - mae: 0.0017 - mse: 5.2109e-06 - 2s/epoch - 11ms/step
Epoch 744/800
161/161 - 2s - loss: 0.0018 - mae: 0.0018 - mse: 5.6333e-06 - 2s/epoch - 11ms/step
Epoch 745/800
161/161 - 2s - loss: 0.0018 - mae: 0.0018 - mse: 5.3674e-06 - 2s/epoch - 11ms/step
Epoch 746/800
161/161 - 2s - loss: 0.0018 - mae: 0.0018 - mse: 5.4088e-06 - 2s/epoch - 11ms/step
Epoch 747/800
161/161 - 2s - loss: 0.0017 - mae: 0.0017 - mse: 4.8550e-06 - 2s/epoch - 11ms/step
Epoch 748/800
161/161 - 2s - loss: 0.0018 - mae: 0.0018 - mse: 5.2973e-06 - 2s/epoch - 11ms/step
Epoch 749/800
161/161 - 2s - loss: 0.0017 - mae: 0.0017 - mse: 4.9742e-06 - 2s/epoch - 11ms/step
Epoch 750/800
161/161 - 2s - loss: 0.0017 - mae: 0.0017 - mse: 4.7891e-06 - 2s/epoch - 11ms/step
Epoch 751/800
161/161 - 2s - loss: 0.0018 - mae: 0.0018 - mse: 5.5128e-06 - 2s/epoch - 11ms/step
Epoch 752/800
161/161 - 2s - loss: 0.0017 - mae: 0.0017 - mse: 5.1594e-06 - 2s/epoch - 11ms/step
Epoch 753/800
161/161 - 2s - loss: 0.0017 - mae: 0.0017 - mse: 4.8311e-06 - 2s/epoch - 11ms/step
Epoch 754/800
161/161 - 2s - loss: 0.0015 - mae: 0.0015 - mse: 3.9611e-06 - 2s/epoch - 11ms/step
Epoch 755/800
161/161 - 2s - loss: 0.0015 - mae: 0.0015 - mse: 4.0335e-06 - 2s/epoch - 11ms/step
Epoch 756/800
161/161 - 2s - loss: 0.0016 - mae: 0.0016 - mse: 4.3245e-06 - 2s/epoch - 11ms/step
Epoch 757/800
161/161 - 2s - loss: 0.0015 - mae: 0.0015 - mse: 3.9142e-06 - 2s/epoch - 11ms/step
Epoch 758/800
161/161 - 2s - loss: 0.0015 - mae: 0.0015 - mse: 3.9509e-06 - 2s/epoch - 11ms/step
Epoch 759/800
161/161 - 2s - loss: 0.0015 - mae: 0.0015 - mse: 3.7367e-06 - 2s/epoch - 11ms/step
Epoch 760/800
161/161 - 2s - loss: 0.0015 - mae: 0.0015 - mse: 3.9499e-06 - 2s/epoch - 11ms/step
Epoch 761/800
161/161 - 2s - loss: 0.0014 - mae: 0.0014 - mse: 3.4349e-06 - 2s/epoch - 11ms/step
Epoch 762/800
161/161 - 2s - loss: 0.0013 - mae: 0.0013 - mse: 3.2266e-06 - 2s/epoch - 11ms/step
Epoch 763/800
161/161 - 2s - loss: 0.0014 - mae: 0.0014 - mse: 3.4067e-06 - 2s/epoch - 11ms/step
Epoch 764/800
161/161 - 2s - loss: 0.0014 - mae: 0.0014 - mse: 3.3472e-06 - 2s/epoch - 11ms/step
Epoch 765/800
161/161 - 2s - loss: 0.0014 - mae: 0.0014 - mse: 3.2696e-06 - 2s/epoch - 11ms/step
Epoch 766/800
161/161 - 2s - loss: 0.0014 - mae: 0.0014 - mse: 3.3512e-06 - 2s/epoch - 11ms/step
Epoch 767/800
161/161 - 2s - loss: 0.0013 - mae: 0.0013 - mse: 2.9550e-06 - 2s/epoch - 11ms/step
Epoch 768/800
161/161 - 2s - loss: 0.0012 - mae: 0.0012 - mse: 2.6663e-06 - 2s/epoch - 11ms/step
Epoch 769/800
161/161 - 2s - loss: 0.0012 - mae: 0.0012 - mse: 2.6849e-06 - 2s/epoch - 11ms/step
Epoch 770/800
161/161 - 2s - loss: 0.0013 - mae: 0.0013 - mse: 2.9979e-06 - 2s/epoch - 11ms/step
Epoch 771/800
161/161 - 2s - loss: 0.0013 - mae: 0.0013 - mse: 2.7857e-06 - 2s/epoch - 11ms/step
Epoch 772/800
161/161 - 2s - loss: 0.0012 - mae: 0.0012 - mse: 2.5883e-06 - 2s/epoch - 11ms/step
Epoch 773/800
161/161 - 2s - loss: 0.0012 - mae: 0.0012 - mse: 2.7203e-06 - 2s/epoch - 11ms/step
Epoch 774/800
161/161 - 2s - loss: 0.0012 - mae: 0.0012 - mse: 2.4645e-06 - 2s/epoch - 11ms/step
Epoch 775/800
161/161 - 2s - loss: 0.0011 - mae: 0.0011 - mse: 2.3271e-06 - 2s/epoch - 11ms/step
Epoch 776/800
161/161 - 2s - loss: 0.0011 - mae: 0.0011 - mse: 2.2339e-06 - 2s/epoch - 11ms/step
Epoch 777/800
161/161 - 2s - loss: 0.0010 - mae: 0.0010 - mse: 2.0444e-06 - 2s/epoch - 11ms/step
Epoch 778/800
161/161 - 2s - loss: 0.0011 - mae: 0.0011 - mse: 2.1485e-06 - 2s/epoch - 11ms/step
Epoch 779/800
161/161 - 2s - loss: 0.0010 - mae: 0.0010 - mse: 1.9039e-06 - 2s/epoch - 11ms/step
Epoch 780/800
161/161 - 2s - loss: 0.0010 - mae: 0.0010 - mse: 1.9314e-06 - 2s/epoch - 11ms/step
Epoch 781/800
161/161 - 2s - loss: 9.7951e-04 - mae: 9.7951e-04 - mse: 1.7980e-06 - 2s/epoch - 11ms/step
Epoch 782/800
161/161 - 2s - loss: 0.0010 - mae: 0.0010 - mse: 1.8997e-06 - 2s/epoch - 11ms/step
Epoch 783/800
161/161 - 2s - loss: 9.6839e-04 - mae: 9.6839e-04 - mse: 1.7671e-06 - 2s/epoch - 11ms/step
Epoch 784/800
161/161 - 2s - loss: 9.0104e-04 - mae: 9.0104e-04 - mse: 1.5977e-06 - 2s/epoch - 11ms/step
Epoch 785/800
161/161 - 2s - loss: 8.9598e-04 - mae: 8.9598e-04 - mse: 1.5736e-06 - 2s/epoch - 11ms/step
Epoch 786/800
161/161 - 2s - loss: 8.7375e-04 - mae: 8.7375e-04 - mse: 1.5035e-06 - 2s/epoch - 11ms/step
Epoch 787/800
161/161 - 2s - loss: 8.6662e-04 - mae: 8.6662e-04 - mse: 1.4997e-06 - 2s/epoch - 11ms/step
Epoch 788/800
161/161 - 2s - loss: 8.4179e-04 - mae: 8.4179e-04 - mse: 1.4109e-06 - 2s/epoch - 11ms/step
Epoch 789/800
161/161 - 2s - loss: 8.4900e-04 - mae: 8.4900e-04 - mse: 1.4387e-06 - 2s/epoch - 11ms/step
Epoch 790/800
161/161 - 2s - loss: 7.8765e-04 - mae: 7.8765e-04 - mse: 1.2928e-06 - 2s/epoch - 11ms/step
Epoch 791/800
161/161 - 2s - loss: 8.0216e-04 - mae: 8.0216e-04 - mse: 1.3417e-06 - 2s/epoch - 11ms/step
Epoch 792/800
161/161 - 2s - loss: 7.4464e-04 - mae: 7.4464e-04 - mse: 1.1786e-06 - 2s/epoch - 11ms/step
Epoch 793/800
161/161 - 2s - loss: 7.0390e-04 - mae: 7.0390e-04 - mse: 1.1139e-06 - 2s/epoch - 11ms/step
Epoch 794/800
161/161 - 2s - loss: 7.0612e-04 - mae: 7.0612e-04 - mse: 1.1192e-06 - 2s/epoch - 11ms/step
Epoch 795/800
161/161 - 2s - loss: 6.9158e-04 - mae: 6.9158e-04 - mse: 1.0702e-06 - 2s/epoch - 11ms/step
Epoch 796/800
161/161 - 2s - loss: 6.5879e-04 - mae: 6.5879e-04 - mse: 9.8935e-07 - 2s/epoch - 11ms/step
Epoch 797/800
161/161 - 2s - loss: 6.5696e-04 - mae: 6.5696e-04 - mse: 1.0198e-06 - 2s/epoch - 11ms/step
Epoch 798/800
161/161 - 2s - loss: 6.1717e-04 - mae: 6.1717e-04 - mse: 9.2795e-07 - 2s/epoch - 11ms/step
Epoch 799/800
161/161 - 2s - loss: 6.2424e-04 - mae: 6.2424e-04 - mse: 9.5552e-07 - 2s/epoch - 11ms/step
Epoch 800/800
161/161 - 2s - loss: 6.6200e-04 - mae: 6.6200e-04 - mse: 1.0051e-06 - 2s/epoch - 11ms/step
Training finished in 1480.38 seconds.

 1/81 [..............................] - ETA: 1:11
 8/81 [=>............................] - ETA: 0s  
16/81 [====>.........................] - ETA: 0s
24/81 [=======>......................] - ETA: 0s
32/81 [==========>...................] - ETA: 0s
40/81 [=============>................] - ETA: 0s
48/81 [================>.............] - ETA: 0s
56/81 [===================>..........] - ETA: 0s
64/81 [======================>.......] - ETA: 0s
72/81 [=========================>....] - ETA: 0s
80/81 [============================>.] - ETA: 0s
81/81 [==============================] - 1s 7ms/step
Fold 4 MAE: 0.0231

--- Starting Fold 5/5 ---
INFO:kgcnn.model.utils:Updated model kwargs: '{'name': 'coGN', 'inputs': {'offset': {'shape': (None, 3), 'name': 'offset', 'dtype': 'float32', 'ragged': True}, 'cell_translation': None, 'affine_matrix': None, 'voronoi_ridge_area': None, 'atomic_number': {'shape': (None,), 'name': 'atomic_number', 'dtype': 'int32', 'ragged': True}, 'frac_coords': None, 'coords': None, 'multiplicity': {'shape': (None,), 'name': 'multiplicity', 'dtype': 'int32', 'ragged': True}, 'lattice_matrix': None, 'edge_indices': {'shape': (None, 2), 'name': 'edge_indices', 'dtype': 'int32', 'ragged': True}, 'line_graph_edge_indices': None}, 'input_block_cfg': {'node_size': 128, 'edge_size': 128, 'atomic_mass': True, 'atomic_radius': True, 'electronegativity': True, 'ionization_energy': True, 'oxidation_states': True, 'edge_embedding_args': {'bins_distance': 32, 'max_distance': 8.0, 'distance_log_base': 1.0, 'bins_voronoi_area': None, 'max_voronoi_area': None}}, 'processing_blocks_cfg': [{'edge_mlp': {'units': [128, 128, 128, 128, 128], 'activation': ['swish', 'swish', 'swish', 'swish', 'swish']}, 'node_mlp': {'units': [128], 'activation': ['swish']}, 'global_mlp': None, 'nested_blocks_cfgs': None, 'aggregate_edges_local': 'sum', 'aggregate_edges_global': None, 'aggregate_nodes': None, 'return_updated_edges': False, 'return_updated_nodes': True, 'return_updated_globals': True, 'edge_attention_mlp_local': {'units': [32, 1], 'activation': ['swish', 'swish']}, 'edge_attention_mlp_global': {'units': [32, 1], 'activation': ['swish', 'swish']}, 'node_attention_mlp': {'units': [32, 1], 'activation': ['swish', 'swish']}, 'edge_gate': None, 'node_gate': None, 'global_gate': None, 'residual_node_update': True, 'residual_edge_update': False, 'residual_global_update': False, 'update_edges_input': [True, True, True, False], 'update_nodes_input': [True, False, False], 'update_global_input': [False, True, False], 'multiplicity_readout': False}, {'edge_mlp': {'units': [128, 128, 128, 128, 128], 'activation': ['swish', 'swish', 'swish', 'swish', 'swish']}, 'node_mlp': {'units': [128], 'activation': ['swish']}, 'global_mlp': None, 'nested_blocks_cfgs': None, 'aggregate_edges_local': 'sum', 'aggregate_edges_global': None, 'aggregate_nodes': None, 'return_updated_edges': False, 'return_updated_nodes': True, 'return_updated_globals': True, 'edge_attention_mlp_local': {'units': [32, 1], 'activation': ['swish', 'swish']}, 'edge_attention_mlp_global': {'units': [32, 1], 'activation': ['swish', 'swish']}, 'node_attention_mlp': {'units': [32, 1], 'activation': ['swish', 'swish']}, 'edge_gate': None, 'node_gate': None, 'global_gate': None, 'residual_node_update': True, 'residual_edge_update': False, 'residual_global_update': False, 'update_edges_input': [True, True, True, False], 'update_nodes_input': [True, False, False], 'update_global_input': [False, True, False], 'multiplicity_readout': False}, {'edge_mlp': {'units': [128, 128, 128, 128, 128], 'activation': ['swish', 'swish', 'swish', 'swish', 'swish']}, 'node_mlp': {'units': [128], 'activation': ['swish']}, 'global_mlp': None, 'nested_blocks_cfgs': None, 'aggregate_edges_local': 'sum', 'aggregate_edges_global': None, 'aggregate_nodes': None, 'return_updated_edges': False, 'return_updated_nodes': True, 'return_updated_globals': True, 'edge_attention_mlp_local': {'units': [32, 1], 'activation': ['swish', 'swish']}, 'edge_attention_mlp_global': {'units': [32, 1], 'activation': ['swish', 'swish']}, 'node_attention_mlp': {'units': [32, 1], 'activation': ['swish', 'swish']}, 'edge_gate': None, 'node_gate': None, 'global_gate': None, 'residual_node_update': True, 'residual_edge_update': False, 'residual_global_update': False, 'update_edges_input': [True, True, True, False], 'update_nodes_input': [True, False, False], 'update_global_input': [False, True, False], 'multiplicity_readout': False}, {'edge_mlp': {'units': [128, 128, 128, 128, 128], 'activation': ['swish', 'swish', 'swish', 'swish', 'swish']}, 'node_mlp': {'units': [128], 'activation': ['swish']}, 'global_mlp': None, 'nested_blocks_cfgs': None, 'aggregate_edges_local': 'sum', 'aggregate_edges_global': None, 'aggregate_nodes': None, 'return_updated_edges': False, 'return_updated_nodes': True, 'return_updated_globals': True, 'edge_attention_mlp_local': {'units': [32, 1], 'activation': ['swish', 'swish']}, 'edge_attention_mlp_global': {'units': [32, 1], 'activation': ['swish', 'swish']}, 'node_attention_mlp': {'units': [32, 1], 'activation': ['swish', 'swish']}, 'edge_gate': None, 'node_gate': None, 'global_gate': None, 'residual_node_update': True, 'residual_edge_update': False, 'residual_global_update': False, 'update_edges_input': [True, True, True, False], 'update_nodes_input': [True, False, False], 'update_global_input': [False, True, False], 'multiplicity_readout': False}, {'edge_mlp': {'units': [128, 128, 128, 128, 128], 'activation': ['swish', 'swish', 'swish', 'swish', 'swish']}, 'node_mlp': {'units': [128], 'activation': ['swish']}, 'global_mlp': None, 'nested_blocks_cfgs': None, 'aggregate_edges_local': 'sum', 'aggregate_edges_global': None, 'aggregate_nodes': None, 'return_updated_edges': False, 'return_updated_nodes': True, 'return_updated_globals': True, 'edge_attention_mlp_local': {'units': [32, 1], 'activation': ['swish', 'swish']}, 'edge_attention_mlp_global': {'units': [32, 1], 'activation': ['swish', 'swish']}, 'node_attention_mlp': {'units': [32, 1], 'activation': ['swish', 'swish']}, 'edge_gate': None, 'node_gate': None, 'global_gate': None, 'residual_node_update': True, 'residual_edge_update': False, 'residual_global_update': False, 'update_edges_input': [True, True, True, False], 'update_nodes_input': [True, False, False], 'update_global_input': [False, True, False], 'multiplicity_readout': False}], 'output_block_cfg': {'edge_mlp': None, 'node_mlp': None, 'global_mlp': {'units': [1], 'activation': ['linear']}, 'nested_blocks_cfgs': None, 'aggregate_edges_local': 'sum', 'aggregate_edges_global': None, 'aggregate_nodes': 'mean', 'return_updated_edges': False, 'return_updated_nodes': True, 'return_updated_globals': True, 'edge_attention_mlp_local': {'units': [32, 1], 'activation': ['swish', 'swish']}, 'edge_attention_mlp_global': {'units': [32, 1], 'activation': ['swish', 'swish']}, 'node_attention_mlp': {'units': [32, 1], 'activation': ['swish', 'swish']}, 'edge_gate': None, 'node_gate': None, 'global_gate': None, 'residual_node_update': False, 'residual_edge_update': False, 'residual_global_update': False, 'update_edges_input': [True, True, True, False], 'update_nodes_input': [True, False, False], 'update_global_input': [False, True, False], 'multiplicity_readout': True}}'.
/gpfs/scratch/acad/htforft/rgouvea/other_datasets/processed_datasets/.venv/lib/python3.9/site-packages/kgcnn/crystal/periodic_table/periodic_table.py:30: FutureWarning: A value is trying to be set on a copy of a DataFrame or Series through chained assignment using an inplace method.
The behavior will change in pandas 3.0. This inplace method will never work because the intermediate object on which we are setting values always behaves as a copy.

For example, when doing 'df[col].method(value, inplace=True)', try using 'df.method({col: value}, inplace=True)' or df[col] = df[col].method(value) instead, to perform the operation inplace on the original object.


  self.data['AtomicRadius'].fillna(imputation_atomic_radius, inplace=True)
/gpfs/scratch/acad/htforft/rgouvea/other_datasets/processed_datasets/.venv/lib/python3.9/site-packages/kgcnn/crystal/periodic_table/periodic_table.py:32: FutureWarning: A value is trying to be set on a copy of a DataFrame or Series through chained assignment using an inplace method.
The behavior will change in pandas 3.0. This inplace method will never work because the intermediate object on which we are setting values always behaves as a copy.

For example, when doing 'df[col].method(value, inplace=True)', try using 'df.method({col: value}, inplace=True)' or df[col] = df[col].method(value) instead, to perform the operation inplace on the original object.


  self.data['Electronegativity'].fillna(imputation_electronegativity, inplace=True)
/gpfs/scratch/acad/htforft/rgouvea/other_datasets/processed_datasets/.venv/lib/python3.9/site-packages/kgcnn/crystal/periodic_table/periodic_table.py:33: FutureWarning: A value is trying to be set on a copy of a DataFrame or Series through chained assignment using an inplace method.
The behavior will change in pandas 3.0. This inplace method will never work because the intermediate object on which we are setting values always behaves as a copy.

For example, when doing 'df[col].method(value, inplace=True)', try using 'df.method({col: value}, inplace=True)' or df[col] = df[col].method(value) instead, to perform the operation inplace on the original object.


  self.data['IonizationEnergy'].fillna(imputation_ionization_energy, inplace=True)
[<KerasTensor: type_spec=RaggedTensorSpec(TensorShape([None, None, 3]), tf.float32, 1, tf.int64) (created by layer 'offset')>, <KerasTensor: type_spec=RaggedTensorSpec(TensorShape([None, None]), tf.int32, 1, tf.int64) (created by layer 'atomic_number')>, <KerasTensor: type_spec=RaggedTensorSpec(TensorShape([None, None]), tf.int32, 1, tf.int64) (created by layer 'multiplicity')>, <KerasTensor: type_spec=RaggedTensorSpec(TensorShape([None, None, 2]), tf.int32, 1, tf.int64) (created by layer 'edge_indices')>]
Training on 10252 samples...
Epoch 1/800
/gpfs/scratch/acad/htforft/rgouvea/other_datasets/processed_datasets/.venv/lib/python3.9/site-packages/tensorflow/python/framework/indexed_slices.py:444: UserWarning: Converting sparse IndexedSlices(IndexedSlices(indices=Tensor("gradient_tape/coGN/sequential_graph_network_9/graph_network_49/gather_embedding_selection_68/Reshape_1:0", shape=(None,), dtype=int32), values=Tensor("gradient_tape/coGN/sequential_graph_network_9/graph_network_49/gather_embedding_selection_68/Reshape:0", shape=(None, 128), dtype=float32), dense_shape=Tensor("gradient_tape/coGN/sequential_graph_network_9/graph_network_49/gather_embedding_selection_68/Cast:0", shape=(2,), dtype=int32))) to a dense Tensor of unknown shape. This may consume a large amount of memory.
  warnings.warn(
/gpfs/scratch/acad/htforft/rgouvea/other_datasets/processed_datasets/.venv/lib/python3.9/site-packages/tensorflow/python/framework/indexed_slices.py:444: UserWarning: Converting sparse IndexedSlices(IndexedSlices(indices=Tensor("gradient_tape/coGN/sequential_graph_network_9/graph_network_49/gather_embedding_selection_68/Reshape_3:0", shape=(None,), dtype=int32), values=Tensor("gradient_tape/coGN/sequential_graph_network_9/graph_network_49/gather_embedding_selection_68/Reshape_2:0", shape=(None, 128), dtype=float32), dense_shape=Tensor("gradient_tape/coGN/sequential_graph_network_9/graph_network_49/gather_embedding_selection_68/Cast_1:0", shape=(2,), dtype=int32))) to a dense Tensor of unknown shape. This may consume a large amount of memory.
  warnings.warn(
/gpfs/scratch/acad/htforft/rgouvea/other_datasets/processed_datasets/.venv/lib/python3.9/site-packages/tensorflow/python/framework/indexed_slices.py:444: UserWarning: Converting sparse IndexedSlices(IndexedSlices(indices=Tensor("gradient_tape/coGN/sequential_graph_network_9/graph_network_48/gather_embedding_selection_67/Reshape_1:0", shape=(None,), dtype=int32), values=Tensor("gradient_tape/coGN/sequential_graph_network_9/graph_network_48/gather_embedding_selection_67/Reshape:0", shape=(None, 128), dtype=float32), dense_shape=Tensor("gradient_tape/coGN/sequential_graph_network_9/graph_network_48/gather_embedding_selection_67/Cast:0", shape=(2,), dtype=int32))) to a dense Tensor of unknown shape. This may consume a large amount of memory.
  warnings.warn(
/gpfs/scratch/acad/htforft/rgouvea/other_datasets/processed_datasets/.venv/lib/python3.9/site-packages/tensorflow/python/framework/indexed_slices.py:444: UserWarning: Converting sparse IndexedSlices(IndexedSlices(indices=Tensor("gradient_tape/coGN/sequential_graph_network_9/graph_network_48/gather_embedding_selection_67/Reshape_3:0", shape=(None,), dtype=int32), values=Tensor("gradient_tape/coGN/sequential_graph_network_9/graph_network_48/gather_embedding_selection_67/Reshape_2:0", shape=(None, 128), dtype=float32), dense_shape=Tensor("gradient_tape/coGN/sequential_graph_network_9/graph_network_48/gather_embedding_selection_67/Cast_1:0", shape=(2,), dtype=int32))) to a dense Tensor of unknown shape. This may consume a large amount of memory.
  warnings.warn(
/gpfs/scratch/acad/htforft/rgouvea/other_datasets/processed_datasets/.venv/lib/python3.9/site-packages/tensorflow/python/framework/indexed_slices.py:444: UserWarning: Converting sparse IndexedSlices(IndexedSlices(indices=Tensor("gradient_tape/coGN/sequential_graph_network_9/graph_network_47/gather_embedding_selection_66/Reshape_1:0", shape=(None,), dtype=int32), values=Tensor("gradient_tape/coGN/sequential_graph_network_9/graph_network_47/gather_embedding_selection_66/Reshape:0", shape=(None, 128), dtype=float32), dense_shape=Tensor("gradient_tape/coGN/sequential_graph_network_9/graph_network_47/gather_embedding_selection_66/Cast:0", shape=(2,), dtype=int32))) to a dense Tensor of unknown shape. This may consume a large amount of memory.
  warnings.warn(
/gpfs/scratch/acad/htforft/rgouvea/other_datasets/processed_datasets/.venv/lib/python3.9/site-packages/tensorflow/python/framework/indexed_slices.py:444: UserWarning: Converting sparse IndexedSlices(IndexedSlices(indices=Tensor("gradient_tape/coGN/sequential_graph_network_9/graph_network_47/gather_embedding_selection_66/Reshape_3:0", shape=(None,), dtype=int32), values=Tensor("gradient_tape/coGN/sequential_graph_network_9/graph_network_47/gather_embedding_selection_66/Reshape_2:0", shape=(None, 128), dtype=float32), dense_shape=Tensor("gradient_tape/coGN/sequential_graph_network_9/graph_network_47/gather_embedding_selection_66/Cast_1:0", shape=(2,), dtype=int32))) to a dense Tensor of unknown shape. This may consume a large amount of memory.
  warnings.warn(
/gpfs/scratch/acad/htforft/rgouvea/other_datasets/processed_datasets/.venv/lib/python3.9/site-packages/tensorflow/python/framework/indexed_slices.py:444: UserWarning: Converting sparse IndexedSlices(IndexedSlices(indices=Tensor("gradient_tape/coGN/sequential_graph_network_9/graph_network_46/gather_embedding_selection_65/Reshape_1:0", shape=(None,), dtype=int32), values=Tensor("gradient_tape/coGN/sequential_graph_network_9/graph_network_46/gather_embedding_selection_65/Reshape:0", shape=(None, 128), dtype=float32), dense_shape=Tensor("gradient_tape/coGN/sequential_graph_network_9/graph_network_46/gather_embedding_selection_65/Cast:0", shape=(2,), dtype=int32))) to a dense Tensor of unknown shape. This may consume a large amount of memory.
  warnings.warn(
/gpfs/scratch/acad/htforft/rgouvea/other_datasets/processed_datasets/.venv/lib/python3.9/site-packages/tensorflow/python/framework/indexed_slices.py:444: UserWarning: Converting sparse IndexedSlices(IndexedSlices(indices=Tensor("gradient_tape/coGN/sequential_graph_network_9/graph_network_46/gather_embedding_selection_65/Reshape_3:0", shape=(None,), dtype=int32), values=Tensor("gradient_tape/coGN/sequential_graph_network_9/graph_network_46/gather_embedding_selection_65/Reshape_2:0", shape=(None, 128), dtype=float32), dense_shape=Tensor("gradient_tape/coGN/sequential_graph_network_9/graph_network_46/gather_embedding_selection_65/Cast_1:0", shape=(2,), dtype=int32))) to a dense Tensor of unknown shape. This may consume a large amount of memory.
  warnings.warn(
/gpfs/scratch/acad/htforft/rgouvea/other_datasets/processed_datasets/.venv/lib/python3.9/site-packages/tensorflow/python/framework/indexed_slices.py:444: UserWarning: Converting sparse IndexedSlices(IndexedSlices(indices=Tensor("gradient_tape/coGN/sequential_graph_network_9/graph_network_45/gather_embedding_selection_64/Reshape_1:0", shape=(None,), dtype=int32), values=Tensor("gradient_tape/coGN/sequential_graph_network_9/graph_network_45/gather_embedding_selection_64/Reshape:0", shape=(None, 128), dtype=float32), dense_shape=Tensor("gradient_tape/coGN/sequential_graph_network_9/graph_network_45/gather_embedding_selection_64/Cast:0", shape=(2,), dtype=int32))) to a dense Tensor of unknown shape. This may consume a large amount of memory.
  warnings.warn(
/gpfs/scratch/acad/htforft/rgouvea/other_datasets/processed_datasets/.venv/lib/python3.9/site-packages/tensorflow/python/framework/indexed_slices.py:444: UserWarning: Converting sparse IndexedSlices(IndexedSlices(indices=Tensor("gradient_tape/coGN/sequential_graph_network_9/graph_network_45/gather_embedding_selection_64/Reshape_3:0", shape=(None,), dtype=int32), values=Tensor("gradient_tape/coGN/sequential_graph_network_9/graph_network_45/gather_embedding_selection_64/Reshape_2:0", shape=(None, 128), dtype=float32), dense_shape=Tensor("gradient_tape/coGN/sequential_graph_network_9/graph_network_45/gather_embedding_selection_64/Cast_1:0", shape=(2,), dtype=int32))) to a dense Tensor of unknown shape. This may consume a large amount of memory.
  warnings.warn(
161/161 - 4s - loss: 0.4151 - mae: 0.4151 - mse: 0.4551 - 4s/epoch - 28ms/step
Epoch 2/800
161/161 - 2s - loss: 0.2508 - mae: 0.2508 - mse: 0.1160 - 2s/epoch - 11ms/step
Epoch 3/800
161/161 - 2s - loss: 0.1941 - mae: 0.1941 - mse: 0.0667 - 2s/epoch - 11ms/step
Epoch 4/800
161/161 - 2s - loss: 0.1667 - mae: 0.1667 - mse: 0.0492 - 2s/epoch - 11ms/step
Epoch 5/800
161/161 - 2s - loss: 0.1429 - mae: 0.1429 - mse: 0.0372 - 2s/epoch - 11ms/step
Epoch 6/800
161/161 - 2s - loss: 0.1201 - mae: 0.1201 - mse: 0.0251 - 2s/epoch - 11ms/step
Epoch 7/800
161/161 - 2s - loss: 0.1090 - mae: 0.1090 - mse: 0.0201 - 2s/epoch - 11ms/step
Epoch 8/800
161/161 - 2s - loss: 0.0939 - mae: 0.0939 - mse: 0.0156 - 2s/epoch - 11ms/step
Epoch 9/800
161/161 - 2s - loss: 0.0819 - mae: 0.0819 - mse: 0.0115 - 2s/epoch - 11ms/step
Epoch 10/800
161/161 - 2s - loss: 0.0794 - mae: 0.0794 - mse: 0.0106 - 2s/epoch - 11ms/step
Epoch 11/800
161/161 - 2s - loss: 0.0729 - mae: 0.0729 - mse: 0.0092 - 2s/epoch - 11ms/step
Epoch 12/800
161/161 - 2s - loss: 0.0755 - mae: 0.0755 - mse: 0.0098 - 2s/epoch - 11ms/step
Epoch 13/800
161/161 - 2s - loss: 0.0690 - mae: 0.0690 - mse: 0.0081 - 2s/epoch - 11ms/step
Epoch 14/800
161/161 - 2s - loss: 0.0739 - mae: 0.0739 - mse: 0.0090 - 2s/epoch - 11ms/step
Epoch 15/800
161/161 - 2s - loss: 0.0652 - mae: 0.0652 - mse: 0.0073 - 2s/epoch - 11ms/step
Epoch 16/800
161/161 - 2s - loss: 0.0597 - mae: 0.0597 - mse: 0.0061 - 2s/epoch - 11ms/step
Epoch 17/800
161/161 - 2s - loss: 0.0670 - mae: 0.0670 - mse: 0.0075 - 2s/epoch - 11ms/step
Epoch 18/800
161/161 - 2s - loss: 0.0615 - mae: 0.0615 - mse: 0.0064 - 2s/epoch - 11ms/step
Epoch 19/800
161/161 - 2s - loss: 0.0597 - mae: 0.0597 - mse: 0.0061 - 2s/epoch - 11ms/step
Epoch 20/800
161/161 - 2s - loss: 0.0578 - mae: 0.0578 - mse: 0.0057 - 2s/epoch - 11ms/step
Epoch 21/800
161/161 - 2s - loss: 0.0584 - mae: 0.0584 - mse: 0.0058 - 2s/epoch - 11ms/step
Epoch 22/800
161/161 - 2s - loss: 0.0584 - mae: 0.0584 - mse: 0.0057 - 2s/epoch - 11ms/step
Epoch 23/800
161/161 - 2s - loss: 0.0575 - mae: 0.0575 - mse: 0.0056 - 2s/epoch - 11ms/step
Epoch 24/800
161/161 - 2s - loss: 0.0571 - mae: 0.0571 - mse: 0.0055 - 2s/epoch - 11ms/step
Epoch 25/800
161/161 - 2s - loss: 0.0560 - mae: 0.0560 - mse: 0.0053 - 2s/epoch - 11ms/step
Epoch 26/800
161/161 - 2s - loss: 0.0528 - mae: 0.0528 - mse: 0.0047 - 2s/epoch - 11ms/step
Epoch 27/800
161/161 - 2s - loss: 0.0548 - mae: 0.0548 - mse: 0.0051 - 2s/epoch - 11ms/step
Epoch 28/800
161/161 - 2s - loss: 0.0555 - mae: 0.0555 - mse: 0.0051 - 2s/epoch - 11ms/step
Epoch 29/800
161/161 - 2s - loss: 0.0516 - mae: 0.0516 - mse: 0.0045 - 2s/epoch - 11ms/step
Epoch 30/800
161/161 - 2s - loss: 0.0484 - mae: 0.0484 - mse: 0.0040 - 2s/epoch - 11ms/step
Epoch 31/800
161/161 - 2s - loss: 0.0520 - mae: 0.0520 - mse: 0.0047 - 2s/epoch - 11ms/step
Epoch 32/800
161/161 - 2s - loss: 0.0517 - mae: 0.0517 - mse: 0.0046 - 2s/epoch - 11ms/step
Epoch 33/800
161/161 - 2s - loss: 0.0523 - mae: 0.0523 - mse: 0.0046 - 2s/epoch - 11ms/step
Epoch 34/800
161/161 - 2s - loss: 0.0504 - mae: 0.0504 - mse: 0.0042 - 2s/epoch - 11ms/step
Epoch 35/800
161/161 - 2s - loss: 0.0460 - mae: 0.0460 - mse: 0.0036 - 2s/epoch - 11ms/step
Epoch 36/800
161/161 - 2s - loss: 0.0491 - mae: 0.0491 - mse: 0.0040 - 2s/epoch - 11ms/step
Epoch 37/800
161/161 - 2s - loss: 0.0453 - mae: 0.0453 - mse: 0.0035 - 2s/epoch - 11ms/step
Epoch 38/800
161/161 - 2s - loss: 0.0495 - mae: 0.0495 - mse: 0.0041 - 2s/epoch - 11ms/step
Epoch 39/800
161/161 - 2s - loss: 0.0485 - mae: 0.0485 - mse: 0.0039 - 2s/epoch - 11ms/step
Epoch 40/800
161/161 - 2s - loss: 0.0504 - mae: 0.0504 - mse: 0.0042 - 2s/epoch - 11ms/step
Epoch 41/800
161/161 - 2s - loss: 0.0479 - mae: 0.0479 - mse: 0.0039 - 2s/epoch - 11ms/step
Epoch 42/800
161/161 - 2s - loss: 0.0466 - mae: 0.0466 - mse: 0.0037 - 2s/epoch - 11ms/step
Epoch 43/800
161/161 - 2s - loss: 0.0510 - mae: 0.0510 - mse: 0.0043 - 2s/epoch - 11ms/step
Epoch 44/800
161/161 - 2s - loss: 0.0488 - mae: 0.0488 - mse: 0.0040 - 2s/epoch - 11ms/step
Epoch 45/800
161/161 - 2s - loss: 0.0427 - mae: 0.0427 - mse: 0.0031 - 2s/epoch - 11ms/step
Epoch 46/800
161/161 - 2s - loss: 0.0491 - mae: 0.0491 - mse: 0.0040 - 2s/epoch - 11ms/step
Epoch 47/800
161/161 - 2s - loss: 0.0437 - mae: 0.0437 - mse: 0.0032 - 2s/epoch - 11ms/step
Epoch 48/800
161/161 - 2s - loss: 0.0459 - mae: 0.0459 - mse: 0.0035 - 2s/epoch - 11ms/step
Epoch 49/800
161/161 - 2s - loss: 0.0440 - mae: 0.0440 - mse: 0.0033 - 2s/epoch - 11ms/step
Epoch 50/800
161/161 - 2s - loss: 0.0464 - mae: 0.0464 - mse: 0.0036 - 2s/epoch - 11ms/step
Epoch 51/800
161/161 - 2s - loss: 0.0461 - mae: 0.0461 - mse: 0.0036 - 2s/epoch - 11ms/step
Epoch 52/800
161/161 - 2s - loss: 0.0442 - mae: 0.0442 - mse: 0.0033 - 2s/epoch - 11ms/step
Epoch 53/800
161/161 - 2s - loss: 0.0460 - mae: 0.0460 - mse: 0.0036 - 2s/epoch - 11ms/step
Epoch 54/800
161/161 - 2s - loss: 0.0413 - mae: 0.0413 - mse: 0.0029 - 2s/epoch - 11ms/step
Epoch 55/800
161/161 - 2s - loss: 0.0433 - mae: 0.0433 - mse: 0.0031 - 2s/epoch - 11ms/step
Epoch 56/800
161/161 - 2s - loss: 0.0437 - mae: 0.0437 - mse: 0.0032 - 2s/epoch - 11ms/step
Epoch 57/800
161/161 - 2s - loss: 0.0425 - mae: 0.0425 - mse: 0.0030 - 2s/epoch - 11ms/step
Epoch 58/800
161/161 - 2s - loss: 0.0422 - mae: 0.0422 - mse: 0.0031 - 2s/epoch - 11ms/step
Epoch 59/800
161/161 - 2s - loss: 0.0454 - mae: 0.0454 - mse: 0.0034 - 2s/epoch - 11ms/step
Epoch 60/800
161/161 - 2s - loss: 0.0389 - mae: 0.0389 - mse: 0.0026 - 2s/epoch - 11ms/step
Epoch 61/800
161/161 - 2s - loss: 0.0406 - mae: 0.0406 - mse: 0.0028 - 2s/epoch - 11ms/step
Epoch 62/800
161/161 - 2s - loss: 0.0425 - mae: 0.0425 - mse: 0.0031 - 2s/epoch - 11ms/step
Epoch 63/800
161/161 - 2s - loss: 0.0381 - mae: 0.0381 - mse: 0.0025 - 2s/epoch - 11ms/step
Epoch 64/800
161/161 - 2s - loss: 0.0415 - mae: 0.0415 - mse: 0.0029 - 2s/epoch - 11ms/step
Epoch 65/800
161/161 - 2s - loss: 0.0394 - mae: 0.0394 - mse: 0.0026 - 2s/epoch - 11ms/step
Epoch 66/800
161/161 - 2s - loss: 0.0409 - mae: 0.0409 - mse: 0.0028 - 2s/epoch - 11ms/step
Epoch 67/800
161/161 - 2s - loss: 0.0402 - mae: 0.0402 - mse: 0.0027 - 2s/epoch - 11ms/step
Epoch 68/800
161/161 - 2s - loss: 0.0426 - mae: 0.0426 - mse: 0.0030 - 2s/epoch - 11ms/step
Epoch 69/800
161/161 - 2s - loss: 0.0400 - mae: 0.0400 - mse: 0.0027 - 2s/epoch - 11ms/step
Epoch 70/800
161/161 - 2s - loss: 0.0382 - mae: 0.0382 - mse: 0.0025 - 2s/epoch - 11ms/step
Epoch 71/800
161/161 - 2s - loss: 0.0377 - mae: 0.0377 - mse: 0.0024 - 2s/epoch - 11ms/step
Epoch 72/800
161/161 - 2s - loss: 0.0393 - mae: 0.0393 - mse: 0.0026 - 2s/epoch - 11ms/step
Epoch 73/800
161/161 - 2s - loss: 0.0399 - mae: 0.0399 - mse: 0.0027 - 2s/epoch - 11ms/step
Epoch 74/800
161/161 - 2s - loss: 0.0392 - mae: 0.0392 - mse: 0.0026 - 2s/epoch - 11ms/step
Epoch 75/800
161/161 - 2s - loss: 0.0382 - mae: 0.0382 - mse: 0.0025 - 2s/epoch - 11ms/step
Epoch 76/800
161/161 - 2s - loss: 0.0377 - mae: 0.0377 - mse: 0.0024 - 2s/epoch - 11ms/step
Epoch 77/800
161/161 - 2s - loss: 0.0381 - mae: 0.0381 - mse: 0.0024 - 2s/epoch - 11ms/step
Epoch 78/800
161/161 - 2s - loss: 0.0377 - mae: 0.0377 - mse: 0.0024 - 2s/epoch - 11ms/step
Epoch 79/800
161/161 - 2s - loss: 0.0379 - mae: 0.0379 - mse: 0.0024 - 2s/epoch - 11ms/step
Epoch 80/800
161/161 - 2s - loss: 0.0378 - mae: 0.0378 - mse: 0.0024 - 2s/epoch - 11ms/step
Epoch 81/800
161/161 - 2s - loss: 0.0361 - mae: 0.0361 - mse: 0.0022 - 2s/epoch - 11ms/step
Epoch 82/800
161/161 - 2s - loss: 0.0369 - mae: 0.0369 - mse: 0.0023 - 2s/epoch - 11ms/step
Epoch 83/800
161/161 - 2s - loss: 0.0377 - mae: 0.0377 - mse: 0.0023 - 2s/epoch - 11ms/step
Epoch 84/800
161/161 - 2s - loss: 0.0353 - mae: 0.0353 - mse: 0.0021 - 2s/epoch - 11ms/step
Epoch 85/800
161/161 - 2s - loss: 0.0345 - mae: 0.0345 - mse: 0.0020 - 2s/epoch - 11ms/step
Epoch 86/800
161/161 - 2s - loss: 0.0354 - mae: 0.0354 - mse: 0.0021 - 2s/epoch - 11ms/step
Epoch 87/800
161/161 - 2s - loss: 0.0357 - mae: 0.0357 - mse: 0.0022 - 2s/epoch - 11ms/step
Epoch 88/800
161/161 - 2s - loss: 0.0350 - mae: 0.0350 - mse: 0.0020 - 2s/epoch - 11ms/step
Epoch 89/800
161/161 - 2s - loss: 0.0337 - mae: 0.0337 - mse: 0.0019 - 2s/epoch - 11ms/step
Epoch 90/800
161/161 - 2s - loss: 0.0373 - mae: 0.0373 - mse: 0.0023 - 2s/epoch - 11ms/step
Epoch 91/800
161/161 - 2s - loss: 0.0355 - mae: 0.0355 - mse: 0.0021 - 2s/epoch - 11ms/step
Epoch 92/800
161/161 - 2s - loss: 0.0335 - mae: 0.0335 - mse: 0.0019 - 2s/epoch - 11ms/step
Epoch 93/800
161/161 - 2s - loss: 0.0335 - mae: 0.0335 - mse: 0.0019 - 2s/epoch - 11ms/step
Epoch 94/800
161/161 - 2s - loss: 0.0329 - mae: 0.0329 - mse: 0.0019 - 2s/epoch - 11ms/step
Epoch 95/800
161/161 - 2s - loss: 0.0332 - mae: 0.0332 - mse: 0.0019 - 2s/epoch - 11ms/step
Epoch 96/800
161/161 - 2s - loss: 0.0351 - mae: 0.0351 - mse: 0.0020 - 2s/epoch - 11ms/step
Epoch 97/800
161/161 - 2s - loss: 0.0328 - mae: 0.0328 - mse: 0.0018 - 2s/epoch - 11ms/step
Epoch 98/800
161/161 - 2s - loss: 0.0321 - mae: 0.0321 - mse: 0.0018 - 2s/epoch - 11ms/step
Epoch 99/800
161/161 - 2s - loss: 0.0320 - mae: 0.0320 - mse: 0.0017 - 2s/epoch - 11ms/step
Epoch 100/800
161/161 - 2s - loss: 0.0352 - mae: 0.0352 - mse: 0.0021 - 2s/epoch - 11ms/step
Epoch 101/800
161/161 - 2s - loss: 0.0339 - mae: 0.0339 - mse: 0.0019 - 2s/epoch - 11ms/step
Epoch 102/800
161/161 - 2s - loss: 0.0343 - mae: 0.0343 - mse: 0.0020 - 2s/epoch - 11ms/step
Epoch 103/800
161/161 - 2s - loss: 0.0321 - mae: 0.0321 - mse: 0.0017 - 2s/epoch - 11ms/step
Epoch 104/800
161/161 - 2s - loss: 0.0315 - mae: 0.0315 - mse: 0.0017 - 2s/epoch - 11ms/step
Epoch 105/800
161/161 - 2s - loss: 0.0333 - mae: 0.0333 - mse: 0.0019 - 2s/epoch - 11ms/step
Epoch 106/800
161/161 - 2s - loss: 0.0337 - mae: 0.0337 - mse: 0.0019 - 2s/epoch - 11ms/step
Epoch 107/800
161/161 - 2s - loss: 0.0331 - mae: 0.0331 - mse: 0.0018 - 2s/epoch - 11ms/step
Epoch 108/800
161/161 - 2s - loss: 0.0317 - mae: 0.0317 - mse: 0.0017 - 2s/epoch - 11ms/step
Epoch 109/800
161/161 - 2s - loss: 0.0315 - mae: 0.0315 - mse: 0.0017 - 2s/epoch - 11ms/step
Epoch 110/800
161/161 - 2s - loss: 0.0332 - mae: 0.0332 - mse: 0.0019 - 2s/epoch - 11ms/step
Epoch 111/800
161/161 - 2s - loss: 0.0301 - mae: 0.0301 - mse: 0.0015 - 2s/epoch - 11ms/step
Epoch 112/800
161/161 - 2s - loss: 0.0299 - mae: 0.0299 - mse: 0.0015 - 2s/epoch - 11ms/step
Epoch 113/800
161/161 - 2s - loss: 0.0295 - mae: 0.0295 - mse: 0.0015 - 2s/epoch - 11ms/step
Epoch 114/800
161/161 - 2s - loss: 0.0307 - mae: 0.0307 - mse: 0.0016 - 2s/epoch - 11ms/step
Epoch 115/800
161/161 - 2s - loss: 0.0307 - mae: 0.0307 - mse: 0.0016 - 2s/epoch - 11ms/step
Epoch 116/800
161/161 - 2s - loss: 0.0321 - mae: 0.0321 - mse: 0.0017 - 2s/epoch - 11ms/step
Epoch 117/800
161/161 - 2s - loss: 0.0306 - mae: 0.0306 - mse: 0.0016 - 2s/epoch - 11ms/step
Epoch 118/800
161/161 - 2s - loss: 0.0305 - mae: 0.0305 - mse: 0.0016 - 2s/epoch - 11ms/step
Epoch 119/800
161/161 - 2s - loss: 0.0309 - mae: 0.0309 - mse: 0.0016 - 2s/epoch - 11ms/step
Epoch 120/800
161/161 - 2s - loss: 0.0299 - mae: 0.0299 - mse: 0.0015 - 2s/epoch - 11ms/step
Epoch 121/800
161/161 - 2s - loss: 0.0295 - mae: 0.0295 - mse: 0.0015 - 2s/epoch - 11ms/step
Epoch 122/800
161/161 - 2s - loss: 0.0286 - mae: 0.0286 - mse: 0.0014 - 2s/epoch - 11ms/step
Epoch 123/800
161/161 - 2s - loss: 0.0284 - mae: 0.0284 - mse: 0.0014 - 2s/epoch - 11ms/step
Epoch 124/800
161/161 - 2s - loss: 0.0323 - mae: 0.0323 - mse: 0.0017 - 2s/epoch - 11ms/step
Epoch 125/800
161/161 - 2s - loss: 0.0285 - mae: 0.0285 - mse: 0.0014 - 2s/epoch - 11ms/step
Epoch 126/800
161/161 - 2s - loss: 0.0291 - mae: 0.0291 - mse: 0.0014 - 2s/epoch - 11ms/step
Epoch 127/800
slurmstepd: error: *** JOB 10798662 ON cna050 CANCELLED AT 2025-10-15T15:35:45 DUE TO TIME LIMIT ***

Resources Used

Total Memory used                        - MEM              : 7.7GiB
Total CPU Time                           - CPU_Time         : 02:00:15
Execution Time                           - Wall_Time        : 02:00:15
total programme cpu time                 - Total_CPU        : 01:50:20
Total_CPU / CPU_Time  (%)                - ETA              : 91%
Number of alloc CPU                      - NCPUS            : 1
Number of Mobilized Resources per Job    - NCPUS_EQUIV_PJOB : 64
Mobilized Resources x Execution Time     - R_Wall_Time      : 5-08:16:00
CPU_Time / R_Wall_Time (%)               - ALPHA            : 1%
Energy (Joules)                                             : unknown

