Job started on Thu Oct 16 15:35:40 CEST 2025
Running on node(s): cna039
2025-10-16 15:35:44.749040: I tensorflow/core/platform/cpu_feature_guard.cc:193] This TensorFlow binary is optimized with oneAPI Deep Neural Network Library (oneDNN) to use the following CPU instructions in performance-critical operations:  AVX2 FMA
To enable them in other operations, rebuild TensorFlow with the appropriate compiler flags.
2025-10-16 15:35:45.393570: E tensorflow/stream_executor/cuda/cuda_blas.cc:2981] Unable to register cuBLAS factory: Attempting to register factory for plugin cuBLAS when one has already been registered
2025-10-16 15:35:47.435589: W tensorflow/stream_executor/platform/default/dso_loader.cc:64] Could not load dynamic library 'libnvinfer.so.7'; dlerror: libnvinfer.so.7: cannot open shared object file: No such file or directory; LD_LIBRARY_PATH: /gpfs/softs/easybuild/software/cuDNN/8.4.1.50-CUDA-11.7.0/lib:/gpfs/softs/easybuild/software/CUDA/11.7.0/nvvm/lib64:/gpfs/softs/easybuild/software/CUDA/11.7.0/extras/CUPTI/lib64:/gpfs/softs/easybuild/software/CUDA/11.7.0/lib
2025-10-16 15:35:47.435773: W tensorflow/stream_executor/platform/default/dso_loader.cc:64] Could not load dynamic library 'libnvinfer_plugin.so.7'; dlerror: libnvinfer_plugin.so.7: cannot open shared object file: No such file or directory; LD_LIBRARY_PATH: /gpfs/softs/easybuild/software/cuDNN/8.4.1.50-CUDA-11.7.0/lib:/gpfs/softs/easybuild/software/CUDA/11.7.0/nvvm/lib64:/gpfs/softs/easybuild/software/CUDA/11.7.0/extras/CUPTI/lib64:/gpfs/softs/easybuild/software/CUDA/11.7.0/lib
2025-10-16 15:35:47.435791: W tensorflow/compiler/tf2tensorrt/utils/py_utils.cc:38] TF-TRT Warning: Cannot dlopen some TensorRT libraries. If you would like to use Nvidia GPU with TensorRT, please make sure the missing libraries mentioned above are installed properly.

================================================================================
STARTING TASK: double_perovskites_gap_1306
================================================================================

Loading data from './featurize_with_MM/double_perovskites_gap_1306.csv'...
Parsing structure data from 'structure' column...
Data loading and parsing complete.
Found cached preprocessed file: dataset_cache/double_perovskites_gap_1306/5f6360b5449d4ed20471a56eb03cf1b6.h5

--- Starting Fold 1/5 ---
INFO:kgcnn.model.utils:Updated model kwargs: '{'name': 'coGN', 'inputs': {'offset': {'shape': (None, 3), 'name': 'offset', 'dtype': 'float32', 'ragged': True}, 'cell_translation': None, 'affine_matrix': None, 'voronoi_ridge_area': None, 'atomic_number': {'shape': (None,), 'name': 'atomic_number', 'dtype': 'int32', 'ragged': True}, 'frac_coords': None, 'coords': None, 'multiplicity': {'shape': (None,), 'name': 'multiplicity', 'dtype': 'int32', 'ragged': True}, 'lattice_matrix': None, 'edge_indices': {'shape': (None, 2), 'name': 'edge_indices', 'dtype': 'int32', 'ragged': True}, 'line_graph_edge_indices': None}, 'input_block_cfg': {'node_size': 128, 'edge_size': 128, 'atomic_mass': True, 'atomic_radius': True, 'electronegativity': True, 'ionization_energy': True, 'oxidation_states': True, 'edge_embedding_args': {'bins_distance': 32, 'max_distance': 8.0, 'distance_log_base': 1.0, 'bins_voronoi_area': None, 'max_voronoi_area': None}}, 'processing_blocks_cfg': [{'edge_mlp': {'units': [128, 128, 128, 128, 128], 'activation': ['swish', 'swish', 'swish', 'swish', 'swish']}, 'node_mlp': {'units': [128], 'activation': ['swish']}, 'global_mlp': None, 'nested_blocks_cfgs': None, 'aggregate_edges_local': 'sum', 'aggregate_edges_global': None, 'aggregate_nodes': None, 'return_updated_edges': False, 'return_updated_nodes': True, 'return_updated_globals': True, 'edge_attention_mlp_local': {'units': [32, 1], 'activation': ['swish', 'swish']}, 'edge_attention_mlp_global': {'units': [32, 1], 'activation': ['swish', 'swish']}, 'node_attention_mlp': {'units': [32, 1], 'activation': ['swish', 'swish']}, 'edge_gate': None, 'node_gate': None, 'global_gate': None, 'residual_node_update': True, 'residual_edge_update': False, 'residual_global_update': False, 'update_edges_input': [True, True, True, False], 'update_nodes_input': [True, False, False], 'update_global_input': [False, True, False], 'multiplicity_readout': False}, {'edge_mlp': {'units': [128, 128, 128, 128, 128], 'activation': ['swish', 'swish', 'swish', 'swish', 'swish']}, 'node_mlp': {'units': [128], 'activation': ['swish']}, 'global_mlp': None, 'nested_blocks_cfgs': None, 'aggregate_edges_local': 'sum', 'aggregate_edges_global': None, 'aggregate_nodes': None, 'return_updated_edges': False, 'return_updated_nodes': True, 'return_updated_globals': True, 'edge_attention_mlp_local': {'units': [32, 1], 'activation': ['swish', 'swish']}, 'edge_attention_mlp_global': {'units': [32, 1], 'activation': ['swish', 'swish']}, 'node_attention_mlp': {'units': [32, 1], 'activation': ['swish', 'swish']}, 'edge_gate': None, 'node_gate': None, 'global_gate': None, 'residual_node_update': True, 'residual_edge_update': False, 'residual_global_update': False, 'update_edges_input': [True, True, True, False], 'update_nodes_input': [True, False, False], 'update_global_input': [False, True, False], 'multiplicity_readout': False}, {'edge_mlp': {'units': [128, 128, 128, 128, 128], 'activation': ['swish', 'swish', 'swish', 'swish', 'swish']}, 'node_mlp': {'units': [128], 'activation': ['swish']}, 'global_mlp': None, 'nested_blocks_cfgs': None, 'aggregate_edges_local': 'sum', 'aggregate_edges_global': None, 'aggregate_nodes': None, 'return_updated_edges': False, 'return_updated_nodes': True, 'return_updated_globals': True, 'edge_attention_mlp_local': {'units': [32, 1], 'activation': ['swish', 'swish']}, 'edge_attention_mlp_global': {'units': [32, 1], 'activation': ['swish', 'swish']}, 'node_attention_mlp': {'units': [32, 1], 'activation': ['swish', 'swish']}, 'edge_gate': None, 'node_gate': None, 'global_gate': None, 'residual_node_update': True, 'residual_edge_update': False, 'residual_global_update': False, 'update_edges_input': [True, True, True, False], 'update_nodes_input': [True, False, False], 'update_global_input': [False, True, False], 'multiplicity_readout': False}, {'edge_mlp': {'units': [128, 128, 128, 128, 128], 'activation': ['swish', 'swish', 'swish', 'swish', 'swish']}, 'node_mlp': {'units': [128], 'activation': ['swish']}, 'global_mlp': None, 'nested_blocks_cfgs': None, 'aggregate_edges_local': 'sum', 'aggregate_edges_global': None, 'aggregate_nodes': None, 'return_updated_edges': False, 'return_updated_nodes': True, 'return_updated_globals': True, 'edge_attention_mlp_local': {'units': [32, 1], 'activation': ['swish', 'swish']}, 'edge_attention_mlp_global': {'units': [32, 1], 'activation': ['swish', 'swish']}, 'node_attention_mlp': {'units': [32, 1], 'activation': ['swish', 'swish']}, 'edge_gate': None, 'node_gate': None, 'global_gate': None, 'residual_node_update': True, 'residual_edge_update': False, 'residual_global_update': False, 'update_edges_input': [True, True, True, False], 'update_nodes_input': [True, False, False], 'update_global_input': [False, True, False], 'multiplicity_readout': False}, {'edge_mlp': {'units': [128, 128, 128, 128, 128], 'activation': ['swish', 'swish', 'swish', 'swish', 'swish']}, 'node_mlp': {'units': [128], 'activation': ['swish']}, 'global_mlp': None, 'nested_blocks_cfgs': None, 'aggregate_edges_local': 'sum', 'aggregate_edges_global': None, 'aggregate_nodes': None, 'return_updated_edges': False, 'return_updated_nodes': True, 'return_updated_globals': True, 'edge_attention_mlp_local': {'units': [32, 1], 'activation': ['swish', 'swish']}, 'edge_attention_mlp_global': {'units': [32, 1], 'activation': ['swish', 'swish']}, 'node_attention_mlp': {'units': [32, 1], 'activation': ['swish', 'swish']}, 'edge_gate': None, 'node_gate': None, 'global_gate': None, 'residual_node_update': True, 'residual_edge_update': False, 'residual_global_update': False, 'update_edges_input': [True, True, True, False], 'update_nodes_input': [True, False, False], 'update_global_input': [False, True, False], 'multiplicity_readout': False}], 'output_block_cfg': {'edge_mlp': None, 'node_mlp': None, 'global_mlp': {'units': [1], 'activation': ['linear']}, 'nested_blocks_cfgs': None, 'aggregate_edges_local': 'sum', 'aggregate_edges_global': None, 'aggregate_nodes': 'mean', 'return_updated_edges': False, 'return_updated_nodes': True, 'return_updated_globals': True, 'edge_attention_mlp_local': {'units': [32, 1], 'activation': ['swish', 'swish']}, 'edge_attention_mlp_global': {'units': [32, 1], 'activation': ['swish', 'swish']}, 'node_attention_mlp': {'units': [32, 1], 'activation': ['swish', 'swish']}, 'edge_gate': None, 'node_gate': None, 'global_gate': None, 'residual_node_update': False, 'residual_edge_update': False, 'residual_global_update': False, 'update_edges_input': [True, True, True, False], 'update_nodes_input': [True, False, False], 'update_global_input': [False, True, False], 'multiplicity_readout': True}}'.
2025-10-16 15:35:55.647651: I tensorflow/core/platform/cpu_feature_guard.cc:193] This TensorFlow binary is optimized with oneAPI Deep Neural Network Library (oneDNN) to use the following CPU instructions in performance-critical operations:  AVX2 FMA
To enable them in other operations, rebuild TensorFlow with the appropriate compiler flags.
2025-10-16 15:35:56.280068: I tensorflow/core/common_runtime/gpu/gpu_device.cc:1616] Created device /job:localhost/replica:0/task:0/device:GPU:0 with 38434 MB memory:  -> device: 0, name: NVIDIA A100-SXM4-40GB, pci bus id: 0000:85:00.0, compute capability: 8.0
/gpfs/scratch/acad/htforft/rgouvea/other_datasets/processed_datasets/.venv/lib/python3.9/site-packages/kgcnn/crystal/periodic_table/periodic_table.py:30: FutureWarning: A value is trying to be set on a copy of a DataFrame or Series through chained assignment using an inplace method.
The behavior will change in pandas 3.0. This inplace method will never work because the intermediate object on which we are setting values always behaves as a copy.

For example, when doing 'df[col].method(value, inplace=True)', try using 'df.method({col: value}, inplace=True)' or df[col] = df[col].method(value) instead, to perform the operation inplace on the original object.


  self.data['AtomicRadius'].fillna(imputation_atomic_radius, inplace=True)
/gpfs/scratch/acad/htforft/rgouvea/other_datasets/processed_datasets/.venv/lib/python3.9/site-packages/kgcnn/crystal/periodic_table/periodic_table.py:32: FutureWarning: A value is trying to be set on a copy of a DataFrame or Series through chained assignment using an inplace method.
The behavior will change in pandas 3.0. This inplace method will never work because the intermediate object on which we are setting values always behaves as a copy.

For example, when doing 'df[col].method(value, inplace=True)', try using 'df.method({col: value}, inplace=True)' or df[col] = df[col].method(value) instead, to perform the operation inplace on the original object.


  self.data['Electronegativity'].fillna(imputation_electronegativity, inplace=True)
/gpfs/scratch/acad/htforft/rgouvea/other_datasets/processed_datasets/.venv/lib/python3.9/site-packages/kgcnn/crystal/periodic_table/periodic_table.py:33: FutureWarning: A value is trying to be set on a copy of a DataFrame or Series through chained assignment using an inplace method.
The behavior will change in pandas 3.0. This inplace method will never work because the intermediate object on which we are setting values always behaves as a copy.

For example, when doing 'df[col].method(value, inplace=True)', try using 'df.method({col: value}, inplace=True)' or df[col] = df[col].method(value) instead, to perform the operation inplace on the original object.


  self.data['IonizationEnergy'].fillna(imputation_ionization_energy, inplace=True)
[<KerasTensor: type_spec=RaggedTensorSpec(TensorShape([None, None, 3]), tf.float32, 1, tf.int64) (created by layer 'offset')>, <KerasTensor: type_spec=RaggedTensorSpec(TensorShape([None, None]), tf.int32, 1, tf.int64) (created by layer 'atomic_number')>, <KerasTensor: type_spec=RaggedTensorSpec(TensorShape([None, None]), tf.int32, 1, tf.int64) (created by layer 'multiplicity')>, <KerasTensor: type_spec=RaggedTensorSpec(TensorShape([None, None, 2]), tf.int32, 1, tf.int64) (created by layer 'edge_indices')>]
Training on 1044 samples...
Epoch 1/800
/gpfs/scratch/acad/htforft/rgouvea/other_datasets/processed_datasets/.venv/lib/python3.9/site-packages/tensorflow/python/framework/indexed_slices.py:444: UserWarning: Converting sparse IndexedSlices(IndexedSlices(indices=Tensor("gradient_tape/coGN/sequential_graph_network/graph_network_4/gather_embedding_selection_5/Reshape_1:0", shape=(None,), dtype=int32), values=Tensor("gradient_tape/coGN/sequential_graph_network/graph_network_4/gather_embedding_selection_5/Reshape:0", shape=(None, 128), dtype=float32), dense_shape=Tensor("gradient_tape/coGN/sequential_graph_network/graph_network_4/gather_embedding_selection_5/Cast:0", shape=(2,), dtype=int32))) to a dense Tensor of unknown shape. This may consume a large amount of memory.
  warnings.warn(
/gpfs/scratch/acad/htforft/rgouvea/other_datasets/processed_datasets/.venv/lib/python3.9/site-packages/tensorflow/python/framework/indexed_slices.py:444: UserWarning: Converting sparse IndexedSlices(IndexedSlices(indices=Tensor("gradient_tape/coGN/sequential_graph_network/graph_network_4/gather_embedding_selection_5/Reshape_3:0", shape=(None,), dtype=int32), values=Tensor("gradient_tape/coGN/sequential_graph_network/graph_network_4/gather_embedding_selection_5/Reshape_2:0", shape=(None, 128), dtype=float32), dense_shape=Tensor("gradient_tape/coGN/sequential_graph_network/graph_network_4/gather_embedding_selection_5/Cast_1:0", shape=(2,), dtype=int32))) to a dense Tensor of unknown shape. This may consume a large amount of memory.
  warnings.warn(
/gpfs/scratch/acad/htforft/rgouvea/other_datasets/processed_datasets/.venv/lib/python3.9/site-packages/tensorflow/python/framework/indexed_slices.py:444: UserWarning: Converting sparse IndexedSlices(IndexedSlices(indices=Tensor("gradient_tape/coGN/sequential_graph_network/graph_network_3/gather_embedding_selection_4/Reshape_1:0", shape=(None,), dtype=int32), values=Tensor("gradient_tape/coGN/sequential_graph_network/graph_network_3/gather_embedding_selection_4/Reshape:0", shape=(None, 128), dtype=float32), dense_shape=Tensor("gradient_tape/coGN/sequential_graph_network/graph_network_3/gather_embedding_selection_4/Cast:0", shape=(2,), dtype=int32))) to a dense Tensor of unknown shape. This may consume a large amount of memory.
  warnings.warn(
/gpfs/scratch/acad/htforft/rgouvea/other_datasets/processed_datasets/.venv/lib/python3.9/site-packages/tensorflow/python/framework/indexed_slices.py:444: UserWarning: Converting sparse IndexedSlices(IndexedSlices(indices=Tensor("gradient_tape/coGN/sequential_graph_network/graph_network_3/gather_embedding_selection_4/Reshape_3:0", shape=(None,), dtype=int32), values=Tensor("gradient_tape/coGN/sequential_graph_network/graph_network_3/gather_embedding_selection_4/Reshape_2:0", shape=(None, 128), dtype=float32), dense_shape=Tensor("gradient_tape/coGN/sequential_graph_network/graph_network_3/gather_embedding_selection_4/Cast_1:0", shape=(2,), dtype=int32))) to a dense Tensor of unknown shape. This may consume a large amount of memory.
  warnings.warn(
/gpfs/scratch/acad/htforft/rgouvea/other_datasets/processed_datasets/.venv/lib/python3.9/site-packages/tensorflow/python/framework/indexed_slices.py:444: UserWarning: Converting sparse IndexedSlices(IndexedSlices(indices=Tensor("gradient_tape/coGN/sequential_graph_network/graph_network_2/gather_embedding_selection_3/Reshape_1:0", shape=(None,), dtype=int32), values=Tensor("gradient_tape/coGN/sequential_graph_network/graph_network_2/gather_embedding_selection_3/Reshape:0", shape=(None, 128), dtype=float32), dense_shape=Tensor("gradient_tape/coGN/sequential_graph_network/graph_network_2/gather_embedding_selection_3/Cast:0", shape=(2,), dtype=int32))) to a dense Tensor of unknown shape. This may consume a large amount of memory.
  warnings.warn(
/gpfs/scratch/acad/htforft/rgouvea/other_datasets/processed_datasets/.venv/lib/python3.9/site-packages/tensorflow/python/framework/indexed_slices.py:444: UserWarning: Converting sparse IndexedSlices(IndexedSlices(indices=Tensor("gradient_tape/coGN/sequential_graph_network/graph_network_2/gather_embedding_selection_3/Reshape_3:0", shape=(None,), dtype=int32), values=Tensor("gradient_tape/coGN/sequential_graph_network/graph_network_2/gather_embedding_selection_3/Reshape_2:0", shape=(None, 128), dtype=float32), dense_shape=Tensor("gradient_tape/coGN/sequential_graph_network/graph_network_2/gather_embedding_selection_3/Cast_1:0", shape=(2,), dtype=int32))) to a dense Tensor of unknown shape. This may consume a large amount of memory.
  warnings.warn(
/gpfs/scratch/acad/htforft/rgouvea/other_datasets/processed_datasets/.venv/lib/python3.9/site-packages/tensorflow/python/framework/indexed_slices.py:444: UserWarning: Converting sparse IndexedSlices(IndexedSlices(indices=Tensor("gradient_tape/coGN/sequential_graph_network/graph_network_1/gather_embedding_selection_2/Reshape_1:0", shape=(None,), dtype=int32), values=Tensor("gradient_tape/coGN/sequential_graph_network/graph_network_1/gather_embedding_selection_2/Reshape:0", shape=(None, 128), dtype=float32), dense_shape=Tensor("gradient_tape/coGN/sequential_graph_network/graph_network_1/gather_embedding_selection_2/Cast:0", shape=(2,), dtype=int32))) to a dense Tensor of unknown shape. This may consume a large amount of memory.
  warnings.warn(
/gpfs/scratch/acad/htforft/rgouvea/other_datasets/processed_datasets/.venv/lib/python3.9/site-packages/tensorflow/python/framework/indexed_slices.py:444: UserWarning: Converting sparse IndexedSlices(IndexedSlices(indices=Tensor("gradient_tape/coGN/sequential_graph_network/graph_network_1/gather_embedding_selection_2/Reshape_3:0", shape=(None,), dtype=int32), values=Tensor("gradient_tape/coGN/sequential_graph_network/graph_network_1/gather_embedding_selection_2/Reshape_2:0", shape=(None, 128), dtype=float32), dense_shape=Tensor("gradient_tape/coGN/sequential_graph_network/graph_network_1/gather_embedding_selection_2/Cast_1:0", shape=(2,), dtype=int32))) to a dense Tensor of unknown shape. This may consume a large amount of memory.
  warnings.warn(
/gpfs/scratch/acad/htforft/rgouvea/other_datasets/processed_datasets/.venv/lib/python3.9/site-packages/tensorflow/python/framework/indexed_slices.py:444: UserWarning: Converting sparse IndexedSlices(IndexedSlices(indices=Tensor("gradient_tape/coGN/sequential_graph_network/graph_network/gather_embedding_selection_1/Reshape_1:0", shape=(None,), dtype=int32), values=Tensor("gradient_tape/coGN/sequential_graph_network/graph_network/gather_embedding_selection_1/Reshape:0", shape=(None, 128), dtype=float32), dense_shape=Tensor("gradient_tape/coGN/sequential_graph_network/graph_network/gather_embedding_selection_1/Cast:0", shape=(2,), dtype=int32))) to a dense Tensor of unknown shape. This may consume a large amount of memory.
  warnings.warn(
/gpfs/scratch/acad/htforft/rgouvea/other_datasets/processed_datasets/.venv/lib/python3.9/site-packages/tensorflow/python/framework/indexed_slices.py:444: UserWarning: Converting sparse IndexedSlices(IndexedSlices(indices=Tensor("gradient_tape/coGN/sequential_graph_network/graph_network/gather_embedding_selection_1/Reshape_3:0", shape=(None,), dtype=int32), values=Tensor("gradient_tape/coGN/sequential_graph_network/graph_network/gather_embedding_selection_1/Reshape_2:0", shape=(None, 128), dtype=float32), dense_shape=Tensor("gradient_tape/coGN/sequential_graph_network/graph_network/gather_embedding_selection_1/Cast_1:0", shape=(2,), dtype=int32))) to a dense Tensor of unknown shape. This may consume a large amount of memory.
  warnings.warn(
2025-10-16 15:36:07.472706: I tensorflow/stream_executor/cuda/cuda_blas.cc:1614] TensorFloat-32 will be used for the matrix multiplication. This will only be logged once.
17/17 - 4s - loss: 1.1538 - mae: 1.1538 - mse: 2.7121 - 4s/epoch - 252ms/step
Epoch 2/800
17/17 - 0s - loss: 0.7891 - mae: 0.7891 - mse: 0.9407 - 190ms/epoch - 11ms/step
Epoch 3/800
17/17 - 0s - loss: 0.6155 - mae: 0.6155 - mse: 0.6003 - 175ms/epoch - 10ms/step
Epoch 4/800
17/17 - 0s - loss: 0.6364 - mae: 0.6364 - mse: 0.6189 - 175ms/epoch - 10ms/step
Epoch 5/800
17/17 - 0s - loss: 0.5225 - mae: 0.5225 - mse: 0.4507 - 174ms/epoch - 10ms/step
Epoch 6/800
17/17 - 0s - loss: 0.4339 - mae: 0.4339 - mse: 0.3183 - 174ms/epoch - 10ms/step
Epoch 7/800
17/17 - 0s - loss: 0.4015 - mae: 0.4015 - mse: 0.2796 - 175ms/epoch - 10ms/step
Epoch 8/800
17/17 - 0s - loss: 0.3540 - mae: 0.3540 - mse: 0.2325 - 175ms/epoch - 10ms/step
Epoch 9/800
17/17 - 0s - loss: 0.3289 - mae: 0.3289 - mse: 0.2142 - 175ms/epoch - 10ms/step
Epoch 10/800
17/17 - 0s - loss: 0.3693 - mae: 0.3693 - mse: 0.2401 - 174ms/epoch - 10ms/step
Epoch 11/800
17/17 - 0s - loss: 0.3091 - mae: 0.3091 - mse: 0.1878 - 174ms/epoch - 10ms/step
Epoch 12/800
17/17 - 0s - loss: 0.2959 - mae: 0.2959 - mse: 0.1804 - 175ms/epoch - 10ms/step
Epoch 13/800
17/17 - 0s - loss: 0.2880 - mae: 0.2880 - mse: 0.1700 - 175ms/epoch - 10ms/step
Epoch 14/800
17/17 - 0s - loss: 0.2798 - mae: 0.2798 - mse: 0.1610 - 174ms/epoch - 10ms/step
Epoch 15/800
17/17 - 0s - loss: 0.2605 - mae: 0.2605 - mse: 0.1501 - 174ms/epoch - 10ms/step
Epoch 16/800
17/17 - 0s - loss: 0.2797 - mae: 0.2797 - mse: 0.1661 - 174ms/epoch - 10ms/step
Epoch 17/800
17/17 - 0s - loss: 0.2605 - mae: 0.2605 - mse: 0.1522 - 174ms/epoch - 10ms/step
Epoch 18/800
17/17 - 0s - loss: 0.2499 - mae: 0.2499 - mse: 0.1355 - 174ms/epoch - 10ms/step
Epoch 19/800
17/17 - 0s - loss: 0.2395 - mae: 0.2395 - mse: 0.1232 - 174ms/epoch - 10ms/step
Epoch 20/800
17/17 - 0s - loss: 0.2770 - mae: 0.2770 - mse: 0.1469 - 174ms/epoch - 10ms/step
Epoch 21/800
17/17 - 0s - loss: 0.2648 - mae: 0.2648 - mse: 0.1295 - 174ms/epoch - 10ms/step
Epoch 22/800
17/17 - 0s - loss: 0.2317 - mae: 0.2317 - mse: 0.1112 - 174ms/epoch - 10ms/step
Epoch 23/800
17/17 - 0s - loss: 0.2251 - mae: 0.2251 - mse: 0.0995 - 174ms/epoch - 10ms/step
Epoch 24/800
17/17 - 0s - loss: 0.2067 - mae: 0.2067 - mse: 0.0929 - 174ms/epoch - 10ms/step
Epoch 25/800
17/17 - 0s - loss: 0.1924 - mae: 0.1924 - mse: 0.0689 - 174ms/epoch - 10ms/step
Epoch 26/800
17/17 - 0s - loss: 0.2368 - mae: 0.2368 - mse: 0.0987 - 174ms/epoch - 10ms/step
Epoch 27/800
17/17 - 0s - loss: 0.2048 - mae: 0.2048 - mse: 0.0803 - 175ms/epoch - 10ms/step
Epoch 28/800
17/17 - 0s - loss: 0.1983 - mae: 0.1983 - mse: 0.0679 - 174ms/epoch - 10ms/step
Epoch 29/800
17/17 - 0s - loss: 0.1784 - mae: 0.1784 - mse: 0.0539 - 176ms/epoch - 10ms/step
Epoch 30/800
17/17 - 0s - loss: 0.2027 - mae: 0.2027 - mse: 0.0663 - 175ms/epoch - 10ms/step
Epoch 31/800
17/17 - 0s - loss: 0.2297 - mae: 0.2297 - mse: 0.1172 - 174ms/epoch - 10ms/step
Epoch 32/800
17/17 - 0s - loss: 0.1783 - mae: 0.1783 - mse: 0.0613 - 174ms/epoch - 10ms/step
Epoch 33/800
17/17 - 0s - loss: 0.1648 - mae: 0.1648 - mse: 0.0482 - 174ms/epoch - 10ms/step
Epoch 34/800
17/17 - 0s - loss: 0.1596 - mae: 0.1596 - mse: 0.0432 - 174ms/epoch - 10ms/step
Epoch 35/800
17/17 - 0s - loss: 0.1578 - mae: 0.1578 - mse: 0.0427 - 174ms/epoch - 10ms/step
Epoch 36/800
17/17 - 0s - loss: 0.1597 - mae: 0.1597 - mse: 0.0423 - 174ms/epoch - 10ms/step
Epoch 37/800
17/17 - 0s - loss: 0.1561 - mae: 0.1561 - mse: 0.0439 - 174ms/epoch - 10ms/step
Epoch 38/800
17/17 - 0s - loss: 0.1605 - mae: 0.1605 - mse: 0.0453 - 174ms/epoch - 10ms/step
Epoch 39/800
17/17 - 0s - loss: 0.1475 - mae: 0.1475 - mse: 0.0391 - 174ms/epoch - 10ms/step
Epoch 40/800
17/17 - 0s - loss: 0.1481 - mae: 0.1481 - mse: 0.0385 - 174ms/epoch - 10ms/step
Epoch 41/800
17/17 - 0s - loss: 0.1588 - mae: 0.1588 - mse: 0.0421 - 174ms/epoch - 10ms/step
Epoch 42/800
17/17 - 0s - loss: 0.1570 - mae: 0.1570 - mse: 0.0421 - 176ms/epoch - 10ms/step
Epoch 43/800
17/17 - 0s - loss: 0.1607 - mae: 0.1607 - mse: 0.0436 - 176ms/epoch - 10ms/step
Epoch 44/800
17/17 - 0s - loss: 0.1532 - mae: 0.1532 - mse: 0.0428 - 176ms/epoch - 10ms/step
Epoch 45/800
17/17 - 0s - loss: 0.1603 - mae: 0.1603 - mse: 0.0475 - 177ms/epoch - 10ms/step
Epoch 46/800
17/17 - 0s - loss: 0.1430 - mae: 0.1430 - mse: 0.0372 - 177ms/epoch - 10ms/step
Epoch 47/800
17/17 - 0s - loss: 0.1361 - mae: 0.1361 - mse: 0.0321 - 177ms/epoch - 10ms/step
Epoch 48/800
17/17 - 0s - loss: 0.1514 - mae: 0.1514 - mse: 0.0401 - 175ms/epoch - 10ms/step
Epoch 49/800
17/17 - 0s - loss: 0.1549 - mae: 0.1549 - mse: 0.0404 - 175ms/epoch - 10ms/step
Epoch 50/800
17/17 - 0s - loss: 0.1493 - mae: 0.1493 - mse: 0.0391 - 177ms/epoch - 10ms/step
Epoch 51/800
17/17 - 0s - loss: 0.1486 - mae: 0.1486 - mse: 0.0401 - 179ms/epoch - 11ms/step
Epoch 52/800
17/17 - 0s - loss: 0.1268 - mae: 0.1268 - mse: 0.0280 - 176ms/epoch - 10ms/step
Epoch 53/800
17/17 - 0s - loss: 0.1416 - mae: 0.1416 - mse: 0.0342 - 176ms/epoch - 10ms/step
Epoch 54/800
17/17 - 0s - loss: 0.1377 - mae: 0.1377 - mse: 0.0330 - 177ms/epoch - 10ms/step
Epoch 55/800
17/17 - 0s - loss: 0.1440 - mae: 0.1440 - mse: 0.0372 - 175ms/epoch - 10ms/step
Epoch 56/800
17/17 - 0s - loss: 0.1260 - mae: 0.1260 - mse: 0.0275 - 175ms/epoch - 10ms/step
Epoch 57/800
17/17 - 0s - loss: 0.1394 - mae: 0.1394 - mse: 0.0337 - 176ms/epoch - 10ms/step
Epoch 58/800
17/17 - 0s - loss: 0.1265 - mae: 0.1265 - mse: 0.0285 - 176ms/epoch - 10ms/step
Epoch 59/800
17/17 - 0s - loss: 0.1497 - mae: 0.1497 - mse: 0.0384 - 176ms/epoch - 10ms/step
Epoch 60/800
17/17 - 0s - loss: 0.1318 - mae: 0.1318 - mse: 0.0296 - 176ms/epoch - 10ms/step
Epoch 61/800
17/17 - 0s - loss: 0.1383 - mae: 0.1383 - mse: 0.0327 - 175ms/epoch - 10ms/step
Epoch 62/800
17/17 - 0s - loss: 0.1273 - mae: 0.1273 - mse: 0.0280 - 176ms/epoch - 10ms/step
Epoch 63/800
17/17 - 0s - loss: 0.1236 - mae: 0.1236 - mse: 0.0259 - 176ms/epoch - 10ms/step
Epoch 64/800
17/17 - 0s - loss: 0.1149 - mae: 0.1149 - mse: 0.0230 - 176ms/epoch - 10ms/step
Epoch 65/800
17/17 - 0s - loss: 0.1106 - mae: 0.1106 - mse: 0.0222 - 175ms/epoch - 10ms/step
Epoch 66/800
17/17 - 0s - loss: 0.1248 - mae: 0.1248 - mse: 0.0278 - 175ms/epoch - 10ms/step
Epoch 67/800
17/17 - 0s - loss: 0.1276 - mae: 0.1276 - mse: 0.0278 - 176ms/epoch - 10ms/step
Epoch 68/800
17/17 - 0s - loss: 0.1382 - mae: 0.1382 - mse: 0.0327 - 176ms/epoch - 10ms/step
Epoch 69/800
17/17 - 0s - loss: 0.1253 - mae: 0.1253 - mse: 0.0272 - 177ms/epoch - 10ms/step
Epoch 70/800
17/17 - 0s - loss: 0.1275 - mae: 0.1275 - mse: 0.0284 - 175ms/epoch - 10ms/step
Epoch 71/800
17/17 - 0s - loss: 0.1108 - mae: 0.1108 - mse: 0.0217 - 176ms/epoch - 10ms/step
Epoch 72/800
17/17 - 0s - loss: 0.1181 - mae: 0.1181 - mse: 0.0246 - 176ms/epoch - 10ms/step
Epoch 73/800
17/17 - 0s - loss: 0.1198 - mae: 0.1198 - mse: 0.0259 - 176ms/epoch - 10ms/step
Epoch 74/800
17/17 - 0s - loss: 0.1115 - mae: 0.1115 - mse: 0.0225 - 176ms/epoch - 10ms/step
Epoch 75/800
17/17 - 0s - loss: 0.1199 - mae: 0.1199 - mse: 0.0263 - 176ms/epoch - 10ms/step
Epoch 76/800
17/17 - 0s - loss: 0.1263 - mae: 0.1263 - mse: 0.0280 - 175ms/epoch - 10ms/step
Epoch 77/800
17/17 - 0s - loss: 0.1184 - mae: 0.1184 - mse: 0.0251 - 175ms/epoch - 10ms/step
Epoch 78/800
17/17 - 0s - loss: 0.1242 - mae: 0.1242 - mse: 0.0272 - 176ms/epoch - 10ms/step
Epoch 79/800
17/17 - 0s - loss: 0.1256 - mae: 0.1256 - mse: 0.0268 - 176ms/epoch - 10ms/step
Epoch 80/800
17/17 - 0s - loss: 0.1072 - mae: 0.1072 - mse: 0.0213 - 176ms/epoch - 10ms/step
Epoch 81/800
17/17 - 0s - loss: 0.1134 - mae: 0.1134 - mse: 0.0233 - 177ms/epoch - 10ms/step
Epoch 82/800
17/17 - 0s - loss: 0.1150 - mae: 0.1150 - mse: 0.0235 - 175ms/epoch - 10ms/step
Epoch 83/800
17/17 - 0s - loss: 0.1188 - mae: 0.1188 - mse: 0.0250 - 175ms/epoch - 10ms/step
Epoch 84/800
17/17 - 0s - loss: 0.1170 - mae: 0.1170 - mse: 0.0256 - 176ms/epoch - 10ms/step
Epoch 85/800
17/17 - 0s - loss: 0.1195 - mae: 0.1195 - mse: 0.0250 - 176ms/epoch - 10ms/step
Epoch 86/800
17/17 - 0s - loss: 0.1151 - mae: 0.1151 - mse: 0.0242 - 176ms/epoch - 10ms/step
Epoch 87/800
17/17 - 0s - loss: 0.1227 - mae: 0.1227 - mse: 0.0266 - 175ms/epoch - 10ms/step
Epoch 88/800
17/17 - 0s - loss: 0.1325 - mae: 0.1325 - mse: 0.0301 - 176ms/epoch - 10ms/step
Epoch 89/800
17/17 - 0s - loss: 0.1104 - mae: 0.1104 - mse: 0.0214 - 175ms/epoch - 10ms/step
Epoch 90/800
17/17 - 0s - loss: 0.1115 - mae: 0.1115 - mse: 0.0218 - 176ms/epoch - 10ms/step
Epoch 91/800
17/17 - 0s - loss: 0.1032 - mae: 0.1032 - mse: 0.0197 - 176ms/epoch - 10ms/step
Epoch 92/800
17/17 - 0s - loss: 0.1161 - mae: 0.1161 - mse: 0.0229 - 176ms/epoch - 10ms/step
Epoch 93/800
17/17 - 0s - loss: 0.1022 - mae: 0.1022 - mse: 0.0202 - 177ms/epoch - 10ms/step
Epoch 94/800
17/17 - 0s - loss: 0.0962 - mae: 0.0962 - mse: 0.0176 - 176ms/epoch - 10ms/step
Epoch 95/800
17/17 - 0s - loss: 0.1067 - mae: 0.1067 - mse: 0.0208 - 175ms/epoch - 10ms/step
Epoch 96/800
17/17 - 0s - loss: 0.1181 - mae: 0.1181 - mse: 0.0261 - 175ms/epoch - 10ms/step
Epoch 97/800
17/17 - 0s - loss: 0.1033 - mae: 0.1033 - mse: 0.0194 - 175ms/epoch - 10ms/step
Epoch 98/800
17/17 - 0s - loss: 0.1216 - mae: 0.1216 - mse: 0.0256 - 176ms/epoch - 10ms/step
Epoch 99/800
17/17 - 0s - loss: 0.0996 - mae: 0.0996 - mse: 0.0184 - 176ms/epoch - 10ms/step
Epoch 100/800
17/17 - 0s - loss: 0.1110 - mae: 0.1110 - mse: 0.0211 - 176ms/epoch - 10ms/step
Epoch 101/800
17/17 - 0s - loss: 0.1152 - mae: 0.1152 - mse: 0.0221 - 176ms/epoch - 10ms/step
Epoch 102/800
17/17 - 0s - loss: 0.1036 - mae: 0.1036 - mse: 0.0191 - 176ms/epoch - 10ms/step
Epoch 103/800
17/17 - 0s - loss: 0.1057 - mae: 0.1057 - mse: 0.0196 - 176ms/epoch - 10ms/step
Epoch 104/800
17/17 - 0s - loss: 0.1056 - mae: 0.1056 - mse: 0.0196 - 177ms/epoch - 10ms/step
Epoch 105/800
17/17 - 0s - loss: 0.1015 - mae: 0.1015 - mse: 0.0203 - 176ms/epoch - 10ms/step
Epoch 106/800
17/17 - 0s - loss: 0.1005 - mae: 0.1005 - mse: 0.0177 - 176ms/epoch - 10ms/step
Epoch 107/800
17/17 - 0s - loss: 0.0957 - mae: 0.0957 - mse: 0.0167 - 176ms/epoch - 10ms/step
Epoch 108/800
17/17 - 0s - loss: 0.0994 - mae: 0.0994 - mse: 0.0174 - 176ms/epoch - 10ms/step
Epoch 109/800
17/17 - 0s - loss: 0.1013 - mae: 0.1013 - mse: 0.0184 - 213ms/epoch - 13ms/step
Epoch 110/800
17/17 - 0s - loss: 0.1001 - mae: 0.1001 - mse: 0.0183 - 227ms/epoch - 13ms/step
Epoch 111/800
17/17 - 0s - loss: 0.0919 - mae: 0.0919 - mse: 0.0155 - 185ms/epoch - 11ms/step
Epoch 112/800
17/17 - 0s - loss: 0.0912 - mae: 0.0912 - mse: 0.0152 - 179ms/epoch - 11ms/step
Epoch 113/800
17/17 - 0s - loss: 0.0928 - mae: 0.0928 - mse: 0.0157 - 179ms/epoch - 11ms/step
Epoch 114/800
17/17 - 0s - loss: 0.0917 - mae: 0.0917 - mse: 0.0161 - 178ms/epoch - 10ms/step
Epoch 115/800
17/17 - 0s - loss: 0.1031 - mae: 0.1031 - mse: 0.0193 - 179ms/epoch - 11ms/step
Epoch 116/800
17/17 - 0s - loss: 0.1071 - mae: 0.1071 - mse: 0.0198 - 179ms/epoch - 11ms/step
Epoch 117/800
17/17 - 0s - loss: 0.1045 - mae: 0.1045 - mse: 0.0203 - 178ms/epoch - 10ms/step
Epoch 118/800
17/17 - 0s - loss: 0.1029 - mae: 0.1029 - mse: 0.0196 - 176ms/epoch - 10ms/step
Epoch 119/800
17/17 - 0s - loss: 0.0939 - mae: 0.0939 - mse: 0.0166 - 176ms/epoch - 10ms/step
Epoch 120/800
17/17 - 0s - loss: 0.0990 - mae: 0.0990 - mse: 0.0172 - 175ms/epoch - 10ms/step
Epoch 121/800
17/17 - 0s - loss: 0.0890 - mae: 0.0890 - mse: 0.0146 - 175ms/epoch - 10ms/step
Epoch 122/800
17/17 - 0s - loss: 0.0896 - mae: 0.0896 - mse: 0.0152 - 176ms/epoch - 10ms/step
Epoch 123/800
17/17 - 0s - loss: 0.0930 - mae: 0.0930 - mse: 0.0163 - 175ms/epoch - 10ms/step
Epoch 124/800
17/17 - 0s - loss: 0.0898 - mae: 0.0898 - mse: 0.0147 - 176ms/epoch - 10ms/step
Epoch 125/800
17/17 - 0s - loss: 0.0974 - mae: 0.0974 - mse: 0.0173 - 175ms/epoch - 10ms/step
Epoch 126/800
17/17 - 0s - loss: 0.0959 - mae: 0.0959 - mse: 0.0168 - 175ms/epoch - 10ms/step
Epoch 127/800
17/17 - 0s - loss: 0.1133 - mae: 0.1133 - mse: 0.0240 - 176ms/epoch - 10ms/step
Epoch 128/800
17/17 - 0s - loss: 0.1064 - mae: 0.1064 - mse: 0.0208 - 175ms/epoch - 10ms/step
Epoch 129/800
17/17 - 0s - loss: 0.0878 - mae: 0.0878 - mse: 0.0144 - 176ms/epoch - 10ms/step
Epoch 130/800
17/17 - 0s - loss: 0.0843 - mae: 0.0843 - mse: 0.0134 - 175ms/epoch - 10ms/step
Epoch 131/800
17/17 - 0s - loss: 0.0867 - mae: 0.0867 - mse: 0.0141 - 175ms/epoch - 10ms/step
Epoch 132/800
17/17 - 0s - loss: 0.0861 - mae: 0.0861 - mse: 0.0140 - 176ms/epoch - 10ms/step
Epoch 133/800
17/17 - 0s - loss: 0.0843 - mae: 0.0843 - mse: 0.0140 - 206ms/epoch - 12ms/step
Epoch 134/800
17/17 - 0s - loss: 0.0859 - mae: 0.0859 - mse: 0.0147 - 235ms/epoch - 14ms/step
Epoch 135/800
17/17 - 0s - loss: 0.0883 - mae: 0.0883 - mse: 0.0148 - 302ms/epoch - 18ms/step
Epoch 136/800
17/17 - 0s - loss: 0.0942 - mae: 0.0942 - mse: 0.0156 - 209ms/epoch - 12ms/step
Epoch 137/800
17/17 - 0s - loss: 0.0878 - mae: 0.0878 - mse: 0.0149 - 192ms/epoch - 11ms/step
Epoch 138/800
17/17 - 0s - loss: 0.0973 - mae: 0.0973 - mse: 0.0171 - 178ms/epoch - 10ms/step
Epoch 139/800
17/17 - 0s - loss: 0.0862 - mae: 0.0862 - mse: 0.0139 - 176ms/epoch - 10ms/step
Epoch 140/800
17/17 - 0s - loss: 0.0826 - mae: 0.0826 - mse: 0.0125 - 177ms/epoch - 10ms/step
Epoch 141/800
17/17 - 0s - loss: 0.0845 - mae: 0.0845 - mse: 0.0133 - 176ms/epoch - 10ms/step
Epoch 142/800
17/17 - 0s - loss: 0.0778 - mae: 0.0778 - mse: 0.0116 - 176ms/epoch - 10ms/step
Epoch 143/800
17/17 - 0s - loss: 0.0968 - mae: 0.0968 - mse: 0.0160 - 176ms/epoch - 10ms/step
Epoch 144/800
17/17 - 0s - loss: 0.0887 - mae: 0.0887 - mse: 0.0141 - 176ms/epoch - 10ms/step
Epoch 145/800
17/17 - 0s - loss: 0.0947 - mae: 0.0947 - mse: 0.0164 - 176ms/epoch - 10ms/step
Epoch 146/800
17/17 - 0s - loss: 0.0861 - mae: 0.0861 - mse: 0.0134 - 175ms/epoch - 10ms/step
Epoch 147/800
17/17 - 0s - loss: 0.0910 - mae: 0.0910 - mse: 0.0150 - 175ms/epoch - 10ms/step
Epoch 148/800
17/17 - 0s - loss: 0.0830 - mae: 0.0830 - mse: 0.0128 - 178ms/epoch - 10ms/step
Epoch 149/800
17/17 - 0s - loss: 0.0886 - mae: 0.0886 - mse: 0.0148 - 176ms/epoch - 10ms/step
Epoch 150/800
17/17 - 0s - loss: 0.0897 - mae: 0.0897 - mse: 0.0147 - 176ms/epoch - 10ms/step
Epoch 151/800
17/17 - 0s - loss: 0.0919 - mae: 0.0919 - mse: 0.0151 - 176ms/epoch - 10ms/step
Epoch 152/800
17/17 - 0s - loss: 0.0752 - mae: 0.0752 - mse: 0.0107 - 175ms/epoch - 10ms/step
Epoch 153/800
17/17 - 0s - loss: 0.0748 - mae: 0.0748 - mse: 0.0104 - 176ms/epoch - 10ms/step
Epoch 154/800
17/17 - 0s - loss: 0.0697 - mae: 0.0697 - mse: 0.0099 - 175ms/epoch - 10ms/step
Epoch 155/800
17/17 - 0s - loss: 0.0788 - mae: 0.0788 - mse: 0.0116 - 175ms/epoch - 10ms/step
Epoch 156/800
17/17 - 0s - loss: 0.0806 - mae: 0.0806 - mse: 0.0121 - 175ms/epoch - 10ms/step
Epoch 157/800
17/17 - 0s - loss: 0.0782 - mae: 0.0782 - mse: 0.0111 - 175ms/epoch - 10ms/step
Epoch 158/800
17/17 - 0s - loss: 0.0829 - mae: 0.0829 - mse: 0.0122 - 175ms/epoch - 10ms/step
Epoch 159/800
17/17 - 0s - loss: 0.0873 - mae: 0.0873 - mse: 0.0136 - 176ms/epoch - 10ms/step
Epoch 160/800
17/17 - 0s - loss: 0.0837 - mae: 0.0837 - mse: 0.0127 - 176ms/epoch - 10ms/step
Epoch 161/800
17/17 - 0s - loss: 0.0765 - mae: 0.0765 - mse: 0.0113 - 175ms/epoch - 10ms/step
Epoch 162/800
17/17 - 0s - loss: 0.0753 - mae: 0.0753 - mse: 0.0111 - 176ms/epoch - 10ms/step
Epoch 163/800
17/17 - 0s - loss: 0.0740 - mae: 0.0740 - mse: 0.0107 - 176ms/epoch - 10ms/step
Epoch 164/800
17/17 - 0s - loss: 0.0712 - mae: 0.0712 - mse: 0.0100 - 176ms/epoch - 10ms/step
Epoch 165/800
17/17 - 0s - loss: 0.0741 - mae: 0.0741 - mse: 0.0102 - 177ms/epoch - 10ms/step
Epoch 166/800
17/17 - 0s - loss: 0.0796 - mae: 0.0796 - mse: 0.0118 - 176ms/epoch - 10ms/step
Epoch 167/800
17/17 - 0s - loss: 0.0823 - mae: 0.0823 - mse: 0.0123 - 176ms/epoch - 10ms/step
Epoch 168/800
17/17 - 0s - loss: 0.0748 - mae: 0.0748 - mse: 0.0106 - 175ms/epoch - 10ms/step
Epoch 169/800
17/17 - 0s - loss: 0.0752 - mae: 0.0752 - mse: 0.0109 - 175ms/epoch - 10ms/step
Epoch 170/800
17/17 - 0s - loss: 0.0828 - mae: 0.0828 - mse: 0.0123 - 176ms/epoch - 10ms/step
Epoch 171/800
17/17 - 0s - loss: 0.0854 - mae: 0.0854 - mse: 0.0127 - 177ms/epoch - 10ms/step
Epoch 172/800
17/17 - 0s - loss: 0.0846 - mae: 0.0846 - mse: 0.0121 - 175ms/epoch - 10ms/step
Epoch 173/800
17/17 - 0s - loss: 0.0681 - mae: 0.0681 - mse: 0.0088 - 175ms/epoch - 10ms/step
Epoch 174/800
17/17 - 0s - loss: 0.0755 - mae: 0.0755 - mse: 0.0102 - 176ms/epoch - 10ms/step
Epoch 175/800
17/17 - 0s - loss: 0.0768 - mae: 0.0768 - mse: 0.0106 - 175ms/epoch - 10ms/step
Epoch 176/800
17/17 - 0s - loss: 0.0833 - mae: 0.0833 - mse: 0.0126 - 175ms/epoch - 10ms/step
Epoch 177/800
17/17 - 0s - loss: 0.0697 - mae: 0.0697 - mse: 0.0093 - 176ms/epoch - 10ms/step
Epoch 178/800
17/17 - 0s - loss: 0.0772 - mae: 0.0772 - mse: 0.0107 - 175ms/epoch - 10ms/step
Epoch 179/800
17/17 - 0s - loss: 0.0703 - mae: 0.0703 - mse: 0.0092 - 176ms/epoch - 10ms/step
Epoch 180/800
17/17 - 0s - loss: 0.0763 - mae: 0.0763 - mse: 0.0107 - 176ms/epoch - 10ms/step
Epoch 181/800
17/17 - 0s - loss: 0.0725 - mae: 0.0725 - mse: 0.0096 - 175ms/epoch - 10ms/step
Epoch 182/800
17/17 - 0s - loss: 0.0790 - mae: 0.0790 - mse: 0.0110 - 175ms/epoch - 10ms/step
Epoch 183/800
17/17 - 0s - loss: 0.0910 - mae: 0.0910 - mse: 0.0144 - 175ms/epoch - 10ms/step
Epoch 184/800
17/17 - 0s - loss: 0.0802 - mae: 0.0802 - mse: 0.0115 - 175ms/epoch - 10ms/step
Epoch 185/800
17/17 - 0s - loss: 0.0697 - mae: 0.0697 - mse: 0.0094 - 176ms/epoch - 10ms/step
Epoch 186/800
17/17 - 0s - loss: 0.0750 - mae: 0.0750 - mse: 0.0102 - 175ms/epoch - 10ms/step
Epoch 187/800
17/17 - 0s - loss: 0.0748 - mae: 0.0748 - mse: 0.0104 - 175ms/epoch - 10ms/step
Epoch 188/800
17/17 - 0s - loss: 0.0638 - mae: 0.0638 - mse: 0.0079 - 176ms/epoch - 10ms/step
Epoch 189/800
17/17 - 0s - loss: 0.0703 - mae: 0.0703 - mse: 0.0090 - 175ms/epoch - 10ms/step
Epoch 190/800
17/17 - 0s - loss: 0.0677 - mae: 0.0677 - mse: 0.0086 - 175ms/epoch - 10ms/step
Epoch 191/800
17/17 - 0s - loss: 0.0764 - mae: 0.0764 - mse: 0.0108 - 176ms/epoch - 10ms/step
Epoch 192/800
17/17 - 0s - loss: 0.0769 - mae: 0.0769 - mse: 0.0113 - 176ms/epoch - 10ms/step
Epoch 193/800
17/17 - 0s - loss: 0.0652 - mae: 0.0652 - mse: 0.0079 - 176ms/epoch - 10ms/step
Epoch 194/800
17/17 - 0s - loss: 0.0724 - mae: 0.0724 - mse: 0.0093 - 176ms/epoch - 10ms/step
Epoch 195/800
17/17 - 0s - loss: 0.0627 - mae: 0.0627 - mse: 0.0076 - 176ms/epoch - 10ms/step
Epoch 196/800
17/17 - 0s - loss: 0.0675 - mae: 0.0675 - mse: 0.0086 - 175ms/epoch - 10ms/step
Epoch 197/800
17/17 - 0s - loss: 0.0647 - mae: 0.0647 - mse: 0.0081 - 175ms/epoch - 10ms/step
Epoch 198/800
17/17 - 0s - loss: 0.0787 - mae: 0.0787 - mse: 0.0108 - 175ms/epoch - 10ms/step
Epoch 199/800
17/17 - 0s - loss: 0.0870 - mae: 0.0870 - mse: 0.0129 - 175ms/epoch - 10ms/step
Epoch 200/800
17/17 - 0s - loss: 0.0711 - mae: 0.0711 - mse: 0.0094 - 175ms/epoch - 10ms/step
Epoch 201/800
17/17 - 0s - loss: 0.0641 - mae: 0.0641 - mse: 0.0080 - 175ms/epoch - 10ms/step
Epoch 202/800
17/17 - 0s - loss: 0.0777 - mae: 0.0777 - mse: 0.0109 - 176ms/epoch - 10ms/step
Epoch 203/800
17/17 - 0s - loss: 0.0663 - mae: 0.0663 - mse: 0.0081 - 175ms/epoch - 10ms/step
Epoch 204/800
17/17 - 0s - loss: 0.0863 - mae: 0.0863 - mse: 0.0130 - 175ms/epoch - 10ms/step
Epoch 205/800
17/17 - 0s - loss: 0.0757 - mae: 0.0757 - mse: 0.0103 - 177ms/epoch - 10ms/step
Epoch 206/800
17/17 - 0s - loss: 0.0705 - mae: 0.0705 - mse: 0.0088 - 176ms/epoch - 10ms/step
Epoch 207/800
17/17 - 0s - loss: 0.0639 - mae: 0.0639 - mse: 0.0079 - 175ms/epoch - 10ms/step
Epoch 208/800
17/17 - 0s - loss: 0.0624 - mae: 0.0624 - mse: 0.0076 - 175ms/epoch - 10ms/step
Epoch 209/800
17/17 - 0s - loss: 0.0595 - mae: 0.0595 - mse: 0.0066 - 176ms/epoch - 10ms/step
Epoch 210/800
17/17 - 0s - loss: 0.0637 - mae: 0.0637 - mse: 0.0078 - 175ms/epoch - 10ms/step
Epoch 211/800
17/17 - 0s - loss: 0.0673 - mae: 0.0673 - mse: 0.0080 - 176ms/epoch - 10ms/step
Epoch 212/800
17/17 - 0s - loss: 0.0659 - mae: 0.0659 - mse: 0.0076 - 176ms/epoch - 10ms/step
Epoch 213/800
17/17 - 0s - loss: 0.0668 - mae: 0.0668 - mse: 0.0081 - 176ms/epoch - 10ms/step
Epoch 214/800
17/17 - 0s - loss: 0.0687 - mae: 0.0687 - mse: 0.0089 - 176ms/epoch - 10ms/step
Epoch 215/800
17/17 - 0s - loss: 0.0607 - mae: 0.0607 - mse: 0.0070 - 176ms/epoch - 10ms/step
Epoch 216/800
17/17 - 0s - loss: 0.0650 - mae: 0.0650 - mse: 0.0075 - 176ms/epoch - 10ms/step
Epoch 217/800
17/17 - 0s - loss: 0.0601 - mae: 0.0601 - mse: 0.0065 - 175ms/epoch - 10ms/step
Epoch 218/800
17/17 - 0s - loss: 0.0570 - mae: 0.0570 - mse: 0.0063 - 176ms/epoch - 10ms/step
Epoch 219/800
17/17 - 0s - loss: 0.0635 - mae: 0.0635 - mse: 0.0073 - 176ms/epoch - 10ms/step
Epoch 220/800
17/17 - 0s - loss: 0.0598 - mae: 0.0598 - mse: 0.0068 - 177ms/epoch - 10ms/step
Epoch 221/800
17/17 - 0s - loss: 0.0671 - mae: 0.0671 - mse: 0.0081 - 176ms/epoch - 10ms/step
Epoch 222/800
17/17 - 0s - loss: 0.0624 - mae: 0.0624 - mse: 0.0069 - 177ms/epoch - 10ms/step
Epoch 223/800
17/17 - 0s - loss: 0.0640 - mae: 0.0640 - mse: 0.0074 - 176ms/epoch - 10ms/step
Epoch 224/800
17/17 - 0s - loss: 0.0605 - mae: 0.0605 - mse: 0.0070 - 176ms/epoch - 10ms/step
Epoch 225/800
17/17 - 0s - loss: 0.0655 - mae: 0.0655 - mse: 0.0078 - 175ms/epoch - 10ms/step
Epoch 226/800
17/17 - 0s - loss: 0.0586 - mae: 0.0586 - mse: 0.0065 - 175ms/epoch - 10ms/step
Epoch 227/800
17/17 - 0s - loss: 0.0615 - mae: 0.0615 - mse: 0.0065 - 176ms/epoch - 10ms/step
Epoch 228/800
17/17 - 0s - loss: 0.0610 - mae: 0.0610 - mse: 0.0066 - 176ms/epoch - 10ms/step
Epoch 229/800
17/17 - 0s - loss: 0.0591 - mae: 0.0591 - mse: 0.0064 - 176ms/epoch - 10ms/step
Epoch 230/800
17/17 - 0s - loss: 0.0573 - mae: 0.0573 - mse: 0.0062 - 176ms/epoch - 10ms/step
Epoch 231/800
17/17 - 0s - loss: 0.0527 - mae: 0.0527 - mse: 0.0053 - 176ms/epoch - 10ms/step
Epoch 232/800
17/17 - 0s - loss: 0.0623 - mae: 0.0623 - mse: 0.0072 - 175ms/epoch - 10ms/step
Epoch 233/800
17/17 - 0s - loss: 0.0594 - mae: 0.0594 - mse: 0.0064 - 176ms/epoch - 10ms/step
Epoch 234/800
17/17 - 0s - loss: 0.0584 - mae: 0.0584 - mse: 0.0062 - 175ms/epoch - 10ms/step
Epoch 235/800
17/17 - 0s - loss: 0.0566 - mae: 0.0566 - mse: 0.0059 - 175ms/epoch - 10ms/step
Epoch 236/800
17/17 - 0s - loss: 0.0649 - mae: 0.0649 - mse: 0.0073 - 175ms/epoch - 10ms/step
Epoch 237/800
17/17 - 0s - loss: 0.0662 - mae: 0.0662 - mse: 0.0076 - 175ms/epoch - 10ms/step
Epoch 238/800
17/17 - 0s - loss: 0.0568 - mae: 0.0568 - mse: 0.0063 - 175ms/epoch - 10ms/step
Epoch 239/800
17/17 - 0s - loss: 0.0625 - mae: 0.0625 - mse: 0.0071 - 176ms/epoch - 10ms/step
Epoch 240/800
17/17 - 0s - loss: 0.0607 - mae: 0.0607 - mse: 0.0069 - 176ms/epoch - 10ms/step
Epoch 241/800
17/17 - 0s - loss: 0.0608 - mae: 0.0608 - mse: 0.0065 - 175ms/epoch - 10ms/step
Epoch 242/800
17/17 - 0s - loss: 0.0608 - mae: 0.0608 - mse: 0.0068 - 175ms/epoch - 10ms/step
Epoch 243/800
17/17 - 0s - loss: 0.0573 - mae: 0.0573 - mse: 0.0059 - 175ms/epoch - 10ms/step
Epoch 244/800
17/17 - 0s - loss: 0.0597 - mae: 0.0597 - mse: 0.0064 - 175ms/epoch - 10ms/step
Epoch 245/800
17/17 - 0s - loss: 0.0583 - mae: 0.0583 - mse: 0.0060 - 175ms/epoch - 10ms/step
Epoch 246/800
17/17 - 0s - loss: 0.0611 - mae: 0.0611 - mse: 0.0067 - 175ms/epoch - 10ms/step
Epoch 247/800
17/17 - 0s - loss: 0.0558 - mae: 0.0558 - mse: 0.0059 - 177ms/epoch - 10ms/step
Epoch 248/800
17/17 - 0s - loss: 0.0618 - mae: 0.0618 - mse: 0.0071 - 176ms/epoch - 10ms/step
Epoch 249/800
17/17 - 0s - loss: 0.0589 - mae: 0.0589 - mse: 0.0060 - 176ms/epoch - 10ms/step
Epoch 250/800
17/17 - 0s - loss: 0.0603 - mae: 0.0603 - mse: 0.0069 - 175ms/epoch - 10ms/step
Epoch 251/800
17/17 - 0s - loss: 0.0660 - mae: 0.0660 - mse: 0.0075 - 175ms/epoch - 10ms/step
Epoch 252/800
17/17 - 0s - loss: 0.0648 - mae: 0.0648 - mse: 0.0077 - 175ms/epoch - 10ms/step
Epoch 253/800
17/17 - 0s - loss: 0.0525 - mae: 0.0525 - mse: 0.0050 - 175ms/epoch - 10ms/step
Epoch 254/800
17/17 - 0s - loss: 0.0495 - mae: 0.0495 - mse: 0.0046 - 177ms/epoch - 10ms/step
Epoch 255/800
17/17 - 0s - loss: 0.0588 - mae: 0.0588 - mse: 0.0063 - 177ms/epoch - 10ms/step
Epoch 256/800
17/17 - 0s - loss: 0.0578 - mae: 0.0578 - mse: 0.0058 - 176ms/epoch - 10ms/step
Epoch 257/800
17/17 - 0s - loss: 0.0580 - mae: 0.0580 - mse: 0.0057 - 176ms/epoch - 10ms/step
Epoch 258/800
17/17 - 0s - loss: 0.0548 - mae: 0.0548 - mse: 0.0056 - 176ms/epoch - 10ms/step
Epoch 259/800
17/17 - 0s - loss: 0.0538 - mae: 0.0538 - mse: 0.0053 - 175ms/epoch - 10ms/step
Epoch 260/800
17/17 - 0s - loss: 0.0508 - mae: 0.0508 - mse: 0.0049 - 175ms/epoch - 10ms/step
Epoch 261/800
17/17 - 0s - loss: 0.0529 - mae: 0.0529 - mse: 0.0051 - 176ms/epoch - 10ms/step
Epoch 262/800
17/17 - 0s - loss: 0.0560 - mae: 0.0560 - mse: 0.0055 - 175ms/epoch - 10ms/step
Epoch 263/800
17/17 - 0s - loss: 0.0553 - mae: 0.0553 - mse: 0.0057 - 175ms/epoch - 10ms/step
Epoch 264/800
17/17 - 0s - loss: 0.0494 - mae: 0.0494 - mse: 0.0044 - 175ms/epoch - 10ms/step
Epoch 265/800
17/17 - 0s - loss: 0.0470 - mae: 0.0470 - mse: 0.0042 - 176ms/epoch - 10ms/step
Epoch 266/800
17/17 - 0s - loss: 0.0482 - mae: 0.0482 - mse: 0.0045 - 175ms/epoch - 10ms/step
Epoch 267/800
17/17 - 0s - loss: 0.0463 - mae: 0.0463 - mse: 0.0041 - 175ms/epoch - 10ms/step
Epoch 268/800
17/17 - 0s - loss: 0.0498 - mae: 0.0498 - mse: 0.0045 - 175ms/epoch - 10ms/step
Epoch 269/800
17/17 - 0s - loss: 0.0497 - mae: 0.0497 - mse: 0.0046 - 175ms/epoch - 10ms/step
Epoch 270/800
17/17 - 0s - loss: 0.0571 - mae: 0.0571 - mse: 0.0058 - 176ms/epoch - 10ms/step
Epoch 271/800
17/17 - 0s - loss: 0.0541 - mae: 0.0541 - mse: 0.0056 - 175ms/epoch - 10ms/step
Epoch 272/800
17/17 - 0s - loss: 0.0499 - mae: 0.0499 - mse: 0.0045 - 175ms/epoch - 10ms/step
Epoch 273/800
17/17 - 0s - loss: 0.0498 - mae: 0.0498 - mse: 0.0044 - 176ms/epoch - 10ms/step
Epoch 274/800
17/17 - 0s - loss: 0.0533 - mae: 0.0533 - mse: 0.0051 - 176ms/epoch - 10ms/step
Epoch 275/800
17/17 - 0s - loss: 0.0618 - mae: 0.0618 - mse: 0.0063 - 177ms/epoch - 10ms/step
Epoch 276/800
17/17 - 0s - loss: 0.0543 - mae: 0.0543 - mse: 0.0054 - 176ms/epoch - 10ms/step
Epoch 277/800
17/17 - 0s - loss: 0.0563 - mae: 0.0563 - mse: 0.0060 - 176ms/epoch - 10ms/step
Epoch 278/800
17/17 - 0s - loss: 0.0512 - mae: 0.0512 - mse: 0.0047 - 176ms/epoch - 10ms/step
Epoch 279/800
17/17 - 0s - loss: 0.0480 - mae: 0.0480 - mse: 0.0042 - 175ms/epoch - 10ms/step
Epoch 280/800
17/17 - 0s - loss: 0.0463 - mae: 0.0463 - mse: 0.0041 - 176ms/epoch - 10ms/step
Epoch 281/800
17/17 - 0s - loss: 0.0460 - mae: 0.0460 - mse: 0.0040 - 175ms/epoch - 10ms/step
Epoch 282/800
17/17 - 0s - loss: 0.0504 - mae: 0.0504 - mse: 0.0045 - 176ms/epoch - 10ms/step
Epoch 283/800
17/17 - 0s - loss: 0.0484 - mae: 0.0484 - mse: 0.0042 - 175ms/epoch - 10ms/step
Epoch 284/800
17/17 - 0s - loss: 0.0466 - mae: 0.0466 - mse: 0.0040 - 175ms/epoch - 10ms/step
Epoch 285/800
17/17 - 0s - loss: 0.0483 - mae: 0.0483 - mse: 0.0044 - 177ms/epoch - 10ms/step
Epoch 286/800
17/17 - 0s - loss: 0.0498 - mae: 0.0498 - mse: 0.0047 - 176ms/epoch - 10ms/step
Epoch 287/800
17/17 - 0s - loss: 0.0504 - mae: 0.0504 - mse: 0.0046 - 175ms/epoch - 10ms/step
Epoch 288/800
17/17 - 0s - loss: 0.0513 - mae: 0.0513 - mse: 0.0048 - 175ms/epoch - 10ms/step
Epoch 289/800
17/17 - 0s - loss: 0.0580 - mae: 0.0580 - mse: 0.0058 - 175ms/epoch - 10ms/step
Epoch 290/800
17/17 - 0s - loss: 0.0475 - mae: 0.0475 - mse: 0.0041 - 176ms/epoch - 10ms/step
Epoch 291/800
17/17 - 0s - loss: 0.0459 - mae: 0.0459 - mse: 0.0040 - 175ms/epoch - 10ms/step
Epoch 292/800
17/17 - 0s - loss: 0.0443 - mae: 0.0443 - mse: 0.0037 - 175ms/epoch - 10ms/step
Epoch 293/800
17/17 - 0s - loss: 0.0436 - mae: 0.0436 - mse: 0.0037 - 176ms/epoch - 10ms/step
Epoch 294/800
17/17 - 0s - loss: 0.0430 - mae: 0.0430 - mse: 0.0033 - 177ms/epoch - 10ms/step
Epoch 295/800
17/17 - 0s - loss: 0.0445 - mae: 0.0445 - mse: 0.0037 - 177ms/epoch - 10ms/step
Epoch 296/800
17/17 - 0s - loss: 0.0483 - mae: 0.0483 - mse: 0.0043 - 176ms/epoch - 10ms/step
Epoch 297/800
17/17 - 0s - loss: 0.0429 - mae: 0.0429 - mse: 0.0035 - 176ms/epoch - 10ms/step
Epoch 298/800
17/17 - 0s - loss: 0.0448 - mae: 0.0448 - mse: 0.0037 - 175ms/epoch - 10ms/step
Epoch 299/800
17/17 - 0s - loss: 0.0405 - mae: 0.0405 - mse: 0.0034 - 175ms/epoch - 10ms/step
Epoch 300/800
17/17 - 0s - loss: 0.0397 - mae: 0.0397 - mse: 0.0032 - 176ms/epoch - 10ms/step
Epoch 301/800
17/17 - 0s - loss: 0.0484 - mae: 0.0484 - mse: 0.0043 - 176ms/epoch - 10ms/step
Epoch 302/800
17/17 - 0s - loss: 0.0586 - mae: 0.0586 - mse: 0.0056 - 177ms/epoch - 10ms/step
Epoch 303/800
17/17 - 0s - loss: 0.0502 - mae: 0.0502 - mse: 0.0043 - 176ms/epoch - 10ms/step
Epoch 304/800
17/17 - 0s - loss: 0.0408 - mae: 0.0408 - mse: 0.0032 - 176ms/epoch - 10ms/step
Epoch 305/800
17/17 - 0s - loss: 0.0405 - mae: 0.0405 - mse: 0.0032 - 176ms/epoch - 10ms/step
Epoch 306/800
17/17 - 0s - loss: 0.0412 - mae: 0.0412 - mse: 0.0033 - 176ms/epoch - 10ms/step
Epoch 307/800
17/17 - 0s - loss: 0.0412 - mae: 0.0412 - mse: 0.0034 - 175ms/epoch - 10ms/step
Epoch 308/800
17/17 - 0s - loss: 0.0472 - mae: 0.0472 - mse: 0.0041 - 176ms/epoch - 10ms/step
Epoch 309/800
17/17 - 0s - loss: 0.0537 - mae: 0.0537 - mse: 0.0052 - 175ms/epoch - 10ms/step
Epoch 310/800
17/17 - 0s - loss: 0.0465 - mae: 0.0465 - mse: 0.0038 - 176ms/epoch - 10ms/step
Epoch 311/800
17/17 - 0s - loss: 0.0423 - mae: 0.0423 - mse: 0.0033 - 175ms/epoch - 10ms/step
Epoch 312/800
17/17 - 0s - loss: 0.0445 - mae: 0.0445 - mse: 0.0036 - 176ms/epoch - 10ms/step
Epoch 313/800
17/17 - 0s - loss: 0.0463 - mae: 0.0463 - mse: 0.0038 - 175ms/epoch - 10ms/step
Epoch 314/800
17/17 - 0s - loss: 0.0476 - mae: 0.0476 - mse: 0.0040 - 175ms/epoch - 10ms/step
Epoch 315/800
17/17 - 0s - loss: 0.0455 - mae: 0.0455 - mse: 0.0037 - 177ms/epoch - 10ms/step
Epoch 316/800
17/17 - 0s - loss: 0.0509 - mae: 0.0509 - mse: 0.0045 - 176ms/epoch - 10ms/step
Epoch 317/800
17/17 - 0s - loss: 0.0472 - mae: 0.0472 - mse: 0.0042 - 176ms/epoch - 10ms/step
Epoch 318/800
17/17 - 0s - loss: 0.0488 - mae: 0.0488 - mse: 0.0042 - 175ms/epoch - 10ms/step
Epoch 319/800
17/17 - 0s - loss: 0.0433 - mae: 0.0433 - mse: 0.0035 - 176ms/epoch - 10ms/step
Epoch 320/800
17/17 - 0s - loss: 0.0428 - mae: 0.0428 - mse: 0.0035 - 176ms/epoch - 10ms/step
Epoch 321/800
17/17 - 0s - loss: 0.0454 - mae: 0.0454 - mse: 0.0041 - 175ms/epoch - 10ms/step
Epoch 322/800
17/17 - 0s - loss: 0.0440 - mae: 0.0440 - mse: 0.0037 - 176ms/epoch - 10ms/step
Epoch 323/800
17/17 - 0s - loss: 0.0483 - mae: 0.0483 - mse: 0.0041 - 175ms/epoch - 10ms/step
Epoch 324/800
17/17 - 0s - loss: 0.0527 - mae: 0.0527 - mse: 0.0047 - 176ms/epoch - 10ms/step
Epoch 325/800
17/17 - 0s - loss: 0.0485 - mae: 0.0485 - mse: 0.0044 - 175ms/epoch - 10ms/step
Epoch 326/800
17/17 - 0s - loss: 0.0397 - mae: 0.0397 - mse: 0.0029 - 176ms/epoch - 10ms/step
Epoch 327/800
17/17 - 0s - loss: 0.0453 - mae: 0.0453 - mse: 0.0039 - 175ms/epoch - 10ms/step
Epoch 328/800
17/17 - 0s - loss: 0.0361 - mae: 0.0361 - mse: 0.0024 - 175ms/epoch - 10ms/step
Epoch 329/800
17/17 - 0s - loss: 0.0374 - mae: 0.0374 - mse: 0.0026 - 175ms/epoch - 10ms/step
Epoch 330/800
17/17 - 0s - loss: 0.0474 - mae: 0.0474 - mse: 0.0039 - 177ms/epoch - 10ms/step
Epoch 331/800
17/17 - 0s - loss: 0.0412 - mae: 0.0412 - mse: 0.0031 - 176ms/epoch - 10ms/step
Epoch 332/800
17/17 - 0s - loss: 0.0386 - mae: 0.0386 - mse: 0.0028 - 175ms/epoch - 10ms/step
Epoch 333/800
17/17 - 0s - loss: 0.0378 - mae: 0.0378 - mse: 0.0027 - 176ms/epoch - 10ms/step
Epoch 334/800
17/17 - 0s - loss: 0.0388 - mae: 0.0388 - mse: 0.0028 - 175ms/epoch - 10ms/step
Epoch 335/800
17/17 - 0s - loss: 0.0393 - mae: 0.0393 - mse: 0.0028 - 175ms/epoch - 10ms/step
Epoch 336/800
17/17 - 0s - loss: 0.0420 - mae: 0.0420 - mse: 0.0031 - 176ms/epoch - 10ms/step
Epoch 337/800
17/17 - 0s - loss: 0.0419 - mae: 0.0419 - mse: 0.0032 - 175ms/epoch - 10ms/step
Epoch 338/800
17/17 - 0s - loss: 0.0394 - mae: 0.0394 - mse: 0.0028 - 176ms/epoch - 10ms/step
Epoch 339/800
17/17 - 0s - loss: 0.0408 - mae: 0.0408 - mse: 0.0031 - 175ms/epoch - 10ms/step
Epoch 340/800
17/17 - 0s - loss: 0.0444 - mae: 0.0444 - mse: 0.0038 - 176ms/epoch - 10ms/step
Epoch 341/800
17/17 - 0s - loss: 0.0438 - mae: 0.0438 - mse: 0.0034 - 176ms/epoch - 10ms/step
Epoch 342/800
17/17 - 0s - loss: 0.0422 - mae: 0.0422 - mse: 0.0032 - 176ms/epoch - 10ms/step
Epoch 343/800
17/17 - 0s - loss: 0.0391 - mae: 0.0391 - mse: 0.0029 - 176ms/epoch - 10ms/step
Epoch 344/800
17/17 - 0s - loss: 0.0382 - mae: 0.0382 - mse: 0.0027 - 175ms/epoch - 10ms/step
Epoch 345/800
17/17 - 0s - loss: 0.0405 - mae: 0.0405 - mse: 0.0031 - 175ms/epoch - 10ms/step
Epoch 346/800
17/17 - 0s - loss: 0.0415 - mae: 0.0415 - mse: 0.0033 - 175ms/epoch - 10ms/step
Epoch 347/800
17/17 - 0s - loss: 0.0419 - mae: 0.0419 - mse: 0.0031 - 175ms/epoch - 10ms/step
Epoch 348/800
17/17 - 0s - loss: 0.0366 - mae: 0.0366 - mse: 0.0025 - 175ms/epoch - 10ms/step
Epoch 349/800
17/17 - 0s - loss: 0.0377 - mae: 0.0377 - mse: 0.0026 - 175ms/epoch - 10ms/step
Epoch 350/800
17/17 - 0s - loss: 0.0434 - mae: 0.0434 - mse: 0.0034 - 175ms/epoch - 10ms/step
Epoch 351/800
17/17 - 0s - loss: 0.0408 - mae: 0.0408 - mse: 0.0032 - 175ms/epoch - 10ms/step
Epoch 352/800
17/17 - 0s - loss: 0.0375 - mae: 0.0375 - mse: 0.0026 - 176ms/epoch - 10ms/step
Epoch 353/800
17/17 - 0s - loss: 0.0358 - mae: 0.0358 - mse: 0.0024 - 175ms/epoch - 10ms/step
Epoch 354/800
17/17 - 0s - loss: 0.0391 - mae: 0.0391 - mse: 0.0030 - 176ms/epoch - 10ms/step
Epoch 355/800
17/17 - 0s - loss: 0.0387 - mae: 0.0387 - mse: 0.0026 - 176ms/epoch - 10ms/step
Epoch 356/800
17/17 - 0s - loss: 0.0408 - mae: 0.0408 - mse: 0.0029 - 176ms/epoch - 10ms/step
Epoch 357/800
17/17 - 0s - loss: 0.0418 - mae: 0.0418 - mse: 0.0032 - 175ms/epoch - 10ms/step
Epoch 358/800
17/17 - 0s - loss: 0.0345 - mae: 0.0345 - mse: 0.0023 - 177ms/epoch - 10ms/step
Epoch 359/800
17/17 - 0s - loss: 0.0424 - mae: 0.0424 - mse: 0.0033 - 176ms/epoch - 10ms/step
Epoch 360/800
17/17 - 0s - loss: 0.0391 - mae: 0.0391 - mse: 0.0028 - 176ms/epoch - 10ms/step
Epoch 361/800
17/17 - 0s - loss: 0.0390 - mae: 0.0390 - mse: 0.0028 - 175ms/epoch - 10ms/step
Epoch 362/800
17/17 - 0s - loss: 0.0367 - mae: 0.0367 - mse: 0.0028 - 175ms/epoch - 10ms/step
Epoch 363/800
17/17 - 0s - loss: 0.0346 - mae: 0.0346 - mse: 0.0022 - 175ms/epoch - 10ms/step
Epoch 364/800
17/17 - 0s - loss: 0.0433 - mae: 0.0433 - mse: 0.0032 - 175ms/epoch - 10ms/step
Epoch 365/800
17/17 - 0s - loss: 0.0381 - mae: 0.0381 - mse: 0.0027 - 175ms/epoch - 10ms/step
Epoch 366/800
17/17 - 0s - loss: 0.0339 - mae: 0.0339 - mse: 0.0023 - 176ms/epoch - 10ms/step
Epoch 367/800
17/17 - 0s - loss: 0.0369 - mae: 0.0369 - mse: 0.0027 - 176ms/epoch - 10ms/step
Epoch 368/800
17/17 - 0s - loss: 0.0332 - mae: 0.0332 - mse: 0.0021 - 176ms/epoch - 10ms/step
Epoch 369/800
17/17 - 0s - loss: 0.0376 - mae: 0.0376 - mse: 0.0026 - 176ms/epoch - 10ms/step
Epoch 370/800
17/17 - 0s - loss: 0.0365 - mae: 0.0365 - mse: 0.0026 - 176ms/epoch - 10ms/step
Epoch 371/800
17/17 - 0s - loss: 0.0343 - mae: 0.0343 - mse: 0.0023 - 176ms/epoch - 10ms/step
Epoch 372/800
17/17 - 0s - loss: 0.0341 - mae: 0.0341 - mse: 0.0023 - 176ms/epoch - 10ms/step
Epoch 373/800
17/17 - 0s - loss: 0.0343 - mae: 0.0343 - mse: 0.0021 - 175ms/epoch - 10ms/step
Epoch 374/800
17/17 - 0s - loss: 0.0355 - mae: 0.0355 - mse: 0.0026 - 176ms/epoch - 10ms/step
Epoch 375/800
17/17 - 0s - loss: 0.0403 - mae: 0.0403 - mse: 0.0028 - 176ms/epoch - 10ms/step
Epoch 376/800
17/17 - 0s - loss: 0.0366 - mae: 0.0366 - mse: 0.0024 - 176ms/epoch - 10ms/step
Epoch 377/800
17/17 - 0s - loss: 0.0334 - mae: 0.0334 - mse: 0.0021 - 175ms/epoch - 10ms/step
Epoch 378/800
17/17 - 0s - loss: 0.0387 - mae: 0.0387 - mse: 0.0026 - 175ms/epoch - 10ms/step
Epoch 379/800
17/17 - 0s - loss: 0.0355 - mae: 0.0355 - mse: 0.0022 - 175ms/epoch - 10ms/step
Epoch 380/800
17/17 - 0s - loss: 0.0331 - mae: 0.0331 - mse: 0.0021 - 175ms/epoch - 10ms/step
Epoch 381/800
17/17 - 0s - loss: 0.0325 - mae: 0.0325 - mse: 0.0021 - 175ms/epoch - 10ms/step
Epoch 382/800
17/17 - 0s - loss: 0.0332 - mae: 0.0332 - mse: 0.0020 - 175ms/epoch - 10ms/step
Epoch 383/800
17/17 - 0s - loss: 0.0404 - mae: 0.0404 - mse: 0.0028 - 175ms/epoch - 10ms/step
Epoch 384/800
17/17 - 0s - loss: 0.0454 - mae: 0.0454 - mse: 0.0036 - 175ms/epoch - 10ms/step
Epoch 385/800
17/17 - 0s - loss: 0.0453 - mae: 0.0453 - mse: 0.0036 - 177ms/epoch - 10ms/step
Epoch 386/800
17/17 - 0s - loss: 0.0390 - mae: 0.0390 - mse: 0.0027 - 176ms/epoch - 10ms/step
Epoch 387/800
17/17 - 0s - loss: 0.0351 - mae: 0.0351 - mse: 0.0024 - 176ms/epoch - 10ms/step
Epoch 388/800
17/17 - 0s - loss: 0.0395 - mae: 0.0395 - mse: 0.0028 - 176ms/epoch - 10ms/step
Epoch 389/800
17/17 - 0s - loss: 0.0345 - mae: 0.0345 - mse: 0.0022 - 176ms/epoch - 10ms/step
Epoch 390/800
17/17 - 0s - loss: 0.0380 - mae: 0.0380 - mse: 0.0026 - 176ms/epoch - 10ms/step
Epoch 391/800
17/17 - 0s - loss: 0.0348 - mae: 0.0348 - mse: 0.0023 - 175ms/epoch - 10ms/step
Epoch 392/800
17/17 - 0s - loss: 0.0356 - mae: 0.0356 - mse: 0.0023 - 177ms/epoch - 10ms/step
Epoch 393/800
17/17 - 0s - loss: 0.0313 - mae: 0.0313 - mse: 0.0019 - 176ms/epoch - 10ms/step
Epoch 394/800
17/17 - 0s - loss: 0.0327 - mae: 0.0327 - mse: 0.0021 - 176ms/epoch - 10ms/step
Epoch 395/800
17/17 - 0s - loss: 0.0339 - mae: 0.0339 - mse: 0.0020 - 178ms/epoch - 10ms/step
Epoch 396/800
17/17 - 0s - loss: 0.0348 - mae: 0.0348 - mse: 0.0023 - 176ms/epoch - 10ms/step
Epoch 397/800
17/17 - 0s - loss: 0.0329 - mae: 0.0329 - mse: 0.0021 - 176ms/epoch - 10ms/step
Epoch 398/800
17/17 - 0s - loss: 0.0333 - mae: 0.0333 - mse: 0.0020 - 176ms/epoch - 10ms/step
Epoch 399/800
17/17 - 0s - loss: 0.0409 - mae: 0.0409 - mse: 0.0029 - 176ms/epoch - 10ms/step
Epoch 400/800
17/17 - 0s - loss: 0.0382 - mae: 0.0382 - mse: 0.0026 - 175ms/epoch - 10ms/step
Epoch 401/800
17/17 - 0s - loss: 0.0348 - mae: 0.0348 - mse: 0.0021 - 176ms/epoch - 10ms/step
Epoch 402/800
17/17 - 0s - loss: 0.0320 - mae: 0.0320 - mse: 0.0019 - 176ms/epoch - 10ms/step
Epoch 403/800
17/17 - 0s - loss: 0.0338 - mae: 0.0338 - mse: 0.0022 - 176ms/epoch - 10ms/step
Epoch 404/800
17/17 - 0s - loss: 0.0395 - mae: 0.0395 - mse: 0.0027 - 176ms/epoch - 10ms/step
Epoch 405/800
17/17 - 0s - loss: 0.0366 - mae: 0.0366 - mse: 0.0024 - 175ms/epoch - 10ms/step
Epoch 406/800
17/17 - 0s - loss: 0.0360 - mae: 0.0360 - mse: 0.0024 - 176ms/epoch - 10ms/step
Epoch 407/800
17/17 - 0s - loss: 0.0300 - mae: 0.0300 - mse: 0.0017 - 175ms/epoch - 10ms/step
Epoch 408/800
17/17 - 0s - loss: 0.0317 - mae: 0.0317 - mse: 0.0017 - 176ms/epoch - 10ms/step
Epoch 409/800
17/17 - 0s - loss: 0.0297 - mae: 0.0297 - mse: 0.0016 - 176ms/epoch - 10ms/step
Epoch 410/800
17/17 - 0s - loss: 0.0300 - mae: 0.0300 - mse: 0.0017 - 175ms/epoch - 10ms/step
Epoch 411/800
17/17 - 0s - loss: 0.0305 - mae: 0.0305 - mse: 0.0018 - 176ms/epoch - 10ms/step
Epoch 412/800
17/17 - 0s - loss: 0.0320 - mae: 0.0320 - mse: 0.0018 - 175ms/epoch - 10ms/step
Epoch 413/800
17/17 - 0s - loss: 0.0383 - mae: 0.0383 - mse: 0.0025 - 177ms/epoch - 10ms/step
Epoch 414/800
17/17 - 0s - loss: 0.0386 - mae: 0.0386 - mse: 0.0027 - 176ms/epoch - 10ms/step
Epoch 415/800
17/17 - 0s - loss: 0.0333 - mae: 0.0333 - mse: 0.0021 - 176ms/epoch - 10ms/step
Epoch 416/800
17/17 - 0s - loss: 0.0325 - mae: 0.0325 - mse: 0.0019 - 175ms/epoch - 10ms/step
Epoch 417/800
17/17 - 0s - loss: 0.0327 - mae: 0.0327 - mse: 0.0019 - 175ms/epoch - 10ms/step
Epoch 418/800
17/17 - 0s - loss: 0.0333 - mae: 0.0333 - mse: 0.0020 - 176ms/epoch - 10ms/step
Epoch 419/800
17/17 - 0s - loss: 0.0286 - mae: 0.0286 - mse: 0.0015 - 176ms/epoch - 10ms/step
Epoch 420/800
17/17 - 0s - loss: 0.0332 - mae: 0.0332 - mse: 0.0020 - 176ms/epoch - 10ms/step
Epoch 421/800
17/17 - 0s - loss: 0.0311 - mae: 0.0311 - mse: 0.0017 - 175ms/epoch - 10ms/step
Epoch 422/800
17/17 - 0s - loss: 0.0315 - mae: 0.0315 - mse: 0.0018 - 176ms/epoch - 10ms/step
Epoch 423/800
17/17 - 0s - loss: 0.0320 - mae: 0.0320 - mse: 0.0019 - 175ms/epoch - 10ms/step
Epoch 424/800
17/17 - 0s - loss: 0.0291 - mae: 0.0291 - mse: 0.0015 - 176ms/epoch - 10ms/step
Epoch 425/800
17/17 - 0s - loss: 0.0384 - mae: 0.0384 - mse: 0.0026 - 176ms/epoch - 10ms/step
Epoch 426/800
17/17 - 0s - loss: 0.0357 - mae: 0.0357 - mse: 0.0021 - 176ms/epoch - 10ms/step
Epoch 427/800
17/17 - 0s - loss: 0.0331 - mae: 0.0331 - mse: 0.0019 - 176ms/epoch - 10ms/step
Epoch 428/800
17/17 - 0s - loss: 0.0274 - mae: 0.0274 - mse: 0.0014 - 176ms/epoch - 10ms/step
Epoch 429/800
17/17 - 0s - loss: 0.0269 - mae: 0.0269 - mse: 0.0014 - 175ms/epoch - 10ms/step
Epoch 430/800
17/17 - 0s - loss: 0.0308 - mae: 0.0308 - mse: 0.0018 - 176ms/epoch - 10ms/step
Epoch 431/800
17/17 - 0s - loss: 0.0282 - mae: 0.0282 - mse: 0.0015 - 175ms/epoch - 10ms/step
Epoch 432/800
17/17 - 0s - loss: 0.0270 - mae: 0.0270 - mse: 0.0013 - 175ms/epoch - 10ms/step
Epoch 433/800
17/17 - 0s - loss: 0.0316 - mae: 0.0316 - mse: 0.0019 - 175ms/epoch - 10ms/step
Epoch 434/800
17/17 - 0s - loss: 0.0317 - mae: 0.0317 - mse: 0.0018 - 175ms/epoch - 10ms/step
Epoch 435/800
17/17 - 0s - loss: 0.0313 - mae: 0.0313 - mse: 0.0019 - 176ms/epoch - 10ms/step
Epoch 436/800
17/17 - 0s - loss: 0.0381 - mae: 0.0381 - mse: 0.0023 - 176ms/epoch - 10ms/step
Epoch 437/800
17/17 - 0s - loss: 0.0354 - mae: 0.0354 - mse: 0.0021 - 176ms/epoch - 10ms/step
Epoch 438/800
17/17 - 0s - loss: 0.0330 - mae: 0.0330 - mse: 0.0020 - 176ms/epoch - 10ms/step
Epoch 439/800
17/17 - 0s - loss: 0.0326 - mae: 0.0326 - mse: 0.0018 - 176ms/epoch - 10ms/step
Epoch 440/800
17/17 - 0s - loss: 0.0291 - mae: 0.0291 - mse: 0.0016 - 176ms/epoch - 10ms/step
Epoch 441/800
17/17 - 0s - loss: 0.0276 - mae: 0.0276 - mse: 0.0014 - 176ms/epoch - 10ms/step
Epoch 442/800
17/17 - 0s - loss: 0.0309 - mae: 0.0309 - mse: 0.0017 - 176ms/epoch - 10ms/step
Epoch 443/800
17/17 - 0s - loss: 0.0304 - mae: 0.0304 - mse: 0.0016 - 176ms/epoch - 10ms/step
Epoch 444/800
17/17 - 0s - loss: 0.0312 - mae: 0.0312 - mse: 0.0018 - 176ms/epoch - 10ms/step
Epoch 445/800
17/17 - 0s - loss: 0.0271 - mae: 0.0271 - mse: 0.0014 - 175ms/epoch - 10ms/step
Epoch 446/800
17/17 - 0s - loss: 0.0307 - mae: 0.0307 - mse: 0.0017 - 176ms/epoch - 10ms/step
Epoch 447/800
17/17 - 0s - loss: 0.0260 - mae: 0.0260 - mse: 0.0013 - 175ms/epoch - 10ms/step
Epoch 448/800
17/17 - 0s - loss: 0.0298 - mae: 0.0298 - mse: 0.0017 - 176ms/epoch - 10ms/step
Epoch 449/800
17/17 - 0s - loss: 0.0274 - mae: 0.0274 - mse: 0.0014 - 175ms/epoch - 10ms/step
Epoch 450/800
17/17 - 0s - loss: 0.0334 - mae: 0.0334 - mse: 0.0020 - 176ms/epoch - 10ms/step
Epoch 451/800
17/17 - 0s - loss: 0.0260 - mae: 0.0260 - mse: 0.0013 - 176ms/epoch - 10ms/step
Epoch 452/800
17/17 - 0s - loss: 0.0265 - mae: 0.0265 - mse: 0.0013 - 176ms/epoch - 10ms/step
Epoch 453/800
17/17 - 0s - loss: 0.0263 - mae: 0.0263 - mse: 0.0012 - 176ms/epoch - 10ms/step
Epoch 454/800
17/17 - 0s - loss: 0.0292 - mae: 0.0292 - mse: 0.0015 - 176ms/epoch - 10ms/step
Epoch 455/800
17/17 - 0s - loss: 0.0272 - mae: 0.0272 - mse: 0.0012 - 176ms/epoch - 10ms/step
Epoch 456/800
17/17 - 0s - loss: 0.0320 - mae: 0.0320 - mse: 0.0018 - 176ms/epoch - 10ms/step
Epoch 457/800
17/17 - 0s - loss: 0.0291 - mae: 0.0291 - mse: 0.0015 - 176ms/epoch - 10ms/step
Epoch 458/800
17/17 - 0s - loss: 0.0285 - mae: 0.0285 - mse: 0.0014 - 176ms/epoch - 10ms/step
Epoch 459/800
17/17 - 0s - loss: 0.0241 - mae: 0.0241 - mse: 0.0011 - 175ms/epoch - 10ms/step
Epoch 460/800
17/17 - 0s - loss: 0.0253 - mae: 0.0253 - mse: 0.0012 - 176ms/epoch - 10ms/step
Epoch 461/800
17/17 - 0s - loss: 0.0278 - mae: 0.0278 - mse: 0.0014 - 175ms/epoch - 10ms/step
Epoch 462/800
17/17 - 0s - loss: 0.0292 - mae: 0.0292 - mse: 0.0015 - 176ms/epoch - 10ms/step
Epoch 463/800
17/17 - 0s - loss: 0.0249 - mae: 0.0249 - mse: 0.0011 - 175ms/epoch - 10ms/step
Epoch 464/800
17/17 - 0s - loss: 0.0232 - mae: 0.0232 - mse: 0.0010 - 176ms/epoch - 10ms/step
Epoch 465/800
17/17 - 0s - loss: 0.0277 - mae: 0.0277 - mse: 0.0014 - 176ms/epoch - 10ms/step
Epoch 466/800
17/17 - 0s - loss: 0.0238 - mae: 0.0238 - mse: 0.0011 - 176ms/epoch - 10ms/step
Epoch 467/800
17/17 - 0s - loss: 0.0229 - mae: 0.0229 - mse: 0.0010 - 176ms/epoch - 10ms/step
Epoch 468/800
17/17 - 0s - loss: 0.0254 - mae: 0.0254 - mse: 0.0012 - 177ms/epoch - 10ms/step
Epoch 469/800
17/17 - 0s - loss: 0.0241 - mae: 0.0241 - mse: 0.0011 - 176ms/epoch - 10ms/step
Epoch 470/800
17/17 - 0s - loss: 0.0271 - mae: 0.0271 - mse: 0.0014 - 176ms/epoch - 10ms/step
Epoch 471/800
17/17 - 0s - loss: 0.0258 - mae: 0.0258 - mse: 0.0012 - 175ms/epoch - 10ms/step
Epoch 472/800
17/17 - 0s - loss: 0.0261 - mae: 0.0261 - mse: 0.0013 - 175ms/epoch - 10ms/step
Epoch 473/800
17/17 - 0s - loss: 0.0263 - mae: 0.0263 - mse: 0.0012 - 175ms/epoch - 10ms/step
Epoch 474/800
17/17 - 0s - loss: 0.0241 - mae: 0.0241 - mse: 0.0011 - 176ms/epoch - 10ms/step
Epoch 475/800
17/17 - 0s - loss: 0.0244 - mae: 0.0244 - mse: 0.0011 - 175ms/epoch - 10ms/step
Epoch 476/800
17/17 - 0s - loss: 0.0294 - mae: 0.0294 - mse: 0.0016 - 175ms/epoch - 10ms/step
Epoch 477/800
17/17 - 0s - loss: 0.0332 - mae: 0.0332 - mse: 0.0019 - 175ms/epoch - 10ms/step
Epoch 478/800
17/17 - 0s - loss: 0.0290 - mae: 0.0290 - mse: 0.0015 - 175ms/epoch - 10ms/step
Epoch 479/800
17/17 - 0s - loss: 0.0284 - mae: 0.0284 - mse: 0.0014 - 175ms/epoch - 10ms/step
Epoch 480/800
17/17 - 0s - loss: 0.0285 - mae: 0.0285 - mse: 0.0014 - 175ms/epoch - 10ms/step
Epoch 481/800
17/17 - 0s - loss: 0.0264 - mae: 0.0264 - mse: 0.0013 - 175ms/epoch - 10ms/step
Epoch 482/800
17/17 - 0s - loss: 0.0267 - mae: 0.0267 - mse: 0.0013 - 176ms/epoch - 10ms/step
Epoch 483/800
17/17 - 0s - loss: 0.0239 - mae: 0.0239 - mse: 0.0011 - 176ms/epoch - 10ms/step
Epoch 484/800
17/17 - 0s - loss: 0.0297 - mae: 0.0297 - mse: 0.0015 - 176ms/epoch - 10ms/step
Epoch 485/800
17/17 - 0s - loss: 0.0274 - mae: 0.0274 - mse: 0.0014 - 176ms/epoch - 10ms/step
Epoch 486/800
17/17 - 0s - loss: 0.0243 - mae: 0.0243 - mse: 0.0011 - 177ms/epoch - 10ms/step
Epoch 487/800
17/17 - 0s - loss: 0.0215 - mae: 0.0215 - mse: 9.0822e-04 - 175ms/epoch - 10ms/step
Epoch 488/800
17/17 - 0s - loss: 0.0240 - mae: 0.0240 - mse: 0.0010 - 175ms/epoch - 10ms/step
Epoch 489/800
17/17 - 0s - loss: 0.0266 - mae: 0.0266 - mse: 0.0013 - 175ms/epoch - 10ms/step
Epoch 490/800
17/17 - 0s - loss: 0.0221 - mae: 0.0221 - mse: 9.3970e-04 - 175ms/epoch - 10ms/step
Epoch 491/800
17/17 - 0s - loss: 0.0225 - mae: 0.0225 - mse: 9.3831e-04 - 175ms/epoch - 10ms/step
Epoch 492/800
17/17 - 0s - loss: 0.0229 - mae: 0.0229 - mse: 9.6976e-04 - 175ms/epoch - 10ms/step
Epoch 493/800
17/17 - 0s - loss: 0.0228 - mae: 0.0228 - mse: 9.8862e-04 - 175ms/epoch - 10ms/step
Epoch 494/800
17/17 - 0s - loss: 0.0221 - mae: 0.0221 - mse: 9.3083e-04 - 176ms/epoch - 10ms/step
Epoch 495/800
17/17 - 0s - loss: 0.0243 - mae: 0.0243 - mse: 0.0011 - 176ms/epoch - 10ms/step
Epoch 496/800
17/17 - 0s - loss: 0.0228 - mae: 0.0228 - mse: 0.0010 - 176ms/epoch - 10ms/step
Epoch 497/800
17/17 - 0s - loss: 0.0212 - mae: 0.0212 - mse: 8.6201e-04 - 176ms/epoch - 10ms/step
Epoch 498/800
17/17 - 0s - loss: 0.0215 - mae: 0.0215 - mse: 8.9925e-04 - 176ms/epoch - 10ms/step
Epoch 499/800
17/17 - 0s - loss: 0.0231 - mae: 0.0231 - mse: 9.8980e-04 - 177ms/epoch - 10ms/step
Epoch 500/800
17/17 - 0s - loss: 0.0239 - mae: 0.0239 - mse: 0.0011 - 176ms/epoch - 10ms/step
Epoch 501/800
17/17 - 0s - loss: 0.0235 - mae: 0.0235 - mse: 0.0010 - 176ms/epoch - 10ms/step
Epoch 502/800
17/17 - 0s - loss: 0.0248 - mae: 0.0248 - mse: 0.0011 - 176ms/epoch - 10ms/step
Epoch 503/800
17/17 - 0s - loss: 0.0262 - mae: 0.0262 - mse: 0.0012 - 175ms/epoch - 10ms/step
Epoch 504/800
17/17 - 0s - loss: 0.0231 - mae: 0.0231 - mse: 0.0011 - 176ms/epoch - 10ms/step
Epoch 505/800
17/17 - 0s - loss: 0.0229 - mae: 0.0229 - mse: 9.6069e-04 - 176ms/epoch - 10ms/step
Epoch 506/800
17/17 - 0s - loss: 0.0254 - mae: 0.0254 - mse: 0.0012 - 176ms/epoch - 10ms/step
Epoch 507/800
17/17 - 0s - loss: 0.0224 - mae: 0.0224 - mse: 9.6382e-04 - 176ms/epoch - 10ms/step
Epoch 508/800
17/17 - 0s - loss: 0.0226 - mae: 0.0226 - mse: 9.6466e-04 - 175ms/epoch - 10ms/step
Epoch 509/800
17/17 - 0s - loss: 0.0215 - mae: 0.0215 - mse: 8.5117e-04 - 176ms/epoch - 10ms/step
Epoch 510/800
17/17 - 0s - loss: 0.0246 - mae: 0.0246 - mse: 0.0011 - 175ms/epoch - 10ms/step
Epoch 511/800
17/17 - 0s - loss: 0.0224 - mae: 0.0224 - mse: 9.7162e-04 - 175ms/epoch - 10ms/step
Epoch 512/800
17/17 - 0s - loss: 0.0278 - mae: 0.0278 - mse: 0.0014 - 175ms/epoch - 10ms/step
Epoch 513/800
17/17 - 0s - loss: 0.0223 - mae: 0.0223 - mse: 9.5205e-04 - 176ms/epoch - 10ms/step
Epoch 514/800
17/17 - 0s - loss: 0.0237 - mae: 0.0237 - mse: 0.0010 - 176ms/epoch - 10ms/step
Epoch 515/800
17/17 - 0s - loss: 0.0200 - mae: 0.0200 - mse: 7.6581e-04 - 176ms/epoch - 10ms/step
Epoch 516/800
17/17 - 0s - loss: 0.0222 - mae: 0.0222 - mse: 9.0182e-04 - 176ms/epoch - 10ms/step
Epoch 517/800
17/17 - 0s - loss: 0.0232 - mae: 0.0232 - mse: 9.8643e-04 - 176ms/epoch - 10ms/step
Epoch 518/800
17/17 - 0s - loss: 0.0237 - mae: 0.0237 - mse: 0.0011 - 176ms/epoch - 10ms/step
Epoch 519/800
17/17 - 0s - loss: 0.0233 - mae: 0.0233 - mse: 0.0010 - 176ms/epoch - 10ms/step
Epoch 520/800
17/17 - 0s - loss: 0.0217 - mae: 0.0217 - mse: 8.7156e-04 - 176ms/epoch - 10ms/step
Epoch 521/800
17/17 - 0s - loss: 0.0219 - mae: 0.0219 - mse: 9.5270e-04 - 176ms/epoch - 10ms/step
Epoch 522/800
17/17 - 0s - loss: 0.0206 - mae: 0.0206 - mse: 7.9261e-04 - 176ms/epoch - 10ms/step
Epoch 523/800
17/17 - 0s - loss: 0.0210 - mae: 0.0210 - mse: 8.2613e-04 - 177ms/epoch - 10ms/step
Epoch 524/800
17/17 - 0s - loss: 0.0214 - mae: 0.0214 - mse: 9.0778e-04 - 176ms/epoch - 10ms/step
Epoch 525/800
17/17 - 0s - loss: 0.0234 - mae: 0.0234 - mse: 9.9231e-04 - 176ms/epoch - 10ms/step
Epoch 526/800
17/17 - 0s - loss: 0.0240 - mae: 0.0240 - mse: 0.0010 - 176ms/epoch - 10ms/step
Epoch 527/800
17/17 - 0s - loss: 0.0222 - mae: 0.0222 - mse: 9.2187e-04 - 176ms/epoch - 10ms/step
Epoch 528/800
17/17 - 0s - loss: 0.0208 - mae: 0.0208 - mse: 8.1272e-04 - 175ms/epoch - 10ms/step
Epoch 529/800
17/17 - 0s - loss: 0.0204 - mae: 0.0204 - mse: 8.4046e-04 - 176ms/epoch - 10ms/step
Epoch 530/800
17/17 - 0s - loss: 0.0196 - mae: 0.0196 - mse: 7.6172e-04 - 176ms/epoch - 10ms/step
Epoch 531/800
17/17 - 0s - loss: 0.0190 - mae: 0.0190 - mse: 7.4205e-04 - 176ms/epoch - 10ms/step
Epoch 532/800
17/17 - 0s - loss: 0.0206 - mae: 0.0206 - mse: 7.8323e-04 - 176ms/epoch - 10ms/step
Epoch 533/800
17/17 - 0s - loss: 0.0187 - mae: 0.0187 - mse: 6.8235e-04 - 176ms/epoch - 10ms/step
Epoch 534/800
17/17 - 0s - loss: 0.0185 - mae: 0.0185 - mse: 6.6867e-04 - 176ms/epoch - 10ms/step
Epoch 535/800
17/17 - 0s - loss: 0.0169 - mae: 0.0169 - mse: 5.9652e-04 - 176ms/epoch - 10ms/step
Epoch 536/800
17/17 - 0s - loss: 0.0199 - mae: 0.0199 - mse: 7.3465e-04 - 175ms/epoch - 10ms/step
Epoch 537/800
17/17 - 0s - loss: 0.0234 - mae: 0.0234 - mse: 0.0010 - 175ms/epoch - 10ms/step
Epoch 538/800
17/17 - 0s - loss: 0.0231 - mae: 0.0231 - mse: 0.0010 - 175ms/epoch - 10ms/step
Epoch 539/800
17/17 - 0s - loss: 0.0264 - mae: 0.0264 - mse: 0.0013 - 176ms/epoch - 10ms/step
Epoch 540/800
17/17 - 0s - loss: 0.0227 - mae: 0.0227 - mse: 9.1510e-04 - 175ms/epoch - 10ms/step
Epoch 541/800
17/17 - 0s - loss: 0.0205 - mae: 0.0205 - mse: 8.0204e-04 - 176ms/epoch - 10ms/step
Epoch 542/800
17/17 - 0s - loss: 0.0198 - mae: 0.0198 - mse: 7.5492e-04 - 175ms/epoch - 10ms/step
Epoch 543/800
17/17 - 0s - loss: 0.0192 - mae: 0.0192 - mse: 7.0078e-04 - 176ms/epoch - 10ms/step
Epoch 544/800
17/17 - 0s - loss: 0.0227 - mae: 0.0227 - mse: 9.3410e-04 - 176ms/epoch - 10ms/step
Epoch 545/800
17/17 - 0s - loss: 0.0210 - mae: 0.0210 - mse: 8.6387e-04 - 176ms/epoch - 10ms/step
Epoch 546/800
17/17 - 0s - loss: 0.0179 - mae: 0.0179 - mse: 6.5078e-04 - 175ms/epoch - 10ms/step
Epoch 547/800
17/17 - 0s - loss: 0.0167 - mae: 0.0167 - mse: 5.9412e-04 - 175ms/epoch - 10ms/step
Epoch 548/800
17/17 - 0s - loss: 0.0169 - mae: 0.0169 - mse: 5.7741e-04 - 176ms/epoch - 10ms/step
Epoch 549/800
17/17 - 0s - loss: 0.0172 - mae: 0.0172 - mse: 5.9983e-04 - 176ms/epoch - 10ms/step
Epoch 550/800
17/17 - 0s - loss: 0.0171 - mae: 0.0171 - mse: 6.0484e-04 - 176ms/epoch - 10ms/step
Epoch 551/800
17/17 - 0s - loss: 0.0181 - mae: 0.0181 - mse: 6.5330e-04 - 177ms/epoch - 10ms/step
Epoch 552/800
17/17 - 0s - loss: 0.0177 - mae: 0.0177 - mse: 6.8242e-04 - 176ms/epoch - 10ms/step
Epoch 553/800
17/17 - 0s - loss: 0.0164 - mae: 0.0164 - mse: 5.8389e-04 - 175ms/epoch - 10ms/step
Epoch 554/800
17/17 - 0s - loss: 0.0182 - mae: 0.0182 - mse: 6.4926e-04 - 175ms/epoch - 10ms/step
Epoch 555/800
17/17 - 0s - loss: 0.0173 - mae: 0.0173 - mse: 6.1030e-04 - 176ms/epoch - 10ms/step
Epoch 556/800
17/17 - 0s - loss: 0.0171 - mae: 0.0171 - mse: 5.9830e-04 - 176ms/epoch - 10ms/step
Epoch 557/800
17/17 - 0s - loss: 0.0172 - mae: 0.0172 - mse: 6.0331e-04 - 176ms/epoch - 10ms/step
Epoch 558/800
17/17 - 0s - loss: 0.0196 - mae: 0.0196 - mse: 7.7748e-04 - 175ms/epoch - 10ms/step
Epoch 559/800
17/17 - 0s - loss: 0.0197 - mae: 0.0197 - mse: 7.7989e-04 - 175ms/epoch - 10ms/step
Epoch 560/800
17/17 - 0s - loss: 0.0181 - mae: 0.0181 - mse: 6.4066e-04 - 176ms/epoch - 10ms/step
Epoch 561/800
17/17 - 0s - loss: 0.0173 - mae: 0.0173 - mse: 6.3689e-04 - 175ms/epoch - 10ms/step
Epoch 562/800
17/17 - 0s - loss: 0.0179 - mae: 0.0179 - mse: 6.3692e-04 - 175ms/epoch - 10ms/step
Epoch 563/800
17/17 - 0s - loss: 0.0197 - mae: 0.0197 - mse: 7.5859e-04 - 175ms/epoch - 10ms/step
Epoch 564/800
17/17 - 0s - loss: 0.0177 - mae: 0.0177 - mse: 6.2799e-04 - 176ms/epoch - 10ms/step
Epoch 565/800
17/17 - 0s - loss: 0.0168 - mae: 0.0168 - mse: 5.7692e-04 - 175ms/epoch - 10ms/step
Epoch 566/800
17/17 - 0s - loss: 0.0174 - mae: 0.0174 - mse: 6.1083e-04 - 175ms/epoch - 10ms/step
Epoch 567/800
17/17 - 0s - loss: 0.0159 - mae: 0.0159 - mse: 5.6088e-04 - 175ms/epoch - 10ms/step
Epoch 568/800
17/17 - 0s - loss: 0.0191 - mae: 0.0191 - mse: 7.0039e-04 - 175ms/epoch - 10ms/step
Epoch 569/800
17/17 - 0s - loss: 0.0186 - mae: 0.0186 - mse: 6.5632e-04 - 175ms/epoch - 10ms/step
Epoch 570/800
17/17 - 0s - loss: 0.0190 - mae: 0.0190 - mse: 7.1492e-04 - 175ms/epoch - 10ms/step
Epoch 571/800
17/17 - 0s - loss: 0.0209 - mae: 0.0209 - mse: 8.1744e-04 - 175ms/epoch - 10ms/step
Epoch 572/800
17/17 - 0s - loss: 0.0166 - mae: 0.0166 - mse: 5.2966e-04 - 176ms/epoch - 10ms/step
Epoch 573/800
17/17 - 0s - loss: 0.0166 - mae: 0.0166 - mse: 6.0163e-04 - 175ms/epoch - 10ms/step
Epoch 574/800
17/17 - 0s - loss: 0.0169 - mae: 0.0169 - mse: 5.8431e-04 - 175ms/epoch - 10ms/step
Epoch 575/800
17/17 - 0s - loss: 0.0170 - mae: 0.0170 - mse: 5.6160e-04 - 175ms/epoch - 10ms/step
Epoch 576/800
17/17 - 0s - loss: 0.0155 - mae: 0.0155 - mse: 4.9399e-04 - 175ms/epoch - 10ms/step
Epoch 577/800
17/17 - 0s - loss: 0.0153 - mae: 0.0153 - mse: 4.8998e-04 - 176ms/epoch - 10ms/step
Epoch 578/800
17/17 - 0s - loss: 0.0162 - mae: 0.0162 - mse: 5.4353e-04 - 176ms/epoch - 10ms/step
Epoch 579/800
17/17 - 0s - loss: 0.0182 - mae: 0.0182 - mse: 6.4210e-04 - 176ms/epoch - 10ms/step
Epoch 580/800
17/17 - 0s - loss: 0.0178 - mae: 0.0178 - mse: 6.3491e-04 - 176ms/epoch - 10ms/step
Epoch 581/800
17/17 - 0s - loss: 0.0236 - mae: 0.0236 - mse: 9.8887e-04 - 176ms/epoch - 10ms/step
Epoch 582/800
17/17 - 0s - loss: 0.0231 - mae: 0.0231 - mse: 9.7493e-04 - 175ms/epoch - 10ms/step
Epoch 583/800
17/17 - 0s - loss: 0.0186 - mae: 0.0186 - mse: 7.3155e-04 - 176ms/epoch - 10ms/step
Epoch 584/800
17/17 - 0s - loss: 0.0160 - mae: 0.0160 - mse: 5.2785e-04 - 176ms/epoch - 10ms/step
Epoch 585/800
17/17 - 0s - loss: 0.0218 - mae: 0.0218 - mse: 8.6873e-04 - 176ms/epoch - 10ms/step
Epoch 586/800
17/17 - 0s - loss: 0.0223 - mae: 0.0223 - mse: 8.9444e-04 - 175ms/epoch - 10ms/step
Epoch 587/800
17/17 - 0s - loss: 0.0182 - mae: 0.0182 - mse: 6.4434e-04 - 175ms/epoch - 10ms/step
Epoch 588/800
17/17 - 0s - loss: 0.0190 - mae: 0.0190 - mse: 6.8577e-04 - 175ms/epoch - 10ms/step
Epoch 589/800
17/17 - 0s - loss: 0.0209 - mae: 0.0209 - mse: 7.7228e-04 - 175ms/epoch - 10ms/step
Epoch 590/800
17/17 - 0s - loss: 0.0191 - mae: 0.0191 - mse: 7.3948e-04 - 175ms/epoch - 10ms/step
Epoch 591/800
17/17 - 0s - loss: 0.0199 - mae: 0.0199 - mse: 7.4746e-04 - 176ms/epoch - 10ms/step
Epoch 592/800
17/17 - 0s - loss: 0.0165 - mae: 0.0165 - mse: 5.8708e-04 - 176ms/epoch - 10ms/step
Epoch 593/800
17/17 - 0s - loss: 0.0152 - mae: 0.0152 - mse: 4.9698e-04 - 176ms/epoch - 10ms/step
Epoch 594/800
17/17 - 0s - loss: 0.0165 - mae: 0.0165 - mse: 5.6274e-04 - 175ms/epoch - 10ms/step
Epoch 595/800
17/17 - 0s - loss: 0.0144 - mae: 0.0144 - mse: 4.6907e-04 - 176ms/epoch - 10ms/step
Epoch 596/800
17/17 - 0s - loss: 0.0129 - mae: 0.0129 - mse: 4.2120e-04 - 176ms/epoch - 10ms/step
Epoch 597/800
17/17 - 0s - loss: 0.0152 - mae: 0.0152 - mse: 4.8789e-04 - 175ms/epoch - 10ms/step
Epoch 598/800
17/17 - 0s - loss: 0.0157 - mae: 0.0157 - mse: 5.0039e-04 - 175ms/epoch - 10ms/step
Epoch 599/800
17/17 - 0s - loss: 0.0157 - mae: 0.0157 - mse: 4.9887e-04 - 175ms/epoch - 10ms/step
Epoch 600/800
17/17 - 0s - loss: 0.0164 - mae: 0.0164 - mse: 5.4187e-04 - 175ms/epoch - 10ms/step
Epoch 601/800
17/17 - 0s - loss: 0.0178 - mae: 0.0178 - mse: 6.2884e-04 - 175ms/epoch - 10ms/step
Epoch 602/800
17/17 - 0s - loss: 0.0174 - mae: 0.0174 - mse: 5.8905e-04 - 176ms/epoch - 10ms/step
Epoch 603/800
17/17 - 0s - loss: 0.0205 - mae: 0.0205 - mse: 7.8376e-04 - 176ms/epoch - 10ms/step
Epoch 604/800
17/17 - 0s - loss: 0.0164 - mae: 0.0164 - mse: 5.6691e-04 - 176ms/epoch - 10ms/step
Epoch 605/800
17/17 - 0s - loss: 0.0141 - mae: 0.0141 - mse: 4.8619e-04 - 175ms/epoch - 10ms/step
Epoch 606/800
17/17 - 0s - loss: 0.0145 - mae: 0.0145 - mse: 4.7089e-04 - 178ms/epoch - 10ms/step
Epoch 607/800
17/17 - 0s - loss: 0.0133 - mae: 0.0133 - mse: 4.1970e-04 - 176ms/epoch - 10ms/step
Epoch 608/800
17/17 - 0s - loss: 0.0146 - mae: 0.0146 - mse: 4.4093e-04 - 175ms/epoch - 10ms/step
Epoch 609/800
17/17 - 0s - loss: 0.0164 - mae: 0.0164 - mse: 5.3992e-04 - 175ms/epoch - 10ms/step
Epoch 610/800
17/17 - 0s - loss: 0.0169 - mae: 0.0169 - mse: 5.7611e-04 - 175ms/epoch - 10ms/step
Epoch 611/800
17/17 - 0s - loss: 0.0155 - mae: 0.0155 - mse: 4.9546e-04 - 175ms/epoch - 10ms/step
Epoch 612/800
17/17 - 0s - loss: 0.0143 - mae: 0.0143 - mse: 4.7068e-04 - 176ms/epoch - 10ms/step
Epoch 613/800
17/17 - 0s - loss: 0.0139 - mae: 0.0139 - mse: 4.4513e-04 - 175ms/epoch - 10ms/step
Epoch 614/800
17/17 - 0s - loss: 0.0155 - mae: 0.0155 - mse: 4.9861e-04 - 175ms/epoch - 10ms/step
Epoch 615/800
17/17 - 0s - loss: 0.0148 - mae: 0.0148 - mse: 4.6859e-04 - 176ms/epoch - 10ms/step
Epoch 616/800
17/17 - 0s - loss: 0.0143 - mae: 0.0143 - mse: 4.2956e-04 - 175ms/epoch - 10ms/step
Epoch 617/800
17/17 - 0s - loss: 0.0128 - mae: 0.0128 - mse: 4.2432e-04 - 175ms/epoch - 10ms/step
Epoch 618/800
17/17 - 0s - loss: 0.0138 - mae: 0.0138 - mse: 4.3749e-04 - 175ms/epoch - 10ms/step
Epoch 619/800
17/17 - 0s - loss: 0.0144 - mae: 0.0144 - mse: 4.7540e-04 - 175ms/epoch - 10ms/step
Epoch 620/800
17/17 - 0s - loss: 0.0138 - mae: 0.0138 - mse: 4.2001e-04 - 175ms/epoch - 10ms/step
Epoch 621/800
17/17 - 0s - loss: 0.0118 - mae: 0.0118 - mse: 3.7899e-04 - 176ms/epoch - 10ms/step
Epoch 622/800
17/17 - 0s - loss: 0.0125 - mae: 0.0125 - mse: 3.6334e-04 - 175ms/epoch - 10ms/step
Epoch 623/800
17/17 - 0s - loss: 0.0115 - mae: 0.0115 - mse: 3.5959e-04 - 176ms/epoch - 10ms/step
Epoch 624/800
17/17 - 0s - loss: 0.0133 - mae: 0.0133 - mse: 4.0320e-04 - 176ms/epoch - 10ms/step
Epoch 625/800
17/17 - 0s - loss: 0.0125 - mae: 0.0125 - mse: 3.9071e-04 - 176ms/epoch - 10ms/step
Epoch 626/800
17/17 - 0s - loss: 0.0141 - mae: 0.0141 - mse: 4.7866e-04 - 176ms/epoch - 10ms/step
Epoch 627/800
17/17 - 0s - loss: 0.0142 - mae: 0.0142 - mse: 4.4866e-04 - 176ms/epoch - 10ms/step
Epoch 628/800
17/17 - 0s - loss: 0.0120 - mae: 0.0120 - mse: 3.7633e-04 - 176ms/epoch - 10ms/step
Epoch 629/800
17/17 - 0s - loss: 0.0117 - mae: 0.0117 - mse: 3.5053e-04 - 175ms/epoch - 10ms/step
Epoch 630/800
17/17 - 0s - loss: 0.0125 - mae: 0.0125 - mse: 3.6867e-04 - 176ms/epoch - 10ms/step
Epoch 631/800
17/17 - 0s - loss: 0.0116 - mae: 0.0116 - mse: 3.8405e-04 - 176ms/epoch - 10ms/step
Epoch 632/800
17/17 - 0s - loss: 0.0120 - mae: 0.0120 - mse: 3.4078e-04 - 176ms/epoch - 10ms/step
Epoch 633/800
17/17 - 0s - loss: 0.0139 - mae: 0.0139 - mse: 4.4839e-04 - 177ms/epoch - 10ms/step
Epoch 634/800
17/17 - 0s - loss: 0.0129 - mae: 0.0129 - mse: 4.1483e-04 - 176ms/epoch - 10ms/step
Epoch 635/800
17/17 - 0s - loss: 0.0134 - mae: 0.0134 - mse: 4.0753e-04 - 176ms/epoch - 10ms/step
Epoch 636/800
17/17 - 0s - loss: 0.0156 - mae: 0.0156 - mse: 5.0020e-04 - 176ms/epoch - 10ms/step
Epoch 637/800
17/17 - 0s - loss: 0.0149 - mae: 0.0149 - mse: 4.6673e-04 - 175ms/epoch - 10ms/step
Epoch 638/800
17/17 - 0s - loss: 0.0134 - mae: 0.0134 - mse: 4.3984e-04 - 175ms/epoch - 10ms/step
Epoch 639/800
17/17 - 0s - loss: 0.0150 - mae: 0.0150 - mse: 4.9226e-04 - 175ms/epoch - 10ms/step
Epoch 640/800
17/17 - 0s - loss: 0.0133 - mae: 0.0133 - mse: 3.9836e-04 - 176ms/epoch - 10ms/step
Epoch 641/800
17/17 - 0s - loss: 0.0119 - mae: 0.0119 - mse: 3.5562e-04 - 176ms/epoch - 10ms/step
Epoch 642/800
17/17 - 0s - loss: 0.0126 - mae: 0.0126 - mse: 3.7766e-04 - 176ms/epoch - 10ms/step
Epoch 643/800
17/17 - 0s - loss: 0.0121 - mae: 0.0121 - mse: 3.6027e-04 - 175ms/epoch - 10ms/step
Epoch 644/800
17/17 - 0s - loss: 0.0121 - mae: 0.0121 - mse: 3.8319e-04 - 175ms/epoch - 10ms/step
Epoch 645/800
17/17 - 0s - loss: 0.0129 - mae: 0.0129 - mse: 3.9959e-04 - 176ms/epoch - 10ms/step
Epoch 646/800
17/17 - 0s - loss: 0.0138 - mae: 0.0138 - mse: 4.3791e-04 - 175ms/epoch - 10ms/step
Epoch 647/800
17/17 - 0s - loss: 0.0116 - mae: 0.0116 - mse: 3.3259e-04 - 175ms/epoch - 10ms/step
Epoch 648/800
17/17 - 0s - loss: 0.0111 - mae: 0.0111 - mse: 3.2894e-04 - 176ms/epoch - 10ms/step
Epoch 649/800
17/17 - 0s - loss: 0.0130 - mae: 0.0130 - mse: 3.9685e-04 - 175ms/epoch - 10ms/step
Epoch 650/800
17/17 - 0s - loss: 0.0122 - mae: 0.0122 - mse: 3.7283e-04 - 175ms/epoch - 10ms/step
Epoch 651/800
17/17 - 0s - loss: 0.0145 - mae: 0.0145 - mse: 4.5639e-04 - 175ms/epoch - 10ms/step
Epoch 652/800
17/17 - 0s - loss: 0.0137 - mae: 0.0137 - mse: 4.6404e-04 - 175ms/epoch - 10ms/step
Epoch 653/800
17/17 - 0s - loss: 0.0154 - mae: 0.0154 - mse: 4.8867e-04 - 175ms/epoch - 10ms/step
Epoch 654/800
17/17 - 0s - loss: 0.0138 - mae: 0.0138 - mse: 4.3771e-04 - 175ms/epoch - 10ms/step
Epoch 655/800
17/17 - 0s - loss: 0.0131 - mae: 0.0131 - mse: 4.0588e-04 - 175ms/epoch - 10ms/step
Epoch 656/800
17/17 - 0s - loss: 0.0116 - mae: 0.0116 - mse: 3.4340e-04 - 175ms/epoch - 10ms/step
Epoch 657/800
17/17 - 0s - loss: 0.0118 - mae: 0.0118 - mse: 3.6728e-04 - 175ms/epoch - 10ms/step
Epoch 658/800
17/17 - 0s - loss: 0.0113 - mae: 0.0113 - mse: 3.4397e-04 - 175ms/epoch - 10ms/step
Epoch 659/800
17/17 - 0s - loss: 0.0116 - mae: 0.0116 - mse: 3.4128e-04 - 175ms/epoch - 10ms/step
Epoch 660/800
17/17 - 0s - loss: 0.0104 - mae: 0.0104 - mse: 3.0486e-04 - 175ms/epoch - 10ms/step
Epoch 661/800
17/17 - 0s - loss: 0.0106 - mae: 0.0106 - mse: 3.0834e-04 - 177ms/epoch - 10ms/step
Epoch 662/800
17/17 - 0s - loss: 0.0100 - mae: 0.0100 - mse: 3.0809e-04 - 176ms/epoch - 10ms/step
Epoch 663/800
17/17 - 0s - loss: 0.0102 - mae: 0.0102 - mse: 3.1847e-04 - 176ms/epoch - 10ms/step
Epoch 664/800
17/17 - 0s - loss: 0.0114 - mae: 0.0114 - mse: 3.6380e-04 - 175ms/epoch - 10ms/step
Epoch 665/800
17/17 - 0s - loss: 0.0109 - mae: 0.0109 - mse: 3.1241e-04 - 176ms/epoch - 10ms/step
Epoch 666/800
17/17 - 0s - loss: 0.0101 - mae: 0.0101 - mse: 2.8634e-04 - 175ms/epoch - 10ms/step
Epoch 667/800
17/17 - 0s - loss: 0.0096 - mae: 0.0096 - mse: 2.7971e-04 - 175ms/epoch - 10ms/step
Epoch 668/800
17/17 - 0s - loss: 0.0121 - mae: 0.0121 - mse: 3.4008e-04 - 176ms/epoch - 10ms/step
Epoch 669/800
17/17 - 0s - loss: 0.0120 - mae: 0.0120 - mse: 3.6850e-04 - 175ms/epoch - 10ms/step
Epoch 670/800
17/17 - 0s - loss: 0.0093 - mae: 0.0093 - mse: 2.6954e-04 - 177ms/epoch - 10ms/step
Epoch 671/800
17/17 - 0s - loss: 0.0094 - mae: 0.0094 - mse: 2.8608e-04 - 176ms/epoch - 10ms/step
Epoch 672/800
17/17 - 0s - loss: 0.0098 - mae: 0.0098 - mse: 2.9050e-04 - 176ms/epoch - 10ms/step
Epoch 673/800
17/17 - 0s - loss: 0.0097 - mae: 0.0097 - mse: 2.6912e-04 - 176ms/epoch - 10ms/step
Epoch 674/800
17/17 - 0s - loss: 0.0094 - mae: 0.0094 - mse: 2.7306e-04 - 175ms/epoch - 10ms/step
Epoch 675/800
17/17 - 0s - loss: 0.0090 - mae: 0.0090 - mse: 2.5987e-04 - 175ms/epoch - 10ms/step
Epoch 676/800
17/17 - 0s - loss: 0.0094 - mae: 0.0094 - mse: 2.7241e-04 - 175ms/epoch - 10ms/step
Epoch 677/800
17/17 - 0s - loss: 0.0087 - mae: 0.0087 - mse: 2.5478e-04 - 175ms/epoch - 10ms/step
Epoch 678/800
17/17 - 0s - loss: 0.0112 - mae: 0.0112 - mse: 3.1950e-04 - 175ms/epoch - 10ms/step
Epoch 679/800
17/17 - 0s - loss: 0.0101 - mae: 0.0101 - mse: 2.9379e-04 - 175ms/epoch - 10ms/step
Epoch 680/800
17/17 - 0s - loss: 0.0094 - mae: 0.0094 - mse: 2.7761e-04 - 176ms/epoch - 10ms/step
Epoch 681/800
17/17 - 0s - loss: 0.0090 - mae: 0.0090 - mse: 2.6187e-04 - 175ms/epoch - 10ms/step
Epoch 682/800
17/17 - 0s - loss: 0.0100 - mae: 0.0100 - mse: 2.8832e-04 - 175ms/epoch - 10ms/step
Epoch 683/800
17/17 - 0s - loss: 0.0094 - mae: 0.0094 - mse: 2.6604e-04 - 176ms/epoch - 10ms/step
Epoch 684/800
17/17 - 0s - loss: 0.0097 - mae: 0.0097 - mse: 2.8814e-04 - 176ms/epoch - 10ms/step
Epoch 685/800
17/17 - 0s - loss: 0.0087 - mae: 0.0087 - mse: 2.5267e-04 - 176ms/epoch - 10ms/step
Epoch 686/800
17/17 - 0s - loss: 0.0085 - mae: 0.0085 - mse: 2.5119e-04 - 175ms/epoch - 10ms/step
Epoch 687/800
17/17 - 0s - loss: 0.0092 - mae: 0.0092 - mse: 2.6487e-04 - 175ms/epoch - 10ms/step
Epoch 688/800
17/17 - 0s - loss: 0.0084 - mae: 0.0084 - mse: 2.4929e-04 - 176ms/epoch - 10ms/step
Epoch 689/800
17/17 - 0s - loss: 0.0074 - mae: 0.0074 - mse: 2.2382e-04 - 177ms/epoch - 10ms/step
Epoch 690/800
17/17 - 0s - loss: 0.0080 - mae: 0.0080 - mse: 2.3791e-04 - 176ms/epoch - 10ms/step
Epoch 691/800
17/17 - 0s - loss: 0.0077 - mae: 0.0077 - mse: 2.1888e-04 - 176ms/epoch - 10ms/step
Epoch 692/800
17/17 - 0s - loss: 0.0085 - mae: 0.0085 - mse: 2.5715e-04 - 175ms/epoch - 10ms/step
Epoch 693/800
17/17 - 0s - loss: 0.0080 - mae: 0.0080 - mse: 2.3446e-04 - 175ms/epoch - 10ms/step
Epoch 694/800
17/17 - 0s - loss: 0.0082 - mae: 0.0082 - mse: 2.4198e-04 - 175ms/epoch - 10ms/step
Epoch 695/800
17/17 - 0s - loss: 0.0091 - mae: 0.0091 - mse: 2.7852e-04 - 175ms/epoch - 10ms/step
Epoch 696/800
17/17 - 0s - loss: 0.0079 - mae: 0.0079 - mse: 2.3783e-04 - 176ms/epoch - 10ms/step
Epoch 697/800
17/17 - 0s - loss: 0.0068 - mae: 0.0068 - mse: 2.1527e-04 - 175ms/epoch - 10ms/step
Epoch 698/800
17/17 - 0s - loss: 0.0077 - mae: 0.0077 - mse: 2.3650e-04 - 176ms/epoch - 10ms/step
Epoch 699/800
17/17 - 0s - loss: 0.0077 - mae: 0.0077 - mse: 2.3650e-04 - 176ms/epoch - 10ms/step
Epoch 700/800
17/17 - 0s - loss: 0.0076 - mae: 0.0076 - mse: 2.3125e-04 - 176ms/epoch - 10ms/step
Epoch 701/800
17/17 - 0s - loss: 0.0074 - mae: 0.0074 - mse: 2.2994e-04 - 175ms/epoch - 10ms/step
Epoch 702/800
17/17 - 0s - loss: 0.0075 - mae: 0.0075 - mse: 2.2342e-04 - 175ms/epoch - 10ms/step
Epoch 703/800
17/17 - 0s - loss: 0.0082 - mae: 0.0082 - mse: 2.5665e-04 - 175ms/epoch - 10ms/step
Epoch 704/800
17/17 - 0s - loss: 0.0106 - mae: 0.0106 - mse: 3.1150e-04 - 176ms/epoch - 10ms/step
Epoch 705/800
17/17 - 0s - loss: 0.0093 - mae: 0.0093 - mse: 2.7210e-04 - 175ms/epoch - 10ms/step
Epoch 706/800
17/17 - 0s - loss: 0.0077 - mae: 0.0077 - mse: 2.3082e-04 - 175ms/epoch - 10ms/step
Epoch 707/800
17/17 - 0s - loss: 0.0074 - mae: 0.0074 - mse: 2.1486e-04 - 175ms/epoch - 10ms/step
Epoch 708/800
17/17 - 0s - loss: 0.0078 - mae: 0.0078 - mse: 2.3593e-04 - 175ms/epoch - 10ms/step
Epoch 709/800
17/17 - 0s - loss: 0.0077 - mae: 0.0077 - mse: 2.3555e-04 - 175ms/epoch - 10ms/step
Epoch 710/800
17/17 - 0s - loss: 0.0077 - mae: 0.0077 - mse: 2.3432e-04 - 175ms/epoch - 10ms/step
Epoch 711/800
17/17 - 0s - loss: 0.0076 - mae: 0.0076 - mse: 2.2853e-04 - 176ms/epoch - 10ms/step
Epoch 712/800
17/17 - 0s - loss: 0.0071 - mae: 0.0071 - mse: 2.1467e-04 - 176ms/epoch - 10ms/step
Epoch 713/800
17/17 - 0s - loss: 0.0066 - mae: 0.0066 - mse: 1.9985e-04 - 175ms/epoch - 10ms/step
Epoch 714/800
17/17 - 0s - loss: 0.0061 - mae: 0.0061 - mse: 1.9322e-04 - 176ms/epoch - 10ms/step
Epoch 715/800
17/17 - 0s - loss: 0.0067 - mae: 0.0067 - mse: 2.0817e-04 - 175ms/epoch - 10ms/step
Epoch 716/800
17/17 - 0s - loss: 0.0057 - mae: 0.0057 - mse: 1.8443e-04 - 176ms/epoch - 10ms/step
Epoch 717/800
17/17 - 0s - loss: 0.0064 - mae: 0.0064 - mse: 2.0313e-04 - 176ms/epoch - 10ms/step
Epoch 718/800
17/17 - 0s - loss: 0.0073 - mae: 0.0073 - mse: 2.1082e-04 - 176ms/epoch - 10ms/step
Epoch 719/800
17/17 - 0s - loss: 0.0069 - mae: 0.0069 - mse: 2.1440e-04 - 176ms/epoch - 10ms/step
Epoch 720/800
17/17 - 0s - loss: 0.0065 - mae: 0.0065 - mse: 2.0326e-04 - 176ms/epoch - 10ms/step
Epoch 721/800
17/17 - 0s - loss: 0.0062 - mae: 0.0062 - mse: 1.9765e-04 - 176ms/epoch - 10ms/step
Epoch 722/800
17/17 - 0s - loss: 0.0058 - mae: 0.0058 - mse: 1.8572e-04 - 176ms/epoch - 10ms/step
Epoch 723/800
17/17 - 0s - loss: 0.0062 - mae: 0.0062 - mse: 2.0512e-04 - 175ms/epoch - 10ms/step
Epoch 724/800
17/17 - 0s - loss: 0.0055 - mae: 0.0055 - mse: 1.8338e-04 - 175ms/epoch - 10ms/step
Epoch 725/800
17/17 - 0s - loss: 0.0062 - mae: 0.0062 - mse: 1.9322e-04 - 176ms/epoch - 10ms/step
Epoch 726/800
17/17 - 0s - loss: 0.0060 - mae: 0.0060 - mse: 1.9420e-04 - 175ms/epoch - 10ms/step
Epoch 727/800
17/17 - 0s - loss: 0.0064 - mae: 0.0064 - mse: 1.9771e-04 - 175ms/epoch - 10ms/step
Epoch 728/800
17/17 - 0s - loss: 0.0059 - mae: 0.0059 - mse: 1.8976e-04 - 175ms/epoch - 10ms/step
Epoch 729/800
17/17 - 0s - loss: 0.0063 - mae: 0.0063 - mse: 2.0357e-04 - 175ms/epoch - 10ms/step
Epoch 730/800
17/17 - 0s - loss: 0.0058 - mae: 0.0058 - mse: 1.8734e-04 - 176ms/epoch - 10ms/step
Epoch 731/800
17/17 - 0s - loss: 0.0053 - mae: 0.0053 - mse: 1.8067e-04 - 175ms/epoch - 10ms/step
Epoch 732/800
17/17 - 0s - loss: 0.0056 - mae: 0.0056 - mse: 1.8267e-04 - 175ms/epoch - 10ms/step
Epoch 733/800
17/17 - 0s - loss: 0.0057 - mae: 0.0057 - mse: 1.8889e-04 - 175ms/epoch - 10ms/step
Epoch 734/800
17/17 - 0s - loss: 0.0053 - mae: 0.0053 - mse: 1.7361e-04 - 175ms/epoch - 10ms/step
Epoch 735/800
17/17 - 0s - loss: 0.0051 - mae: 0.0051 - mse: 1.8037e-04 - 175ms/epoch - 10ms/step
Epoch 736/800
17/17 - 0s - loss: 0.0050 - mae: 0.0050 - mse: 1.8770e-04 - 175ms/epoch - 10ms/step
Epoch 737/800
17/17 - 0s - loss: 0.0051 - mae: 0.0051 - mse: 1.7282e-04 - 175ms/epoch - 10ms/step
Epoch 738/800
17/17 - 0s - loss: 0.0048 - mae: 0.0048 - mse: 1.7254e-04 - 175ms/epoch - 10ms/step
Epoch 739/800
17/17 - 0s - loss: 0.0048 - mae: 0.0048 - mse: 1.8049e-04 - 177ms/epoch - 10ms/step
Epoch 740/800
17/17 - 0s - loss: 0.0050 - mae: 0.0050 - mse: 1.7533e-04 - 176ms/epoch - 10ms/step
Epoch 741/800
17/17 - 0s - loss: 0.0050 - mae: 0.0050 - mse: 1.7970e-04 - 176ms/epoch - 10ms/step
Epoch 742/800
17/17 - 0s - loss: 0.0050 - mae: 0.0050 - mse: 1.7096e-04 - 176ms/epoch - 10ms/step
Epoch 743/800
17/17 - 0s - loss: 0.0043 - mae: 0.0043 - mse: 1.6820e-04 - 176ms/epoch - 10ms/step
Epoch 744/800
17/17 - 0s - loss: 0.0047 - mae: 0.0047 - mse: 1.7028e-04 - 177ms/epoch - 10ms/step
Epoch 745/800
17/17 - 0s - loss: 0.0043 - mae: 0.0043 - mse: 1.7145e-04 - 176ms/epoch - 10ms/step
Epoch 746/800
17/17 - 0s - loss: 0.0040 - mae: 0.0040 - mse: 1.7335e-04 - 176ms/epoch - 10ms/step
Epoch 747/800
17/17 - 0s - loss: 0.0038 - mae: 0.0038 - mse: 1.6393e-04 - 175ms/epoch - 10ms/step
Epoch 748/800
17/17 - 0s - loss: 0.0042 - mae: 0.0042 - mse: 1.6739e-04 - 176ms/epoch - 10ms/step
Epoch 749/800
17/17 - 0s - loss: 0.0039 - mae: 0.0039 - mse: 1.6513e-04 - 176ms/epoch - 10ms/step
Epoch 750/800
17/17 - 0s - loss: 0.0042 - mae: 0.0042 - mse: 1.7013e-04 - 176ms/epoch - 10ms/step
Epoch 751/800
17/17 - 0s - loss: 0.0039 - mae: 0.0039 - mse: 1.6740e-04 - 175ms/epoch - 10ms/step
Epoch 752/800
17/17 - 0s - loss: 0.0037 - mae: 0.0037 - mse: 1.6301e-04 - 175ms/epoch - 10ms/step
Epoch 753/800
17/17 - 0s - loss: 0.0038 - mae: 0.0038 - mse: 1.6632e-04 - 175ms/epoch - 10ms/step
Epoch 754/800
17/17 - 0s - loss: 0.0039 - mae: 0.0039 - mse: 1.6399e-04 - 175ms/epoch - 10ms/step
Epoch 755/800
17/17 - 0s - loss: 0.0035 - mae: 0.0035 - mse: 1.5721e-04 - 175ms/epoch - 10ms/step
Epoch 756/800
17/17 - 0s - loss: 0.0031 - mae: 0.0031 - mse: 1.5545e-04 - 175ms/epoch - 10ms/step
Epoch 757/800
17/17 - 0s - loss: 0.0032 - mae: 0.0032 - mse: 1.6107e-04 - 175ms/epoch - 10ms/step
Epoch 758/800
17/17 - 0s - loss: 0.0032 - mae: 0.0032 - mse: 1.5865e-04 - 175ms/epoch - 10ms/step
Epoch 759/800
17/17 - 0s - loss: 0.0030 - mae: 0.0030 - mse: 1.5622e-04 - 175ms/epoch - 10ms/step
Epoch 760/800
17/17 - 0s - loss: 0.0032 - mae: 0.0032 - mse: 1.5773e-04 - 175ms/epoch - 10ms/step
Epoch 761/800
17/17 - 0s - loss: 0.0031 - mae: 0.0031 - mse: 1.5808e-04 - 175ms/epoch - 10ms/step
Epoch 762/800
17/17 - 0s - loss: 0.0030 - mae: 0.0030 - mse: 1.5190e-04 - 175ms/epoch - 10ms/step
Epoch 763/800
17/17 - 0s - loss: 0.0029 - mae: 0.0029 - mse: 1.5670e-04 - 175ms/epoch - 10ms/step
Epoch 764/800
17/17 - 0s - loss: 0.0029 - mae: 0.0029 - mse: 1.5416e-04 - 175ms/epoch - 10ms/step
Epoch 765/800
17/17 - 0s - loss: 0.0028 - mae: 0.0028 - mse: 1.5501e-04 - 175ms/epoch - 10ms/step
Epoch 766/800
17/17 - 0s - loss: 0.0027 - mae: 0.0027 - mse: 1.5607e-04 - 175ms/epoch - 10ms/step
Epoch 767/800
17/17 - 0s - loss: 0.0027 - mae: 0.0027 - mse: 1.5729e-04 - 175ms/epoch - 10ms/step
Epoch 768/800
17/17 - 0s - loss: 0.0024 - mae: 0.0024 - mse: 1.5234e-04 - 175ms/epoch - 10ms/step
Epoch 769/800
17/17 - 0s - loss: 0.0026 - mae: 0.0026 - mse: 1.5305e-04 - 175ms/epoch - 10ms/step
Epoch 770/800
17/17 - 0s - loss: 0.0026 - mae: 0.0026 - mse: 1.5656e-04 - 175ms/epoch - 10ms/step
Epoch 771/800
17/17 - 0s - loss: 0.0024 - mae: 0.0024 - mse: 1.5550e-04 - 176ms/epoch - 10ms/step
Epoch 772/800
17/17 - 0s - loss: 0.0025 - mae: 0.0025 - mse: 1.5516e-04 - 176ms/epoch - 10ms/step
Epoch 773/800
17/17 - 0s - loss: 0.0026 - mae: 0.0026 - mse: 1.5285e-04 - 176ms/epoch - 10ms/step
Epoch 774/800
17/17 - 0s - loss: 0.0028 - mae: 0.0028 - mse: 1.5914e-04 - 175ms/epoch - 10ms/step
Epoch 775/800
17/17 - 0s - loss: 0.0026 - mae: 0.0026 - mse: 1.5450e-04 - 175ms/epoch - 10ms/step
Epoch 776/800
17/17 - 0s - loss: 0.0026 - mae: 0.0026 - mse: 1.5546e-04 - 175ms/epoch - 10ms/step
Epoch 777/800
17/17 - 0s - loss: 0.0028 - mae: 0.0028 - mse: 1.5524e-04 - 175ms/epoch - 10ms/step
Epoch 778/800
17/17 - 0s - loss: 0.0031 - mae: 0.0031 - mse: 1.6250e-04 - 175ms/epoch - 10ms/step
Epoch 779/800
17/17 - 0s - loss: 0.0026 - mae: 0.0026 - mse: 1.5308e-04 - 175ms/epoch - 10ms/step
Epoch 780/800
17/17 - 0s - loss: 0.0023 - mae: 0.0023 - mse: 1.5304e-04 - 177ms/epoch - 10ms/step
Epoch 781/800
17/17 - 0s - loss: 0.0023 - mae: 0.0023 - mse: 1.5380e-04 - 176ms/epoch - 10ms/step
Epoch 782/800
17/17 - 0s - loss: 0.0024 - mae: 0.0024 - mse: 1.5554e-04 - 176ms/epoch - 10ms/step
Epoch 783/800
17/17 - 0s - loss: 0.0024 - mae: 0.0024 - mse: 1.5442e-04 - 176ms/epoch - 10ms/step
Epoch 784/800
17/17 - 0s - loss: 0.0025 - mae: 0.0025 - mse: 1.5423e-04 - 175ms/epoch - 10ms/step
Epoch 785/800
17/17 - 0s - loss: 0.0026 - mae: 0.0026 - mse: 1.5391e-04 - 175ms/epoch - 10ms/step
Epoch 786/800
17/17 - 0s - loss: 0.0024 - mae: 0.0024 - mse: 1.5467e-04 - 176ms/epoch - 10ms/step
Epoch 787/800
17/17 - 0s - loss: 0.0023 - mae: 0.0023 - mse: 1.5429e-04 - 175ms/epoch - 10ms/step
Epoch 788/800
17/17 - 0s - loss: 0.0025 - mae: 0.0025 - mse: 1.5495e-04 - 175ms/epoch - 10ms/step
Epoch 789/800
17/17 - 0s - loss: 0.0026 - mae: 0.0026 - mse: 1.5443e-04 - 175ms/epoch - 10ms/step
Epoch 790/800
17/17 - 0s - loss: 0.0025 - mae: 0.0025 - mse: 1.5479e-04 - 176ms/epoch - 10ms/step
Epoch 791/800
17/17 - 0s - loss: 0.0024 - mae: 0.0024 - mse: 1.5322e-04 - 175ms/epoch - 10ms/step
Epoch 792/800
17/17 - 0s - loss: 0.0024 - mae: 0.0024 - mse: 1.5487e-04 - 175ms/epoch - 10ms/step
Epoch 793/800
17/17 - 0s - loss: 0.0025 - mae: 0.0025 - mse: 1.5489e-04 - 176ms/epoch - 10ms/step
Epoch 794/800
17/17 - 0s - loss: 0.0025 - mae: 0.0025 - mse: 1.5347e-04 - 175ms/epoch - 10ms/step
Epoch 795/800
17/17 - 0s - loss: 0.0025 - mae: 0.0025 - mse: 1.5421e-04 - 175ms/epoch - 10ms/step
Epoch 796/800
17/17 - 0s - loss: 0.0025 - mae: 0.0025 - mse: 1.5552e-04 - 175ms/epoch - 10ms/step
Epoch 797/800
17/17 - 0s - loss: 0.0025 - mae: 0.0025 - mse: 1.5344e-04 - 176ms/epoch - 10ms/step
Epoch 798/800
17/17 - 0s - loss: 0.0025 - mae: 0.0025 - mse: 1.5671e-04 - 176ms/epoch - 10ms/step
Epoch 799/800
17/17 - 0s - loss: 0.0024 - mae: 0.0024 - mse: 1.5265e-04 - 177ms/epoch - 10ms/step
Epoch 800/800
17/17 - 0s - loss: 0.0024 - mae: 0.0024 - mse: 1.5427e-04 - 176ms/epoch - 10ms/step
Training finished in 150.05 seconds.
1/9 [==>...........................] - ETA: 7s8/9 [=========================>....] - ETA: 0s9/9 [==============================] - 1s 7ms/step
Fold 1 MAE: 0.1155

--- Starting Fold 2/5 ---
INFO:kgcnn.model.utils:Updated model kwargs: '{'name': 'coGN', 'inputs': {'offset': {'shape': (None, 3), 'name': 'offset', 'dtype': 'float32', 'ragged': True}, 'cell_translation': None, 'affine_matrix': None, 'voronoi_ridge_area': None, 'atomic_number': {'shape': (None,), 'name': 'atomic_number', 'dtype': 'int32', 'ragged': True}, 'frac_coords': None, 'coords': None, 'multiplicity': {'shape': (None,), 'name': 'multiplicity', 'dtype': 'int32', 'ragged': True}, 'lattice_matrix': None, 'edge_indices': {'shape': (None, 2), 'name': 'edge_indices', 'dtype': 'int32', 'ragged': True}, 'line_graph_edge_indices': None}, 'input_block_cfg': {'node_size': 128, 'edge_size': 128, 'atomic_mass': True, 'atomic_radius': True, 'electronegativity': True, 'ionization_energy': True, 'oxidation_states': True, 'edge_embedding_args': {'bins_distance': 32, 'max_distance': 8.0, 'distance_log_base': 1.0, 'bins_voronoi_area': None, 'max_voronoi_area': None}}, 'processing_blocks_cfg': [{'edge_mlp': {'units': [128, 128, 128, 128, 128], 'activation': ['swish', 'swish', 'swish', 'swish', 'swish']}, 'node_mlp': {'units': [128], 'activation': ['swish']}, 'global_mlp': None, 'nested_blocks_cfgs': None, 'aggregate_edges_local': 'sum', 'aggregate_edges_global': None, 'aggregate_nodes': None, 'return_updated_edges': False, 'return_updated_nodes': True, 'return_updated_globals': True, 'edge_attention_mlp_local': {'units': [32, 1], 'activation': ['swish', 'swish']}, 'edge_attention_mlp_global': {'units': [32, 1], 'activation': ['swish', 'swish']}, 'node_attention_mlp': {'units': [32, 1], 'activation': ['swish', 'swish']}, 'edge_gate': None, 'node_gate': None, 'global_gate': None, 'residual_node_update': True, 'residual_edge_update': False, 'residual_global_update': False, 'update_edges_input': [True, True, True, False], 'update_nodes_input': [True, False, False], 'update_global_input': [False, True, False], 'multiplicity_readout': False}, {'edge_mlp': {'units': [128, 128, 128, 128, 128], 'activation': ['swish', 'swish', 'swish', 'swish', 'swish']}, 'node_mlp': {'units': [128], 'activation': ['swish']}, 'global_mlp': None, 'nested_blocks_cfgs': None, 'aggregate_edges_local': 'sum', 'aggregate_edges_global': None, 'aggregate_nodes': None, 'return_updated_edges': False, 'return_updated_nodes': True, 'return_updated_globals': True, 'edge_attention_mlp_local': {'units': [32, 1], 'activation': ['swish', 'swish']}, 'edge_attention_mlp_global': {'units': [32, 1], 'activation': ['swish', 'swish']}, 'node_attention_mlp': {'units': [32, 1], 'activation': ['swish', 'swish']}, 'edge_gate': None, 'node_gate': None, 'global_gate': None, 'residual_node_update': True, 'residual_edge_update': False, 'residual_global_update': False, 'update_edges_input': [True, True, True, False], 'update_nodes_input': [True, False, False], 'update_global_input': [False, True, False], 'multiplicity_readout': False}, {'edge_mlp': {'units': [128, 128, 128, 128, 128], 'activation': ['swish', 'swish', 'swish', 'swish', 'swish']}, 'node_mlp': {'units': [128], 'activation': ['swish']}, 'global_mlp': None, 'nested_blocks_cfgs': None, 'aggregate_edges_local': 'sum', 'aggregate_edges_global': None, 'aggregate_nodes': None, 'return_updated_edges': False, 'return_updated_nodes': True, 'return_updated_globals': True, 'edge_attention_mlp_local': {'units': [32, 1], 'activation': ['swish', 'swish']}, 'edge_attention_mlp_global': {'units': [32, 1], 'activation': ['swish', 'swish']}, 'node_attention_mlp': {'units': [32, 1], 'activation': ['swish', 'swish']}, 'edge_gate': None, 'node_gate': None, 'global_gate': None, 'residual_node_update': True, 'residual_edge_update': False, 'residual_global_update': False, 'update_edges_input': [True, True, True, False], 'update_nodes_input': [True, False, False], 'update_global_input': [False, True, False], 'multiplicity_readout': False}, {'edge_mlp': {'units': [128, 128, 128, 128, 128], 'activation': ['swish', 'swish', 'swish', 'swish', 'swish']}, 'node_mlp': {'units': [128], 'activation': ['swish']}, 'global_mlp': None, 'nested_blocks_cfgs': None, 'aggregate_edges_local': 'sum', 'aggregate_edges_global': None, 'aggregate_nodes': None, 'return_updated_edges': False, 'return_updated_nodes': True, 'return_updated_globals': True, 'edge_attention_mlp_local': {'units': [32, 1], 'activation': ['swish', 'swish']}, 'edge_attention_mlp_global': {'units': [32, 1], 'activation': ['swish', 'swish']}, 'node_attention_mlp': {'units': [32, 1], 'activation': ['swish', 'swish']}, 'edge_gate': None, 'node_gate': None, 'global_gate': None, 'residual_node_update': True, 'residual_edge_update': False, 'residual_global_update': False, 'update_edges_input': [True, True, True, False], 'update_nodes_input': [True, False, False], 'update_global_input': [False, True, False], 'multiplicity_readout': False}, {'edge_mlp': {'units': [128, 128, 128, 128, 128], 'activation': ['swish', 'swish', 'swish', 'swish', 'swish']}, 'node_mlp': {'units': [128], 'activation': ['swish']}, 'global_mlp': None, 'nested_blocks_cfgs': None, 'aggregate_edges_local': 'sum', 'aggregate_edges_global': None, 'aggregate_nodes': None, 'return_updated_edges': False, 'return_updated_nodes': True, 'return_updated_globals': True, 'edge_attention_mlp_local': {'units': [32, 1], 'activation': ['swish', 'swish']}, 'edge_attention_mlp_global': {'units': [32, 1], 'activation': ['swish', 'swish']}, 'node_attention_mlp': {'units': [32, 1], 'activation': ['swish', 'swish']}, 'edge_gate': None, 'node_gate': None, 'global_gate': None, 'residual_node_update': True, 'residual_edge_update': False, 'residual_global_update': False, 'update_edges_input': [True, True, True, False], 'update_nodes_input': [True, False, False], 'update_global_input': [False, True, False], 'multiplicity_readout': False}], 'output_block_cfg': {'edge_mlp': None, 'node_mlp': None, 'global_mlp': {'units': [1], 'activation': ['linear']}, 'nested_blocks_cfgs': None, 'aggregate_edges_local': 'sum', 'aggregate_edges_global': None, 'aggregate_nodes': 'mean', 'return_updated_edges': False, 'return_updated_nodes': True, 'return_updated_globals': True, 'edge_attention_mlp_local': {'units': [32, 1], 'activation': ['swish', 'swish']}, 'edge_attention_mlp_global': {'units': [32, 1], 'activation': ['swish', 'swish']}, 'node_attention_mlp': {'units': [32, 1], 'activation': ['swish', 'swish']}, 'edge_gate': None, 'node_gate': None, 'global_gate': None, 'residual_node_update': False, 'residual_edge_update': False, 'residual_global_update': False, 'update_edges_input': [True, True, True, False], 'update_nodes_input': [True, False, False], 'update_global_input': [False, True, False], 'multiplicity_readout': True}}'.
/gpfs/scratch/acad/htforft/rgouvea/other_datasets/processed_datasets/.venv/lib/python3.9/site-packages/kgcnn/crystal/periodic_table/periodic_table.py:30: FutureWarning: A value is trying to be set on a copy of a DataFrame or Series through chained assignment using an inplace method.
The behavior will change in pandas 3.0. This inplace method will never work because the intermediate object on which we are setting values always behaves as a copy.

For example, when doing 'df[col].method(value, inplace=True)', try using 'df.method({col: value}, inplace=True)' or df[col] = df[col].method(value) instead, to perform the operation inplace on the original object.


  self.data['AtomicRadius'].fillna(imputation_atomic_radius, inplace=True)
/gpfs/scratch/acad/htforft/rgouvea/other_datasets/processed_datasets/.venv/lib/python3.9/site-packages/kgcnn/crystal/periodic_table/periodic_table.py:32: FutureWarning: A value is trying to be set on a copy of a DataFrame or Series through chained assignment using an inplace method.
The behavior will change in pandas 3.0. This inplace method will never work because the intermediate object on which we are setting values always behaves as a copy.

For example, when doing 'df[col].method(value, inplace=True)', try using 'df.method({col: value}, inplace=True)' or df[col] = df[col].method(value) instead, to perform the operation inplace on the original object.


  self.data['Electronegativity'].fillna(imputation_electronegativity, inplace=True)
/gpfs/scratch/acad/htforft/rgouvea/other_datasets/processed_datasets/.venv/lib/python3.9/site-packages/kgcnn/crystal/periodic_table/periodic_table.py:33: FutureWarning: A value is trying to be set on a copy of a DataFrame or Series through chained assignment using an inplace method.
The behavior will change in pandas 3.0. This inplace method will never work because the intermediate object on which we are setting values always behaves as a copy.

For example, when doing 'df[col].method(value, inplace=True)', try using 'df.method({col: value}, inplace=True)' or df[col] = df[col].method(value) instead, to perform the operation inplace on the original object.


  self.data['IonizationEnergy'].fillna(imputation_ionization_energy, inplace=True)
[<KerasTensor: type_spec=RaggedTensorSpec(TensorShape([None, None, 3]), tf.float32, 1, tf.int64) (created by layer 'offset')>, <KerasTensor: type_spec=RaggedTensorSpec(TensorShape([None, None]), tf.int32, 1, tf.int64) (created by layer 'atomic_number')>, <KerasTensor: type_spec=RaggedTensorSpec(TensorShape([None, None]), tf.int32, 1, tf.int64) (created by layer 'multiplicity')>, <KerasTensor: type_spec=RaggedTensorSpec(TensorShape([None, None, 2]), tf.int32, 1, tf.int64) (created by layer 'edge_indices')>]
Training on 1045 samples...
Epoch 1/800
/gpfs/scratch/acad/htforft/rgouvea/other_datasets/processed_datasets/.venv/lib/python3.9/site-packages/tensorflow/python/framework/indexed_slices.py:444: UserWarning: Converting sparse IndexedSlices(IndexedSlices(indices=Tensor("gradient_tape/coGN/sequential_graph_network_1/graph_network_9/gather_embedding_selection_12/Reshape_1:0", shape=(None,), dtype=int32), values=Tensor("gradient_tape/coGN/sequential_graph_network_1/graph_network_9/gather_embedding_selection_12/Reshape:0", shape=(None, 128), dtype=float32), dense_shape=Tensor("gradient_tape/coGN/sequential_graph_network_1/graph_network_9/gather_embedding_selection_12/Cast:0", shape=(2,), dtype=int32))) to a dense Tensor of unknown shape. This may consume a large amount of memory.
  warnings.warn(
/gpfs/scratch/acad/htforft/rgouvea/other_datasets/processed_datasets/.venv/lib/python3.9/site-packages/tensorflow/python/framework/indexed_slices.py:444: UserWarning: Converting sparse IndexedSlices(IndexedSlices(indices=Tensor("gradient_tape/coGN/sequential_graph_network_1/graph_network_9/gather_embedding_selection_12/Reshape_3:0", shape=(None,), dtype=int32), values=Tensor("gradient_tape/coGN/sequential_graph_network_1/graph_network_9/gather_embedding_selection_12/Reshape_2:0", shape=(None, 128), dtype=float32), dense_shape=Tensor("gradient_tape/coGN/sequential_graph_network_1/graph_network_9/gather_embedding_selection_12/Cast_1:0", shape=(2,), dtype=int32))) to a dense Tensor of unknown shape. This may consume a large amount of memory.
  warnings.warn(
/gpfs/scratch/acad/htforft/rgouvea/other_datasets/processed_datasets/.venv/lib/python3.9/site-packages/tensorflow/python/framework/indexed_slices.py:444: UserWarning: Converting sparse IndexedSlices(IndexedSlices(indices=Tensor("gradient_tape/coGN/sequential_graph_network_1/graph_network_8/gather_embedding_selection_11/Reshape_1:0", shape=(None,), dtype=int32), values=Tensor("gradient_tape/coGN/sequential_graph_network_1/graph_network_8/gather_embedding_selection_11/Reshape:0", shape=(None, 128), dtype=float32), dense_shape=Tensor("gradient_tape/coGN/sequential_graph_network_1/graph_network_8/gather_embedding_selection_11/Cast:0", shape=(2,), dtype=int32))) to a dense Tensor of unknown shape. This may consume a large amount of memory.
  warnings.warn(
/gpfs/scratch/acad/htforft/rgouvea/other_datasets/processed_datasets/.venv/lib/python3.9/site-packages/tensorflow/python/framework/indexed_slices.py:444: UserWarning: Converting sparse IndexedSlices(IndexedSlices(indices=Tensor("gradient_tape/coGN/sequential_graph_network_1/graph_network_8/gather_embedding_selection_11/Reshape_3:0", shape=(None,), dtype=int32), values=Tensor("gradient_tape/coGN/sequential_graph_network_1/graph_network_8/gather_embedding_selection_11/Reshape_2:0", shape=(None, 128), dtype=float32), dense_shape=Tensor("gradient_tape/coGN/sequential_graph_network_1/graph_network_8/gather_embedding_selection_11/Cast_1:0", shape=(2,), dtype=int32))) to a dense Tensor of unknown shape. This may consume a large amount of memory.
  warnings.warn(
/gpfs/scratch/acad/htforft/rgouvea/other_datasets/processed_datasets/.venv/lib/python3.9/site-packages/tensorflow/python/framework/indexed_slices.py:444: UserWarning: Converting sparse IndexedSlices(IndexedSlices(indices=Tensor("gradient_tape/coGN/sequential_graph_network_1/graph_network_7/gather_embedding_selection_10/Reshape_1:0", shape=(None,), dtype=int32), values=Tensor("gradient_tape/coGN/sequential_graph_network_1/graph_network_7/gather_embedding_selection_10/Reshape:0", shape=(None, 128), dtype=float32), dense_shape=Tensor("gradient_tape/coGN/sequential_graph_network_1/graph_network_7/gather_embedding_selection_10/Cast:0", shape=(2,), dtype=int32))) to a dense Tensor of unknown shape. This may consume a large amount of memory.
  warnings.warn(
/gpfs/scratch/acad/htforft/rgouvea/other_datasets/processed_datasets/.venv/lib/python3.9/site-packages/tensorflow/python/framework/indexed_slices.py:444: UserWarning: Converting sparse IndexedSlices(IndexedSlices(indices=Tensor("gradient_tape/coGN/sequential_graph_network_1/graph_network_7/gather_embedding_selection_10/Reshape_3:0", shape=(None,), dtype=int32), values=Tensor("gradient_tape/coGN/sequential_graph_network_1/graph_network_7/gather_embedding_selection_10/Reshape_2:0", shape=(None, 128), dtype=float32), dense_shape=Tensor("gradient_tape/coGN/sequential_graph_network_1/graph_network_7/gather_embedding_selection_10/Cast_1:0", shape=(2,), dtype=int32))) to a dense Tensor of unknown shape. This may consume a large amount of memory.
  warnings.warn(
/gpfs/scratch/acad/htforft/rgouvea/other_datasets/processed_datasets/.venv/lib/python3.9/site-packages/tensorflow/python/framework/indexed_slices.py:444: UserWarning: Converting sparse IndexedSlices(IndexedSlices(indices=Tensor("gradient_tape/coGN/sequential_graph_network_1/graph_network_6/gather_embedding_selection_9/Reshape_1:0", shape=(None,), dtype=int32), values=Tensor("gradient_tape/coGN/sequential_graph_network_1/graph_network_6/gather_embedding_selection_9/Reshape:0", shape=(None, 128), dtype=float32), dense_shape=Tensor("gradient_tape/coGN/sequential_graph_network_1/graph_network_6/gather_embedding_selection_9/Cast:0", shape=(2,), dtype=int32))) to a dense Tensor of unknown shape. This may consume a large amount of memory.
  warnings.warn(
/gpfs/scratch/acad/htforft/rgouvea/other_datasets/processed_datasets/.venv/lib/python3.9/site-packages/tensorflow/python/framework/indexed_slices.py:444: UserWarning: Converting sparse IndexedSlices(IndexedSlices(indices=Tensor("gradient_tape/coGN/sequential_graph_network_1/graph_network_6/gather_embedding_selection_9/Reshape_3:0", shape=(None,), dtype=int32), values=Tensor("gradient_tape/coGN/sequential_graph_network_1/graph_network_6/gather_embedding_selection_9/Reshape_2:0", shape=(None, 128), dtype=float32), dense_shape=Tensor("gradient_tape/coGN/sequential_graph_network_1/graph_network_6/gather_embedding_selection_9/Cast_1:0", shape=(2,), dtype=int32))) to a dense Tensor of unknown shape. This may consume a large amount of memory.
  warnings.warn(
/gpfs/scratch/acad/htforft/rgouvea/other_datasets/processed_datasets/.venv/lib/python3.9/site-packages/tensorflow/python/framework/indexed_slices.py:444: UserWarning: Converting sparse IndexedSlices(IndexedSlices(indices=Tensor("gradient_tape/coGN/sequential_graph_network_1/graph_network_5/gather_embedding_selection_8/Reshape_1:0", shape=(None,), dtype=int32), values=Tensor("gradient_tape/coGN/sequential_graph_network_1/graph_network_5/gather_embedding_selection_8/Reshape:0", shape=(None, 128), dtype=float32), dense_shape=Tensor("gradient_tape/coGN/sequential_graph_network_1/graph_network_5/gather_embedding_selection_8/Cast:0", shape=(2,), dtype=int32))) to a dense Tensor of unknown shape. This may consume a large amount of memory.
  warnings.warn(
/gpfs/scratch/acad/htforft/rgouvea/other_datasets/processed_datasets/.venv/lib/python3.9/site-packages/tensorflow/python/framework/indexed_slices.py:444: UserWarning: Converting sparse IndexedSlices(IndexedSlices(indices=Tensor("gradient_tape/coGN/sequential_graph_network_1/graph_network_5/gather_embedding_selection_8/Reshape_3:0", shape=(None,), dtype=int32), values=Tensor("gradient_tape/coGN/sequential_graph_network_1/graph_network_5/gather_embedding_selection_8/Reshape_2:0", shape=(None, 128), dtype=float32), dense_shape=Tensor("gradient_tape/coGN/sequential_graph_network_1/graph_network_5/gather_embedding_selection_8/Cast_1:0", shape=(2,), dtype=int32))) to a dense Tensor of unknown shape. This may consume a large amount of memory.
  warnings.warn(
17/17 - 3s - loss: 1.1485 - mae: 1.1485 - mse: 2.2770 - 3s/epoch - 173ms/step
Epoch 2/800
17/17 - 0s - loss: 0.7526 - mae: 0.7526 - mse: 0.8650 - 176ms/epoch - 10ms/step
Epoch 3/800
17/17 - 0s - loss: 0.6043 - mae: 0.6043 - mse: 0.5877 - 175ms/epoch - 10ms/step
Epoch 4/800
17/17 - 0s - loss: 0.5170 - mae: 0.5170 - mse: 0.4309 - 175ms/epoch - 10ms/step
Epoch 5/800
17/17 - 0s - loss: 0.4349 - mae: 0.4349 - mse: 0.3163 - 175ms/epoch - 10ms/step
Epoch 6/800
17/17 - 0s - loss: 0.4378 - mae: 0.4378 - mse: 0.3137 - 175ms/epoch - 10ms/step
Epoch 7/800
17/17 - 0s - loss: 0.3753 - mae: 0.3753 - mse: 0.2371 - 175ms/epoch - 10ms/step
Epoch 8/800
17/17 - 0s - loss: 0.3193 - mae: 0.3193 - mse: 0.1863 - 175ms/epoch - 10ms/step
Epoch 9/800
17/17 - 0s - loss: 0.3288 - mae: 0.3288 - mse: 0.2071 - 175ms/epoch - 10ms/step
Epoch 10/800
17/17 - 0s - loss: 0.3080 - mae: 0.3080 - mse: 0.1776 - 176ms/epoch - 10ms/step
Epoch 11/800
17/17 - 0s - loss: 0.3186 - mae: 0.3186 - mse: 0.1801 - 176ms/epoch - 10ms/step
Epoch 12/800
17/17 - 0s - loss: 0.2910 - mae: 0.2910 - mse: 0.1574 - 175ms/epoch - 10ms/step
Epoch 13/800
17/17 - 0s - loss: 0.2651 - mae: 0.2651 - mse: 0.1407 - 175ms/epoch - 10ms/step
Epoch 14/800
17/17 - 0s - loss: 0.2411 - mae: 0.2411 - mse: 0.1235 - 175ms/epoch - 10ms/step
Epoch 15/800
17/17 - 0s - loss: 0.2700 - mae: 0.2700 - mse: 0.1390 - 175ms/epoch - 10ms/step
Epoch 16/800
17/17 - 0s - loss: 0.2508 - mae: 0.2508 - mse: 0.1215 - 175ms/epoch - 10ms/step
Epoch 17/800
17/17 - 0s - loss: 0.2578 - mae: 0.2578 - mse: 0.1229 - 175ms/epoch - 10ms/step
Epoch 18/800
17/17 - 0s - loss: 0.2634 - mae: 0.2634 - mse: 0.1286 - 175ms/epoch - 10ms/step
Epoch 19/800
17/17 - 0s - loss: 0.2432 - mae: 0.2432 - mse: 0.1144 - 175ms/epoch - 10ms/step
Epoch 20/800
17/17 - 0s - loss: 0.2251 - mae: 0.2251 - mse: 0.0979 - 175ms/epoch - 10ms/step
Epoch 21/800
17/17 - 0s - loss: 0.2128 - mae: 0.2128 - mse: 0.0818 - 175ms/epoch - 10ms/step
Epoch 22/800
17/17 - 0s - loss: 0.2090 - mae: 0.2090 - mse: 0.0833 - 175ms/epoch - 10ms/step
Epoch 23/800
17/17 - 0s - loss: 0.1993 - mae: 0.1993 - mse: 0.0769 - 175ms/epoch - 10ms/step
Epoch 24/800
17/17 - 0s - loss: 0.1702 - mae: 0.1702 - mse: 0.0565 - 175ms/epoch - 10ms/step
Epoch 25/800
17/17 - 0s - loss: 0.1911 - mae: 0.1911 - mse: 0.0642 - 175ms/epoch - 10ms/step
Epoch 26/800
17/17 - 0s - loss: 0.1920 - mae: 0.1920 - mse: 0.0708 - 175ms/epoch - 10ms/step
Epoch 27/800
17/17 - 0s - loss: 0.1657 - mae: 0.1657 - mse: 0.0488 - 175ms/epoch - 10ms/step
Epoch 28/800
17/17 - 0s - loss: 0.1658 - mae: 0.1658 - mse: 0.0485 - 175ms/epoch - 10ms/step
Epoch 29/800
17/17 - 0s - loss: 0.1964 - mae: 0.1964 - mse: 0.0616 - 175ms/epoch - 10ms/step
Epoch 30/800
17/17 - 0s - loss: 0.1611 - mae: 0.1611 - mse: 0.0441 - 175ms/epoch - 10ms/step
Epoch 31/800
17/17 - 0s - loss: 0.1690 - mae: 0.1690 - mse: 0.0577 - 177ms/epoch - 10ms/step
Epoch 32/800
17/17 - 0s - loss: 0.1511 - mae: 0.1511 - mse: 0.0406 - 175ms/epoch - 10ms/step
Epoch 33/800
17/17 - 0s - loss: 0.1652 - mae: 0.1652 - mse: 0.0490 - 175ms/epoch - 10ms/step
Epoch 34/800
17/17 - 0s - loss: 0.1520 - mae: 0.1520 - mse: 0.0410 - 175ms/epoch - 10ms/step
Epoch 35/800
17/17 - 0s - loss: 0.1487 - mae: 0.1487 - mse: 0.0373 - 175ms/epoch - 10ms/step
Epoch 36/800
17/17 - 0s - loss: 0.1361 - mae: 0.1361 - mse: 0.0324 - 175ms/epoch - 10ms/step
Epoch 37/800
17/17 - 0s - loss: 0.1704 - mae: 0.1704 - mse: 0.0484 - 175ms/epoch - 10ms/step
Epoch 38/800
17/17 - 0s - loss: 0.1614 - mae: 0.1614 - mse: 0.0428 - 177ms/epoch - 10ms/step
Epoch 39/800
17/17 - 0s - loss: 0.1506 - mae: 0.1506 - mse: 0.0377 - 176ms/epoch - 10ms/step
Epoch 40/800
17/17 - 0s - loss: 0.1503 - mae: 0.1503 - mse: 0.0387 - 175ms/epoch - 10ms/step
Epoch 41/800
17/17 - 0s - loss: 0.1510 - mae: 0.1510 - mse: 0.0404 - 176ms/epoch - 10ms/step
Epoch 42/800
17/17 - 0s - loss: 0.1326 - mae: 0.1326 - mse: 0.0310 - 175ms/epoch - 10ms/step
Epoch 43/800
17/17 - 0s - loss: 0.1384 - mae: 0.1384 - mse: 0.0326 - 175ms/epoch - 10ms/step
Epoch 44/800
17/17 - 0s - loss: 0.1364 - mae: 0.1364 - mse: 0.0322 - 175ms/epoch - 10ms/step
Epoch 45/800
17/17 - 0s - loss: 0.1575 - mae: 0.1575 - mse: 0.0401 - 175ms/epoch - 10ms/step
Epoch 46/800
17/17 - 0s - loss: 0.1333 - mae: 0.1333 - mse: 0.0308 - 176ms/epoch - 10ms/step
Epoch 47/800
17/17 - 0s - loss: 0.1483 - mae: 0.1483 - mse: 0.0401 - 175ms/epoch - 10ms/step
Epoch 48/800
17/17 - 0s - loss: 0.1361 - mae: 0.1361 - mse: 0.0318 - 175ms/epoch - 10ms/step
Epoch 49/800
17/17 - 0s - loss: 0.1351 - mae: 0.1351 - mse: 0.0311 - 175ms/epoch - 10ms/step
Epoch 50/800
17/17 - 0s - loss: 0.1267 - mae: 0.1267 - mse: 0.0277 - 175ms/epoch - 10ms/step
Epoch 51/800
17/17 - 0s - loss: 0.1257 - mae: 0.1257 - mse: 0.0271 - 175ms/epoch - 10ms/step
Epoch 52/800
17/17 - 0s - loss: 0.1475 - mae: 0.1475 - mse: 0.0387 - 175ms/epoch - 10ms/step
Epoch 53/800
17/17 - 0s - loss: 0.1407 - mae: 0.1407 - mse: 0.0344 - 175ms/epoch - 10ms/step
Epoch 54/800
17/17 - 0s - loss: 0.1400 - mae: 0.1400 - mse: 0.0337 - 175ms/epoch - 10ms/step
Epoch 55/800
17/17 - 0s - loss: 0.1347 - mae: 0.1347 - mse: 0.0321 - 175ms/epoch - 10ms/step
Epoch 56/800
17/17 - 0s - loss: 0.1351 - mae: 0.1351 - mse: 0.0317 - 175ms/epoch - 10ms/step
Epoch 57/800
17/17 - 0s - loss: 0.1243 - mae: 0.1243 - mse: 0.0273 - 175ms/epoch - 10ms/step
Epoch 58/800
17/17 - 0s - loss: 0.1363 - mae: 0.1363 - mse: 0.0315 - 175ms/epoch - 10ms/step
Epoch 59/800
17/17 - 0s - loss: 0.1226 - mae: 0.1226 - mse: 0.0267 - 175ms/epoch - 10ms/step
Epoch 60/800
17/17 - 0s - loss: 0.1314 - mae: 0.1314 - mse: 0.0296 - 175ms/epoch - 10ms/step
Epoch 61/800
17/17 - 0s - loss: 0.1349 - mae: 0.1349 - mse: 0.0306 - 175ms/epoch - 10ms/step
Epoch 62/800
17/17 - 0s - loss: 0.1231 - mae: 0.1231 - mse: 0.0258 - 175ms/epoch - 10ms/step
Epoch 63/800
17/17 - 0s - loss: 0.1323 - mae: 0.1323 - mse: 0.0311 - 175ms/epoch - 10ms/step
Epoch 64/800
17/17 - 0s - loss: 0.1165 - mae: 0.1165 - mse: 0.0255 - 175ms/epoch - 10ms/step
Epoch 65/800
17/17 - 0s - loss: 0.1138 - mae: 0.1138 - mse: 0.0236 - 175ms/epoch - 10ms/step
Epoch 66/800
17/17 - 0s - loss: 0.1267 - mae: 0.1267 - mse: 0.0294 - 176ms/epoch - 10ms/step
Epoch 67/800
17/17 - 0s - loss: 0.1096 - mae: 0.1096 - mse: 0.0212 - 176ms/epoch - 10ms/step
Epoch 68/800
17/17 - 0s - loss: 0.1150 - mae: 0.1150 - mse: 0.0230 - 175ms/epoch - 10ms/step
Epoch 69/800
17/17 - 0s - loss: 0.1123 - mae: 0.1123 - mse: 0.0211 - 175ms/epoch - 10ms/step
Epoch 70/800
17/17 - 0s - loss: 0.1272 - mae: 0.1272 - mse: 0.0286 - 175ms/epoch - 10ms/step
Epoch 71/800
17/17 - 0s - loss: 0.1243 - mae: 0.1243 - mse: 0.0267 - 176ms/epoch - 10ms/step
Epoch 72/800
17/17 - 0s - loss: 0.1214 - mae: 0.1214 - mse: 0.0247 - 178ms/epoch - 10ms/step
Epoch 73/800
17/17 - 0s - loss: 0.1143 - mae: 0.1143 - mse: 0.0220 - 175ms/epoch - 10ms/step
Epoch 74/800
17/17 - 0s - loss: 0.1241 - mae: 0.1241 - mse: 0.0256 - 175ms/epoch - 10ms/step
Epoch 75/800
17/17 - 0s - loss: 0.1149 - mae: 0.1149 - mse: 0.0231 - 175ms/epoch - 10ms/step
Epoch 76/800
17/17 - 0s - loss: 0.1102 - mae: 0.1102 - mse: 0.0209 - 175ms/epoch - 10ms/step
Epoch 77/800
17/17 - 0s - loss: 0.1170 - mae: 0.1170 - mse: 0.0248 - 175ms/epoch - 10ms/step
Epoch 78/800
17/17 - 0s - loss: 0.1108 - mae: 0.1108 - mse: 0.0216 - 175ms/epoch - 10ms/step
Epoch 79/800
17/17 - 0s - loss: 0.1101 - mae: 0.1101 - mse: 0.0208 - 175ms/epoch - 10ms/step
Epoch 80/800
17/17 - 0s - loss: 0.1160 - mae: 0.1160 - mse: 0.0231 - 175ms/epoch - 10ms/step
Epoch 81/800
17/17 - 0s - loss: 0.1099 - mae: 0.1099 - mse: 0.0215 - 175ms/epoch - 10ms/step
Epoch 82/800
17/17 - 0s - loss: 0.1100 - mae: 0.1100 - mse: 0.0220 - 175ms/epoch - 10ms/step
Epoch 83/800
17/17 - 0s - loss: 0.1092 - mae: 0.1092 - mse: 0.0205 - 175ms/epoch - 10ms/step
Epoch 84/800
17/17 - 0s - loss: 0.1214 - mae: 0.1214 - mse: 0.0259 - 175ms/epoch - 10ms/step
Epoch 85/800
17/17 - 0s - loss: 0.1255 - mae: 0.1255 - mse: 0.0267 - 175ms/epoch - 10ms/step
Epoch 86/800
17/17 - 0s - loss: 0.1141 - mae: 0.1141 - mse: 0.0233 - 175ms/epoch - 10ms/step
Epoch 87/800
17/17 - 0s - loss: 0.1383 - mae: 0.1383 - mse: 0.0307 - 175ms/epoch - 10ms/step
Epoch 88/800
17/17 - 0s - loss: 0.1408 - mae: 0.1408 - mse: 0.0325 - 175ms/epoch - 10ms/step
Epoch 89/800
17/17 - 0s - loss: 0.1032 - mae: 0.1032 - mse: 0.0182 - 175ms/epoch - 10ms/step
Epoch 90/800
17/17 - 0s - loss: 0.1072 - mae: 0.1072 - mse: 0.0200 - 175ms/epoch - 10ms/step
Epoch 91/800
17/17 - 0s - loss: 0.1139 - mae: 0.1139 - mse: 0.0226 - 175ms/epoch - 10ms/step
Epoch 92/800
17/17 - 0s - loss: 0.1081 - mae: 0.1081 - mse: 0.0198 - 175ms/epoch - 10ms/step
Epoch 93/800
17/17 - 0s - loss: 0.1011 - mae: 0.1011 - mse: 0.0183 - 176ms/epoch - 10ms/step
Epoch 94/800
17/17 - 0s - loss: 0.1201 - mae: 0.1201 - mse: 0.0242 - 176ms/epoch - 10ms/step
Epoch 95/800
17/17 - 0s - loss: 0.1076 - mae: 0.1076 - mse: 0.0199 - 176ms/epoch - 10ms/step
Epoch 96/800
17/17 - 0s - loss: 0.1231 - mae: 0.1231 - mse: 0.0260 - 175ms/epoch - 10ms/step
Epoch 97/800
17/17 - 0s - loss: 0.1141 - mae: 0.1141 - mse: 0.0250 - 175ms/epoch - 10ms/step
Epoch 98/800
17/17 - 0s - loss: 0.1212 - mae: 0.1212 - mse: 0.0250 - 175ms/epoch - 10ms/step
Epoch 99/800
17/17 - 0s - loss: 0.1150 - mae: 0.1150 - mse: 0.0240 - 175ms/epoch - 10ms/step
Epoch 100/800
17/17 - 0s - loss: 0.1174 - mae: 0.1174 - mse: 0.0231 - 175ms/epoch - 10ms/step
Epoch 101/800
17/17 - 0s - loss: 0.1258 - mae: 0.1258 - mse: 0.0261 - 176ms/epoch - 10ms/step
Epoch 102/800
17/17 - 0s - loss: 0.1005 - mae: 0.1005 - mse: 0.0174 - 176ms/epoch - 10ms/step
Epoch 103/800
17/17 - 0s - loss: 0.0981 - mae: 0.0981 - mse: 0.0176 - 175ms/epoch - 10ms/step
Epoch 104/800
17/17 - 0s - loss: 0.1031 - mae: 0.1031 - mse: 0.0185 - 176ms/epoch - 10ms/step
Epoch 105/800
17/17 - 0s - loss: 0.1077 - mae: 0.1077 - mse: 0.0204 - 175ms/epoch - 10ms/step
Epoch 106/800
17/17 - 0s - loss: 0.1115 - mae: 0.1115 - mse: 0.0212 - 175ms/epoch - 10ms/step
Epoch 107/800
17/17 - 0s - loss: 0.1107 - mae: 0.1107 - mse: 0.0206 - 175ms/epoch - 10ms/step
Epoch 108/800
17/17 - 0s - loss: 0.0896 - mae: 0.0896 - mse: 0.0141 - 175ms/epoch - 10ms/step
Epoch 109/800
17/17 - 0s - loss: 0.1019 - mae: 0.1019 - mse: 0.0184 - 175ms/epoch - 10ms/step
Epoch 110/800
17/17 - 0s - loss: 0.1068 - mae: 0.1068 - mse: 0.0191 - 177ms/epoch - 10ms/step
Epoch 111/800
17/17 - 0s - loss: 0.1022 - mae: 0.1022 - mse: 0.0175 - 176ms/epoch - 10ms/step
Epoch 112/800
17/17 - 0s - loss: 0.0945 - mae: 0.0945 - mse: 0.0154 - 176ms/epoch - 10ms/step
Epoch 113/800
17/17 - 0s - loss: 0.0979 - mae: 0.0979 - mse: 0.0169 - 176ms/epoch - 10ms/step
Epoch 114/800
17/17 - 0s - loss: 0.0941 - mae: 0.0941 - mse: 0.0158 - 176ms/epoch - 10ms/step
Epoch 115/800
17/17 - 0s - loss: 0.0987 - mae: 0.0987 - mse: 0.0173 - 176ms/epoch - 10ms/step
Epoch 116/800
17/17 - 0s - loss: 0.0962 - mae: 0.0962 - mse: 0.0168 - 175ms/epoch - 10ms/step
Epoch 117/800
17/17 - 0s - loss: 0.0951 - mae: 0.0951 - mse: 0.0159 - 175ms/epoch - 10ms/step
Epoch 118/800
17/17 - 0s - loss: 0.0878 - mae: 0.0878 - mse: 0.0144 - 175ms/epoch - 10ms/step
Epoch 119/800
17/17 - 0s - loss: 0.0865 - mae: 0.0865 - mse: 0.0138 - 175ms/epoch - 10ms/step
Epoch 120/800
17/17 - 0s - loss: 0.0969 - mae: 0.0969 - mse: 0.0160 - 175ms/epoch - 10ms/step
Epoch 121/800
17/17 - 0s - loss: 0.0988 - mae: 0.0988 - mse: 0.0170 - 177ms/epoch - 10ms/step
Epoch 122/800
17/17 - 0s - loss: 0.0955 - mae: 0.0955 - mse: 0.0164 - 176ms/epoch - 10ms/step
Epoch 123/800
17/17 - 0s - loss: 0.0966 - mae: 0.0966 - mse: 0.0168 - 175ms/epoch - 10ms/step
Epoch 124/800
17/17 - 0s - loss: 0.0988 - mae: 0.0988 - mse: 0.0165 - 175ms/epoch - 10ms/step
Epoch 125/800
17/17 - 0s - loss: 0.0928 - mae: 0.0928 - mse: 0.0161 - 175ms/epoch - 10ms/step
Epoch 126/800
17/17 - 0s - loss: 0.0939 - mae: 0.0939 - mse: 0.0155 - 175ms/epoch - 10ms/step
Epoch 127/800
17/17 - 0s - loss: 0.1017 - mae: 0.1017 - mse: 0.0179 - 175ms/epoch - 10ms/step
Epoch 128/800
17/17 - 0s - loss: 0.1011 - mae: 0.1011 - mse: 0.0171 - 175ms/epoch - 10ms/step
Epoch 129/800
17/17 - 0s - loss: 0.0847 - mae: 0.0847 - mse: 0.0131 - 175ms/epoch - 10ms/step
Epoch 130/800
17/17 - 0s - loss: 0.0838 - mae: 0.0838 - mse: 0.0134 - 175ms/epoch - 10ms/step
Epoch 131/800
17/17 - 0s - loss: 0.0885 - mae: 0.0885 - mse: 0.0140 - 175ms/epoch - 10ms/step
Epoch 132/800
17/17 - 0s - loss: 0.0922 - mae: 0.0922 - mse: 0.0153 - 175ms/epoch - 10ms/step
Epoch 133/800
17/17 - 0s - loss: 0.0930 - mae: 0.0930 - mse: 0.0149 - 175ms/epoch - 10ms/step
Epoch 134/800
17/17 - 0s - loss: 0.0952 - mae: 0.0952 - mse: 0.0160 - 175ms/epoch - 10ms/step
Epoch 135/800
17/17 - 0s - loss: 0.0894 - mae: 0.0894 - mse: 0.0144 - 175ms/epoch - 10ms/step
Epoch 136/800
17/17 - 0s - loss: 0.0893 - mae: 0.0893 - mse: 0.0149 - 175ms/epoch - 10ms/step
Epoch 137/800
17/17 - 0s - loss: 0.0878 - mae: 0.0878 - mse: 0.0141 - 175ms/epoch - 10ms/step
Epoch 138/800
17/17 - 0s - loss: 0.0939 - mae: 0.0939 - mse: 0.0154 - 175ms/epoch - 10ms/step
Epoch 139/800
17/17 - 0s - loss: 0.0969 - mae: 0.0969 - mse: 0.0162 - 175ms/epoch - 10ms/step
Epoch 140/800
17/17 - 0s - loss: 0.1044 - mae: 0.1044 - mse: 0.0182 - 175ms/epoch - 10ms/step
Epoch 141/800
17/17 - 0s - loss: 0.0919 - mae: 0.0919 - mse: 0.0150 - 175ms/epoch - 10ms/step
Epoch 142/800
17/17 - 0s - loss: 0.0867 - mae: 0.0867 - mse: 0.0136 - 176ms/epoch - 10ms/step
Epoch 143/800
17/17 - 0s - loss: 0.0856 - mae: 0.0856 - mse: 0.0136 - 175ms/epoch - 10ms/step
Epoch 144/800
17/17 - 0s - loss: 0.0917 - mae: 0.0917 - mse: 0.0165 - 175ms/epoch - 10ms/step
Epoch 145/800
17/17 - 0s - loss: 0.0857 - mae: 0.0857 - mse: 0.0135 - 175ms/epoch - 10ms/step
Epoch 146/800
17/17 - 0s - loss: 0.0832 - mae: 0.0832 - mse: 0.0127 - 175ms/epoch - 10ms/step
Epoch 147/800
17/17 - 0s - loss: 0.0762 - mae: 0.0762 - mse: 0.0110 - 175ms/epoch - 10ms/step
Epoch 148/800
17/17 - 0s - loss: 0.0817 - mae: 0.0817 - mse: 0.0122 - 176ms/epoch - 10ms/step
Epoch 149/800
17/17 - 0s - loss: 0.0868 - mae: 0.0868 - mse: 0.0135 - 176ms/epoch - 10ms/step
Epoch 150/800
17/17 - 0s - loss: 0.0922 - mae: 0.0922 - mse: 0.0152 - 176ms/epoch - 10ms/step
Epoch 151/800
17/17 - 0s - loss: 0.0851 - mae: 0.0851 - mse: 0.0131 - 176ms/epoch - 10ms/step
Epoch 152/800
17/17 - 0s - loss: 0.0793 - mae: 0.0793 - mse: 0.0115 - 175ms/epoch - 10ms/step
Epoch 153/800
17/17 - 0s - loss: 0.0837 - mae: 0.0837 - mse: 0.0130 - 175ms/epoch - 10ms/step
Epoch 154/800
17/17 - 0s - loss: 0.0868 - mae: 0.0868 - mse: 0.0130 - 175ms/epoch - 10ms/step
Epoch 155/800
17/17 - 0s - loss: 0.1115 - mae: 0.1115 - mse: 0.0200 - 175ms/epoch - 10ms/step
Epoch 156/800
17/17 - 0s - loss: 0.0923 - mae: 0.0923 - mse: 0.0149 - 175ms/epoch - 10ms/step
Epoch 157/800
17/17 - 0s - loss: 0.0772 - mae: 0.0772 - mse: 0.0106 - 175ms/epoch - 10ms/step
Epoch 158/800
17/17 - 0s - loss: 0.0773 - mae: 0.0773 - mse: 0.0112 - 175ms/epoch - 10ms/step
Epoch 159/800
17/17 - 0s - loss: 0.0812 - mae: 0.0812 - mse: 0.0117 - 175ms/epoch - 10ms/step
Epoch 160/800
17/17 - 0s - loss: 0.0811 - mae: 0.0811 - mse: 0.0122 - 175ms/epoch - 10ms/step
Epoch 161/800
17/17 - 0s - loss: 0.0972 - mae: 0.0972 - mse: 0.0168 - 175ms/epoch - 10ms/step
Epoch 162/800
17/17 - 0s - loss: 0.0826 - mae: 0.0826 - mse: 0.0125 - 175ms/epoch - 10ms/step
Epoch 163/800
17/17 - 0s - loss: 0.0872 - mae: 0.0872 - mse: 0.0133 - 175ms/epoch - 10ms/step
Epoch 164/800
17/17 - 0s - loss: 0.0900 - mae: 0.0900 - mse: 0.0151 - 175ms/epoch - 10ms/step
Epoch 165/800
17/17 - 0s - loss: 0.0857 - mae: 0.0857 - mse: 0.0131 - 175ms/epoch - 10ms/step
Epoch 166/800
17/17 - 0s - loss: 0.0822 - mae: 0.0822 - mse: 0.0122 - 175ms/epoch - 10ms/step
Epoch 167/800
17/17 - 0s - loss: 0.0786 - mae: 0.0786 - mse: 0.0112 - 175ms/epoch - 10ms/step
Epoch 168/800
17/17 - 0s - loss: 0.0847 - mae: 0.0847 - mse: 0.0123 - 175ms/epoch - 10ms/step
Epoch 169/800
17/17 - 0s - loss: 0.0919 - mae: 0.0919 - mse: 0.0151 - 176ms/epoch - 10ms/step
Epoch 170/800
17/17 - 0s - loss: 0.0829 - mae: 0.0829 - mse: 0.0123 - 175ms/epoch - 10ms/step
Epoch 171/800
17/17 - 0s - loss: 0.0810 - mae: 0.0810 - mse: 0.0120 - 176ms/epoch - 10ms/step
Epoch 172/800
17/17 - 0s - loss: 0.0815 - mae: 0.0815 - mse: 0.0122 - 175ms/epoch - 10ms/step
Epoch 173/800
17/17 - 0s - loss: 0.0756 - mae: 0.0756 - mse: 0.0107 - 175ms/epoch - 10ms/step
Epoch 174/800
17/17 - 0s - loss: 0.0797 - mae: 0.0797 - mse: 0.0113 - 175ms/epoch - 10ms/step
Epoch 175/800
17/17 - 0s - loss: 0.0772 - mae: 0.0772 - mse: 0.0110 - 175ms/epoch - 10ms/step
Epoch 176/800
17/17 - 0s - loss: 0.0748 - mae: 0.0748 - mse: 0.0106 - 176ms/epoch - 10ms/step
Epoch 177/800
17/17 - 0s - loss: 0.0722 - mae: 0.0722 - mse: 0.0095 - 176ms/epoch - 10ms/step
Epoch 178/800
17/17 - 0s - loss: 0.0881 - mae: 0.0881 - mse: 0.0130 - 176ms/epoch - 10ms/step
Epoch 179/800
17/17 - 0s - loss: 0.0761 - mae: 0.0761 - mse: 0.0109 - 175ms/epoch - 10ms/step
Epoch 180/800
17/17 - 0s - loss: 0.0706 - mae: 0.0706 - mse: 0.0093 - 175ms/epoch - 10ms/step
Epoch 181/800
17/17 - 0s - loss: 0.0847 - mae: 0.0847 - mse: 0.0127 - 175ms/epoch - 10ms/step
Epoch 182/800
17/17 - 0s - loss: 0.0793 - mae: 0.0793 - mse: 0.0112 - 175ms/epoch - 10ms/step
Epoch 183/800
17/17 - 0s - loss: 0.0736 - mae: 0.0736 - mse: 0.0100 - 175ms/epoch - 10ms/step
Epoch 184/800
17/17 - 0s - loss: 0.0673 - mae: 0.0673 - mse: 0.0086 - 176ms/epoch - 10ms/step
Epoch 185/800
17/17 - 0s - loss: 0.0774 - mae: 0.0774 - mse: 0.0108 - 175ms/epoch - 10ms/step
Epoch 186/800
17/17 - 0s - loss: 0.0747 - mae: 0.0747 - mse: 0.0110 - 176ms/epoch - 10ms/step
Epoch 187/800
17/17 - 0s - loss: 0.0767 - mae: 0.0767 - mse: 0.0107 - 175ms/epoch - 10ms/step
Epoch 188/800
17/17 - 0s - loss: 0.0664 - mae: 0.0664 - mse: 0.0083 - 175ms/epoch - 10ms/step
Epoch 189/800
17/17 - 0s - loss: 0.0676 - mae: 0.0676 - mse: 0.0084 - 175ms/epoch - 10ms/step
Epoch 190/800
17/17 - 0s - loss: 0.0732 - mae: 0.0732 - mse: 0.0096 - 175ms/epoch - 10ms/step
Epoch 191/800
17/17 - 0s - loss: 0.0666 - mae: 0.0666 - mse: 0.0083 - 175ms/epoch - 10ms/step
Epoch 192/800
17/17 - 0s - loss: 0.0661 - mae: 0.0661 - mse: 0.0084 - 175ms/epoch - 10ms/step
Epoch 193/800
17/17 - 0s - loss: 0.0652 - mae: 0.0652 - mse: 0.0079 - 175ms/epoch - 10ms/step
Epoch 194/800
17/17 - 0s - loss: 0.0660 - mae: 0.0660 - mse: 0.0081 - 175ms/epoch - 10ms/step
Epoch 195/800
17/17 - 0s - loss: 0.0627 - mae: 0.0627 - mse: 0.0074 - 176ms/epoch - 10ms/step
Epoch 196/800
17/17 - 0s - loss: 0.0697 - mae: 0.0697 - mse: 0.0089 - 175ms/epoch - 10ms/step
Epoch 197/800
17/17 - 0s - loss: 0.0841 - mae: 0.0841 - mse: 0.0128 - 175ms/epoch - 10ms/step
Epoch 198/800
17/17 - 0s - loss: 0.0685 - mae: 0.0685 - mse: 0.0087 - 175ms/epoch - 10ms/step
Epoch 199/800
17/17 - 0s - loss: 0.0673 - mae: 0.0673 - mse: 0.0086 - 175ms/epoch - 10ms/step
Epoch 200/800
17/17 - 0s - loss: 0.0641 - mae: 0.0641 - mse: 0.0075 - 175ms/epoch - 10ms/step
Epoch 201/800
17/17 - 0s - loss: 0.0668 - mae: 0.0668 - mse: 0.0085 - 175ms/epoch - 10ms/step
Epoch 202/800
17/17 - 0s - loss: 0.0664 - mae: 0.0664 - mse: 0.0085 - 175ms/epoch - 10ms/step
Epoch 203/800
17/17 - 0s - loss: 0.0665 - mae: 0.0665 - mse: 0.0079 - 175ms/epoch - 10ms/step
Epoch 204/800
17/17 - 0s - loss: 0.0677 - mae: 0.0677 - mse: 0.0088 - 176ms/epoch - 10ms/step
Epoch 205/800
17/17 - 0s - loss: 0.0753 - mae: 0.0753 - mse: 0.0098 - 176ms/epoch - 10ms/step
Epoch 206/800
17/17 - 0s - loss: 0.0627 - mae: 0.0627 - mse: 0.0074 - 175ms/epoch - 10ms/step
Epoch 207/800
17/17 - 0s - loss: 0.0657 - mae: 0.0657 - mse: 0.0079 - 175ms/epoch - 10ms/step
Epoch 208/800
17/17 - 0s - loss: 0.0727 - mae: 0.0727 - mse: 0.0091 - 175ms/epoch - 10ms/step
Epoch 209/800
17/17 - 0s - loss: 0.0669 - mae: 0.0669 - mse: 0.0085 - 175ms/epoch - 10ms/step
Epoch 210/800
17/17 - 0s - loss: 0.0661 - mae: 0.0661 - mse: 0.0082 - 175ms/epoch - 10ms/step
Epoch 211/800
17/17 - 0s - loss: 0.0588 - mae: 0.0588 - mse: 0.0066 - 175ms/epoch - 10ms/step
Epoch 212/800
17/17 - 0s - loss: 0.0764 - mae: 0.0764 - mse: 0.0106 - 175ms/epoch - 10ms/step
Epoch 213/800
17/17 - 0s - loss: 0.0630 - mae: 0.0630 - mse: 0.0073 - 175ms/epoch - 10ms/step
Epoch 214/800
17/17 - 0s - loss: 0.0603 - mae: 0.0603 - mse: 0.0072 - 175ms/epoch - 10ms/step
Epoch 215/800
17/17 - 0s - loss: 0.0640 - mae: 0.0640 - mse: 0.0079 - 175ms/epoch - 10ms/step
Epoch 216/800
17/17 - 0s - loss: 0.0623 - mae: 0.0623 - mse: 0.0076 - 175ms/epoch - 10ms/step
Epoch 217/800
17/17 - 0s - loss: 0.0728 - mae: 0.0728 - mse: 0.0099 - 175ms/epoch - 10ms/step
Epoch 218/800
17/17 - 0s - loss: 0.0697 - mae: 0.0697 - mse: 0.0085 - 175ms/epoch - 10ms/step
Epoch 219/800
17/17 - 0s - loss: 0.0683 - mae: 0.0683 - mse: 0.0084 - 175ms/epoch - 10ms/step
Epoch 220/800
17/17 - 0s - loss: 0.0586 - mae: 0.0586 - mse: 0.0065 - 175ms/epoch - 10ms/step
Epoch 221/800
17/17 - 0s - loss: 0.0607 - mae: 0.0607 - mse: 0.0070 - 175ms/epoch - 10ms/step
Epoch 222/800
17/17 - 0s - loss: 0.0572 - mae: 0.0572 - mse: 0.0066 - 175ms/epoch - 10ms/step
Epoch 223/800
17/17 - 0s - loss: 0.0664 - mae: 0.0664 - mse: 0.0081 - 175ms/epoch - 10ms/step
Epoch 224/800
17/17 - 0s - loss: 0.0730 - mae: 0.0730 - mse: 0.0096 - 175ms/epoch - 10ms/step
Epoch 225/800
17/17 - 0s - loss: 0.0769 - mae: 0.0769 - mse: 0.0103 - 175ms/epoch - 10ms/step
Epoch 226/800
17/17 - 0s - loss: 0.0757 - mae: 0.0757 - mse: 0.0099 - 175ms/epoch - 10ms/step
Epoch 227/800
17/17 - 0s - loss: 0.0608 - mae: 0.0608 - mse: 0.0067 - 175ms/epoch - 10ms/step
Epoch 228/800
17/17 - 0s - loss: 0.0582 - mae: 0.0582 - mse: 0.0070 - 176ms/epoch - 10ms/step
Epoch 229/800
17/17 - 0s - loss: 0.0607 - mae: 0.0607 - mse: 0.0069 - 175ms/epoch - 10ms/step
Epoch 230/800
17/17 - 0s - loss: 0.0679 - mae: 0.0679 - mse: 0.0079 - 175ms/epoch - 10ms/step
Epoch 231/800
17/17 - 0s - loss: 0.0836 - mae: 0.0836 - mse: 0.0121 - 176ms/epoch - 10ms/step
Epoch 232/800
17/17 - 0s - loss: 0.0717 - mae: 0.0717 - mse: 0.0091 - 180ms/epoch - 11ms/step
Epoch 233/800
17/17 - 0s - loss: 0.0714 - mae: 0.0714 - mse: 0.0089 - 176ms/epoch - 10ms/step
Epoch 234/800
17/17 - 0s - loss: 0.0636 - mae: 0.0636 - mse: 0.0079 - 175ms/epoch - 10ms/step
Epoch 235/800
17/17 - 0s - loss: 0.0609 - mae: 0.0609 - mse: 0.0066 - 175ms/epoch - 10ms/step
Epoch 236/800
17/17 - 0s - loss: 0.0560 - mae: 0.0560 - mse: 0.0062 - 176ms/epoch - 10ms/step
Epoch 237/800
17/17 - 0s - loss: 0.0549 - mae: 0.0549 - mse: 0.0058 - 175ms/epoch - 10ms/step
Epoch 238/800
17/17 - 0s - loss: 0.0589 - mae: 0.0589 - mse: 0.0063 - 175ms/epoch - 10ms/step
Epoch 239/800
17/17 - 0s - loss: 0.0545 - mae: 0.0545 - mse: 0.0058 - 176ms/epoch - 10ms/step
Epoch 240/800
17/17 - 0s - loss: 0.0602 - mae: 0.0602 - mse: 0.0068 - 175ms/epoch - 10ms/step
Epoch 241/800
17/17 - 0s - loss: 0.0659 - mae: 0.0659 - mse: 0.0080 - 175ms/epoch - 10ms/step
Epoch 242/800
17/17 - 0s - loss: 0.0757 - mae: 0.0757 - mse: 0.0098 - 175ms/epoch - 10ms/step
Epoch 243/800
17/17 - 0s - loss: 0.0627 - mae: 0.0627 - mse: 0.0072 - 175ms/epoch - 10ms/step
Epoch 244/800
17/17 - 0s - loss: 0.0540 - mae: 0.0540 - mse: 0.0056 - 175ms/epoch - 10ms/step
Epoch 245/800
17/17 - 0s - loss: 0.0535 - mae: 0.0535 - mse: 0.0058 - 175ms/epoch - 10ms/step
Epoch 246/800
17/17 - 0s - loss: 0.0682 - mae: 0.0682 - mse: 0.0082 - 176ms/epoch - 10ms/step
Epoch 247/800
17/17 - 0s - loss: 0.0612 - mae: 0.0612 - mse: 0.0069 - 176ms/epoch - 10ms/step
Epoch 248/800
17/17 - 0s - loss: 0.0535 - mae: 0.0535 - mse: 0.0056 - 175ms/epoch - 10ms/step
Epoch 249/800
17/17 - 0s - loss: 0.0574 - mae: 0.0574 - mse: 0.0064 - 175ms/epoch - 10ms/step
Epoch 250/800
17/17 - 0s - loss: 0.0566 - mae: 0.0566 - mse: 0.0061 - 175ms/epoch - 10ms/step
Epoch 251/800
17/17 - 0s - loss: 0.0664 - mae: 0.0664 - mse: 0.0077 - 175ms/epoch - 10ms/step
Epoch 252/800
17/17 - 0s - loss: 0.0534 - mae: 0.0534 - mse: 0.0055 - 175ms/epoch - 10ms/step
Epoch 253/800
17/17 - 0s - loss: 0.0557 - mae: 0.0557 - mse: 0.0059 - 175ms/epoch - 10ms/step
Epoch 254/800
17/17 - 0s - loss: 0.0566 - mae: 0.0566 - mse: 0.0063 - 175ms/epoch - 10ms/step
Epoch 255/800
17/17 - 0s - loss: 0.0636 - mae: 0.0636 - mse: 0.0072 - 175ms/epoch - 10ms/step
Epoch 256/800
17/17 - 0s - loss: 0.0650 - mae: 0.0650 - mse: 0.0072 - 175ms/epoch - 10ms/step
Epoch 257/800
17/17 - 0s - loss: 0.0594 - mae: 0.0594 - mse: 0.0068 - 175ms/epoch - 10ms/step
Epoch 258/800
17/17 - 0s - loss: 0.0636 - mae: 0.0636 - mse: 0.0080 - 175ms/epoch - 10ms/step
Epoch 259/800
17/17 - 0s - loss: 0.0736 - mae: 0.0736 - mse: 0.0095 - 176ms/epoch - 10ms/step
Epoch 260/800
17/17 - 0s - loss: 0.0581 - mae: 0.0581 - mse: 0.0065 - 176ms/epoch - 10ms/step
Epoch 261/800
17/17 - 0s - loss: 0.0506 - mae: 0.0506 - mse: 0.0049 - 175ms/epoch - 10ms/step
Epoch 262/800
17/17 - 0s - loss: 0.0518 - mae: 0.0518 - mse: 0.0052 - 175ms/epoch - 10ms/step
Epoch 263/800
17/17 - 0s - loss: 0.0584 - mae: 0.0584 - mse: 0.0063 - 175ms/epoch - 10ms/step
Epoch 264/800
17/17 - 0s - loss: 0.0587 - mae: 0.0587 - mse: 0.0064 - 175ms/epoch - 10ms/step
Epoch 265/800
17/17 - 0s - loss: 0.0503 - mae: 0.0503 - mse: 0.0049 - 175ms/epoch - 10ms/step
Epoch 266/800
17/17 - 0s - loss: 0.0541 - mae: 0.0541 - mse: 0.0054 - 176ms/epoch - 10ms/step
Epoch 267/800
17/17 - 0s - loss: 0.0583 - mae: 0.0583 - mse: 0.0064 - 176ms/epoch - 10ms/step
Epoch 268/800
17/17 - 0s - loss: 0.0544 - mae: 0.0544 - mse: 0.0057 - 175ms/epoch - 10ms/step
Epoch 269/800
17/17 - 0s - loss: 0.0508 - mae: 0.0508 - mse: 0.0050 - 175ms/epoch - 10ms/step
Epoch 270/800
17/17 - 0s - loss: 0.0495 - mae: 0.0495 - mse: 0.0048 - 175ms/epoch - 10ms/step
Epoch 271/800
17/17 - 0s - loss: 0.0537 - mae: 0.0537 - mse: 0.0054 - 175ms/epoch - 10ms/step
Epoch 272/800
17/17 - 0s - loss: 0.0497 - mae: 0.0497 - mse: 0.0048 - 175ms/epoch - 10ms/step
Epoch 273/800
17/17 - 0s - loss: 0.0512 - mae: 0.0512 - mse: 0.0052 - 175ms/epoch - 10ms/step
Epoch 274/800
17/17 - 0s - loss: 0.0545 - mae: 0.0545 - mse: 0.0057 - 175ms/epoch - 10ms/step
Epoch 275/800
17/17 - 0s - loss: 0.0565 - mae: 0.0565 - mse: 0.0060 - 176ms/epoch - 10ms/step
Epoch 276/800
17/17 - 0s - loss: 0.0541 - mae: 0.0541 - mse: 0.0055 - 176ms/epoch - 10ms/step
Epoch 277/800
17/17 - 0s - loss: 0.0536 - mae: 0.0536 - mse: 0.0053 - 175ms/epoch - 10ms/step
Epoch 278/800
17/17 - 0s - loss: 0.0572 - mae: 0.0572 - mse: 0.0064 - 175ms/epoch - 10ms/step
Epoch 279/800
17/17 - 0s - loss: 0.0521 - mae: 0.0521 - mse: 0.0053 - 175ms/epoch - 10ms/step
Epoch 280/800
17/17 - 0s - loss: 0.0446 - mae: 0.0446 - mse: 0.0040 - 175ms/epoch - 10ms/step
Epoch 281/800
17/17 - 0s - loss: 0.0454 - mae: 0.0454 - mse: 0.0040 - 175ms/epoch - 10ms/step
Epoch 282/800
17/17 - 0s - loss: 0.0483 - mae: 0.0483 - mse: 0.0045 - 175ms/epoch - 10ms/step
Epoch 283/800
17/17 - 0s - loss: 0.0490 - mae: 0.0490 - mse: 0.0047 - 175ms/epoch - 10ms/step
Epoch 284/800
17/17 - 0s - loss: 0.0458 - mae: 0.0458 - mse: 0.0042 - 175ms/epoch - 10ms/step
Epoch 285/800
17/17 - 0s - loss: 0.0457 - mae: 0.0457 - mse: 0.0039 - 175ms/epoch - 10ms/step
Epoch 286/800
17/17 - 0s - loss: 0.0491 - mae: 0.0491 - mse: 0.0046 - 175ms/epoch - 10ms/step
Epoch 287/800
17/17 - 0s - loss: 0.0516 - mae: 0.0516 - mse: 0.0050 - 176ms/epoch - 10ms/step
Epoch 288/800
17/17 - 0s - loss: 0.0491 - mae: 0.0491 - mse: 0.0046 - 176ms/epoch - 10ms/step
Epoch 289/800
17/17 - 0s - loss: 0.0478 - mae: 0.0478 - mse: 0.0046 - 176ms/epoch - 10ms/step
Epoch 290/800
17/17 - 0s - loss: 0.0503 - mae: 0.0503 - mse: 0.0051 - 175ms/epoch - 10ms/step
Epoch 291/800
17/17 - 0s - loss: 0.0539 - mae: 0.0539 - mse: 0.0057 - 175ms/epoch - 10ms/step
Epoch 292/800
17/17 - 0s - loss: 0.0439 - mae: 0.0439 - mse: 0.0040 - 175ms/epoch - 10ms/step
Epoch 293/800
17/17 - 0s - loss: 0.0453 - mae: 0.0453 - mse: 0.0041 - 175ms/epoch - 10ms/step
Epoch 294/800
17/17 - 0s - loss: 0.0494 - mae: 0.0494 - mse: 0.0047 - 175ms/epoch - 10ms/step
Epoch 295/800
17/17 - 0s - loss: 0.0540 - mae: 0.0540 - mse: 0.0056 - 175ms/epoch - 10ms/step
Epoch 296/800
17/17 - 0s - loss: 0.0550 - mae: 0.0550 - mse: 0.0057 - 175ms/epoch - 10ms/step
Epoch 297/800
17/17 - 0s - loss: 0.0562 - mae: 0.0562 - mse: 0.0057 - 175ms/epoch - 10ms/step
Epoch 298/800
17/17 - 0s - loss: 0.0506 - mae: 0.0506 - mse: 0.0050 - 175ms/epoch - 10ms/step
Epoch 299/800
17/17 - 0s - loss: 0.0523 - mae: 0.0523 - mse: 0.0050 - 175ms/epoch - 10ms/step
Epoch 300/800
17/17 - 0s - loss: 0.0548 - mae: 0.0548 - mse: 0.0054 - 175ms/epoch - 10ms/step
Epoch 301/800
17/17 - 0s - loss: 0.0553 - mae: 0.0553 - mse: 0.0054 - 175ms/epoch - 10ms/step
Epoch 302/800
17/17 - 0s - loss: 0.0496 - mae: 0.0496 - mse: 0.0048 - 175ms/epoch - 10ms/step
Epoch 303/800
17/17 - 0s - loss: 0.0454 - mae: 0.0454 - mse: 0.0041 - 175ms/epoch - 10ms/step
Epoch 304/800
17/17 - 0s - loss: 0.0422 - mae: 0.0422 - mse: 0.0037 - 175ms/epoch - 10ms/step
Epoch 305/800
17/17 - 0s - loss: 0.0453 - mae: 0.0453 - mse: 0.0040 - 175ms/epoch - 10ms/step
Epoch 306/800
17/17 - 0s - loss: 0.0510 - mae: 0.0510 - mse: 0.0049 - 175ms/epoch - 10ms/step
Epoch 307/800
17/17 - 0s - loss: 0.0473 - mae: 0.0473 - mse: 0.0043 - 175ms/epoch - 10ms/step
Epoch 308/800
17/17 - 0s - loss: 0.0506 - mae: 0.0506 - mse: 0.0047 - 175ms/epoch - 10ms/step
Epoch 309/800
17/17 - 0s - loss: 0.0444 - mae: 0.0444 - mse: 0.0040 - 175ms/epoch - 10ms/step
Epoch 310/800
17/17 - 0s - loss: 0.0478 - mae: 0.0478 - mse: 0.0044 - 175ms/epoch - 10ms/step
Epoch 311/800
17/17 - 0s - loss: 0.0492 - mae: 0.0492 - mse: 0.0047 - 175ms/epoch - 10ms/step
Epoch 312/800
17/17 - 0s - loss: 0.0486 - mae: 0.0486 - mse: 0.0043 - 175ms/epoch - 10ms/step
Epoch 313/800
17/17 - 0s - loss: 0.0549 - mae: 0.0549 - mse: 0.0056 - 175ms/epoch - 10ms/step
Epoch 314/800
17/17 - 0s - loss: 0.0480 - mae: 0.0480 - mse: 0.0044 - 177ms/epoch - 10ms/step
Epoch 315/800
17/17 - 0s - loss: 0.0526 - mae: 0.0526 - mse: 0.0049 - 176ms/epoch - 10ms/step
Epoch 316/800
17/17 - 0s - loss: 0.0425 - mae: 0.0425 - mse: 0.0036 - 177ms/epoch - 10ms/step
Epoch 317/800
17/17 - 0s - loss: 0.0609 - mae: 0.0609 - mse: 0.0066 - 176ms/epoch - 10ms/step
Epoch 318/800
17/17 - 0s - loss: 0.0566 - mae: 0.0566 - mse: 0.0058 - 175ms/epoch - 10ms/step
Epoch 319/800
17/17 - 0s - loss: 0.0414 - mae: 0.0414 - mse: 0.0035 - 175ms/epoch - 10ms/step
Epoch 320/800
17/17 - 0s - loss: 0.0432 - mae: 0.0432 - mse: 0.0038 - 175ms/epoch - 10ms/step
Epoch 321/800
17/17 - 0s - loss: 0.0513 - mae: 0.0513 - mse: 0.0046 - 176ms/epoch - 10ms/step
Epoch 322/800
17/17 - 0s - loss: 0.0498 - mae: 0.0498 - mse: 0.0048 - 176ms/epoch - 10ms/step
Epoch 323/800
17/17 - 0s - loss: 0.0443 - mae: 0.0443 - mse: 0.0041 - 175ms/epoch - 10ms/step
Epoch 324/800
17/17 - 0s - loss: 0.0481 - mae: 0.0481 - mse: 0.0046 - 175ms/epoch - 10ms/step
Epoch 325/800
17/17 - 0s - loss: 0.0484 - mae: 0.0484 - mse: 0.0044 - 176ms/epoch - 10ms/step
Epoch 326/800
17/17 - 0s - loss: 0.0411 - mae: 0.0411 - mse: 0.0034 - 176ms/epoch - 10ms/step
Epoch 327/800
17/17 - 0s - loss: 0.0407 - mae: 0.0407 - mse: 0.0034 - 175ms/epoch - 10ms/step
Epoch 328/800
17/17 - 0s - loss: 0.0496 - mae: 0.0496 - mse: 0.0046 - 175ms/epoch - 10ms/step
Epoch 329/800
17/17 - 0s - loss: 0.0439 - mae: 0.0439 - mse: 0.0037 - 175ms/epoch - 10ms/step
Epoch 330/800
17/17 - 0s - loss: 0.0406 - mae: 0.0406 - mse: 0.0033 - 175ms/epoch - 10ms/step
Epoch 331/800
17/17 - 0s - loss: 0.0410 - mae: 0.0410 - mse: 0.0034 - 175ms/epoch - 10ms/step
Epoch 332/800
17/17 - 0s - loss: 0.0458 - mae: 0.0458 - mse: 0.0040 - 175ms/epoch - 10ms/step
Epoch 333/800
17/17 - 0s - loss: 0.0496 - mae: 0.0496 - mse: 0.0047 - 175ms/epoch - 10ms/step
Epoch 334/800
17/17 - 0s - loss: 0.0460 - mae: 0.0460 - mse: 0.0041 - 175ms/epoch - 10ms/step
Epoch 335/800
17/17 - 0s - loss: 0.0504 - mae: 0.0504 - mse: 0.0046 - 175ms/epoch - 10ms/step
Epoch 336/800
17/17 - 0s - loss: 0.0461 - mae: 0.0461 - mse: 0.0043 - 175ms/epoch - 10ms/step
Epoch 337/800
17/17 - 0s - loss: 0.0474 - mae: 0.0474 - mse: 0.0042 - 175ms/epoch - 10ms/step
Epoch 338/800
17/17 - 0s - loss: 0.0540 - mae: 0.0540 - mse: 0.0053 - 175ms/epoch - 10ms/step
Epoch 339/800
17/17 - 0s - loss: 0.0470 - mae: 0.0470 - mse: 0.0044 - 175ms/epoch - 10ms/step
Epoch 340/800
17/17 - 0s - loss: 0.0414 - mae: 0.0414 - mse: 0.0038 - 175ms/epoch - 10ms/step
Epoch 341/800
17/17 - 0s - loss: 0.0408 - mae: 0.0408 - mse: 0.0033 - 175ms/epoch - 10ms/step
Epoch 342/800
17/17 - 0s - loss: 0.0408 - mae: 0.0408 - mse: 0.0033 - 177ms/epoch - 10ms/step
Epoch 343/800
17/17 - 0s - loss: 0.0434 - mae: 0.0434 - mse: 0.0036 - 176ms/epoch - 10ms/step
Epoch 344/800
17/17 - 0s - loss: 0.0427 - mae: 0.0427 - mse: 0.0035 - 175ms/epoch - 10ms/step
Epoch 345/800
17/17 - 0s - loss: 0.0388 - mae: 0.0388 - mse: 0.0032 - 175ms/epoch - 10ms/step
Epoch 346/800
17/17 - 0s - loss: 0.0400 - mae: 0.0400 - mse: 0.0032 - 175ms/epoch - 10ms/step
Epoch 347/800
17/17 - 0s - loss: 0.0365 - mae: 0.0365 - mse: 0.0028 - 175ms/epoch - 10ms/step
Epoch 348/800
17/17 - 0s - loss: 0.0485 - mae: 0.0485 - mse: 0.0042 - 175ms/epoch - 10ms/step
Epoch 349/800
17/17 - 0s - loss: 0.0366 - mae: 0.0366 - mse: 0.0028 - 175ms/epoch - 10ms/step
Epoch 350/800
17/17 - 0s - loss: 0.0384 - mae: 0.0384 - mse: 0.0029 - 175ms/epoch - 10ms/step
Epoch 351/800
17/17 - 0s - loss: 0.0416 - mae: 0.0416 - mse: 0.0034 - 175ms/epoch - 10ms/step
Epoch 352/800
17/17 - 0s - loss: 0.0394 - mae: 0.0394 - mse: 0.0032 - 175ms/epoch - 10ms/step
Epoch 353/800
17/17 - 0s - loss: 0.0420 - mae: 0.0420 - mse: 0.0033 - 175ms/epoch - 10ms/step
Epoch 354/800
17/17 - 0s - loss: 0.0418 - mae: 0.0418 - mse: 0.0033 - 175ms/epoch - 10ms/step
Epoch 355/800
17/17 - 0s - loss: 0.0472 - mae: 0.0472 - mse: 0.0041 - 175ms/epoch - 10ms/step
Epoch 356/800
17/17 - 0s - loss: 0.0432 - mae: 0.0432 - mse: 0.0036 - 175ms/epoch - 10ms/step
Epoch 357/800
17/17 - 0s - loss: 0.0408 - mae: 0.0408 - mse: 0.0033 - 176ms/epoch - 10ms/step
Epoch 358/800
17/17 - 0s - loss: 0.0420 - mae: 0.0420 - mse: 0.0034 - 176ms/epoch - 10ms/step
Epoch 359/800
17/17 - 0s - loss: 0.0398 - mae: 0.0398 - mse: 0.0030 - 175ms/epoch - 10ms/step
Epoch 360/800
17/17 - 0s - loss: 0.0400 - mae: 0.0400 - mse: 0.0031 - 175ms/epoch - 10ms/step
Epoch 361/800
17/17 - 0s - loss: 0.0449 - mae: 0.0449 - mse: 0.0038 - 175ms/epoch - 10ms/step
Epoch 362/800
17/17 - 0s - loss: 0.0434 - mae: 0.0434 - mse: 0.0036 - 175ms/epoch - 10ms/step
Epoch 363/800
17/17 - 0s - loss: 0.0402 - mae: 0.0402 - mse: 0.0033 - 175ms/epoch - 10ms/step
Epoch 364/800
17/17 - 0s - loss: 0.0381 - mae: 0.0381 - mse: 0.0028 - 175ms/epoch - 10ms/step
Epoch 365/800
17/17 - 0s - loss: 0.0345 - mae: 0.0345 - mse: 0.0025 - 175ms/epoch - 10ms/step
Epoch 366/800
17/17 - 0s - loss: 0.0358 - mae: 0.0358 - mse: 0.0025 - 175ms/epoch - 10ms/step
Epoch 367/800
17/17 - 0s - loss: 0.0359 - mae: 0.0359 - mse: 0.0027 - 175ms/epoch - 10ms/step
Epoch 368/800
17/17 - 0s - loss: 0.0378 - mae: 0.0378 - mse: 0.0027 - 175ms/epoch - 10ms/step
Epoch 369/800
17/17 - 0s - loss: 0.0372 - mae: 0.0372 - mse: 0.0027 - 176ms/epoch - 10ms/step
Epoch 370/800
17/17 - 0s - loss: 0.0376 - mae: 0.0376 - mse: 0.0027 - 176ms/epoch - 10ms/step
Epoch 371/800
17/17 - 0s - loss: 0.0365 - mae: 0.0365 - mse: 0.0026 - 176ms/epoch - 10ms/step
Epoch 372/800
17/17 - 0s - loss: 0.0378 - mae: 0.0378 - mse: 0.0029 - 175ms/epoch - 10ms/step
Epoch 373/800
17/17 - 0s - loss: 0.0390 - mae: 0.0390 - mse: 0.0029 - 175ms/epoch - 10ms/step
Epoch 374/800
17/17 - 0s - loss: 0.0399 - mae: 0.0399 - mse: 0.0030 - 175ms/epoch - 10ms/step
Epoch 375/800
17/17 - 0s - loss: 0.0376 - mae: 0.0376 - mse: 0.0027 - 175ms/epoch - 10ms/step
Epoch 376/800
17/17 - 0s - loss: 0.0385 - mae: 0.0385 - mse: 0.0029 - 175ms/epoch - 10ms/step
Epoch 377/800
17/17 - 0s - loss: 0.0406 - mae: 0.0406 - mse: 0.0030 - 175ms/epoch - 10ms/step
Epoch 378/800
17/17 - 0s - loss: 0.0413 - mae: 0.0413 - mse: 0.0034 - 176ms/epoch - 10ms/step
Epoch 379/800
17/17 - 0s - loss: 0.0350 - mae: 0.0350 - mse: 0.0025 - 175ms/epoch - 10ms/step
Epoch 380/800
17/17 - 0s - loss: 0.0359 - mae: 0.0359 - mse: 0.0025 - 175ms/epoch - 10ms/step
Epoch 381/800
17/17 - 0s - loss: 0.0425 - mae: 0.0425 - mse: 0.0032 - 175ms/epoch - 10ms/step
Epoch 382/800
17/17 - 0s - loss: 0.0416 - mae: 0.0416 - mse: 0.0032 - 175ms/epoch - 10ms/step
Epoch 383/800
17/17 - 0s - loss: 0.0376 - mae: 0.0376 - mse: 0.0028 - 175ms/epoch - 10ms/step
Epoch 384/800
17/17 - 0s - loss: 0.0333 - mae: 0.0333 - mse: 0.0021 - 175ms/epoch - 10ms/step
Epoch 385/800
17/17 - 0s - loss: 0.0355 - mae: 0.0355 - mse: 0.0024 - 175ms/epoch - 10ms/step
Epoch 386/800
17/17 - 0s - loss: 0.0387 - mae: 0.0387 - mse: 0.0028 - 175ms/epoch - 10ms/step
Epoch 387/800
17/17 - 0s - loss: 0.0404 - mae: 0.0404 - mse: 0.0031 - 175ms/epoch - 10ms/step
Epoch 388/800
17/17 - 0s - loss: 0.0410 - mae: 0.0410 - mse: 0.0031 - 175ms/epoch - 10ms/step
Epoch 389/800
17/17 - 0s - loss: 0.0371 - mae: 0.0371 - mse: 0.0027 - 175ms/epoch - 10ms/step
Epoch 390/800
17/17 - 0s - loss: 0.0391 - mae: 0.0391 - mse: 0.0031 - 175ms/epoch - 10ms/step
Epoch 391/800
17/17 - 0s - loss: 0.0380 - mae: 0.0380 - mse: 0.0027 - 176ms/epoch - 10ms/step
Epoch 392/800
17/17 - 0s - loss: 0.0352 - mae: 0.0352 - mse: 0.0025 - 176ms/epoch - 10ms/step
Epoch 393/800
17/17 - 0s - loss: 0.0377 - mae: 0.0377 - mse: 0.0028 - 175ms/epoch - 10ms/step
Epoch 394/800
17/17 - 0s - loss: 0.0349 - mae: 0.0349 - mse: 0.0024 - 176ms/epoch - 10ms/step
Epoch 395/800
17/17 - 0s - loss: 0.0353 - mae: 0.0353 - mse: 0.0024 - 175ms/epoch - 10ms/step
Epoch 396/800
17/17 - 0s - loss: 0.0327 - mae: 0.0327 - mse: 0.0022 - 175ms/epoch - 10ms/step
Epoch 397/800
17/17 - 0s - loss: 0.0346 - mae: 0.0346 - mse: 0.0022 - 176ms/epoch - 10ms/step
Epoch 398/800
17/17 - 0s - loss: 0.0342 - mae: 0.0342 - mse: 0.0023 - 176ms/epoch - 10ms/step
Epoch 399/800
17/17 - 0s - loss: 0.0364 - mae: 0.0364 - mse: 0.0027 - 175ms/epoch - 10ms/step
Epoch 400/800
17/17 - 0s - loss: 0.0473 - mae: 0.0473 - mse: 0.0040 - 175ms/epoch - 10ms/step
Epoch 401/800
17/17 - 0s - loss: 0.0401 - mae: 0.0401 - mse: 0.0030 - 176ms/epoch - 10ms/step
Epoch 402/800
17/17 - 0s - loss: 0.0336 - mae: 0.0336 - mse: 0.0022 - 176ms/epoch - 10ms/step
Epoch 403/800
17/17 - 0s - loss: 0.0370 - mae: 0.0370 - mse: 0.0025 - 175ms/epoch - 10ms/step
Epoch 404/800
17/17 - 0s - loss: 0.0376 - mae: 0.0376 - mse: 0.0026 - 176ms/epoch - 10ms/step
Epoch 405/800
17/17 - 0s - loss: 0.0358 - mae: 0.0358 - mse: 0.0025 - 175ms/epoch - 10ms/step
Epoch 406/800
17/17 - 0s - loss: 0.0383 - mae: 0.0383 - mse: 0.0026 - 176ms/epoch - 10ms/step
Epoch 407/800
17/17 - 0s - loss: 0.0352 - mae: 0.0352 - mse: 0.0024 - 175ms/epoch - 10ms/step
Epoch 408/800
17/17 - 0s - loss: 0.0374 - mae: 0.0374 - mse: 0.0026 - 175ms/epoch - 10ms/step
Epoch 409/800
17/17 - 0s - loss: 0.0359 - mae: 0.0359 - mse: 0.0025 - 175ms/epoch - 10ms/step
Epoch 410/800
17/17 - 0s - loss: 0.0343 - mae: 0.0343 - mse: 0.0023 - 175ms/epoch - 10ms/step
Epoch 411/800
17/17 - 0s - loss: 0.0325 - mae: 0.0325 - mse: 0.0020 - 175ms/epoch - 10ms/step
Epoch 412/800
17/17 - 0s - loss: 0.0303 - mae: 0.0303 - mse: 0.0019 - 175ms/epoch - 10ms/step
Epoch 413/800
17/17 - 0s - loss: 0.0300 - mae: 0.0300 - mse: 0.0019 - 176ms/epoch - 10ms/step
Epoch 414/800
17/17 - 0s - loss: 0.0313 - mae: 0.0313 - mse: 0.0019 - 175ms/epoch - 10ms/step
Epoch 415/800
17/17 - 0s - loss: 0.0318 - mae: 0.0318 - mse: 0.0022 - 175ms/epoch - 10ms/step
Epoch 416/800
17/17 - 0s - loss: 0.0342 - mae: 0.0342 - mse: 0.0022 - 175ms/epoch - 10ms/step
Epoch 417/800
17/17 - 0s - loss: 0.0373 - mae: 0.0373 - mse: 0.0026 - 175ms/epoch - 10ms/step
Epoch 418/800
17/17 - 0s - loss: 0.0358 - mae: 0.0358 - mse: 0.0024 - 175ms/epoch - 10ms/step
Epoch 419/800
17/17 - 0s - loss: 0.0348 - mae: 0.0348 - mse: 0.0023 - 175ms/epoch - 10ms/step
Epoch 420/800
17/17 - 0s - loss: 0.0356 - mae: 0.0356 - mse: 0.0023 - 175ms/epoch - 10ms/step
Epoch 421/800
17/17 - 0s - loss: 0.0345 - mae: 0.0345 - mse: 0.0022 - 175ms/epoch - 10ms/step
Epoch 422/800
17/17 - 0s - loss: 0.0341 - mae: 0.0341 - mse: 0.0023 - 175ms/epoch - 10ms/step
Epoch 423/800
17/17 - 0s - loss: 0.0337 - mae: 0.0337 - mse: 0.0023 - 175ms/epoch - 10ms/step
Epoch 424/800
17/17 - 0s - loss: 0.0349 - mae: 0.0349 - mse: 0.0023 - 175ms/epoch - 10ms/step
Epoch 425/800
17/17 - 0s - loss: 0.0308 - mae: 0.0308 - mse: 0.0018 - 177ms/epoch - 10ms/step
Epoch 426/800
17/17 - 0s - loss: 0.0323 - mae: 0.0323 - mse: 0.0020 - 176ms/epoch - 10ms/step
Epoch 427/800
17/17 - 0s - loss: 0.0325 - mae: 0.0325 - mse: 0.0020 - 176ms/epoch - 10ms/step
Epoch 428/800
17/17 - 0s - loss: 0.0297 - mae: 0.0297 - mse: 0.0018 - 175ms/epoch - 10ms/step
Epoch 429/800
17/17 - 0s - loss: 0.0330 - mae: 0.0330 - mse: 0.0021 - 176ms/epoch - 10ms/step
Epoch 430/800
17/17 - 0s - loss: 0.0255 - mae: 0.0255 - mse: 0.0014 - 175ms/epoch - 10ms/step
Epoch 431/800
17/17 - 0s - loss: 0.0268 - mae: 0.0268 - mse: 0.0015 - 175ms/epoch - 10ms/step
Epoch 432/800
17/17 - 0s - loss: 0.0319 - mae: 0.0319 - mse: 0.0019 - 175ms/epoch - 10ms/step
Epoch 433/800
17/17 - 0s - loss: 0.0334 - mae: 0.0334 - mse: 0.0021 - 175ms/epoch - 10ms/step
Epoch 434/800
17/17 - 0s - loss: 0.0354 - mae: 0.0354 - mse: 0.0024 - 175ms/epoch - 10ms/step
Epoch 435/800
17/17 - 0s - loss: 0.0351 - mae: 0.0351 - mse: 0.0024 - 175ms/epoch - 10ms/step
Epoch 436/800
17/17 - 0s - loss: 0.0310 - mae: 0.0310 - mse: 0.0019 - 175ms/epoch - 10ms/step
Epoch 437/800
17/17 - 0s - loss: 0.0292 - mae: 0.0292 - mse: 0.0017 - 176ms/epoch - 10ms/step
Epoch 438/800
17/17 - 0s - loss: 0.0354 - mae: 0.0354 - mse: 0.0024 - 175ms/epoch - 10ms/step
Epoch 439/800
17/17 - 0s - loss: 0.0366 - mae: 0.0366 - mse: 0.0023 - 177ms/epoch - 10ms/step
Epoch 440/800
17/17 - 0s - loss: 0.0363 - mae: 0.0363 - mse: 0.0024 - 178ms/epoch - 10ms/step
Epoch 441/800
17/17 - 0s - loss: 0.0308 - mae: 0.0308 - mse: 0.0018 - 176ms/epoch - 10ms/step
Epoch 442/800
17/17 - 0s - loss: 0.0318 - mae: 0.0318 - mse: 0.0019 - 176ms/epoch - 10ms/step
Epoch 443/800
17/17 - 0s - loss: 0.0358 - mae: 0.0358 - mse: 0.0025 - 175ms/epoch - 10ms/step
Epoch 444/800
17/17 - 0s - loss: 0.0296 - mae: 0.0296 - mse: 0.0019 - 175ms/epoch - 10ms/step
Epoch 445/800
17/17 - 0s - loss: 0.0275 - mae: 0.0275 - mse: 0.0016 - 176ms/epoch - 10ms/step
Epoch 446/800
17/17 - 0s - loss: 0.0301 - mae: 0.0301 - mse: 0.0018 - 175ms/epoch - 10ms/step
Epoch 447/800
17/17 - 0s - loss: 0.0313 - mae: 0.0313 - mse: 0.0019 - 176ms/epoch - 10ms/step
Epoch 448/800
17/17 - 0s - loss: 0.0352 - mae: 0.0352 - mse: 0.0024 - 175ms/epoch - 10ms/step
Epoch 449/800
17/17 - 0s - loss: 0.0309 - mae: 0.0309 - mse: 0.0018 - 176ms/epoch - 10ms/step
Epoch 450/800
17/17 - 0s - loss: 0.0303 - mae: 0.0303 - mse: 0.0019 - 175ms/epoch - 10ms/step
Epoch 451/800
17/17 - 0s - loss: 0.0346 - mae: 0.0346 - mse: 0.0022 - 175ms/epoch - 10ms/step
Epoch 452/800
17/17 - 0s - loss: 0.0297 - mae: 0.0297 - mse: 0.0017 - 176ms/epoch - 10ms/step
Epoch 453/800
17/17 - 0s - loss: 0.0275 - mae: 0.0275 - mse: 0.0016 - 176ms/epoch - 10ms/step
Epoch 454/800
17/17 - 0s - loss: 0.0310 - mae: 0.0310 - mse: 0.0019 - 176ms/epoch - 10ms/step
Epoch 455/800
17/17 - 0s - loss: 0.0298 - mae: 0.0298 - mse: 0.0018 - 176ms/epoch - 10ms/step
Epoch 456/800
17/17 - 0s - loss: 0.0266 - mae: 0.0266 - mse: 0.0015 - 175ms/epoch - 10ms/step
Epoch 457/800
17/17 - 0s - loss: 0.0276 - mae: 0.0276 - mse: 0.0016 - 175ms/epoch - 10ms/step
Epoch 458/800
17/17 - 0s - loss: 0.0301 - mae: 0.0301 - mse: 0.0017 - 175ms/epoch - 10ms/step
Epoch 459/800
17/17 - 0s - loss: 0.0311 - mae: 0.0311 - mse: 0.0017 - 175ms/epoch - 10ms/step
Epoch 460/800
17/17 - 0s - loss: 0.0293 - mae: 0.0293 - mse: 0.0017 - 175ms/epoch - 10ms/step
Epoch 461/800
17/17 - 0s - loss: 0.0313 - mae: 0.0313 - mse: 0.0019 - 175ms/epoch - 10ms/step
Epoch 462/800
17/17 - 0s - loss: 0.0327 - mae: 0.0327 - mse: 0.0021 - 175ms/epoch - 10ms/step
Epoch 463/800
17/17 - 0s - loss: 0.0348 - mae: 0.0348 - mse: 0.0022 - 175ms/epoch - 10ms/step
Epoch 464/800
17/17 - 0s - loss: 0.0351 - mae: 0.0351 - mse: 0.0023 - 175ms/epoch - 10ms/step
Epoch 465/800
17/17 - 0s - loss: 0.0350 - mae: 0.0350 - mse: 0.0022 - 175ms/epoch - 10ms/step
Epoch 466/800
17/17 - 0s - loss: 0.0277 - mae: 0.0277 - mse: 0.0015 - 175ms/epoch - 10ms/step
Epoch 467/800
17/17 - 0s - loss: 0.0284 - mae: 0.0284 - mse: 0.0016 - 175ms/epoch - 10ms/step
Epoch 468/800
17/17 - 0s - loss: 0.0340 - mae: 0.0340 - mse: 0.0022 - 175ms/epoch - 10ms/step
Epoch 469/800
17/17 - 0s - loss: 0.0286 - mae: 0.0286 - mse: 0.0016 - 175ms/epoch - 10ms/step
Epoch 470/800
17/17 - 0s - loss: 0.0277 - mae: 0.0277 - mse: 0.0016 - 175ms/epoch - 10ms/step
Epoch 471/800
17/17 - 0s - loss: 0.0254 - mae: 0.0254 - mse: 0.0014 - 175ms/epoch - 10ms/step
Epoch 472/800
17/17 - 0s - loss: 0.0255 - mae: 0.0255 - mse: 0.0014 - 175ms/epoch - 10ms/step
Epoch 473/800
17/17 - 0s - loss: 0.0357 - mae: 0.0357 - mse: 0.0023 - 175ms/epoch - 10ms/step
Epoch 474/800
17/17 - 0s - loss: 0.0320 - mae: 0.0320 - mse: 0.0020 - 175ms/epoch - 10ms/step
Epoch 475/800
17/17 - 0s - loss: 0.0272 - mae: 0.0272 - mse: 0.0014 - 175ms/epoch - 10ms/step
Epoch 476/800
17/17 - 0s - loss: 0.0282 - mae: 0.0282 - mse: 0.0016 - 175ms/epoch - 10ms/step
Epoch 477/800
17/17 - 0s - loss: 0.0277 - mae: 0.0277 - mse: 0.0016 - 175ms/epoch - 10ms/step
Epoch 478/800
17/17 - 0s - loss: 0.0257 - mae: 0.0257 - mse: 0.0014 - 175ms/epoch - 10ms/step
Epoch 479/800
17/17 - 0s - loss: 0.0283 - mae: 0.0283 - mse: 0.0016 - 175ms/epoch - 10ms/step
Epoch 480/800
17/17 - 0s - loss: 0.0260 - mae: 0.0260 - mse: 0.0014 - 177ms/epoch - 10ms/step
Epoch 481/800
17/17 - 0s - loss: 0.0272 - mae: 0.0272 - mse: 0.0015 - 176ms/epoch - 10ms/step
Epoch 482/800
17/17 - 0s - loss: 0.0254 - mae: 0.0254 - mse: 0.0014 - 175ms/epoch - 10ms/step
Epoch 483/800
17/17 - 0s - loss: 0.0263 - mae: 0.0263 - mse: 0.0015 - 175ms/epoch - 10ms/step
Epoch 484/800
17/17 - 0s - loss: 0.0277 - mae: 0.0277 - mse: 0.0015 - 175ms/epoch - 10ms/step
Epoch 485/800
17/17 - 0s - loss: 0.0276 - mae: 0.0276 - mse: 0.0016 - 175ms/epoch - 10ms/step
Epoch 486/800
17/17 - 0s - loss: 0.0244 - mae: 0.0244 - mse: 0.0012 - 176ms/epoch - 10ms/step
Epoch 487/800
17/17 - 0s - loss: 0.0234 - mae: 0.0234 - mse: 0.0012 - 177ms/epoch - 10ms/step
Epoch 488/800
17/17 - 0s - loss: 0.0307 - mae: 0.0307 - mse: 0.0017 - 176ms/epoch - 10ms/step
Epoch 489/800
17/17 - 0s - loss: 0.0277 - mae: 0.0277 - mse: 0.0016 - 175ms/epoch - 10ms/step
Epoch 490/800
17/17 - 0s - loss: 0.0261 - mae: 0.0261 - mse: 0.0014 - 175ms/epoch - 10ms/step
Epoch 491/800
17/17 - 0s - loss: 0.0265 - mae: 0.0265 - mse: 0.0015 - 175ms/epoch - 10ms/step
Epoch 492/800
17/17 - 0s - loss: 0.0257 - mae: 0.0257 - mse: 0.0014 - 175ms/epoch - 10ms/step
Epoch 493/800
17/17 - 0s - loss: 0.0255 - mae: 0.0255 - mse: 0.0013 - 175ms/epoch - 10ms/step
Epoch 494/800
17/17 - 0s - loss: 0.0284 - mae: 0.0284 - mse: 0.0016 - 175ms/epoch - 10ms/step
Epoch 495/800
17/17 - 0s - loss: 0.0252 - mae: 0.0252 - mse: 0.0013 - 175ms/epoch - 10ms/step
Epoch 496/800
17/17 - 0s - loss: 0.0241 - mae: 0.0241 - mse: 0.0013 - 175ms/epoch - 10ms/step
Epoch 497/800
17/17 - 0s - loss: 0.0270 - mae: 0.0270 - mse: 0.0015 - 176ms/epoch - 10ms/step
Epoch 498/800
17/17 - 0s - loss: 0.0283 - mae: 0.0283 - mse: 0.0017 - 175ms/epoch - 10ms/step
Epoch 499/800
17/17 - 0s - loss: 0.0239 - mae: 0.0239 - mse: 0.0012 - 175ms/epoch - 10ms/step
Epoch 500/800
17/17 - 0s - loss: 0.0242 - mae: 0.0242 - mse: 0.0013 - 175ms/epoch - 10ms/step
Epoch 501/800
17/17 - 0s - loss: 0.0234 - mae: 0.0234 - mse: 0.0012 - 176ms/epoch - 10ms/step
Epoch 502/800
17/17 - 0s - loss: 0.0245 - mae: 0.0245 - mse: 0.0014 - 175ms/epoch - 10ms/step
Epoch 503/800
17/17 - 0s - loss: 0.0219 - mae: 0.0219 - mse: 0.0011 - 175ms/epoch - 10ms/step
Epoch 504/800
17/17 - 0s - loss: 0.0250 - mae: 0.0250 - mse: 0.0013 - 175ms/epoch - 10ms/step
Epoch 505/800
17/17 - 0s - loss: 0.0288 - mae: 0.0288 - mse: 0.0016 - 175ms/epoch - 10ms/step
Epoch 506/800
17/17 - 0s - loss: 0.0260 - mae: 0.0260 - mse: 0.0014 - 175ms/epoch - 10ms/step
Epoch 507/800
17/17 - 0s - loss: 0.0241 - mae: 0.0241 - mse: 0.0012 - 176ms/epoch - 10ms/step
Epoch 508/800
17/17 - 0s - loss: 0.0228 - mae: 0.0228 - mse: 0.0012 - 177ms/epoch - 10ms/step
Epoch 509/800
17/17 - 0s - loss: 0.0227 - mae: 0.0227 - mse: 0.0011 - 175ms/epoch - 10ms/step
Epoch 510/800
17/17 - 0s - loss: 0.0243 - mae: 0.0243 - mse: 0.0013 - 175ms/epoch - 10ms/step
Epoch 511/800
17/17 - 0s - loss: 0.0246 - mae: 0.0246 - mse: 0.0013 - 175ms/epoch - 10ms/step
Epoch 512/800
17/17 - 0s - loss: 0.0242 - mae: 0.0242 - mse: 0.0012 - 175ms/epoch - 10ms/step
Epoch 513/800
17/17 - 0s - loss: 0.0250 - mae: 0.0250 - mse: 0.0013 - 175ms/epoch - 10ms/step
Epoch 514/800
17/17 - 0s - loss: 0.0247 - mae: 0.0247 - mse: 0.0013 - 175ms/epoch - 10ms/step
Epoch 515/800
17/17 - 0s - loss: 0.0251 - mae: 0.0251 - mse: 0.0014 - 175ms/epoch - 10ms/step
Epoch 516/800
17/17 - 0s - loss: 0.0258 - mae: 0.0258 - mse: 0.0014 - 175ms/epoch - 10ms/step
Epoch 517/800
17/17 - 0s - loss: 0.0303 - mae: 0.0303 - mse: 0.0017 - 175ms/epoch - 10ms/step
Epoch 518/800
17/17 - 0s - loss: 0.0247 - mae: 0.0247 - mse: 0.0013 - 175ms/epoch - 10ms/step
Epoch 519/800
17/17 - 0s - loss: 0.0224 - mae: 0.0224 - mse: 0.0012 - 175ms/epoch - 10ms/step
Epoch 520/800
17/17 - 0s - loss: 0.0215 - mae: 0.0215 - mse: 0.0011 - 175ms/epoch - 10ms/step
Epoch 521/800
17/17 - 0s - loss: 0.0215 - mae: 0.0215 - mse: 0.0011 - 176ms/epoch - 10ms/step
Epoch 522/800
17/17 - 0s - loss: 0.0262 - mae: 0.0262 - mse: 0.0014 - 175ms/epoch - 10ms/step
Epoch 523/800
17/17 - 0s - loss: 0.0271 - mae: 0.0271 - mse: 0.0014 - 176ms/epoch - 10ms/step
Epoch 524/800
17/17 - 0s - loss: 0.0244 - mae: 0.0244 - mse: 0.0012 - 176ms/epoch - 10ms/step
Epoch 525/800
17/17 - 0s - loss: 0.0267 - mae: 0.0267 - mse: 0.0014 - 176ms/epoch - 10ms/step
Epoch 526/800
17/17 - 0s - loss: 0.0271 - mae: 0.0271 - mse: 0.0015 - 175ms/epoch - 10ms/step
Epoch 527/800
17/17 - 0s - loss: 0.0238 - mae: 0.0238 - mse: 0.0012 - 175ms/epoch - 10ms/step
Epoch 528/800
17/17 - 0s - loss: 0.0231 - mae: 0.0231 - mse: 0.0012 - 176ms/epoch - 10ms/step
Epoch 529/800
17/17 - 0s - loss: 0.0204 - mae: 0.0204 - mse: 0.0011 - 175ms/epoch - 10ms/step
Epoch 530/800
17/17 - 0s - loss: 0.0216 - mae: 0.0216 - mse: 9.9654e-04 - 175ms/epoch - 10ms/step
Epoch 531/800
17/17 - 0s - loss: 0.0238 - mae: 0.0238 - mse: 0.0013 - 175ms/epoch - 10ms/step
Epoch 532/800
17/17 - 0s - loss: 0.0248 - mae: 0.0248 - mse: 0.0013 - 175ms/epoch - 10ms/step
Epoch 533/800
17/17 - 0s - loss: 0.0223 - mae: 0.0223 - mse: 0.0011 - 175ms/epoch - 10ms/step
Epoch 534/800
17/17 - 0s - loss: 0.0238 - mae: 0.0238 - mse: 0.0012 - 175ms/epoch - 10ms/step
Epoch 535/800
17/17 - 0s - loss: 0.0220 - mae: 0.0220 - mse: 0.0011 - 177ms/epoch - 10ms/step
Epoch 536/800
17/17 - 0s - loss: 0.0212 - mae: 0.0212 - mse: 0.0010 - 176ms/epoch - 10ms/step
Epoch 537/800
17/17 - 0s - loss: 0.0202 - mae: 0.0202 - mse: 9.7109e-04 - 175ms/epoch - 10ms/step
Epoch 538/800
17/17 - 0s - loss: 0.0210 - mae: 0.0210 - mse: 0.0010 - 175ms/epoch - 10ms/step
Epoch 539/800
17/17 - 0s - loss: 0.0188 - mae: 0.0188 - mse: 8.6692e-04 - 175ms/epoch - 10ms/step
Epoch 540/800
17/17 - 0s - loss: 0.0215 - mae: 0.0215 - mse: 0.0010 - 175ms/epoch - 10ms/step
Epoch 541/800
17/17 - 0s - loss: 0.0218 - mae: 0.0218 - mse: 0.0011 - 175ms/epoch - 10ms/step
Epoch 542/800
17/17 - 0s - loss: 0.0224 - mae: 0.0224 - mse: 0.0011 - 176ms/epoch - 10ms/step
Epoch 543/800
17/17 - 0s - loss: 0.0227 - mae: 0.0227 - mse: 0.0011 - 175ms/epoch - 10ms/step
Epoch 544/800
17/17 - 0s - loss: 0.0204 - mae: 0.0204 - mse: 0.0010 - 175ms/epoch - 10ms/step
Epoch 545/800
17/17 - 0s - loss: 0.0215 - mae: 0.0215 - mse: 0.0011 - 175ms/epoch - 10ms/step
Epoch 546/800
17/17 - 0s - loss: 0.0215 - mae: 0.0215 - mse: 0.0010 - 175ms/epoch - 10ms/step
Epoch 547/800
17/17 - 0s - loss: 0.0214 - mae: 0.0214 - mse: 0.0010 - 175ms/epoch - 10ms/step
Epoch 548/800
17/17 - 0s - loss: 0.0227 - mae: 0.0227 - mse: 0.0011 - 175ms/epoch - 10ms/step
Epoch 549/800
17/17 - 0s - loss: 0.0218 - mae: 0.0218 - mse: 0.0011 - 175ms/epoch - 10ms/step
Epoch 550/800
17/17 - 0s - loss: 0.0191 - mae: 0.0191 - mse: 9.4693e-04 - 175ms/epoch - 10ms/step
Epoch 551/800
17/17 - 0s - loss: 0.0201 - mae: 0.0201 - mse: 9.3516e-04 - 175ms/epoch - 10ms/step
Epoch 552/800
17/17 - 0s - loss: 0.0242 - mae: 0.0242 - mse: 0.0012 - 175ms/epoch - 10ms/step
Epoch 553/800
17/17 - 0s - loss: 0.0204 - mae: 0.0204 - mse: 0.0010 - 175ms/epoch - 10ms/step
Epoch 554/800
17/17 - 0s - loss: 0.0224 - mae: 0.0224 - mse: 0.0012 - 176ms/epoch - 10ms/step
Epoch 555/800
17/17 - 0s - loss: 0.0228 - mae: 0.0228 - mse: 0.0011 - 175ms/epoch - 10ms/step
Epoch 556/800
17/17 - 0s - loss: 0.0255 - mae: 0.0255 - mse: 0.0013 - 175ms/epoch - 10ms/step
Epoch 557/800
17/17 - 0s - loss: 0.0259 - mae: 0.0259 - mse: 0.0014 - 175ms/epoch - 10ms/step
Epoch 558/800
17/17 - 0s - loss: 0.0227 - mae: 0.0227 - mse: 0.0011 - 175ms/epoch - 10ms/step
Epoch 559/800
17/17 - 0s - loss: 0.0219 - mae: 0.0219 - mse: 0.0010 - 175ms/epoch - 10ms/step
Epoch 560/800
17/17 - 0s - loss: 0.0217 - mae: 0.0217 - mse: 0.0010 - 175ms/epoch - 10ms/step
Epoch 561/800
17/17 - 0s - loss: 0.0212 - mae: 0.0212 - mse: 0.0010 - 175ms/epoch - 10ms/step
Epoch 562/800
17/17 - 0s - loss: 0.0209 - mae: 0.0209 - mse: 9.8455e-04 - 175ms/epoch - 10ms/step
Epoch 563/800
17/17 - 0s - loss: 0.0235 - mae: 0.0235 - mse: 0.0011 - 177ms/epoch - 10ms/step
Epoch 564/800
17/17 - 0s - loss: 0.0211 - mae: 0.0211 - mse: 0.0010 - 176ms/epoch - 10ms/step
Epoch 565/800
17/17 - 0s - loss: 0.0201 - mae: 0.0201 - mse: 0.0010 - 176ms/epoch - 10ms/step
Epoch 566/800
17/17 - 0s - loss: 0.0180 - mae: 0.0180 - mse: 8.9508e-04 - 176ms/epoch - 10ms/step
Epoch 567/800
17/17 - 0s - loss: 0.0182 - mae: 0.0182 - mse: 8.8083e-04 - 176ms/epoch - 10ms/step
Epoch 568/800
17/17 - 0s - loss: 0.0190 - mae: 0.0190 - mse: 8.7063e-04 - 176ms/epoch - 10ms/step
Epoch 569/800
17/17 - 0s - loss: 0.0206 - mae: 0.0206 - mse: 9.6743e-04 - 175ms/epoch - 10ms/step
Epoch 570/800
17/17 - 0s - loss: 0.0228 - mae: 0.0228 - mse: 0.0011 - 175ms/epoch - 10ms/step
Epoch 571/800
17/17 - 0s - loss: 0.0208 - mae: 0.0208 - mse: 0.0010 - 175ms/epoch - 10ms/step
Epoch 572/800
17/17 - 0s - loss: 0.0203 - mae: 0.0203 - mse: 9.6124e-04 - 175ms/epoch - 10ms/step
Epoch 573/800
17/17 - 0s - loss: 0.0194 - mae: 0.0194 - mse: 9.2260e-04 - 175ms/epoch - 10ms/step
Epoch 574/800
17/17 - 0s - loss: 0.0191 - mae: 0.0191 - mse: 8.7152e-04 - 175ms/epoch - 10ms/step
Epoch 575/800
17/17 - 0s - loss: 0.0193 - mae: 0.0193 - mse: 9.2352e-04 - 175ms/epoch - 10ms/step
Epoch 576/800
17/17 - 0s - loss: 0.0182 - mae: 0.0182 - mse: 8.7023e-04 - 175ms/epoch - 10ms/step
Epoch 577/800
17/17 - 0s - loss: 0.0206 - mae: 0.0206 - mse: 0.0010 - 175ms/epoch - 10ms/step
Epoch 578/800
17/17 - 0s - loss: 0.0208 - mae: 0.0208 - mse: 0.0010 - 175ms/epoch - 10ms/step
Epoch 579/800
17/17 - 0s - loss: 0.0196 - mae: 0.0196 - mse: 9.1393e-04 - 175ms/epoch - 10ms/step
Epoch 580/800
17/17 - 0s - loss: 0.0215 - mae: 0.0215 - mse: 0.0011 - 175ms/epoch - 10ms/step
Epoch 581/800
17/17 - 0s - loss: 0.0199 - mae: 0.0199 - mse: 9.1440e-04 - 175ms/epoch - 10ms/step
Epoch 582/800
17/17 - 0s - loss: 0.0191 - mae: 0.0191 - mse: 9.2195e-04 - 175ms/epoch - 10ms/step
Epoch 583/800
17/17 - 0s - loss: 0.0175 - mae: 0.0175 - mse: 7.8427e-04 - 175ms/epoch - 10ms/step
Epoch 584/800
17/17 - 0s - loss: 0.0192 - mae: 0.0192 - mse: 9.0259e-04 - 175ms/epoch - 10ms/step
Epoch 585/800
17/17 - 0s - loss: 0.0183 - mae: 0.0183 - mse: 8.6348e-04 - 175ms/epoch - 10ms/step
Epoch 586/800
17/17 - 0s - loss: 0.0180 - mae: 0.0180 - mse: 8.2655e-04 - 175ms/epoch - 10ms/step
Epoch 587/800
17/17 - 0s - loss: 0.0182 - mae: 0.0182 - mse: 8.4990e-04 - 175ms/epoch - 10ms/step
Epoch 588/800
17/17 - 0s - loss: 0.0199 - mae: 0.0199 - mse: 9.0447e-04 - 175ms/epoch - 10ms/step
Epoch 589/800
17/17 - 0s - loss: 0.0162 - mae: 0.0162 - mse: 7.4675e-04 - 175ms/epoch - 10ms/step
Epoch 590/800
17/17 - 0s - loss: 0.0179 - mae: 0.0179 - mse: 8.5468e-04 - 176ms/epoch - 10ms/step
Epoch 591/800
17/17 - 0s - loss: 0.0177 - mae: 0.0177 - mse: 8.2054e-04 - 176ms/epoch - 10ms/step
Epoch 592/800
17/17 - 0s - loss: 0.0185 - mae: 0.0185 - mse: 8.4954e-04 - 175ms/epoch - 10ms/step
Epoch 593/800
17/17 - 0s - loss: 0.0169 - mae: 0.0169 - mse: 7.4650e-04 - 175ms/epoch - 10ms/step
Epoch 594/800
17/17 - 0s - loss: 0.0157 - mae: 0.0157 - mse: 6.9746e-04 - 175ms/epoch - 10ms/step
Epoch 595/800
17/17 - 0s - loss: 0.0199 - mae: 0.0199 - mse: 9.4634e-04 - 176ms/epoch - 10ms/step
Epoch 596/800
17/17 - 0s - loss: 0.0174 - mae: 0.0174 - mse: 8.0571e-04 - 175ms/epoch - 10ms/step
Epoch 597/800
17/17 - 0s - loss: 0.0169 - mae: 0.0169 - mse: 7.4610e-04 - 175ms/epoch - 10ms/step
Epoch 598/800
17/17 - 0s - loss: 0.0168 - mae: 0.0168 - mse: 7.7106e-04 - 175ms/epoch - 10ms/step
Epoch 599/800
17/17 - 0s - loss: 0.0178 - mae: 0.0178 - mse: 8.0762e-04 - 175ms/epoch - 10ms/step
Epoch 600/800
17/17 - 0s - loss: 0.0170 - mae: 0.0170 - mse: 8.0003e-04 - 175ms/epoch - 10ms/step
Epoch 601/800
17/17 - 0s - loss: 0.0173 - mae: 0.0173 - mse: 7.8487e-04 - 175ms/epoch - 10ms/step
Epoch 602/800
17/17 - 0s - loss: 0.0166 - mae: 0.0166 - mse: 7.5242e-04 - 176ms/epoch - 10ms/step
Epoch 603/800
17/17 - 0s - loss: 0.0168 - mae: 0.0168 - mse: 7.5122e-04 - 175ms/epoch - 10ms/step
Epoch 604/800
17/17 - 0s - loss: 0.0172 - mae: 0.0172 - mse: 7.7416e-04 - 175ms/epoch - 10ms/step
Epoch 605/800
17/17 - 0s - loss: 0.0188 - mae: 0.0188 - mse: 8.9812e-04 - 175ms/epoch - 10ms/step
Epoch 606/800
17/17 - 0s - loss: 0.0158 - mae: 0.0158 - mse: 7.1201e-04 - 175ms/epoch - 10ms/step
Epoch 607/800
17/17 - 0s - loss: 0.0172 - mae: 0.0172 - mse: 7.9705e-04 - 175ms/epoch - 10ms/step
Epoch 608/800
17/17 - 0s - loss: 0.0175 - mae: 0.0175 - mse: 7.7582e-04 - 175ms/epoch - 10ms/step
Epoch 609/800
17/17 - 0s - loss: 0.0176 - mae: 0.0176 - mse: 7.8254e-04 - 175ms/epoch - 10ms/step
Epoch 610/800
17/17 - 0s - loss: 0.0181 - mae: 0.0181 - mse: 8.4103e-04 - 175ms/epoch - 10ms/step
Epoch 611/800
17/17 - 0s - loss: 0.0171 - mae: 0.0171 - mse: 7.8712e-04 - 175ms/epoch - 10ms/step
Epoch 612/800
17/17 - 0s - loss: 0.0166 - mae: 0.0166 - mse: 7.6040e-04 - 175ms/epoch - 10ms/step
Epoch 613/800
17/17 - 0s - loss: 0.0164 - mae: 0.0164 - mse: 7.0749e-04 - 175ms/epoch - 10ms/step
Epoch 614/800
17/17 - 0s - loss: 0.0168 - mae: 0.0168 - mse: 6.9074e-04 - 175ms/epoch - 10ms/step
Epoch 615/800
17/17 - 0s - loss: 0.0183 - mae: 0.0183 - mse: 8.2329e-04 - 175ms/epoch - 10ms/step
Epoch 616/800
17/17 - 0s - loss: 0.0179 - mae: 0.0179 - mse: 8.1660e-04 - 175ms/epoch - 10ms/step
Epoch 617/800
17/17 - 0s - loss: 0.0173 - mae: 0.0173 - mse: 7.9830e-04 - 175ms/epoch - 10ms/step
Epoch 618/800
17/17 - 0s - loss: 0.0149 - mae: 0.0149 - mse: 6.7801e-04 - 177ms/epoch - 10ms/step
Epoch 619/800
17/17 - 0s - loss: 0.0136 - mae: 0.0136 - mse: 6.0386e-04 - 176ms/epoch - 10ms/step
Epoch 620/800
17/17 - 0s - loss: 0.0137 - mae: 0.0137 - mse: 6.1108e-04 - 175ms/epoch - 10ms/step
Epoch 621/800
17/17 - 0s - loss: 0.0159 - mae: 0.0159 - mse: 6.8199e-04 - 178ms/epoch - 10ms/step
Epoch 622/800
17/17 - 0s - loss: 0.0176 - mae: 0.0176 - mse: 7.4943e-04 - 176ms/epoch - 10ms/step
Epoch 623/800
17/17 - 0s - loss: 0.0154 - mae: 0.0154 - mse: 6.6652e-04 - 176ms/epoch - 10ms/step
Epoch 624/800
17/17 - 0s - loss: 0.0151 - mae: 0.0151 - mse: 6.5899e-04 - 175ms/epoch - 10ms/step
Epoch 625/800
17/17 - 0s - loss: 0.0150 - mae: 0.0150 - mse: 6.6340e-04 - 175ms/epoch - 10ms/step
Epoch 626/800
17/17 - 0s - loss: 0.0149 - mae: 0.0149 - mse: 6.6650e-04 - 175ms/epoch - 10ms/step
Epoch 627/800
17/17 - 0s - loss: 0.0143 - mae: 0.0143 - mse: 6.3453e-04 - 175ms/epoch - 10ms/step
Epoch 628/800
17/17 - 0s - loss: 0.0168 - mae: 0.0168 - mse: 7.4362e-04 - 175ms/epoch - 10ms/step
Epoch 629/800
17/17 - 0s - loss: 0.0142 - mae: 0.0142 - mse: 6.4817e-04 - 175ms/epoch - 10ms/step
Epoch 630/800
17/17 - 0s - loss: 0.0147 - mae: 0.0147 - mse: 6.4854e-04 - 175ms/epoch - 10ms/step
Epoch 631/800
17/17 - 0s - loss: 0.0151 - mae: 0.0151 - mse: 6.9490e-04 - 175ms/epoch - 10ms/step
Epoch 632/800
17/17 - 0s - loss: 0.0140 - mae: 0.0140 - mse: 6.4427e-04 - 175ms/epoch - 10ms/step
Epoch 633/800
17/17 - 0s - loss: 0.0135 - mae: 0.0135 - mse: 6.0482e-04 - 175ms/epoch - 10ms/step
Epoch 634/800
17/17 - 0s - loss: 0.0126 - mae: 0.0126 - mse: 5.7293e-04 - 175ms/epoch - 10ms/step
Epoch 635/800
17/17 - 0s - loss: 0.0123 - mae: 0.0123 - mse: 5.8594e-04 - 175ms/epoch - 10ms/step
Epoch 636/800
17/17 - 0s - loss: 0.0175 - mae: 0.0175 - mse: 7.5359e-04 - 175ms/epoch - 10ms/step
Epoch 637/800
17/17 - 0s - loss: 0.0189 - mae: 0.0189 - mse: 8.3042e-04 - 175ms/epoch - 10ms/step
Epoch 638/800
17/17 - 0s - loss: 0.0151 - mae: 0.0151 - mse: 6.9118e-04 - 175ms/epoch - 10ms/step
Epoch 639/800
17/17 - 0s - loss: 0.0148 - mae: 0.0148 - mse: 6.3047e-04 - 175ms/epoch - 10ms/step
Epoch 640/800
17/17 - 0s - loss: 0.0149 - mae: 0.0149 - mse: 6.6383e-04 - 175ms/epoch - 10ms/step
Epoch 641/800
17/17 - 0s - loss: 0.0144 - mae: 0.0144 - mse: 6.1015e-04 - 175ms/epoch - 10ms/step
Epoch 642/800
17/17 - 0s - loss: 0.0135 - mae: 0.0135 - mse: 6.1335e-04 - 175ms/epoch - 10ms/step
Epoch 643/800
17/17 - 0s - loss: 0.0127 - mae: 0.0127 - mse: 5.5759e-04 - 175ms/epoch - 10ms/step
Epoch 644/800
17/17 - 0s - loss: 0.0131 - mae: 0.0131 - mse: 5.7490e-04 - 175ms/epoch - 10ms/step
Epoch 645/800
17/17 - 0s - loss: 0.0131 - mae: 0.0131 - mse: 6.1266e-04 - 176ms/epoch - 10ms/step
Epoch 646/800
17/17 - 0s - loss: 0.0118 - mae: 0.0118 - mse: 5.4300e-04 - 177ms/epoch - 10ms/step
Epoch 647/800
17/17 - 0s - loss: 0.0141 - mae: 0.0141 - mse: 6.1762e-04 - 176ms/epoch - 10ms/step
Epoch 648/800
17/17 - 0s - loss: 0.0133 - mae: 0.0133 - mse: 5.8761e-04 - 175ms/epoch - 10ms/step
Epoch 649/800
17/17 - 0s - loss: 0.0120 - mae: 0.0120 - mse: 5.4011e-04 - 175ms/epoch - 10ms/step
Epoch 650/800
17/17 - 0s - loss: 0.0116 - mae: 0.0116 - mse: 5.4159e-04 - 175ms/epoch - 10ms/step
Epoch 651/800
17/17 - 0s - loss: 0.0121 - mae: 0.0121 - mse: 5.6562e-04 - 175ms/epoch - 10ms/step
Epoch 652/800
17/17 - 0s - loss: 0.0124 - mae: 0.0124 - mse: 5.7080e-04 - 175ms/epoch - 10ms/step
Epoch 653/800
17/17 - 0s - loss: 0.0119 - mae: 0.0119 - mse: 5.3756e-04 - 175ms/epoch - 10ms/step
Epoch 654/800
17/17 - 0s - loss: 0.0118 - mae: 0.0118 - mse: 5.5192e-04 - 175ms/epoch - 10ms/step
Epoch 655/800
17/17 - 0s - loss: 0.0125 - mae: 0.0125 - mse: 5.5505e-04 - 175ms/epoch - 10ms/step
Epoch 656/800
17/17 - 0s - loss: 0.0127 - mae: 0.0127 - mse: 5.8277e-04 - 175ms/epoch - 10ms/step
Epoch 657/800
17/17 - 0s - loss: 0.0136 - mae: 0.0136 - mse: 6.1736e-04 - 175ms/epoch - 10ms/step
Epoch 658/800
17/17 - 0s - loss: 0.0130 - mae: 0.0130 - mse: 5.8663e-04 - 175ms/epoch - 10ms/step
Epoch 659/800
17/17 - 0s - loss: 0.0130 - mae: 0.0130 - mse: 5.8043e-04 - 175ms/epoch - 10ms/step
Epoch 660/800
17/17 - 0s - loss: 0.0144 - mae: 0.0144 - mse: 6.0474e-04 - 175ms/epoch - 10ms/step
Epoch 661/800
17/17 - 0s - loss: 0.0120 - mae: 0.0120 - mse: 5.5940e-04 - 175ms/epoch - 10ms/step
Epoch 662/800
17/17 - 0s - loss: 0.0126 - mae: 0.0126 - mse: 5.9837e-04 - 175ms/epoch - 10ms/step
Epoch 663/800
17/17 - 0s - loss: 0.0127 - mae: 0.0127 - mse: 6.0307e-04 - 175ms/epoch - 10ms/step
Epoch 664/800
17/17 - 0s - loss: 0.0130 - mae: 0.0130 - mse: 5.7964e-04 - 175ms/epoch - 10ms/step
Epoch 665/800
17/17 - 0s - loss: 0.0129 - mae: 0.0129 - mse: 5.7229e-04 - 175ms/epoch - 10ms/step
Epoch 666/800
17/17 - 0s - loss: 0.0138 - mae: 0.0138 - mse: 6.0384e-04 - 175ms/epoch - 10ms/step
Epoch 667/800
17/17 - 0s - loss: 0.0130 - mae: 0.0130 - mse: 5.8178e-04 - 175ms/epoch - 10ms/step
Epoch 668/800
17/17 - 0s - loss: 0.0124 - mae: 0.0124 - mse: 5.3900e-04 - 175ms/epoch - 10ms/step
Epoch 669/800
17/17 - 0s - loss: 0.0119 - mae: 0.0119 - mse: 5.6795e-04 - 175ms/epoch - 10ms/step
Epoch 670/800
17/17 - 0s - loss: 0.0111 - mae: 0.0111 - mse: 5.2336e-04 - 175ms/epoch - 10ms/step
Epoch 671/800
17/17 - 0s - loss: 0.0108 - mae: 0.0108 - mse: 5.0378e-04 - 175ms/epoch - 10ms/step
Epoch 672/800
17/17 - 0s - loss: 0.0115 - mae: 0.0115 - mse: 5.3475e-04 - 175ms/epoch - 10ms/step
Epoch 673/800
17/17 - 0s - loss: 0.0125 - mae: 0.0125 - mse: 5.7150e-04 - 176ms/epoch - 10ms/step
Epoch 674/800
17/17 - 0s - loss: 0.0116 - mae: 0.0116 - mse: 5.5263e-04 - 176ms/epoch - 10ms/step
Epoch 675/800
17/17 - 0s - loss: 0.0113 - mae: 0.0113 - mse: 5.4360e-04 - 176ms/epoch - 10ms/step
Epoch 676/800
17/17 - 0s - loss: 0.0110 - mae: 0.0110 - mse: 5.2738e-04 - 175ms/epoch - 10ms/step
Epoch 677/800
17/17 - 0s - loss: 0.0113 - mae: 0.0113 - mse: 5.3560e-04 - 175ms/epoch - 10ms/step
Epoch 678/800
17/17 - 0s - loss: 0.0103 - mae: 0.0103 - mse: 4.9879e-04 - 175ms/epoch - 10ms/step
Epoch 679/800
17/17 - 0s - loss: 0.0107 - mae: 0.0107 - mse: 5.0698e-04 - 175ms/epoch - 10ms/step
Epoch 680/800
17/17 - 0s - loss: 0.0112 - mae: 0.0112 - mse: 5.3168e-04 - 175ms/epoch - 10ms/step
Epoch 681/800
17/17 - 0s - loss: 0.0101 - mae: 0.0101 - mse: 4.9553e-04 - 175ms/epoch - 10ms/step
Epoch 682/800
17/17 - 0s - loss: 0.0098 - mae: 0.0098 - mse: 4.9024e-04 - 175ms/epoch - 10ms/step
Epoch 683/800
17/17 - 0s - loss: 0.0103 - mae: 0.0103 - mse: 4.9316e-04 - 175ms/epoch - 10ms/step
Epoch 684/800
17/17 - 0s - loss: 0.0104 - mae: 0.0104 - mse: 5.0418e-04 - 176ms/epoch - 10ms/step
Epoch 685/800
17/17 - 0s - loss: 0.0100 - mae: 0.0100 - mse: 4.7603e-04 - 175ms/epoch - 10ms/step
Epoch 686/800
17/17 - 0s - loss: 0.0110 - mae: 0.0110 - mse: 5.1158e-04 - 175ms/epoch - 10ms/step
Epoch 687/800
17/17 - 0s - loss: 0.0105 - mae: 0.0105 - mse: 4.9709e-04 - 175ms/epoch - 10ms/step
Epoch 688/800
17/17 - 0s - loss: 0.0112 - mae: 0.0112 - mse: 5.3309e-04 - 175ms/epoch - 10ms/step
Epoch 689/800
17/17 - 0s - loss: 0.0110 - mae: 0.0110 - mse: 5.2508e-04 - 175ms/epoch - 10ms/step
Epoch 690/800
17/17 - 0s - loss: 0.0101 - mae: 0.0101 - mse: 4.8721e-04 - 175ms/epoch - 10ms/step
Epoch 691/800
17/17 - 0s - loss: 0.0097 - mae: 0.0097 - mse: 4.7844e-04 - 175ms/epoch - 10ms/step
Epoch 692/800
17/17 - 0s - loss: 0.0104 - mae: 0.0104 - mse: 5.0103e-04 - 175ms/epoch - 10ms/step
Epoch 693/800
17/17 - 0s - loss: 0.0094 - mae: 0.0094 - mse: 4.8596e-04 - 175ms/epoch - 10ms/step
Epoch 694/800
17/17 - 0s - loss: 0.0094 - mae: 0.0094 - mse: 4.5063e-04 - 175ms/epoch - 10ms/step
Epoch 695/800
17/17 - 0s - loss: 0.0107 - mae: 0.0107 - mse: 4.9567e-04 - 175ms/epoch - 10ms/step
Epoch 696/800
17/17 - 0s - loss: 0.0096 - mae: 0.0096 - mse: 4.8157e-04 - 175ms/epoch - 10ms/step
Epoch 697/800
17/17 - 0s - loss: 0.0092 - mae: 0.0092 - mse: 4.6066e-04 - 175ms/epoch - 10ms/step
Epoch 698/800
17/17 - 0s - loss: 0.0102 - mae: 0.0102 - mse: 4.8344e-04 - 175ms/epoch - 10ms/step
Epoch 699/800
17/17 - 0s - loss: 0.0101 - mae: 0.0101 - mse: 4.9114e-04 - 175ms/epoch - 10ms/step
Epoch 700/800
17/17 - 0s - loss: 0.0095 - mae: 0.0095 - mse: 4.8207e-04 - 175ms/epoch - 10ms/step
Epoch 701/800
17/17 - 0s - loss: 0.0096 - mae: 0.0096 - mse: 4.7038e-04 - 177ms/epoch - 10ms/step
Epoch 702/800
17/17 - 0s - loss: 0.0105 - mae: 0.0105 - mse: 4.9411e-04 - 176ms/epoch - 10ms/step
Epoch 703/800
17/17 - 0s - loss: 0.0096 - mae: 0.0096 - mse: 4.7381e-04 - 175ms/epoch - 10ms/step
Epoch 704/800
17/17 - 0s - loss: 0.0089 - mae: 0.0089 - mse: 4.6879e-04 - 175ms/epoch - 10ms/step
Epoch 705/800
17/17 - 0s - loss: 0.0080 - mae: 0.0080 - mse: 4.3447e-04 - 175ms/epoch - 10ms/step
Epoch 706/800
17/17 - 0s - loss: 0.0090 - mae: 0.0090 - mse: 4.7502e-04 - 175ms/epoch - 10ms/step
Epoch 707/800
17/17 - 0s - loss: 0.0091 - mae: 0.0091 - mse: 4.6645e-04 - 176ms/epoch - 10ms/step
Epoch 708/800
17/17 - 0s - loss: 0.0097 - mae: 0.0097 - mse: 4.7841e-04 - 175ms/epoch - 10ms/step
Epoch 709/800
17/17 - 0s - loss: 0.0084 - mae: 0.0084 - mse: 4.3909e-04 - 175ms/epoch - 10ms/step
Epoch 710/800
17/17 - 0s - loss: 0.0080 - mae: 0.0080 - mse: 4.3991e-04 - 175ms/epoch - 10ms/step
Epoch 711/800
17/17 - 0s - loss: 0.0078 - mae: 0.0078 - mse: 4.3579e-04 - 175ms/epoch - 10ms/step
Epoch 712/800
17/17 - 0s - loss: 0.0079 - mae: 0.0079 - mse: 4.5396e-04 - 175ms/epoch - 10ms/step
Epoch 713/800
17/17 - 0s - loss: 0.0073 - mae: 0.0073 - mse: 4.1787e-04 - 175ms/epoch - 10ms/step
Epoch 714/800
17/17 - 0s - loss: 0.0076 - mae: 0.0076 - mse: 4.2693e-04 - 175ms/epoch - 10ms/step
Epoch 715/800
17/17 - 0s - loss: 0.0084 - mae: 0.0084 - mse: 4.5211e-04 - 175ms/epoch - 10ms/step
Epoch 716/800
17/17 - 0s - loss: 0.0086 - mae: 0.0086 - mse: 4.5944e-04 - 175ms/epoch - 10ms/step
Epoch 717/800
17/17 - 0s - loss: 0.0079 - mae: 0.0079 - mse: 4.2058e-04 - 175ms/epoch - 10ms/step
Epoch 718/800
17/17 - 0s - loss: 0.0080 - mae: 0.0080 - mse: 4.4020e-04 - 175ms/epoch - 10ms/step
Epoch 719/800
17/17 - 0s - loss: 0.0073 - mae: 0.0073 - mse: 4.1102e-04 - 175ms/epoch - 10ms/step
Epoch 720/800
17/17 - 0s - loss: 0.0076 - mae: 0.0076 - mse: 4.2309e-04 - 175ms/epoch - 10ms/step
Epoch 721/800
17/17 - 0s - loss: 0.0087 - mae: 0.0087 - mse: 4.3856e-04 - 175ms/epoch - 10ms/step
Epoch 722/800
17/17 - 0s - loss: 0.0083 - mae: 0.0083 - mse: 4.4796e-04 - 175ms/epoch - 10ms/step
Epoch 723/800
17/17 - 0s - loss: 0.0082 - mae: 0.0082 - mse: 4.4115e-04 - 175ms/epoch - 10ms/step
Epoch 724/800
17/17 - 0s - loss: 0.0082 - mae: 0.0082 - mse: 4.3616e-04 - 175ms/epoch - 10ms/step
Epoch 725/800
17/17 - 0s - loss: 0.0073 - mae: 0.0073 - mse: 4.3064e-04 - 175ms/epoch - 10ms/step
Epoch 726/800
17/17 - 0s - loss: 0.0070 - mae: 0.0070 - mse: 4.0825e-04 - 175ms/epoch - 10ms/step
Epoch 727/800
17/17 - 0s - loss: 0.0072 - mae: 0.0072 - mse: 4.2929e-04 - 175ms/epoch - 10ms/step
Epoch 728/800
17/17 - 0s - loss: 0.0068 - mae: 0.0068 - mse: 4.0892e-04 - 176ms/epoch - 10ms/step
Epoch 729/800
17/17 - 0s - loss: 0.0069 - mae: 0.0069 - mse: 4.1666e-04 - 176ms/epoch - 10ms/step
Epoch 730/800
17/17 - 0s - loss: 0.0069 - mae: 0.0069 - mse: 4.0850e-04 - 176ms/epoch - 10ms/step
Epoch 731/800
17/17 - 0s - loss: 0.0070 - mae: 0.0070 - mse: 4.2811e-04 - 176ms/epoch - 10ms/step
Epoch 732/800
17/17 - 0s - loss: 0.0067 - mae: 0.0067 - mse: 4.1868e-04 - 176ms/epoch - 10ms/step
Epoch 733/800
17/17 - 0s - loss: 0.0060 - mae: 0.0060 - mse: 3.9578e-04 - 175ms/epoch - 10ms/step
Epoch 734/800
17/17 - 0s - loss: 0.0065 - mae: 0.0065 - mse: 4.1218e-04 - 175ms/epoch - 10ms/step
Epoch 735/800
17/17 - 0s - loss: 0.0073 - mae: 0.0073 - mse: 4.1045e-04 - 175ms/epoch - 10ms/step
Epoch 736/800
17/17 - 0s - loss: 0.0067 - mae: 0.0067 - mse: 4.1078e-04 - 175ms/epoch - 10ms/step
Epoch 737/800
17/17 - 0s - loss: 0.0063 - mae: 0.0063 - mse: 3.9391e-04 - 175ms/epoch - 10ms/step
Epoch 738/800
17/17 - 0s - loss: 0.0066 - mae: 0.0066 - mse: 4.0493e-04 - 175ms/epoch - 10ms/step
Epoch 739/800
17/17 - 0s - loss: 0.0060 - mae: 0.0060 - mse: 4.0815e-04 - 175ms/epoch - 10ms/step
Epoch 740/800
17/17 - 0s - loss: 0.0063 - mae: 0.0063 - mse: 4.0907e-04 - 175ms/epoch - 10ms/step
Epoch 741/800
17/17 - 0s - loss: 0.0056 - mae: 0.0056 - mse: 3.9104e-04 - 175ms/epoch - 10ms/step
Epoch 742/800
17/17 - 0s - loss: 0.0057 - mae: 0.0057 - mse: 3.9596e-04 - 175ms/epoch - 10ms/step
Epoch 743/800
17/17 - 0s - loss: 0.0060 - mae: 0.0060 - mse: 4.0881e-04 - 175ms/epoch - 10ms/step
Epoch 744/800
17/17 - 0s - loss: 0.0056 - mae: 0.0056 - mse: 3.9480e-04 - 175ms/epoch - 10ms/step
Epoch 745/800
17/17 - 0s - loss: 0.0063 - mae: 0.0063 - mse: 4.0245e-04 - 175ms/epoch - 10ms/step
Epoch 746/800
17/17 - 0s - loss: 0.0065 - mae: 0.0065 - mse: 4.1133e-04 - 175ms/epoch - 10ms/step
Epoch 747/800
17/17 - 0s - loss: 0.0060 - mae: 0.0060 - mse: 4.1086e-04 - 175ms/epoch - 10ms/step
Epoch 748/800
17/17 - 0s - loss: 0.0062 - mae: 0.0062 - mse: 4.0342e-04 - 175ms/epoch - 10ms/step
Epoch 749/800
17/17 - 0s - loss: 0.0063 - mae: 0.0063 - mse: 3.9733e-04 - 175ms/epoch - 10ms/step
Epoch 750/800
17/17 - 0s - loss: 0.0056 - mae: 0.0056 - mse: 3.9460e-04 - 175ms/epoch - 10ms/step
Epoch 751/800
17/17 - 0s - loss: 0.0054 - mae: 0.0054 - mse: 3.9761e-04 - 175ms/epoch - 10ms/step
Epoch 752/800
17/17 - 0s - loss: 0.0052 - mae: 0.0052 - mse: 4.0469e-04 - 175ms/epoch - 10ms/step
Epoch 753/800
17/17 - 0s - loss: 0.0050 - mae: 0.0050 - mse: 3.9818e-04 - 175ms/epoch - 10ms/step
Epoch 754/800
17/17 - 0s - loss: 0.0046 - mae: 0.0046 - mse: 3.9258e-04 - 175ms/epoch - 10ms/step
Epoch 755/800
17/17 - 0s - loss: 0.0048 - mae: 0.0048 - mse: 3.8859e-04 - 175ms/epoch - 10ms/step
Epoch 756/800
17/17 - 0s - loss: 0.0047 - mae: 0.0047 - mse: 3.9300e-04 - 177ms/epoch - 10ms/step
Epoch 757/800
17/17 - 0s - loss: 0.0048 - mae: 0.0048 - mse: 3.9200e-04 - 176ms/epoch - 10ms/step
Epoch 758/800
17/17 - 0s - loss: 0.0048 - mae: 0.0048 - mse: 3.8883e-04 - 175ms/epoch - 10ms/step
Epoch 759/800
17/17 - 0s - loss: 0.0049 - mae: 0.0049 - mse: 3.8994e-04 - 175ms/epoch - 10ms/step
Epoch 760/800
17/17 - 0s - loss: 0.0046 - mae: 0.0046 - mse: 3.8220e-04 - 175ms/epoch - 10ms/step
Epoch 761/800
17/17 - 0s - loss: 0.0045 - mae: 0.0045 - mse: 3.8379e-04 - 175ms/epoch - 10ms/step
Epoch 762/800
17/17 - 0s - loss: 0.0043 - mae: 0.0043 - mse: 3.8409e-04 - 176ms/epoch - 10ms/step
Epoch 763/800
17/17 - 0s - loss: 0.0043 - mae: 0.0043 - mse: 3.8669e-04 - 176ms/epoch - 10ms/step
Epoch 764/800
17/17 - 0s - loss: 0.0043 - mae: 0.0043 - mse: 3.8262e-04 - 175ms/epoch - 10ms/step
Epoch 765/800
17/17 - 0s - loss: 0.0042 - mae: 0.0042 - mse: 3.8372e-04 - 175ms/epoch - 10ms/step
Epoch 766/800
17/17 - 0s - loss: 0.0041 - mae: 0.0041 - mse: 3.8221e-04 - 176ms/epoch - 10ms/step
Epoch 767/800
17/17 - 0s - loss: 0.0039 - mae: 0.0039 - mse: 3.8334e-04 - 175ms/epoch - 10ms/step
Epoch 768/800
17/17 - 0s - loss: 0.0040 - mae: 0.0040 - mse: 3.8337e-04 - 175ms/epoch - 10ms/step
Epoch 769/800
17/17 - 0s - loss: 0.0039 - mae: 0.0039 - mse: 3.8114e-04 - 175ms/epoch - 10ms/step
Epoch 770/800
17/17 - 0s - loss: 0.0037 - mae: 0.0037 - mse: 3.7920e-04 - 175ms/epoch - 10ms/step
Epoch 771/800
17/17 - 0s - loss: 0.0039 - mae: 0.0039 - mse: 3.7896e-04 - 177ms/epoch - 10ms/step
Epoch 772/800
17/17 - 0s - loss: 0.0038 - mae: 0.0038 - mse: 3.7920e-04 - 176ms/epoch - 10ms/step
Epoch 773/800
17/17 - 0s - loss: 0.0038 - mae: 0.0038 - mse: 3.8012e-04 - 175ms/epoch - 10ms/step
Epoch 774/800
17/17 - 0s - loss: 0.0037 - mae: 0.0037 - mse: 3.8122e-04 - 175ms/epoch - 10ms/step
Epoch 775/800
17/17 - 0s - loss: 0.0038 - mae: 0.0038 - mse: 3.7913e-04 - 175ms/epoch - 10ms/step
Epoch 776/800
17/17 - 0s - loss: 0.0038 - mae: 0.0038 - mse: 3.8217e-04 - 175ms/epoch - 10ms/step
Epoch 777/800
17/17 - 0s - loss: 0.0038 - mae: 0.0038 - mse: 3.8000e-04 - 175ms/epoch - 10ms/step
Epoch 778/800
17/17 - 0s - loss: 0.0039 - mae: 0.0039 - mse: 3.8347e-04 - 175ms/epoch - 10ms/step
Epoch 779/800
17/17 - 0s - loss: 0.0039 - mae: 0.0039 - mse: 3.8436e-04 - 176ms/epoch - 10ms/step
Epoch 780/800
17/17 - 0s - loss: 0.0038 - mae: 0.0038 - mse: 3.7981e-04 - 175ms/epoch - 10ms/step
Epoch 781/800
17/17 - 0s - loss: 0.0040 - mae: 0.0040 - mse: 3.8315e-04 - 175ms/epoch - 10ms/step
Epoch 782/800
17/17 - 0s - loss: 0.0040 - mae: 0.0040 - mse: 3.8282e-04 - 175ms/epoch - 10ms/step
Epoch 783/800
17/17 - 0s - loss: 0.0038 - mae: 0.0038 - mse: 3.8372e-04 - 176ms/epoch - 10ms/step
Epoch 784/800
17/17 - 0s - loss: 0.0037 - mae: 0.0037 - mse: 3.8250e-04 - 177ms/epoch - 10ms/step
Epoch 785/800
17/17 - 0s - loss: 0.0038 - mae: 0.0038 - mse: 3.8145e-04 - 176ms/epoch - 10ms/step
Epoch 786/800
17/17 - 0s - loss: 0.0038 - mae: 0.0038 - mse: 3.8011e-04 - 175ms/epoch - 10ms/step
Epoch 787/800
17/17 - 0s - loss: 0.0038 - mae: 0.0038 - mse: 3.7723e-04 - 175ms/epoch - 10ms/step
Epoch 788/800
17/17 - 0s - loss: 0.0039 - mae: 0.0039 - mse: 3.7746e-04 - 175ms/epoch - 10ms/step
Epoch 789/800
17/17 - 0s - loss: 0.0040 - mae: 0.0040 - mse: 3.8220e-04 - 175ms/epoch - 10ms/step
Epoch 790/800
17/17 - 0s - loss: 0.0038 - mae: 0.0038 - mse: 3.7922e-04 - 175ms/epoch - 10ms/step
Epoch 791/800
17/17 - 0s - loss: 0.0040 - mae: 0.0040 - mse: 3.8347e-04 - 175ms/epoch - 10ms/step
Epoch 792/800
17/17 - 0s - loss: 0.0039 - mae: 0.0039 - mse: 3.8196e-04 - 175ms/epoch - 10ms/step
Epoch 793/800
17/17 - 0s - loss: 0.0038 - mae: 0.0038 - mse: 3.8030e-04 - 175ms/epoch - 10ms/step
Epoch 794/800
17/17 - 0s - loss: 0.0040 - mae: 0.0040 - mse: 3.8338e-04 - 175ms/epoch - 10ms/step
Epoch 795/800
17/17 - 0s - loss: 0.0039 - mae: 0.0039 - mse: 3.8318e-04 - 175ms/epoch - 10ms/step
Epoch 796/800
17/17 - 0s - loss: 0.0038 - mae: 0.0038 - mse: 3.8212e-04 - 175ms/epoch - 10ms/step
Epoch 797/800
17/17 - 0s - loss: 0.0038 - mae: 0.0038 - mse: 3.7942e-04 - 175ms/epoch - 10ms/step
Epoch 798/800
17/17 - 0s - loss: 0.0039 - mae: 0.0039 - mse: 3.8289e-04 - 175ms/epoch - 10ms/step
Epoch 799/800
17/17 - 0s - loss: 0.0038 - mae: 0.0038 - mse: 3.8189e-04 - 175ms/epoch - 10ms/step
Epoch 800/800
17/17 - 0s - loss: 0.0039 - mae: 0.0039 - mse: 3.8004e-04 - 175ms/epoch - 10ms/step
Training finished in 148.12 seconds.
1/9 [==>...........................] - ETA: 6s9/9 [==============================] - ETA: 0s9/9 [==============================] - 1s 7ms/step
Fold 2 MAE: 0.1472

--- Starting Fold 3/5 ---
INFO:kgcnn.model.utils:Updated model kwargs: '{'name': 'coGN', 'inputs': {'offset': {'shape': (None, 3), 'name': 'offset', 'dtype': 'float32', 'ragged': True}, 'cell_translation': None, 'affine_matrix': None, 'voronoi_ridge_area': None, 'atomic_number': {'shape': (None,), 'name': 'atomic_number', 'dtype': 'int32', 'ragged': True}, 'frac_coords': None, 'coords': None, 'multiplicity': {'shape': (None,), 'name': 'multiplicity', 'dtype': 'int32', 'ragged': True}, 'lattice_matrix': None, 'edge_indices': {'shape': (None, 2), 'name': 'edge_indices', 'dtype': 'int32', 'ragged': True}, 'line_graph_edge_indices': None}, 'input_block_cfg': {'node_size': 128, 'edge_size': 128, 'atomic_mass': True, 'atomic_radius': True, 'electronegativity': True, 'ionization_energy': True, 'oxidation_states': True, 'edge_embedding_args': {'bins_distance': 32, 'max_distance': 8.0, 'distance_log_base': 1.0, 'bins_voronoi_area': None, 'max_voronoi_area': None}}, 'processing_blocks_cfg': [{'edge_mlp': {'units': [128, 128, 128, 128, 128], 'activation': ['swish', 'swish', 'swish', 'swish', 'swish']}, 'node_mlp': {'units': [128], 'activation': ['swish']}, 'global_mlp': None, 'nested_blocks_cfgs': None, 'aggregate_edges_local': 'sum', 'aggregate_edges_global': None, 'aggregate_nodes': None, 'return_updated_edges': False, 'return_updated_nodes': True, 'return_updated_globals': True, 'edge_attention_mlp_local': {'units': [32, 1], 'activation': ['swish', 'swish']}, 'edge_attention_mlp_global': {'units': [32, 1], 'activation': ['swish', 'swish']}, 'node_attention_mlp': {'units': [32, 1], 'activation': ['swish', 'swish']}, 'edge_gate': None, 'node_gate': None, 'global_gate': None, 'residual_node_update': True, 'residual_edge_update': False, 'residual_global_update': False, 'update_edges_input': [True, True, True, False], 'update_nodes_input': [True, False, False], 'update_global_input': [False, True, False], 'multiplicity_readout': False}, {'edge_mlp': {'units': [128, 128, 128, 128, 128], 'activation': ['swish', 'swish', 'swish', 'swish', 'swish']}, 'node_mlp': {'units': [128], 'activation': ['swish']}, 'global_mlp': None, 'nested_blocks_cfgs': None, 'aggregate_edges_local': 'sum', 'aggregate_edges_global': None, 'aggregate_nodes': None, 'return_updated_edges': False, 'return_updated_nodes': True, 'return_updated_globals': True, 'edge_attention_mlp_local': {'units': [32, 1], 'activation': ['swish', 'swish']}, 'edge_attention_mlp_global': {'units': [32, 1], 'activation': ['swish', 'swish']}, 'node_attention_mlp': {'units': [32, 1], 'activation': ['swish', 'swish']}, 'edge_gate': None, 'node_gate': None, 'global_gate': None, 'residual_node_update': True, 'residual_edge_update': False, 'residual_global_update': False, 'update_edges_input': [True, True, True, False], 'update_nodes_input': [True, False, False], 'update_global_input': [False, True, False], 'multiplicity_readout': False}, {'edge_mlp': {'units': [128, 128, 128, 128, 128], 'activation': ['swish', 'swish', 'swish', 'swish', 'swish']}, 'node_mlp': {'units': [128], 'activation': ['swish']}, 'global_mlp': None, 'nested_blocks_cfgs': None, 'aggregate_edges_local': 'sum', 'aggregate_edges_global': None, 'aggregate_nodes': None, 'return_updated_edges': False, 'return_updated_nodes': True, 'return_updated_globals': True, 'edge_attention_mlp_local': {'units': [32, 1], 'activation': ['swish', 'swish']}, 'edge_attention_mlp_global': {'units': [32, 1], 'activation': ['swish', 'swish']}, 'node_attention_mlp': {'units': [32, 1], 'activation': ['swish', 'swish']}, 'edge_gate': None, 'node_gate': None, 'global_gate': None, 'residual_node_update': True, 'residual_edge_update': False, 'residual_global_update': False, 'update_edges_input': [True, True, True, False], 'update_nodes_input': [True, False, False], 'update_global_input': [False, True, False], 'multiplicity_readout': False}, {'edge_mlp': {'units': [128, 128, 128, 128, 128], 'activation': ['swish', 'swish', 'swish', 'swish', 'swish']}, 'node_mlp': {'units': [128], 'activation': ['swish']}, 'global_mlp': None, 'nested_blocks_cfgs': None, 'aggregate_edges_local': 'sum', 'aggregate_edges_global': None, 'aggregate_nodes': None, 'return_updated_edges': False, 'return_updated_nodes': True, 'return_updated_globals': True, 'edge_attention_mlp_local': {'units': [32, 1], 'activation': ['swish', 'swish']}, 'edge_attention_mlp_global': {'units': [32, 1], 'activation': ['swish', 'swish']}, 'node_attention_mlp': {'units': [32, 1], 'activation': ['swish', 'swish']}, 'edge_gate': None, 'node_gate': None, 'global_gate': None, 'residual_node_update': True, 'residual_edge_update': False, 'residual_global_update': False, 'update_edges_input': [True, True, True, False], 'update_nodes_input': [True, False, False], 'update_global_input': [False, True, False], 'multiplicity_readout': False}, {'edge_mlp': {'units': [128, 128, 128, 128, 128], 'activation': ['swish', 'swish', 'swish', 'swish', 'swish']}, 'node_mlp': {'units': [128], 'activation': ['swish']}, 'global_mlp': None, 'nested_blocks_cfgs': None, 'aggregate_edges_local': 'sum', 'aggregate_edges_global': None, 'aggregate_nodes': None, 'return_updated_edges': False, 'return_updated_nodes': True, 'return_updated_globals': True, 'edge_attention_mlp_local': {'units': [32, 1], 'activation': ['swish', 'swish']}, 'edge_attention_mlp_global': {'units': [32, 1], 'activation': ['swish', 'swish']}, 'node_attention_mlp': {'units': [32, 1], 'activation': ['swish', 'swish']}, 'edge_gate': None, 'node_gate': None, 'global_gate': None, 'residual_node_update': True, 'residual_edge_update': False, 'residual_global_update': False, 'update_edges_input': [True, True, True, False], 'update_nodes_input': [True, False, False], 'update_global_input': [False, True, False], 'multiplicity_readout': False}], 'output_block_cfg': {'edge_mlp': None, 'node_mlp': None, 'global_mlp': {'units': [1], 'activation': ['linear']}, 'nested_blocks_cfgs': None, 'aggregate_edges_local': 'sum', 'aggregate_edges_global': None, 'aggregate_nodes': 'mean', 'return_updated_edges': False, 'return_updated_nodes': True, 'return_updated_globals': True, 'edge_attention_mlp_local': {'units': [32, 1], 'activation': ['swish', 'swish']}, 'edge_attention_mlp_global': {'units': [32, 1], 'activation': ['swish', 'swish']}, 'node_attention_mlp': {'units': [32, 1], 'activation': ['swish', 'swish']}, 'edge_gate': None, 'node_gate': None, 'global_gate': None, 'residual_node_update': False, 'residual_edge_update': False, 'residual_global_update': False, 'update_edges_input': [True, True, True, False], 'update_nodes_input': [True, False, False], 'update_global_input': [False, True, False], 'multiplicity_readout': True}}'.
/gpfs/scratch/acad/htforft/rgouvea/other_datasets/processed_datasets/.venv/lib/python3.9/site-packages/kgcnn/crystal/periodic_table/periodic_table.py:30: FutureWarning: A value is trying to be set on a copy of a DataFrame or Series through chained assignment using an inplace method.
The behavior will change in pandas 3.0. This inplace method will never work because the intermediate object on which we are setting values always behaves as a copy.

For example, when doing 'df[col].method(value, inplace=True)', try using 'df.method({col: value}, inplace=True)' or df[col] = df[col].method(value) instead, to perform the operation inplace on the original object.


  self.data['AtomicRadius'].fillna(imputation_atomic_radius, inplace=True)
/gpfs/scratch/acad/htforft/rgouvea/other_datasets/processed_datasets/.venv/lib/python3.9/site-packages/kgcnn/crystal/periodic_table/periodic_table.py:32: FutureWarning: A value is trying to be set on a copy of a DataFrame or Series through chained assignment using an inplace method.
The behavior will change in pandas 3.0. This inplace method will never work because the intermediate object on which we are setting values always behaves as a copy.

For example, when doing 'df[col].method(value, inplace=True)', try using 'df.method({col: value}, inplace=True)' or df[col] = df[col].method(value) instead, to perform the operation inplace on the original object.


  self.data['Electronegativity'].fillna(imputation_electronegativity, inplace=True)
/gpfs/scratch/acad/htforft/rgouvea/other_datasets/processed_datasets/.venv/lib/python3.9/site-packages/kgcnn/crystal/periodic_table/periodic_table.py:33: FutureWarning: A value is trying to be set on a copy of a DataFrame or Series through chained assignment using an inplace method.
The behavior will change in pandas 3.0. This inplace method will never work because the intermediate object on which we are setting values always behaves as a copy.

For example, when doing 'df[col].method(value, inplace=True)', try using 'df.method({col: value}, inplace=True)' or df[col] = df[col].method(value) instead, to perform the operation inplace on the original object.


  self.data['IonizationEnergy'].fillna(imputation_ionization_energy, inplace=True)
[<KerasTensor: type_spec=RaggedTensorSpec(TensorShape([None, None, 3]), tf.float32, 1, tf.int64) (created by layer 'offset')>, <KerasTensor: type_spec=RaggedTensorSpec(TensorShape([None, None]), tf.int32, 1, tf.int64) (created by layer 'atomic_number')>, <KerasTensor: type_spec=RaggedTensorSpec(TensorShape([None, None]), tf.int32, 1, tf.int64) (created by layer 'multiplicity')>, <KerasTensor: type_spec=RaggedTensorSpec(TensorShape([None, None, 2]), tf.int32, 1, tf.int64) (created by layer 'edge_indices')>]
Training on 1045 samples...
Epoch 1/800
/gpfs/scratch/acad/htforft/rgouvea/other_datasets/processed_datasets/.venv/lib/python3.9/site-packages/tensorflow/python/framework/indexed_slices.py:444: UserWarning: Converting sparse IndexedSlices(IndexedSlices(indices=Tensor("gradient_tape/coGN/sequential_graph_network_2/graph_network_14/gather_embedding_selection_19/Reshape_1:0", shape=(None,), dtype=int32), values=Tensor("gradient_tape/coGN/sequential_graph_network_2/graph_network_14/gather_embedding_selection_19/Reshape:0", shape=(None, 128), dtype=float32), dense_shape=Tensor("gradient_tape/coGN/sequential_graph_network_2/graph_network_14/gather_embedding_selection_19/Cast:0", shape=(2,), dtype=int32))) to a dense Tensor of unknown shape. This may consume a large amount of memory.
  warnings.warn(
/gpfs/scratch/acad/htforft/rgouvea/other_datasets/processed_datasets/.venv/lib/python3.9/site-packages/tensorflow/python/framework/indexed_slices.py:444: UserWarning: Converting sparse IndexedSlices(IndexedSlices(indices=Tensor("gradient_tape/coGN/sequential_graph_network_2/graph_network_14/gather_embedding_selection_19/Reshape_3:0", shape=(None,), dtype=int32), values=Tensor("gradient_tape/coGN/sequential_graph_network_2/graph_network_14/gather_embedding_selection_19/Reshape_2:0", shape=(None, 128), dtype=float32), dense_shape=Tensor("gradient_tape/coGN/sequential_graph_network_2/graph_network_14/gather_embedding_selection_19/Cast_1:0", shape=(2,), dtype=int32))) to a dense Tensor of unknown shape. This may consume a large amount of memory.
  warnings.warn(
/gpfs/scratch/acad/htforft/rgouvea/other_datasets/processed_datasets/.venv/lib/python3.9/site-packages/tensorflow/python/framework/indexed_slices.py:444: UserWarning: Converting sparse IndexedSlices(IndexedSlices(indices=Tensor("gradient_tape/coGN/sequential_graph_network_2/graph_network_13/gather_embedding_selection_18/Reshape_1:0", shape=(None,), dtype=int32), values=Tensor("gradient_tape/coGN/sequential_graph_network_2/graph_network_13/gather_embedding_selection_18/Reshape:0", shape=(None, 128), dtype=float32), dense_shape=Tensor("gradient_tape/coGN/sequential_graph_network_2/graph_network_13/gather_embedding_selection_18/Cast:0", shape=(2,), dtype=int32))) to a dense Tensor of unknown shape. This may consume a large amount of memory.
  warnings.warn(
/gpfs/scratch/acad/htforft/rgouvea/other_datasets/processed_datasets/.venv/lib/python3.9/site-packages/tensorflow/python/framework/indexed_slices.py:444: UserWarning: Converting sparse IndexedSlices(IndexedSlices(indices=Tensor("gradient_tape/coGN/sequential_graph_network_2/graph_network_13/gather_embedding_selection_18/Reshape_3:0", shape=(None,), dtype=int32), values=Tensor("gradient_tape/coGN/sequential_graph_network_2/graph_network_13/gather_embedding_selection_18/Reshape_2:0", shape=(None, 128), dtype=float32), dense_shape=Tensor("gradient_tape/coGN/sequential_graph_network_2/graph_network_13/gather_embedding_selection_18/Cast_1:0", shape=(2,), dtype=int32))) to a dense Tensor of unknown shape. This may consume a large amount of memory.
  warnings.warn(
/gpfs/scratch/acad/htforft/rgouvea/other_datasets/processed_datasets/.venv/lib/python3.9/site-packages/tensorflow/python/framework/indexed_slices.py:444: UserWarning: Converting sparse IndexedSlices(IndexedSlices(indices=Tensor("gradient_tape/coGN/sequential_graph_network_2/graph_network_12/gather_embedding_selection_17/Reshape_1:0", shape=(None,), dtype=int32), values=Tensor("gradient_tape/coGN/sequential_graph_network_2/graph_network_12/gather_embedding_selection_17/Reshape:0", shape=(None, 128), dtype=float32), dense_shape=Tensor("gradient_tape/coGN/sequential_graph_network_2/graph_network_12/gather_embedding_selection_17/Cast:0", shape=(2,), dtype=int32))) to a dense Tensor of unknown shape. This may consume a large amount of memory.
  warnings.warn(
/gpfs/scratch/acad/htforft/rgouvea/other_datasets/processed_datasets/.venv/lib/python3.9/site-packages/tensorflow/python/framework/indexed_slices.py:444: UserWarning: Converting sparse IndexedSlices(IndexedSlices(indices=Tensor("gradient_tape/coGN/sequential_graph_network_2/graph_network_12/gather_embedding_selection_17/Reshape_3:0", shape=(None,), dtype=int32), values=Tensor("gradient_tape/coGN/sequential_graph_network_2/graph_network_12/gather_embedding_selection_17/Reshape_2:0", shape=(None, 128), dtype=float32), dense_shape=Tensor("gradient_tape/coGN/sequential_graph_network_2/graph_network_12/gather_embedding_selection_17/Cast_1:0", shape=(2,), dtype=int32))) to a dense Tensor of unknown shape. This may consume a large amount of memory.
  warnings.warn(
/gpfs/scratch/acad/htforft/rgouvea/other_datasets/processed_datasets/.venv/lib/python3.9/site-packages/tensorflow/python/framework/indexed_slices.py:444: UserWarning: Converting sparse IndexedSlices(IndexedSlices(indices=Tensor("gradient_tape/coGN/sequential_graph_network_2/graph_network_11/gather_embedding_selection_16/Reshape_1:0", shape=(None,), dtype=int32), values=Tensor("gradient_tape/coGN/sequential_graph_network_2/graph_network_11/gather_embedding_selection_16/Reshape:0", shape=(None, 128), dtype=float32), dense_shape=Tensor("gradient_tape/coGN/sequential_graph_network_2/graph_network_11/gather_embedding_selection_16/Cast:0", shape=(2,), dtype=int32))) to a dense Tensor of unknown shape. This may consume a large amount of memory.
  warnings.warn(
/gpfs/scratch/acad/htforft/rgouvea/other_datasets/processed_datasets/.venv/lib/python3.9/site-packages/tensorflow/python/framework/indexed_slices.py:444: UserWarning: Converting sparse IndexedSlices(IndexedSlices(indices=Tensor("gradient_tape/coGN/sequential_graph_network_2/graph_network_11/gather_embedding_selection_16/Reshape_3:0", shape=(None,), dtype=int32), values=Tensor("gradient_tape/coGN/sequential_graph_network_2/graph_network_11/gather_embedding_selection_16/Reshape_2:0", shape=(None, 128), dtype=float32), dense_shape=Tensor("gradient_tape/coGN/sequential_graph_network_2/graph_network_11/gather_embedding_selection_16/Cast_1:0", shape=(2,), dtype=int32))) to a dense Tensor of unknown shape. This may consume a large amount of memory.
  warnings.warn(
/gpfs/scratch/acad/htforft/rgouvea/other_datasets/processed_datasets/.venv/lib/python3.9/site-packages/tensorflow/python/framework/indexed_slices.py:444: UserWarning: Converting sparse IndexedSlices(IndexedSlices(indices=Tensor("gradient_tape/coGN/sequential_graph_network_2/graph_network_10/gather_embedding_selection_15/Reshape_1:0", shape=(None,), dtype=int32), values=Tensor("gradient_tape/coGN/sequential_graph_network_2/graph_network_10/gather_embedding_selection_15/Reshape:0", shape=(None, 128), dtype=float32), dense_shape=Tensor("gradient_tape/coGN/sequential_graph_network_2/graph_network_10/gather_embedding_selection_15/Cast:0", shape=(2,), dtype=int32))) to a dense Tensor of unknown shape. This may consume a large amount of memory.
  warnings.warn(
/gpfs/scratch/acad/htforft/rgouvea/other_datasets/processed_datasets/.venv/lib/python3.9/site-packages/tensorflow/python/framework/indexed_slices.py:444: UserWarning: Converting sparse IndexedSlices(IndexedSlices(indices=Tensor("gradient_tape/coGN/sequential_graph_network_2/graph_network_10/gather_embedding_selection_15/Reshape_3:0", shape=(None,), dtype=int32), values=Tensor("gradient_tape/coGN/sequential_graph_network_2/graph_network_10/gather_embedding_selection_15/Reshape_2:0", shape=(None, 128), dtype=float32), dense_shape=Tensor("gradient_tape/coGN/sequential_graph_network_2/graph_network_10/gather_embedding_selection_15/Cast_1:0", shape=(2,), dtype=int32))) to a dense Tensor of unknown shape. This may consume a large amount of memory.
  warnings.warn(
17/17 - 3s - loss: 0.9932 - mae: 0.9932 - mse: 1.6261 - 3s/epoch - 196ms/step
Epoch 2/800
17/17 - 0s - loss: 0.7065 - mae: 0.7065 - mse: 0.7450 - 185ms/epoch - 11ms/step
Epoch 3/800
17/17 - 0s - loss: 0.5811 - mae: 0.5811 - mse: 0.5253 - 176ms/epoch - 10ms/step
Epoch 4/800
17/17 - 0s - loss: 0.4523 - mae: 0.4523 - mse: 0.3309 - 175ms/epoch - 10ms/step
Epoch 5/800
17/17 - 0s - loss: 0.5030 - mae: 0.5030 - mse: 0.3932 - 175ms/epoch - 10ms/step
Epoch 6/800
17/17 - 0s - loss: 0.4616 - mae: 0.4616 - mse: 0.3587 - 175ms/epoch - 10ms/step
Epoch 7/800
17/17 - 0s - loss: 0.3907 - mae: 0.3907 - mse: 0.2629 - 175ms/epoch - 10ms/step
Epoch 8/800
17/17 - 0s - loss: 0.3398 - mae: 0.3398 - mse: 0.2100 - 175ms/epoch - 10ms/step
Epoch 9/800
17/17 - 0s - loss: 0.3261 - mae: 0.3261 - mse: 0.2005 - 178ms/epoch - 10ms/step
Epoch 10/800
17/17 - 0s - loss: 0.3439 - mae: 0.3439 - mse: 0.2200 - 175ms/epoch - 10ms/step
Epoch 11/800
17/17 - 0s - loss: 0.2985 - mae: 0.2985 - mse: 0.1846 - 175ms/epoch - 10ms/step
Epoch 12/800
17/17 - 0s - loss: 0.2836 - mae: 0.2836 - mse: 0.1625 - 175ms/epoch - 10ms/step
Epoch 13/800
17/17 - 0s - loss: 0.3170 - mae: 0.3170 - mse: 0.1799 - 175ms/epoch - 10ms/step
Epoch 14/800
17/17 - 0s - loss: 0.2673 - mae: 0.2673 - mse: 0.1471 - 175ms/epoch - 10ms/step
Epoch 15/800
17/17 - 0s - loss: 0.2925 - mae: 0.2925 - mse: 0.1647 - 175ms/epoch - 10ms/step
Epoch 16/800
17/17 - 0s - loss: 0.3074 - mae: 0.3074 - mse: 0.1802 - 175ms/epoch - 10ms/step
Epoch 17/800
17/17 - 0s - loss: 0.3092 - mae: 0.3092 - mse: 0.1698 - 175ms/epoch - 10ms/step
Epoch 18/800
17/17 - 0s - loss: 0.2965 - mae: 0.2965 - mse: 0.1695 - 175ms/epoch - 10ms/step
Epoch 19/800
17/17 - 0s - loss: 0.2474 - mae: 0.2474 - mse: 0.1241 - 175ms/epoch - 10ms/step
Epoch 20/800
17/17 - 0s - loss: 0.2420 - mae: 0.2420 - mse: 0.1213 - 175ms/epoch - 10ms/step
Epoch 21/800
17/17 - 0s - loss: 0.2600 - mae: 0.2600 - mse: 0.1229 - 175ms/epoch - 10ms/step
Epoch 22/800
17/17 - 0s - loss: 0.2265 - mae: 0.2265 - mse: 0.0926 - 175ms/epoch - 10ms/step
Epoch 23/800
17/17 - 0s - loss: 0.2331 - mae: 0.2331 - mse: 0.1043 - 177ms/epoch - 10ms/step
Epoch 24/800
17/17 - 0s - loss: 0.2161 - mae: 0.2161 - mse: 0.0836 - 176ms/epoch - 10ms/step
Epoch 25/800
17/17 - 0s - loss: 0.2008 - mae: 0.2008 - mse: 0.0751 - 175ms/epoch - 10ms/step
Epoch 26/800
17/17 - 0s - loss: 0.2098 - mae: 0.2098 - mse: 0.0755 - 175ms/epoch - 10ms/step
Epoch 27/800
17/17 - 0s - loss: 0.2210 - mae: 0.2210 - mse: 0.0850 - 175ms/epoch - 10ms/step
Epoch 28/800
17/17 - 0s - loss: 0.2254 - mae: 0.2254 - mse: 0.0901 - 175ms/epoch - 10ms/step
Epoch 29/800
17/17 - 0s - loss: 0.1974 - mae: 0.1974 - mse: 0.0676 - 175ms/epoch - 10ms/step
Epoch 30/800
17/17 - 0s - loss: 0.1802 - mae: 0.1802 - mse: 0.0557 - 175ms/epoch - 10ms/step
Epoch 31/800
17/17 - 0s - loss: 0.1776 - mae: 0.1776 - mse: 0.0555 - 175ms/epoch - 10ms/step
Epoch 32/800
17/17 - 0s - loss: 0.1760 - mae: 0.1760 - mse: 0.0526 - 175ms/epoch - 10ms/step
Epoch 33/800
17/17 - 0s - loss: 0.1692 - mae: 0.1692 - mse: 0.0481 - 175ms/epoch - 10ms/step
Epoch 34/800
17/17 - 0s - loss: 0.2019 - mae: 0.2019 - mse: 0.0658 - 175ms/epoch - 10ms/step
Epoch 35/800
17/17 - 0s - loss: 0.1910 - mae: 0.1910 - mse: 0.0622 - 175ms/epoch - 10ms/step
Epoch 36/800
17/17 - 0s - loss: 0.2068 - mae: 0.2068 - mse: 0.0770 - 175ms/epoch - 10ms/step
Epoch 37/800
17/17 - 0s - loss: 0.1667 - mae: 0.1667 - mse: 0.0476 - 175ms/epoch - 10ms/step
Epoch 38/800
17/17 - 0s - loss: 0.1602 - mae: 0.1602 - mse: 0.0422 - 175ms/epoch - 10ms/step
Epoch 39/800
17/17 - 0s - loss: 0.1439 - mae: 0.1439 - mse: 0.0368 - 175ms/epoch - 10ms/step
Epoch 40/800
17/17 - 0s - loss: 0.1491 - mae: 0.1491 - mse: 0.0396 - 175ms/epoch - 10ms/step
Epoch 41/800
17/17 - 0s - loss: 0.1487 - mae: 0.1487 - mse: 0.0380 - 175ms/epoch - 10ms/step
Epoch 42/800
17/17 - 0s - loss: 0.1407 - mae: 0.1407 - mse: 0.0339 - 175ms/epoch - 10ms/step
Epoch 43/800
17/17 - 0s - loss: 0.1415 - mae: 0.1415 - mse: 0.0370 - 175ms/epoch - 10ms/step
Epoch 44/800
17/17 - 0s - loss: 0.1784 - mae: 0.1784 - mse: 0.0604 - 175ms/epoch - 10ms/step
Epoch 45/800
17/17 - 0s - loss: 0.1524 - mae: 0.1524 - mse: 0.0406 - 175ms/epoch - 10ms/step
Epoch 46/800
17/17 - 0s - loss: 0.1610 - mae: 0.1610 - mse: 0.0423 - 175ms/epoch - 10ms/step
Epoch 47/800
17/17 - 0s - loss: 0.1456 - mae: 0.1456 - mse: 0.0371 - 175ms/epoch - 10ms/step
Epoch 48/800
17/17 - 0s - loss: 0.1773 - mae: 0.1773 - mse: 0.0550 - 175ms/epoch - 10ms/step
Epoch 49/800
17/17 - 0s - loss: 0.1641 - mae: 0.1641 - mse: 0.0438 - 175ms/epoch - 10ms/step
Epoch 50/800
17/17 - 0s - loss: 0.1359 - mae: 0.1359 - mse: 0.0332 - 175ms/epoch - 10ms/step
Epoch 51/800
17/17 - 0s - loss: 0.1429 - mae: 0.1429 - mse: 0.0338 - 177ms/epoch - 10ms/step
Epoch 52/800
17/17 - 0s - loss: 0.1448 - mae: 0.1448 - mse: 0.0360 - 176ms/epoch - 10ms/step
Epoch 53/800
17/17 - 0s - loss: 0.1504 - mae: 0.1504 - mse: 0.0379 - 176ms/epoch - 10ms/step
Epoch 54/800
17/17 - 0s - loss: 0.1592 - mae: 0.1592 - mse: 0.0421 - 176ms/epoch - 10ms/step
Epoch 55/800
17/17 - 0s - loss: 0.1400 - mae: 0.1400 - mse: 0.0345 - 175ms/epoch - 10ms/step
Epoch 56/800
17/17 - 0s - loss: 0.1472 - mae: 0.1472 - mse: 0.0354 - 175ms/epoch - 10ms/step
Epoch 57/800
17/17 - 0s - loss: 0.1402 - mae: 0.1402 - mse: 0.0329 - 175ms/epoch - 10ms/step
Epoch 58/800
17/17 - 0s - loss: 0.1393 - mae: 0.1393 - mse: 0.0327 - 175ms/epoch - 10ms/step
Epoch 59/800
17/17 - 0s - loss: 0.1372 - mae: 0.1372 - mse: 0.0328 - 175ms/epoch - 10ms/step
Epoch 60/800
17/17 - 0s - loss: 0.1317 - mae: 0.1317 - mse: 0.0317 - 175ms/epoch - 10ms/step
Epoch 61/800
17/17 - 0s - loss: 0.1507 - mae: 0.1507 - mse: 0.0396 - 175ms/epoch - 10ms/step
Epoch 62/800
17/17 - 0s - loss: 0.1309 - mae: 0.1309 - mse: 0.0294 - 175ms/epoch - 10ms/step
Epoch 63/800
17/17 - 0s - loss: 0.1527 - mae: 0.1527 - mse: 0.0380 - 175ms/epoch - 10ms/step
Epoch 64/800
17/17 - 0s - loss: 0.1329 - mae: 0.1329 - mse: 0.0307 - 175ms/epoch - 10ms/step
Epoch 65/800
17/17 - 0s - loss: 0.1276 - mae: 0.1276 - mse: 0.0280 - 175ms/epoch - 10ms/step
Epoch 66/800
17/17 - 0s - loss: 0.1315 - mae: 0.1315 - mse: 0.0281 - 175ms/epoch - 10ms/step
Epoch 67/800
17/17 - 0s - loss: 0.1316 - mae: 0.1316 - mse: 0.0288 - 175ms/epoch - 10ms/step
Epoch 68/800
17/17 - 0s - loss: 0.1212 - mae: 0.1212 - mse: 0.0268 - 175ms/epoch - 10ms/step
Epoch 69/800
17/17 - 0s - loss: 0.1211 - mae: 0.1211 - mse: 0.0263 - 175ms/epoch - 10ms/step
Epoch 70/800
17/17 - 0s - loss: 0.1222 - mae: 0.1222 - mse: 0.0259 - 175ms/epoch - 10ms/step
Epoch 71/800
17/17 - 0s - loss: 0.1316 - mae: 0.1316 - mse: 0.0301 - 175ms/epoch - 10ms/step
Epoch 72/800
17/17 - 0s - loss: 0.1226 - mae: 0.1226 - mse: 0.0257 - 175ms/epoch - 10ms/step
Epoch 73/800
17/17 - 0s - loss: 0.1047 - mae: 0.1047 - mse: 0.0200 - 175ms/epoch - 10ms/step
Epoch 74/800
17/17 - 0s - loss: 0.1090 - mae: 0.1090 - mse: 0.0214 - 175ms/epoch - 10ms/step
Epoch 75/800
17/17 - 0s - loss: 0.1186 - mae: 0.1186 - mse: 0.0259 - 175ms/epoch - 10ms/step
Epoch 76/800
17/17 - 0s - loss: 0.1077 - mae: 0.1077 - mse: 0.0209 - 175ms/epoch - 10ms/step
Epoch 77/800
17/17 - 0s - loss: 0.1207 - mae: 0.1207 - mse: 0.0253 - 175ms/epoch - 10ms/step
Epoch 78/800
17/17 - 0s - loss: 0.1087 - mae: 0.1087 - mse: 0.0209 - 176ms/epoch - 10ms/step
Epoch 79/800
17/17 - 0s - loss: 0.1062 - mae: 0.1062 - mse: 0.0202 - 176ms/epoch - 10ms/step
Epoch 80/800
17/17 - 0s - loss: 0.1138 - mae: 0.1138 - mse: 0.0227 - 175ms/epoch - 10ms/step
Epoch 81/800
17/17 - 0s - loss: 0.1064 - mae: 0.1064 - mse: 0.0197 - 175ms/epoch - 10ms/step
Epoch 82/800
17/17 - 0s - loss: 0.1132 - mae: 0.1132 - mse: 0.0218 - 175ms/epoch - 10ms/step
Epoch 83/800
17/17 - 0s - loss: 0.1130 - mae: 0.1130 - mse: 0.0221 - 175ms/epoch - 10ms/step
Epoch 84/800
17/17 - 0s - loss: 0.1077 - mae: 0.1077 - mse: 0.0199 - 175ms/epoch - 10ms/step
Epoch 85/800
17/17 - 0s - loss: 0.1024 - mae: 0.1024 - mse: 0.0191 - 175ms/epoch - 10ms/step
Epoch 86/800
17/17 - 0s - loss: 0.1017 - mae: 0.1017 - mse: 0.0187 - 176ms/epoch - 10ms/step
Epoch 87/800
17/17 - 0s - loss: 0.1112 - mae: 0.1112 - mse: 0.0217 - 175ms/epoch - 10ms/step
Epoch 88/800
17/17 - 0s - loss: 0.1188 - mae: 0.1188 - mse: 0.0253 - 175ms/epoch - 10ms/step
Epoch 89/800
17/17 - 0s - loss: 0.1064 - mae: 0.1064 - mse: 0.0199 - 175ms/epoch - 10ms/step
Epoch 90/800
17/17 - 0s - loss: 0.1060 - mae: 0.1060 - mse: 0.0201 - 175ms/epoch - 10ms/step
Epoch 91/800
17/17 - 0s - loss: 0.1008 - mae: 0.1008 - mse: 0.0182 - 175ms/epoch - 10ms/step
Epoch 92/800
17/17 - 0s - loss: 0.1054 - mae: 0.1054 - mse: 0.0204 - 175ms/epoch - 10ms/step
Epoch 93/800
17/17 - 0s - loss: 0.1045 - mae: 0.1045 - mse: 0.0203 - 175ms/epoch - 10ms/step
Epoch 94/800
17/17 - 0s - loss: 0.1087 - mae: 0.1087 - mse: 0.0202 - 175ms/epoch - 10ms/step
Epoch 95/800
17/17 - 0s - loss: 0.1104 - mae: 0.1104 - mse: 0.0216 - 175ms/epoch - 10ms/step
Epoch 96/800
17/17 - 0s - loss: 0.1079 - mae: 0.1079 - mse: 0.0202 - 175ms/epoch - 10ms/step
Epoch 97/800
17/17 - 0s - loss: 0.1329 - mae: 0.1329 - mse: 0.0290 - 175ms/epoch - 10ms/step
Epoch 98/800
17/17 - 0s - loss: 0.1174 - mae: 0.1174 - mse: 0.0244 - 175ms/epoch - 10ms/step
Epoch 99/800
17/17 - 0s - loss: 0.1240 - mae: 0.1240 - mse: 0.0265 - 175ms/epoch - 10ms/step
Epoch 100/800
17/17 - 0s - loss: 0.1029 - mae: 0.1029 - mse: 0.0184 - 175ms/epoch - 10ms/step
Epoch 101/800
17/17 - 0s - loss: 0.1108 - mae: 0.1108 - mse: 0.0219 - 175ms/epoch - 10ms/step
Epoch 102/800
17/17 - 0s - loss: 0.1145 - mae: 0.1145 - mse: 0.0221 - 175ms/epoch - 10ms/step
Epoch 103/800
17/17 - 0s - loss: 0.1047 - mae: 0.1047 - mse: 0.0190 - 175ms/epoch - 10ms/step
Epoch 104/800
17/17 - 0s - loss: 0.1165 - mae: 0.1165 - mse: 0.0230 - 175ms/epoch - 10ms/step
Epoch 105/800
17/17 - 0s - loss: 0.0958 - mae: 0.0958 - mse: 0.0157 - 175ms/epoch - 10ms/step
Epoch 106/800
17/17 - 0s - loss: 0.1083 - mae: 0.1083 - mse: 0.0208 - 177ms/epoch - 10ms/step
Epoch 107/800
17/17 - 0s - loss: 0.1078 - mae: 0.1078 - mse: 0.0196 - 176ms/epoch - 10ms/step
Epoch 108/800
17/17 - 0s - loss: 0.1189 - mae: 0.1189 - mse: 0.0233 - 175ms/epoch - 10ms/step
Epoch 109/800
17/17 - 0s - loss: 0.1081 - mae: 0.1081 - mse: 0.0209 - 176ms/epoch - 10ms/step
Epoch 110/800
17/17 - 0s - loss: 0.1071 - mae: 0.1071 - mse: 0.0203 - 175ms/epoch - 10ms/step
Epoch 111/800
17/17 - 0s - loss: 0.1065 - mae: 0.1065 - mse: 0.0194 - 175ms/epoch - 10ms/step
Epoch 112/800
17/17 - 0s - loss: 0.0917 - mae: 0.0917 - mse: 0.0155 - 175ms/epoch - 10ms/step
Epoch 113/800
17/17 - 0s - loss: 0.1065 - mae: 0.1065 - mse: 0.0200 - 175ms/epoch - 10ms/step
Epoch 114/800
17/17 - 0s - loss: 0.1018 - mae: 0.1018 - mse: 0.0178 - 175ms/epoch - 10ms/step
Epoch 115/800
17/17 - 0s - loss: 0.0947 - mae: 0.0947 - mse: 0.0158 - 175ms/epoch - 10ms/step
Epoch 116/800
17/17 - 0s - loss: 0.1113 - mae: 0.1113 - mse: 0.0208 - 175ms/epoch - 10ms/step
Epoch 117/800
17/17 - 0s - loss: 0.0988 - mae: 0.0988 - mse: 0.0168 - 175ms/epoch - 10ms/step
Epoch 118/800
17/17 - 0s - loss: 0.1015 - mae: 0.1015 - mse: 0.0178 - 175ms/epoch - 10ms/step
Epoch 119/800
17/17 - 0s - loss: 0.0937 - mae: 0.0937 - mse: 0.0154 - 176ms/epoch - 10ms/step
Epoch 120/800
17/17 - 0s - loss: 0.0877 - mae: 0.0877 - mse: 0.0137 - 175ms/epoch - 10ms/step
Epoch 121/800
17/17 - 0s - loss: 0.0990 - mae: 0.0990 - mse: 0.0173 - 175ms/epoch - 10ms/step
Epoch 122/800
17/17 - 0s - loss: 0.1207 - mae: 0.1207 - mse: 0.0241 - 175ms/epoch - 10ms/step
Epoch 123/800
17/17 - 0s - loss: 0.1236 - mae: 0.1236 - mse: 0.0249 - 175ms/epoch - 10ms/step
Epoch 124/800
17/17 - 0s - loss: 0.1009 - mae: 0.1009 - mse: 0.0184 - 175ms/epoch - 10ms/step
Epoch 125/800
17/17 - 0s - loss: 0.1036 - mae: 0.1036 - mse: 0.0190 - 175ms/epoch - 10ms/step
Epoch 126/800
17/17 - 0s - loss: 0.0923 - mae: 0.0923 - mse: 0.0155 - 175ms/epoch - 10ms/step
Epoch 127/800
17/17 - 0s - loss: 0.0998 - mae: 0.0998 - mse: 0.0183 - 175ms/epoch - 10ms/step
Epoch 128/800
17/17 - 0s - loss: 0.0961 - mae: 0.0961 - mse: 0.0161 - 175ms/epoch - 10ms/step
Epoch 129/800
17/17 - 0s - loss: 0.1021 - mae: 0.1021 - mse: 0.0180 - 175ms/epoch - 10ms/step
Epoch 130/800
17/17 - 0s - loss: 0.0932 - mae: 0.0932 - mse: 0.0147 - 175ms/epoch - 10ms/step
Epoch 131/800
17/17 - 0s - loss: 0.0915 - mae: 0.0915 - mse: 0.0148 - 175ms/epoch - 10ms/step
Epoch 132/800
17/17 - 0s - loss: 0.0845 - mae: 0.0845 - mse: 0.0126 - 175ms/epoch - 10ms/step
Epoch 133/800
17/17 - 0s - loss: 0.0911 - mae: 0.0911 - mse: 0.0145 - 175ms/epoch - 10ms/step
Epoch 134/800
17/17 - 0s - loss: 0.0906 - mae: 0.0906 - mse: 0.0144 - 176ms/epoch - 10ms/step
Epoch 135/800
17/17 - 0s - loss: 0.0828 - mae: 0.0828 - mse: 0.0127 - 176ms/epoch - 10ms/step
Epoch 136/800
17/17 - 0s - loss: 0.0881 - mae: 0.0881 - mse: 0.0142 - 176ms/epoch - 10ms/step
Epoch 137/800
17/17 - 0s - loss: 0.0807 - mae: 0.0807 - mse: 0.0122 - 175ms/epoch - 10ms/step
Epoch 138/800
17/17 - 0s - loss: 0.0855 - mae: 0.0855 - mse: 0.0134 - 175ms/epoch - 10ms/step
Epoch 139/800
17/17 - 0s - loss: 0.0804 - mae: 0.0804 - mse: 0.0117 - 176ms/epoch - 10ms/step
Epoch 140/800
17/17 - 0s - loss: 0.0934 - mae: 0.0934 - mse: 0.0152 - 176ms/epoch - 10ms/step
Epoch 141/800
17/17 - 0s - loss: 0.0796 - mae: 0.0796 - mse: 0.0118 - 175ms/epoch - 10ms/step
Epoch 142/800
17/17 - 0s - loss: 0.0867 - mae: 0.0867 - mse: 0.0139 - 175ms/epoch - 10ms/step
Epoch 143/800
17/17 - 0s - loss: 0.1069 - mae: 0.1069 - mse: 0.0189 - 175ms/epoch - 10ms/step
Epoch 144/800
17/17 - 0s - loss: 0.1032 - mae: 0.1032 - mse: 0.0194 - 175ms/epoch - 10ms/step
Epoch 145/800
17/17 - 0s - loss: 0.0875 - mae: 0.0875 - mse: 0.0134 - 175ms/epoch - 10ms/step
Epoch 146/800
17/17 - 0s - loss: 0.0974 - mae: 0.0974 - mse: 0.0163 - 175ms/epoch - 10ms/step
Epoch 147/800
17/17 - 0s - loss: 0.0910 - mae: 0.0910 - mse: 0.0151 - 175ms/epoch - 10ms/step
Epoch 148/800
17/17 - 0s - loss: 0.0933 - mae: 0.0933 - mse: 0.0151 - 175ms/epoch - 10ms/step
Epoch 149/800
17/17 - 0s - loss: 0.0927 - mae: 0.0927 - mse: 0.0148 - 175ms/epoch - 10ms/step
Epoch 150/800
17/17 - 0s - loss: 0.0906 - mae: 0.0906 - mse: 0.0145 - 175ms/epoch - 10ms/step
Epoch 151/800
17/17 - 0s - loss: 0.0802 - mae: 0.0802 - mse: 0.0120 - 175ms/epoch - 10ms/step
Epoch 152/800
17/17 - 0s - loss: 0.0810 - mae: 0.0810 - mse: 0.0118 - 175ms/epoch - 10ms/step
Epoch 153/800
17/17 - 0s - loss: 0.0848 - mae: 0.0848 - mse: 0.0131 - 175ms/epoch - 10ms/step
Epoch 154/800
17/17 - 0s - loss: 0.0814 - mae: 0.0814 - mse: 0.0120 - 175ms/epoch - 10ms/step
Epoch 155/800
17/17 - 0s - loss: 0.0781 - mae: 0.0781 - mse: 0.0117 - 175ms/epoch - 10ms/step
Epoch 156/800
17/17 - 0s - loss: 0.0946 - mae: 0.0946 - mse: 0.0164 - 175ms/epoch - 10ms/step
Epoch 157/800
17/17 - 0s - loss: 0.0830 - mae: 0.0830 - mse: 0.0131 - 175ms/epoch - 10ms/step
Epoch 158/800
17/17 - 0s - loss: 0.0850 - mae: 0.0850 - mse: 0.0127 - 175ms/epoch - 10ms/step
Epoch 159/800
17/17 - 0s - loss: 0.0820 - mae: 0.0820 - mse: 0.0117 - 175ms/epoch - 10ms/step
Epoch 160/800
17/17 - 0s - loss: 0.0814 - mae: 0.0814 - mse: 0.0120 - 175ms/epoch - 10ms/step
Epoch 161/800
17/17 - 0s - loss: 0.0857 - mae: 0.0857 - mse: 0.0133 - 176ms/epoch - 10ms/step
Epoch 162/800
17/17 - 0s - loss: 0.0818 - mae: 0.0818 - mse: 0.0126 - 176ms/epoch - 10ms/step
Epoch 163/800
17/17 - 0s - loss: 0.0827 - mae: 0.0827 - mse: 0.0119 - 176ms/epoch - 10ms/step
Epoch 164/800
17/17 - 0s - loss: 0.0801 - mae: 0.0801 - mse: 0.0108 - 175ms/epoch - 10ms/step
Epoch 165/800
17/17 - 0s - loss: 0.0727 - mae: 0.0727 - mse: 0.0103 - 175ms/epoch - 10ms/step
Epoch 166/800
17/17 - 0s - loss: 0.0773 - mae: 0.0773 - mse: 0.0108 - 175ms/epoch - 10ms/step
Epoch 167/800
17/17 - 0s - loss: 0.0805 - mae: 0.0805 - mse: 0.0118 - 175ms/epoch - 10ms/step
Epoch 168/800
17/17 - 0s - loss: 0.0843 - mae: 0.0843 - mse: 0.0124 - 176ms/epoch - 10ms/step
Epoch 169/800
17/17 - 0s - loss: 0.0783 - mae: 0.0783 - mse: 0.0113 - 175ms/epoch - 10ms/step
Epoch 170/800
17/17 - 0s - loss: 0.0734 - mae: 0.0734 - mse: 0.0101 - 175ms/epoch - 10ms/step
Epoch 171/800
17/17 - 0s - loss: 0.0720 - mae: 0.0720 - mse: 0.0095 - 175ms/epoch - 10ms/step
Epoch 172/800
17/17 - 0s - loss: 0.0759 - mae: 0.0759 - mse: 0.0104 - 175ms/epoch - 10ms/step
Epoch 173/800
17/17 - 0s - loss: 0.0931 - mae: 0.0931 - mse: 0.0145 - 175ms/epoch - 10ms/step
Epoch 174/800
17/17 - 0s - loss: 0.0796 - mae: 0.0796 - mse: 0.0117 - 175ms/epoch - 10ms/step
Epoch 175/800
17/17 - 0s - loss: 0.0764 - mae: 0.0764 - mse: 0.0106 - 175ms/epoch - 10ms/step
Epoch 176/800
17/17 - 0s - loss: 0.0705 - mae: 0.0705 - mse: 0.0089 - 178ms/epoch - 10ms/step
Epoch 177/800
17/17 - 0s - loss: 0.0828 - mae: 0.0828 - mse: 0.0120 - 176ms/epoch - 10ms/step
Epoch 178/800
17/17 - 0s - loss: 0.0819 - mae: 0.0819 - mse: 0.0114 - 176ms/epoch - 10ms/step
Epoch 179/800
17/17 - 0s - loss: 0.0801 - mae: 0.0801 - mse: 0.0113 - 175ms/epoch - 10ms/step
Epoch 180/800
17/17 - 0s - loss: 0.0786 - mae: 0.0786 - mse: 0.0110 - 175ms/epoch - 10ms/step
Epoch 181/800
17/17 - 0s - loss: 0.0859 - mae: 0.0859 - mse: 0.0125 - 175ms/epoch - 10ms/step
Epoch 182/800
17/17 - 0s - loss: 0.0767 - mae: 0.0767 - mse: 0.0102 - 175ms/epoch - 10ms/step
Epoch 183/800
17/17 - 0s - loss: 0.0727 - mae: 0.0727 - mse: 0.0091 - 175ms/epoch - 10ms/step
Epoch 184/800
17/17 - 0s - loss: 0.0710 - mae: 0.0710 - mse: 0.0091 - 175ms/epoch - 10ms/step
Epoch 185/800
17/17 - 0s - loss: 0.0728 - mae: 0.0728 - mse: 0.0090 - 175ms/epoch - 10ms/step
Epoch 186/800
17/17 - 0s - loss: 0.0759 - mae: 0.0759 - mse: 0.0098 - 175ms/epoch - 10ms/step
Epoch 187/800
17/17 - 0s - loss: 0.0751 - mae: 0.0751 - mse: 0.0099 - 175ms/epoch - 10ms/step
Epoch 188/800
17/17 - 0s - loss: 0.0759 - mae: 0.0759 - mse: 0.0101 - 175ms/epoch - 10ms/step
Epoch 189/800
17/17 - 0s - loss: 0.0716 - mae: 0.0716 - mse: 0.0093 - 177ms/epoch - 10ms/step
Epoch 190/800
17/17 - 0s - loss: 0.0795 - mae: 0.0795 - mse: 0.0107 - 176ms/epoch - 10ms/step
Epoch 191/800
17/17 - 0s - loss: 0.0787 - mae: 0.0787 - mse: 0.0113 - 176ms/epoch - 10ms/step
Epoch 192/800
17/17 - 0s - loss: 0.0738 - mae: 0.0738 - mse: 0.0103 - 175ms/epoch - 10ms/step
Epoch 193/800
17/17 - 0s - loss: 0.0711 - mae: 0.0711 - mse: 0.0086 - 175ms/epoch - 10ms/step
Epoch 194/800
17/17 - 0s - loss: 0.0648 - mae: 0.0648 - mse: 0.0076 - 175ms/epoch - 10ms/step
Epoch 195/800
17/17 - 0s - loss: 0.0697 - mae: 0.0697 - mse: 0.0087 - 175ms/epoch - 10ms/step
Epoch 196/800
17/17 - 0s - loss: 0.0714 - mae: 0.0714 - mse: 0.0093 - 175ms/epoch - 10ms/step
Epoch 197/800
17/17 - 0s - loss: 0.0718 - mae: 0.0718 - mse: 0.0091 - 175ms/epoch - 10ms/step
Epoch 198/800
17/17 - 0s - loss: 0.0674 - mae: 0.0674 - mse: 0.0082 - 175ms/epoch - 10ms/step
Epoch 199/800
17/17 - 0s - loss: 0.0625 - mae: 0.0625 - mse: 0.0068 - 175ms/epoch - 10ms/step
Epoch 200/800
17/17 - 0s - loss: 0.0726 - mae: 0.0726 - mse: 0.0092 - 175ms/epoch - 10ms/step
Epoch 201/800
17/17 - 0s - loss: 0.0714 - mae: 0.0714 - mse: 0.0092 - 175ms/epoch - 10ms/step
Epoch 202/800
17/17 - 0s - loss: 0.0753 - mae: 0.0753 - mse: 0.0098 - 175ms/epoch - 10ms/step
Epoch 203/800
17/17 - 0s - loss: 0.0645 - mae: 0.0645 - mse: 0.0074 - 175ms/epoch - 10ms/step
Epoch 204/800
17/17 - 0s - loss: 0.0664 - mae: 0.0664 - mse: 0.0079 - 175ms/epoch - 10ms/step
Epoch 205/800
17/17 - 0s - loss: 0.0740 - mae: 0.0740 - mse: 0.0093 - 175ms/epoch - 10ms/step
Epoch 206/800
17/17 - 0s - loss: 0.0655 - mae: 0.0655 - mse: 0.0075 - 175ms/epoch - 10ms/step
Epoch 207/800
17/17 - 0s - loss: 0.0594 - mae: 0.0594 - mse: 0.0065 - 175ms/epoch - 10ms/step
Epoch 208/800
17/17 - 0s - loss: 0.0594 - mae: 0.0594 - mse: 0.0062 - 175ms/epoch - 10ms/step
Epoch 209/800
17/17 - 0s - loss: 0.0680 - mae: 0.0680 - mse: 0.0082 - 175ms/epoch - 10ms/step
Epoch 210/800
17/17 - 0s - loss: 0.0688 - mae: 0.0688 - mse: 0.0085 - 175ms/epoch - 10ms/step
Epoch 211/800
17/17 - 0s - loss: 0.0670 - mae: 0.0670 - mse: 0.0080 - 175ms/epoch - 10ms/step
Epoch 212/800
17/17 - 0s - loss: 0.0659 - mae: 0.0659 - mse: 0.0080 - 175ms/epoch - 10ms/step
Epoch 213/800
17/17 - 0s - loss: 0.0744 - mae: 0.0744 - mse: 0.0096 - 175ms/epoch - 10ms/step
Epoch 214/800
17/17 - 0s - loss: 0.0644 - mae: 0.0644 - mse: 0.0074 - 175ms/epoch - 10ms/step
Epoch 215/800
17/17 - 0s - loss: 0.0615 - mae: 0.0615 - mse: 0.0066 - 175ms/epoch - 10ms/step
Epoch 216/800
17/17 - 0s - loss: 0.0656 - mae: 0.0656 - mse: 0.0079 - 176ms/epoch - 10ms/step
Epoch 217/800
17/17 - 0s - loss: 0.0686 - mae: 0.0686 - mse: 0.0081 - 176ms/epoch - 10ms/step
Epoch 218/800
17/17 - 0s - loss: 0.0674 - mae: 0.0674 - mse: 0.0078 - 176ms/epoch - 10ms/step
Epoch 219/800
17/17 - 0s - loss: 0.0761 - mae: 0.0761 - mse: 0.0097 - 176ms/epoch - 10ms/step
Epoch 220/800
17/17 - 0s - loss: 0.0740 - mae: 0.0740 - mse: 0.0092 - 176ms/epoch - 10ms/step
Epoch 221/800
17/17 - 0s - loss: 0.0687 - mae: 0.0687 - mse: 0.0078 - 176ms/epoch - 10ms/step
Epoch 222/800
17/17 - 0s - loss: 0.0692 - mae: 0.0692 - mse: 0.0081 - 175ms/epoch - 10ms/step
Epoch 223/800
17/17 - 0s - loss: 0.0663 - mae: 0.0663 - mse: 0.0074 - 175ms/epoch - 10ms/step
Epoch 224/800
17/17 - 0s - loss: 0.0722 - mae: 0.0722 - mse: 0.0091 - 175ms/epoch - 10ms/step
Epoch 225/800
17/17 - 0s - loss: 0.0653 - mae: 0.0653 - mse: 0.0081 - 175ms/epoch - 10ms/step
Epoch 226/800
17/17 - 0s - loss: 0.0653 - mae: 0.0653 - mse: 0.0073 - 175ms/epoch - 10ms/step
Epoch 227/800
17/17 - 0s - loss: 0.0672 - mae: 0.0672 - mse: 0.0077 - 175ms/epoch - 10ms/step
Epoch 228/800
17/17 - 0s - loss: 0.0604 - mae: 0.0604 - mse: 0.0065 - 175ms/epoch - 10ms/step
Epoch 229/800
17/17 - 0s - loss: 0.0657 - mae: 0.0657 - mse: 0.0073 - 175ms/epoch - 10ms/step
Epoch 230/800
17/17 - 0s - loss: 0.0607 - mae: 0.0607 - mse: 0.0068 - 175ms/epoch - 10ms/step
Epoch 231/800
17/17 - 0s - loss: 0.0636 - mae: 0.0636 - mse: 0.0068 - 175ms/epoch - 10ms/step
Epoch 232/800
17/17 - 0s - loss: 0.0633 - mae: 0.0633 - mse: 0.0069 - 175ms/epoch - 10ms/step
Epoch 233/800
17/17 - 0s - loss: 0.0593 - mae: 0.0593 - mse: 0.0062 - 175ms/epoch - 10ms/step
Epoch 234/800
17/17 - 0s - loss: 0.0562 - mae: 0.0562 - mse: 0.0056 - 175ms/epoch - 10ms/step
Epoch 235/800
17/17 - 0s - loss: 0.0573 - mae: 0.0573 - mse: 0.0060 - 176ms/epoch - 10ms/step
Epoch 236/800
17/17 - 0s - loss: 0.0552 - mae: 0.0552 - mse: 0.0056 - 175ms/epoch - 10ms/step
Epoch 237/800
17/17 - 0s - loss: 0.0635 - mae: 0.0635 - mse: 0.0070 - 175ms/epoch - 10ms/step
Epoch 238/800
17/17 - 0s - loss: 0.0593 - mae: 0.0593 - mse: 0.0060 - 175ms/epoch - 10ms/step
Epoch 239/800
17/17 - 0s - loss: 0.0596 - mae: 0.0596 - mse: 0.0063 - 175ms/epoch - 10ms/step
Epoch 240/800
17/17 - 0s - loss: 0.0554 - mae: 0.0554 - mse: 0.0055 - 175ms/epoch - 10ms/step
Epoch 241/800
17/17 - 0s - loss: 0.0515 - mae: 0.0515 - mse: 0.0048 - 175ms/epoch - 10ms/step
Epoch 242/800
17/17 - 0s - loss: 0.0545 - mae: 0.0545 - mse: 0.0052 - 175ms/epoch - 10ms/step
Epoch 243/800
17/17 - 0s - loss: 0.0561 - mae: 0.0561 - mse: 0.0055 - 175ms/epoch - 10ms/step
Epoch 244/800
17/17 - 0s - loss: 0.0527 - mae: 0.0527 - mse: 0.0049 - 177ms/epoch - 10ms/step
Epoch 245/800
17/17 - 0s - loss: 0.0614 - mae: 0.0614 - mse: 0.0064 - 176ms/epoch - 10ms/step
Epoch 246/800
17/17 - 0s - loss: 0.0578 - mae: 0.0578 - mse: 0.0059 - 175ms/epoch - 10ms/step
Epoch 247/800
17/17 - 0s - loss: 0.0603 - mae: 0.0603 - mse: 0.0066 - 175ms/epoch - 10ms/step
Epoch 248/800
17/17 - 0s - loss: 0.0539 - mae: 0.0539 - mse: 0.0051 - 175ms/epoch - 10ms/step
Epoch 249/800
17/17 - 0s - loss: 0.0566 - mae: 0.0566 - mse: 0.0058 - 177ms/epoch - 10ms/step
Epoch 250/800
17/17 - 0s - loss: 0.0635 - mae: 0.0635 - mse: 0.0067 - 176ms/epoch - 10ms/step
Epoch 251/800
17/17 - 0s - loss: 0.0510 - mae: 0.0510 - mse: 0.0046 - 175ms/epoch - 10ms/step
Epoch 252/800
17/17 - 0s - loss: 0.0589 - mae: 0.0589 - mse: 0.0065 - 175ms/epoch - 10ms/step
Epoch 253/800
17/17 - 0s - loss: 0.0623 - mae: 0.0623 - mse: 0.0069 - 175ms/epoch - 10ms/step
Epoch 254/800
17/17 - 0s - loss: 0.0582 - mae: 0.0582 - mse: 0.0060 - 175ms/epoch - 10ms/step
Epoch 255/800
17/17 - 0s - loss: 0.0533 - mae: 0.0533 - mse: 0.0050 - 175ms/epoch - 10ms/step
Epoch 256/800
17/17 - 0s - loss: 0.0550 - mae: 0.0550 - mse: 0.0054 - 175ms/epoch - 10ms/step
Epoch 257/800
17/17 - 0s - loss: 0.0557 - mae: 0.0557 - mse: 0.0056 - 175ms/epoch - 10ms/step
Epoch 258/800
17/17 - 0s - loss: 0.0616 - mae: 0.0616 - mse: 0.0066 - 176ms/epoch - 10ms/step
Epoch 259/800
17/17 - 0s - loss: 0.0583 - mae: 0.0583 - mse: 0.0058 - 176ms/epoch - 10ms/step
Epoch 260/800
17/17 - 0s - loss: 0.0616 - mae: 0.0616 - mse: 0.0065 - 175ms/epoch - 10ms/step
Epoch 261/800
17/17 - 0s - loss: 0.0557 - mae: 0.0557 - mse: 0.0056 - 175ms/epoch - 10ms/step
Epoch 262/800
17/17 - 0s - loss: 0.0523 - mae: 0.0523 - mse: 0.0052 - 175ms/epoch - 10ms/step
Epoch 263/800
17/17 - 0s - loss: 0.0527 - mae: 0.0527 - mse: 0.0048 - 176ms/epoch - 10ms/step
Epoch 264/800
17/17 - 0s - loss: 0.0669 - mae: 0.0669 - mse: 0.0074 - 175ms/epoch - 10ms/step
Epoch 265/800
17/17 - 0s - loss: 0.0487 - mae: 0.0487 - mse: 0.0043 - 175ms/epoch - 10ms/step
Epoch 266/800
17/17 - 0s - loss: 0.0523 - mae: 0.0523 - mse: 0.0048 - 175ms/epoch - 10ms/step
Epoch 267/800
17/17 - 0s - loss: 0.0540 - mae: 0.0540 - mse: 0.0053 - 175ms/epoch - 10ms/step
Epoch 268/800
17/17 - 0s - loss: 0.0529 - mae: 0.0529 - mse: 0.0048 - 175ms/epoch - 10ms/step
Epoch 269/800
17/17 - 0s - loss: 0.0548 - mae: 0.0548 - mse: 0.0052 - 175ms/epoch - 10ms/step
Epoch 270/800
17/17 - 0s - loss: 0.0535 - mae: 0.0535 - mse: 0.0051 - 175ms/epoch - 10ms/step
Epoch 271/800
17/17 - 0s - loss: 0.0539 - mae: 0.0539 - mse: 0.0051 - 176ms/epoch - 10ms/step
Epoch 272/800
17/17 - 0s - loss: 0.0614 - mae: 0.0614 - mse: 0.0063 - 177ms/epoch - 10ms/step
Epoch 273/800
17/17 - 0s - loss: 0.0618 - mae: 0.0618 - mse: 0.0063 - 176ms/epoch - 10ms/step
Epoch 274/800
17/17 - 0s - loss: 0.0607 - mae: 0.0607 - mse: 0.0061 - 175ms/epoch - 10ms/step
Epoch 275/800
17/17 - 0s - loss: 0.0570 - mae: 0.0570 - mse: 0.0058 - 175ms/epoch - 10ms/step
Epoch 276/800
17/17 - 0s - loss: 0.0542 - mae: 0.0542 - mse: 0.0053 - 175ms/epoch - 10ms/step
Epoch 277/800
17/17 - 0s - loss: 0.0509 - mae: 0.0509 - mse: 0.0045 - 175ms/epoch - 10ms/step
Epoch 278/800
17/17 - 0s - loss: 0.0582 - mae: 0.0582 - mse: 0.0059 - 175ms/epoch - 10ms/step
Epoch 279/800
17/17 - 0s - loss: 0.0575 - mae: 0.0575 - mse: 0.0058 - 175ms/epoch - 10ms/step
Epoch 280/800
17/17 - 0s - loss: 0.0581 - mae: 0.0581 - mse: 0.0057 - 175ms/epoch - 10ms/step
Epoch 281/800
17/17 - 0s - loss: 0.0487 - mae: 0.0487 - mse: 0.0044 - 175ms/epoch - 10ms/step
Epoch 282/800
17/17 - 0s - loss: 0.0506 - mae: 0.0506 - mse: 0.0047 - 175ms/epoch - 10ms/step
Epoch 283/800
17/17 - 0s - loss: 0.0492 - mae: 0.0492 - mse: 0.0043 - 175ms/epoch - 10ms/step
Epoch 284/800
17/17 - 0s - loss: 0.0513 - mae: 0.0513 - mse: 0.0048 - 175ms/epoch - 10ms/step
Epoch 285/800
17/17 - 0s - loss: 0.0561 - mae: 0.0561 - mse: 0.0054 - 175ms/epoch - 10ms/step
Epoch 286/800
17/17 - 0s - loss: 0.0441 - mae: 0.0441 - mse: 0.0035 - 175ms/epoch - 10ms/step
Epoch 287/800
17/17 - 0s - loss: 0.0444 - mae: 0.0444 - mse: 0.0035 - 175ms/epoch - 10ms/step
Epoch 288/800
17/17 - 0s - loss: 0.0480 - mae: 0.0480 - mse: 0.0041 - 175ms/epoch - 10ms/step
Epoch 289/800
17/17 - 0s - loss: 0.0529 - mae: 0.0529 - mse: 0.0049 - 175ms/epoch - 10ms/step
Epoch 290/800
17/17 - 0s - loss: 0.0547 - mae: 0.0547 - mse: 0.0049 - 175ms/epoch - 10ms/step
Epoch 291/800
17/17 - 0s - loss: 0.0582 - mae: 0.0582 - mse: 0.0058 - 175ms/epoch - 10ms/step
Epoch 292/800
17/17 - 0s - loss: 0.0493 - mae: 0.0493 - mse: 0.0042 - 175ms/epoch - 10ms/step
Epoch 293/800
17/17 - 0s - loss: 0.0492 - mae: 0.0492 - mse: 0.0045 - 175ms/epoch - 10ms/step
Epoch 294/800
17/17 - 0s - loss: 0.0493 - mae: 0.0493 - mse: 0.0044 - 175ms/epoch - 10ms/step
Epoch 295/800
17/17 - 0s - loss: 0.0612 - mae: 0.0612 - mse: 0.0061 - 175ms/epoch - 10ms/step
Epoch 296/800
17/17 - 0s - loss: 0.0514 - mae: 0.0514 - mse: 0.0045 - 175ms/epoch - 10ms/step
Epoch 297/800
17/17 - 0s - loss: 0.0497 - mae: 0.0497 - mse: 0.0043 - 175ms/epoch - 10ms/step
Epoch 298/800
17/17 - 0s - loss: 0.0465 - mae: 0.0465 - mse: 0.0040 - 175ms/epoch - 10ms/step
Epoch 299/800
17/17 - 0s - loss: 0.0480 - mae: 0.0480 - mse: 0.0042 - 177ms/epoch - 10ms/step
Epoch 300/800
17/17 - 0s - loss: 0.0470 - mae: 0.0470 - mse: 0.0038 - 176ms/epoch - 10ms/step
Epoch 301/800
17/17 - 0s - loss: 0.0468 - mae: 0.0468 - mse: 0.0038 - 176ms/epoch - 10ms/step
Epoch 302/800
17/17 - 0s - loss: 0.0399 - mae: 0.0399 - mse: 0.0029 - 175ms/epoch - 10ms/step
Epoch 303/800
17/17 - 0s - loss: 0.0392 - mae: 0.0392 - mse: 0.0030 - 175ms/epoch - 10ms/step
Epoch 304/800
17/17 - 0s - loss: 0.0480 - mae: 0.0480 - mse: 0.0042 - 176ms/epoch - 10ms/step
Epoch 305/800
17/17 - 0s - loss: 0.0464 - mae: 0.0464 - mse: 0.0038 - 176ms/epoch - 10ms/step
Epoch 306/800
17/17 - 0s - loss: 0.0474 - mae: 0.0474 - mse: 0.0039 - 176ms/epoch - 10ms/step
Epoch 307/800
17/17 - 0s - loss: 0.0465 - mae: 0.0465 - mse: 0.0039 - 176ms/epoch - 10ms/step
Epoch 308/800
17/17 - 0s - loss: 0.0442 - mae: 0.0442 - mse: 0.0034 - 175ms/epoch - 10ms/step
Epoch 309/800
17/17 - 0s - loss: 0.0458 - mae: 0.0458 - mse: 0.0039 - 175ms/epoch - 10ms/step
Epoch 310/800
17/17 - 0s - loss: 0.0478 - mae: 0.0478 - mse: 0.0041 - 176ms/epoch - 10ms/step
Epoch 311/800
17/17 - 0s - loss: 0.0427 - mae: 0.0427 - mse: 0.0033 - 175ms/epoch - 10ms/step
Epoch 312/800
17/17 - 0s - loss: 0.0477 - mae: 0.0477 - mse: 0.0041 - 175ms/epoch - 10ms/step
Epoch 313/800
17/17 - 0s - loss: 0.0542 - mae: 0.0542 - mse: 0.0051 - 175ms/epoch - 10ms/step
Epoch 314/800
17/17 - 0s - loss: 0.0477 - mae: 0.0477 - mse: 0.0039 - 175ms/epoch - 10ms/step
Epoch 315/800
17/17 - 0s - loss: 0.0492 - mae: 0.0492 - mse: 0.0044 - 175ms/epoch - 10ms/step
Epoch 316/800
17/17 - 0s - loss: 0.0462 - mae: 0.0462 - mse: 0.0036 - 175ms/epoch - 10ms/step
Epoch 317/800
17/17 - 0s - loss: 0.0464 - mae: 0.0464 - mse: 0.0038 - 175ms/epoch - 10ms/step
Epoch 318/800
17/17 - 0s - loss: 0.0459 - mae: 0.0459 - mse: 0.0038 - 175ms/epoch - 10ms/step
Epoch 319/800
17/17 - 0s - loss: 0.0521 - mae: 0.0521 - mse: 0.0047 - 175ms/epoch - 10ms/step
Epoch 320/800
17/17 - 0s - loss: 0.0446 - mae: 0.0446 - mse: 0.0035 - 175ms/epoch - 10ms/step
Epoch 321/800
17/17 - 0s - loss: 0.0506 - mae: 0.0506 - mse: 0.0044 - 175ms/epoch - 10ms/step
Epoch 322/800
17/17 - 0s - loss: 0.0624 - mae: 0.0624 - mse: 0.0069 - 175ms/epoch - 10ms/step
Epoch 323/800
17/17 - 0s - loss: 0.0514 - mae: 0.0514 - mse: 0.0048 - 175ms/epoch - 10ms/step
Epoch 324/800
17/17 - 0s - loss: 0.0422 - mae: 0.0422 - mse: 0.0033 - 175ms/epoch - 10ms/step
Epoch 325/800
17/17 - 0s - loss: 0.0390 - mae: 0.0390 - mse: 0.0027 - 175ms/epoch - 10ms/step
Epoch 326/800
17/17 - 0s - loss: 0.0414 - mae: 0.0414 - mse: 0.0031 - 175ms/epoch - 10ms/step
Epoch 327/800
17/17 - 0s - loss: 0.0394 - mae: 0.0394 - mse: 0.0028 - 177ms/epoch - 10ms/step
Epoch 328/800
17/17 - 0s - loss: 0.0425 - mae: 0.0425 - mse: 0.0032 - 176ms/epoch - 10ms/step
Epoch 329/800
17/17 - 0s - loss: 0.0482 - mae: 0.0482 - mse: 0.0039 - 176ms/epoch - 10ms/step
Epoch 330/800
17/17 - 0s - loss: 0.0421 - mae: 0.0421 - mse: 0.0032 - 175ms/epoch - 10ms/step
Epoch 331/800
17/17 - 0s - loss: 0.0475 - mae: 0.0475 - mse: 0.0040 - 176ms/epoch - 10ms/step
Epoch 332/800
17/17 - 0s - loss: 0.0555 - mae: 0.0555 - mse: 0.0053 - 175ms/epoch - 10ms/step
Epoch 333/800
17/17 - 0s - loss: 0.0469 - mae: 0.0469 - mse: 0.0037 - 175ms/epoch - 10ms/step
Epoch 334/800
17/17 - 0s - loss: 0.0437 - mae: 0.0437 - mse: 0.0033 - 176ms/epoch - 10ms/step
Epoch 335/800
17/17 - 0s - loss: 0.0402 - mae: 0.0402 - mse: 0.0029 - 175ms/epoch - 10ms/step
Epoch 336/800
17/17 - 0s - loss: 0.0492 - mae: 0.0492 - mse: 0.0042 - 175ms/epoch - 10ms/step
Epoch 337/800
17/17 - 0s - loss: 0.0411 - mae: 0.0411 - mse: 0.0030 - 175ms/epoch - 10ms/step
Epoch 338/800
17/17 - 0s - loss: 0.0381 - mae: 0.0381 - mse: 0.0026 - 175ms/epoch - 10ms/step
Epoch 339/800
17/17 - 0s - loss: 0.0448 - mae: 0.0448 - mse: 0.0036 - 175ms/epoch - 10ms/step
Epoch 340/800
17/17 - 0s - loss: 0.0450 - mae: 0.0450 - mse: 0.0036 - 175ms/epoch - 10ms/step
Epoch 341/800
17/17 - 0s - loss: 0.0421 - mae: 0.0421 - mse: 0.0031 - 175ms/epoch - 10ms/step
Epoch 342/800
17/17 - 0s - loss: 0.0466 - mae: 0.0466 - mse: 0.0038 - 175ms/epoch - 10ms/step
Epoch 343/800
17/17 - 0s - loss: 0.0444 - mae: 0.0444 - mse: 0.0035 - 175ms/epoch - 10ms/step
Epoch 344/800
17/17 - 0s - loss: 0.0501 - mae: 0.0501 - mse: 0.0043 - 175ms/epoch - 10ms/step
Epoch 345/800
17/17 - 0s - loss: 0.0474 - mae: 0.0474 - mse: 0.0037 - 175ms/epoch - 10ms/step
Epoch 346/800
17/17 - 0s - loss: 0.0445 - mae: 0.0445 - mse: 0.0034 - 175ms/epoch - 10ms/step
Epoch 347/800
17/17 - 0s - loss: 0.0419 - mae: 0.0419 - mse: 0.0031 - 175ms/epoch - 10ms/step
Epoch 348/800
17/17 - 0s - loss: 0.0392 - mae: 0.0392 - mse: 0.0027 - 175ms/epoch - 10ms/step
Epoch 349/800
17/17 - 0s - loss: 0.0371 - mae: 0.0371 - mse: 0.0026 - 175ms/epoch - 10ms/step
Epoch 350/800
17/17 - 0s - loss: 0.0412 - mae: 0.0412 - mse: 0.0031 - 175ms/epoch - 10ms/step
Epoch 351/800
17/17 - 0s - loss: 0.0381 - mae: 0.0381 - mse: 0.0027 - 175ms/epoch - 10ms/step
Epoch 352/800
17/17 - 0s - loss: 0.0409 - mae: 0.0409 - mse: 0.0030 - 175ms/epoch - 10ms/step
Epoch 353/800
17/17 - 0s - loss: 0.0358 - mae: 0.0358 - mse: 0.0024 - 175ms/epoch - 10ms/step
Epoch 354/800
17/17 - 0s - loss: 0.0401 - mae: 0.0401 - mse: 0.0029 - 176ms/epoch - 10ms/step
Epoch 355/800
17/17 - 0s - loss: 0.0450 - mae: 0.0450 - mse: 0.0035 - 177ms/epoch - 10ms/step
Epoch 356/800
17/17 - 0s - loss: 0.0481 - mae: 0.0481 - mse: 0.0038 - 176ms/epoch - 10ms/step
Epoch 357/800
17/17 - 0s - loss: 0.0420 - mae: 0.0420 - mse: 0.0032 - 175ms/epoch - 10ms/step
Epoch 358/800
17/17 - 0s - loss: 0.0419 - mae: 0.0419 - mse: 0.0031 - 175ms/epoch - 10ms/step
Epoch 359/800
17/17 - 0s - loss: 0.0404 - mae: 0.0404 - mse: 0.0030 - 175ms/epoch - 10ms/step
Epoch 360/800
17/17 - 0s - loss: 0.0374 - mae: 0.0374 - mse: 0.0026 - 175ms/epoch - 10ms/step
Epoch 361/800
17/17 - 0s - loss: 0.0411 - mae: 0.0411 - mse: 0.0028 - 175ms/epoch - 10ms/step
Epoch 362/800
17/17 - 0s - loss: 0.0440 - mae: 0.0440 - mse: 0.0034 - 175ms/epoch - 10ms/step
Epoch 363/800
17/17 - 0s - loss: 0.0388 - mae: 0.0388 - mse: 0.0028 - 175ms/epoch - 10ms/step
Epoch 364/800
17/17 - 0s - loss: 0.0419 - mae: 0.0419 - mse: 0.0033 - 175ms/epoch - 10ms/step
Epoch 365/800
17/17 - 0s - loss: 0.0408 - mae: 0.0408 - mse: 0.0030 - 175ms/epoch - 10ms/step
Epoch 366/800
17/17 - 0s - loss: 0.0375 - mae: 0.0375 - mse: 0.0026 - 175ms/epoch - 10ms/step
Epoch 367/800
17/17 - 0s - loss: 0.0403 - mae: 0.0403 - mse: 0.0031 - 175ms/epoch - 10ms/step
Epoch 368/800
17/17 - 0s - loss: 0.0411 - mae: 0.0411 - mse: 0.0030 - 175ms/epoch - 10ms/step
Epoch 369/800
17/17 - 0s - loss: 0.0393 - mae: 0.0393 - mse: 0.0027 - 175ms/epoch - 10ms/step
Epoch 370/800
17/17 - 0s - loss: 0.0347 - mae: 0.0347 - mse: 0.0022 - 175ms/epoch - 10ms/step
Epoch 371/800
17/17 - 0s - loss: 0.0408 - mae: 0.0408 - mse: 0.0030 - 175ms/epoch - 10ms/step
Epoch 372/800
17/17 - 0s - loss: 0.0382 - mae: 0.0382 - mse: 0.0027 - 175ms/epoch - 10ms/step
Epoch 373/800
17/17 - 0s - loss: 0.0349 - mae: 0.0349 - mse: 0.0022 - 175ms/epoch - 10ms/step
Epoch 374/800
17/17 - 0s - loss: 0.0341 - mae: 0.0341 - mse: 0.0021 - 175ms/epoch - 10ms/step
Epoch 375/800
17/17 - 0s - loss: 0.0368 - mae: 0.0368 - mse: 0.0024 - 175ms/epoch - 10ms/step
Epoch 376/800
17/17 - 0s - loss: 0.0391 - mae: 0.0391 - mse: 0.0027 - 175ms/epoch - 10ms/step
Epoch 377/800
17/17 - 0s - loss: 0.0378 - mae: 0.0378 - mse: 0.0025 - 175ms/epoch - 10ms/step
Epoch 378/800
17/17 - 0s - loss: 0.0363 - mae: 0.0363 - mse: 0.0023 - 175ms/epoch - 10ms/step
Epoch 379/800
17/17 - 0s - loss: 0.0327 - mae: 0.0327 - mse: 0.0020 - 175ms/epoch - 10ms/step
Epoch 380/800
17/17 - 0s - loss: 0.0323 - mae: 0.0323 - mse: 0.0019 - 175ms/epoch - 10ms/step
Epoch 381/800
17/17 - 0s - loss: 0.0326 - mae: 0.0326 - mse: 0.0019 - 175ms/epoch - 10ms/step
Epoch 382/800
17/17 - 0s - loss: 0.0330 - mae: 0.0330 - mse: 0.0020 - 177ms/epoch - 10ms/step
Epoch 383/800
17/17 - 0s - loss: 0.0334 - mae: 0.0334 - mse: 0.0021 - 176ms/epoch - 10ms/step
Epoch 384/800
17/17 - 0s - loss: 0.0334 - mae: 0.0334 - mse: 0.0020 - 176ms/epoch - 10ms/step
Epoch 385/800
17/17 - 0s - loss: 0.0361 - mae: 0.0361 - mse: 0.0024 - 176ms/epoch - 10ms/step
Epoch 386/800
17/17 - 0s - loss: 0.0329 - mae: 0.0329 - mse: 0.0021 - 176ms/epoch - 10ms/step
Epoch 387/800
17/17 - 0s - loss: 0.0321 - mae: 0.0321 - mse: 0.0020 - 175ms/epoch - 10ms/step
Epoch 388/800
17/17 - 0s - loss: 0.0358 - mae: 0.0358 - mse: 0.0024 - 175ms/epoch - 10ms/step
Epoch 389/800
17/17 - 0s - loss: 0.0378 - mae: 0.0378 - mse: 0.0025 - 175ms/epoch - 10ms/step
Epoch 390/800
17/17 - 0s - loss: 0.0383 - mae: 0.0383 - mse: 0.0026 - 175ms/epoch - 10ms/step
Epoch 391/800
17/17 - 0s - loss: 0.0360 - mae: 0.0360 - mse: 0.0024 - 177ms/epoch - 10ms/step
Epoch 392/800
17/17 - 0s - loss: 0.0353 - mae: 0.0353 - mse: 0.0023 - 175ms/epoch - 10ms/step
Epoch 393/800
17/17 - 0s - loss: 0.0405 - mae: 0.0405 - mse: 0.0028 - 176ms/epoch - 10ms/step
Epoch 394/800
17/17 - 0s - loss: 0.0452 - mae: 0.0452 - mse: 0.0036 - 175ms/epoch - 10ms/step
Epoch 395/800
17/17 - 0s - loss: 0.0405 - mae: 0.0405 - mse: 0.0029 - 175ms/epoch - 10ms/step
Epoch 396/800
17/17 - 0s - loss: 0.0326 - mae: 0.0326 - mse: 0.0020 - 175ms/epoch - 10ms/step
Epoch 397/800
17/17 - 0s - loss: 0.0298 - mae: 0.0298 - mse: 0.0017 - 175ms/epoch - 10ms/step
Epoch 398/800
17/17 - 0s - loss: 0.0299 - mae: 0.0299 - mse: 0.0017 - 175ms/epoch - 10ms/step
Epoch 399/800
17/17 - 0s - loss: 0.0309 - mae: 0.0309 - mse: 0.0019 - 175ms/epoch - 10ms/step
Epoch 400/800
17/17 - 0s - loss: 0.0301 - mae: 0.0301 - mse: 0.0018 - 175ms/epoch - 10ms/step
Epoch 401/800
17/17 - 0s - loss: 0.0310 - mae: 0.0310 - mse: 0.0018 - 175ms/epoch - 10ms/step
Epoch 402/800
17/17 - 0s - loss: 0.0326 - mae: 0.0326 - mse: 0.0020 - 175ms/epoch - 10ms/step
Epoch 403/800
17/17 - 0s - loss: 0.0336 - mae: 0.0336 - mse: 0.0021 - 175ms/epoch - 10ms/step
Epoch 404/800
17/17 - 0s - loss: 0.0296 - mae: 0.0296 - mse: 0.0017 - 175ms/epoch - 10ms/step
Epoch 405/800
17/17 - 0s - loss: 0.0351 - mae: 0.0351 - mse: 0.0022 - 175ms/epoch - 10ms/step
Epoch 406/800
17/17 - 0s - loss: 0.0326 - mae: 0.0326 - mse: 0.0020 - 176ms/epoch - 10ms/step
Epoch 407/800
17/17 - 0s - loss: 0.0314 - mae: 0.0314 - mse: 0.0019 - 175ms/epoch - 10ms/step
Epoch 408/800
17/17 - 0s - loss: 0.0272 - mae: 0.0272 - mse: 0.0016 - 175ms/epoch - 10ms/step
Epoch 409/800
17/17 - 0s - loss: 0.0322 - mae: 0.0322 - mse: 0.0020 - 175ms/epoch - 10ms/step
Epoch 410/800
17/17 - 0s - loss: 0.0321 - mae: 0.0321 - mse: 0.0021 - 177ms/epoch - 10ms/step
Epoch 411/800
17/17 - 0s - loss: 0.0285 - mae: 0.0285 - mse: 0.0016 - 175ms/epoch - 10ms/step
Epoch 412/800
17/17 - 0s - loss: 0.0335 - mae: 0.0335 - mse: 0.0021 - 175ms/epoch - 10ms/step
Epoch 413/800
17/17 - 0s - loss: 0.0302 - mae: 0.0302 - mse: 0.0017 - 176ms/epoch - 10ms/step
Epoch 414/800
17/17 - 0s - loss: 0.0306 - mae: 0.0306 - mse: 0.0018 - 176ms/epoch - 10ms/step
Epoch 415/800
17/17 - 0s - loss: 0.0307 - mae: 0.0307 - mse: 0.0018 - 175ms/epoch - 10ms/step
Epoch 416/800
17/17 - 0s - loss: 0.0338 - mae: 0.0338 - mse: 0.0023 - 175ms/epoch - 10ms/step
Epoch 417/800
17/17 - 0s - loss: 0.0349 - mae: 0.0349 - mse: 0.0022 - 175ms/epoch - 10ms/step
Epoch 418/800
17/17 - 0s - loss: 0.0327 - mae: 0.0327 - mse: 0.0021 - 175ms/epoch - 10ms/step
Epoch 419/800
17/17 - 0s - loss: 0.0352 - mae: 0.0352 - mse: 0.0023 - 175ms/epoch - 10ms/step
Epoch 420/800
17/17 - 0s - loss: 0.0324 - mae: 0.0324 - mse: 0.0021 - 175ms/epoch - 10ms/step
Epoch 421/800
17/17 - 0s - loss: 0.0316 - mae: 0.0316 - mse: 0.0019 - 175ms/epoch - 10ms/step
Epoch 422/800
17/17 - 0s - loss: 0.0325 - mae: 0.0325 - mse: 0.0020 - 175ms/epoch - 10ms/step
Epoch 423/800
17/17 - 0s - loss: 0.0341 - mae: 0.0341 - mse: 0.0022 - 175ms/epoch - 10ms/step
Epoch 424/800
17/17 - 0s - loss: 0.0353 - mae: 0.0353 - mse: 0.0022 - 175ms/epoch - 10ms/step
Epoch 425/800
17/17 - 0s - loss: 0.0358 - mae: 0.0358 - mse: 0.0023 - 175ms/epoch - 10ms/step
Epoch 426/800
17/17 - 0s - loss: 0.0288 - mae: 0.0288 - mse: 0.0016 - 175ms/epoch - 10ms/step
Epoch 427/800
17/17 - 0s - loss: 0.0330 - mae: 0.0330 - mse: 0.0020 - 175ms/epoch - 10ms/step
Epoch 428/800
17/17 - 0s - loss: 0.0306 - mae: 0.0306 - mse: 0.0017 - 175ms/epoch - 10ms/step
Epoch 429/800
17/17 - 0s - loss: 0.0283 - mae: 0.0283 - mse: 0.0016 - 175ms/epoch - 10ms/step
Epoch 430/800
17/17 - 0s - loss: 0.0285 - mae: 0.0285 - mse: 0.0016 - 175ms/epoch - 10ms/step
Epoch 431/800
17/17 - 0s - loss: 0.0314 - mae: 0.0314 - mse: 0.0018 - 175ms/epoch - 10ms/step
Epoch 432/800
17/17 - 0s - loss: 0.0291 - mae: 0.0291 - mse: 0.0017 - 175ms/epoch - 10ms/step
Epoch 433/800
17/17 - 0s - loss: 0.0289 - mae: 0.0289 - mse: 0.0016 - 175ms/epoch - 10ms/step
Epoch 434/800
17/17 - 0s - loss: 0.0309 - mae: 0.0309 - mse: 0.0019 - 175ms/epoch - 10ms/step
Epoch 435/800
17/17 - 0s - loss: 0.0338 - mae: 0.0338 - mse: 0.0021 - 175ms/epoch - 10ms/step
Epoch 436/800
17/17 - 0s - loss: 0.0293 - mae: 0.0293 - mse: 0.0017 - 175ms/epoch - 10ms/step
Epoch 437/800
17/17 - 0s - loss: 0.0287 - mae: 0.0287 - mse: 0.0016 - 177ms/epoch - 10ms/step
Epoch 438/800
17/17 - 0s - loss: 0.0315 - mae: 0.0315 - mse: 0.0019 - 176ms/epoch - 10ms/step
Epoch 439/800
17/17 - 0s - loss: 0.0285 - mae: 0.0285 - mse: 0.0016 - 176ms/epoch - 10ms/step
Epoch 440/800
17/17 - 0s - loss: 0.0266 - mae: 0.0266 - mse: 0.0014 - 176ms/epoch - 10ms/step
Epoch 441/800
17/17 - 0s - loss: 0.0306 - mae: 0.0306 - mse: 0.0018 - 176ms/epoch - 10ms/step
Epoch 442/800
17/17 - 0s - loss: 0.0293 - mae: 0.0293 - mse: 0.0017 - 175ms/epoch - 10ms/step
Epoch 443/800
17/17 - 0s - loss: 0.0343 - mae: 0.0343 - mse: 0.0021 - 175ms/epoch - 10ms/step
Epoch 444/800
17/17 - 0s - loss: 0.0356 - mae: 0.0356 - mse: 0.0022 - 175ms/epoch - 10ms/step
Epoch 445/800
17/17 - 0s - loss: 0.0366 - mae: 0.0366 - mse: 0.0025 - 175ms/epoch - 10ms/step
Epoch 446/800
17/17 - 0s - loss: 0.0332 - mae: 0.0332 - mse: 0.0021 - 175ms/epoch - 10ms/step
Epoch 447/800
17/17 - 0s - loss: 0.0281 - mae: 0.0281 - mse: 0.0016 - 175ms/epoch - 10ms/step
Epoch 448/800
17/17 - 0s - loss: 0.0334 - mae: 0.0334 - mse: 0.0022 - 175ms/epoch - 10ms/step
Epoch 449/800
17/17 - 0s - loss: 0.0292 - mae: 0.0292 - mse: 0.0016 - 175ms/epoch - 10ms/step
Epoch 450/800
17/17 - 0s - loss: 0.0286 - mae: 0.0286 - mse: 0.0016 - 175ms/epoch - 10ms/step
Epoch 451/800
17/17 - 0s - loss: 0.0315 - mae: 0.0315 - mse: 0.0019 - 176ms/epoch - 10ms/step
Epoch 452/800
17/17 - 0s - loss: 0.0293 - mae: 0.0293 - mse: 0.0016 - 175ms/epoch - 10ms/step
Epoch 453/800
17/17 - 0s - loss: 0.0343 - mae: 0.0343 - mse: 0.0021 - 175ms/epoch - 10ms/step
Epoch 454/800
17/17 - 0s - loss: 0.0300 - mae: 0.0300 - mse: 0.0017 - 175ms/epoch - 10ms/step
Epoch 455/800
17/17 - 0s - loss: 0.0288 - mae: 0.0288 - mse: 0.0016 - 175ms/epoch - 10ms/step
Epoch 456/800
17/17 - 0s - loss: 0.0262 - mae: 0.0262 - mse: 0.0013 - 175ms/epoch - 10ms/step
Epoch 457/800
17/17 - 0s - loss: 0.0249 - mae: 0.0249 - mse: 0.0013 - 175ms/epoch - 10ms/step
Epoch 458/800
17/17 - 0s - loss: 0.0246 - mae: 0.0246 - mse: 0.0013 - 175ms/epoch - 10ms/step
Epoch 459/800
17/17 - 0s - loss: 0.0244 - mae: 0.0244 - mse: 0.0013 - 175ms/epoch - 10ms/step
Epoch 460/800
17/17 - 0s - loss: 0.0252 - mae: 0.0252 - mse: 0.0014 - 175ms/epoch - 10ms/step
Epoch 461/800
17/17 - 0s - loss: 0.0240 - mae: 0.0240 - mse: 0.0012 - 175ms/epoch - 10ms/step
Epoch 462/800
17/17 - 0s - loss: 0.0253 - mae: 0.0253 - mse: 0.0013 - 175ms/epoch - 10ms/step
Epoch 463/800
17/17 - 0s - loss: 0.0340 - mae: 0.0340 - mse: 0.0021 - 175ms/epoch - 10ms/step
Epoch 464/800
17/17 - 0s - loss: 0.0308 - mae: 0.0308 - mse: 0.0018 - 175ms/epoch - 10ms/step
Epoch 465/800
17/17 - 0s - loss: 0.0293 - mae: 0.0293 - mse: 0.0016 - 177ms/epoch - 10ms/step
Epoch 466/800
17/17 - 0s - loss: 0.0266 - mae: 0.0266 - mse: 0.0014 - 176ms/epoch - 10ms/step
Epoch 467/800
17/17 - 0s - loss: 0.0318 - mae: 0.0318 - mse: 0.0019 - 175ms/epoch - 10ms/step
Epoch 468/800
17/17 - 0s - loss: 0.0297 - mae: 0.0297 - mse: 0.0017 - 175ms/epoch - 10ms/step
Epoch 469/800
17/17 - 0s - loss: 0.0271 - mae: 0.0271 - mse: 0.0014 - 175ms/epoch - 10ms/step
Epoch 470/800
17/17 - 0s - loss: 0.0269 - mae: 0.0269 - mse: 0.0015 - 175ms/epoch - 10ms/step
Epoch 471/800
17/17 - 0s - loss: 0.0262 - mae: 0.0262 - mse: 0.0014 - 175ms/epoch - 10ms/step
Epoch 472/800
17/17 - 0s - loss: 0.0345 - mae: 0.0345 - mse: 0.0021 - 175ms/epoch - 10ms/step
Epoch 473/800
17/17 - 0s - loss: 0.0272 - mae: 0.0272 - mse: 0.0015 - 176ms/epoch - 10ms/step
Epoch 474/800
17/17 - 0s - loss: 0.0292 - mae: 0.0292 - mse: 0.0017 - 175ms/epoch - 10ms/step
Epoch 475/800
17/17 - 0s - loss: 0.0283 - mae: 0.0283 - mse: 0.0016 - 175ms/epoch - 10ms/step
Epoch 476/800
17/17 - 0s - loss: 0.0271 - mae: 0.0271 - mse: 0.0014 - 175ms/epoch - 10ms/step
Epoch 477/800
17/17 - 0s - loss: 0.0278 - mae: 0.0278 - mse: 0.0015 - 176ms/epoch - 10ms/step
Epoch 478/800
17/17 - 0s - loss: 0.0258 - mae: 0.0258 - mse: 0.0014 - 175ms/epoch - 10ms/step
Epoch 479/800
17/17 - 0s - loss: 0.0234 - mae: 0.0234 - mse: 0.0012 - 175ms/epoch - 10ms/step
Epoch 480/800
17/17 - 0s - loss: 0.0306 - mae: 0.0306 - mse: 0.0017 - 175ms/epoch - 10ms/step
Epoch 481/800
17/17 - 0s - loss: 0.0271 - mae: 0.0271 - mse: 0.0015 - 175ms/epoch - 10ms/step
Epoch 482/800
17/17 - 0s - loss: 0.0252 - mae: 0.0252 - mse: 0.0013 - 175ms/epoch - 10ms/step
Epoch 483/800
17/17 - 0s - loss: 0.0278 - mae: 0.0278 - mse: 0.0015 - 175ms/epoch - 10ms/step
Epoch 484/800
17/17 - 0s - loss: 0.0267 - mae: 0.0267 - mse: 0.0015 - 175ms/epoch - 10ms/step
Epoch 485/800
17/17 - 0s - loss: 0.0249 - mae: 0.0249 - mse: 0.0013 - 175ms/epoch - 10ms/step
Epoch 486/800
17/17 - 0s - loss: 0.0295 - mae: 0.0295 - mse: 0.0017 - 175ms/epoch - 10ms/step
Epoch 487/800
17/17 - 0s - loss: 0.0283 - mae: 0.0283 - mse: 0.0016 - 175ms/epoch - 10ms/step
Epoch 488/800
17/17 - 0s - loss: 0.0333 - mae: 0.0333 - mse: 0.0021 - 175ms/epoch - 10ms/step
Epoch 489/800
17/17 - 0s - loss: 0.0318 - mae: 0.0318 - mse: 0.0019 - 175ms/epoch - 10ms/step
Epoch 490/800
17/17 - 0s - loss: 0.0287 - mae: 0.0287 - mse: 0.0017 - 175ms/epoch - 10ms/step
Epoch 491/800
17/17 - 0s - loss: 0.0258 - mae: 0.0258 - mse: 0.0014 - 175ms/epoch - 10ms/step
Epoch 492/800
17/17 - 0s - loss: 0.0247 - mae: 0.0247 - mse: 0.0013 - 176ms/epoch - 10ms/step
Epoch 493/800
17/17 - 0s - loss: 0.0250 - mae: 0.0250 - mse: 0.0012 - 176ms/epoch - 10ms/step
Epoch 494/800
17/17 - 0s - loss: 0.0256 - mae: 0.0256 - mse: 0.0013 - 176ms/epoch - 10ms/step
Epoch 495/800
17/17 - 0s - loss: 0.0284 - mae: 0.0284 - mse: 0.0016 - 176ms/epoch - 10ms/step
Epoch 496/800
17/17 - 0s - loss: 0.0243 - mae: 0.0243 - mse: 0.0012 - 175ms/epoch - 10ms/step
Epoch 497/800
17/17 - 0s - loss: 0.0249 - mae: 0.0249 - mse: 0.0012 - 175ms/epoch - 10ms/step
Epoch 498/800
17/17 - 0s - loss: 0.0278 - mae: 0.0278 - mse: 0.0015 - 175ms/epoch - 10ms/step
Epoch 499/800
17/17 - 0s - loss: 0.0282 - mae: 0.0282 - mse: 0.0016 - 175ms/epoch - 10ms/step
Epoch 500/800
17/17 - 0s - loss: 0.0295 - mae: 0.0295 - mse: 0.0016 - 175ms/epoch - 10ms/step
Epoch 501/800
17/17 - 0s - loss: 0.0291 - mae: 0.0291 - mse: 0.0016 - 175ms/epoch - 10ms/step
Epoch 502/800
17/17 - 0s - loss: 0.0335 - mae: 0.0335 - mse: 0.0021 - 175ms/epoch - 10ms/step
Epoch 503/800
17/17 - 0s - loss: 0.0272 - mae: 0.0272 - mse: 0.0015 - 175ms/epoch - 10ms/step
Epoch 504/800
17/17 - 0s - loss: 0.0238 - mae: 0.0238 - mse: 0.0012 - 175ms/epoch - 10ms/step
Epoch 505/800
17/17 - 0s - loss: 0.0232 - mae: 0.0232 - mse: 0.0012 - 175ms/epoch - 10ms/step
Epoch 506/800
17/17 - 0s - loss: 0.0255 - mae: 0.0255 - mse: 0.0013 - 175ms/epoch - 10ms/step
Epoch 507/800
17/17 - 0s - loss: 0.0245 - mae: 0.0245 - mse: 0.0012 - 175ms/epoch - 10ms/step
Epoch 508/800
17/17 - 0s - loss: 0.0243 - mae: 0.0243 - mse: 0.0013 - 175ms/epoch - 10ms/step
Epoch 509/800
17/17 - 0s - loss: 0.0242 - mae: 0.0242 - mse: 0.0011 - 175ms/epoch - 10ms/step
Epoch 510/800
17/17 - 0s - loss: 0.0229 - mae: 0.0229 - mse: 0.0011 - 175ms/epoch - 10ms/step
Epoch 511/800
17/17 - 0s - loss: 0.0242 - mae: 0.0242 - mse: 0.0012 - 175ms/epoch - 10ms/step
Epoch 512/800
17/17 - 0s - loss: 0.0252 - mae: 0.0252 - mse: 0.0013 - 175ms/epoch - 10ms/step
Epoch 513/800
17/17 - 0s - loss: 0.0213 - mae: 0.0213 - mse: 0.0010 - 175ms/epoch - 10ms/step
Epoch 514/800
17/17 - 0s - loss: 0.0263 - mae: 0.0263 - mse: 0.0014 - 175ms/epoch - 10ms/step
Epoch 515/800
17/17 - 0s - loss: 0.0295 - mae: 0.0295 - mse: 0.0016 - 175ms/epoch - 10ms/step
Epoch 516/800
17/17 - 0s - loss: 0.0294 - mae: 0.0294 - mse: 0.0017 - 175ms/epoch - 10ms/step
Epoch 517/800
17/17 - 0s - loss: 0.0301 - mae: 0.0301 - mse: 0.0017 - 175ms/epoch - 10ms/step
Epoch 518/800
17/17 - 0s - loss: 0.0232 - mae: 0.0232 - mse: 0.0012 - 175ms/epoch - 10ms/step
Epoch 519/800
17/17 - 0s - loss: 0.0219 - mae: 0.0219 - mse: 0.0010 - 175ms/epoch - 10ms/step
Epoch 520/800
17/17 - 0s - loss: 0.0219 - mae: 0.0219 - mse: 0.0010 - 178ms/epoch - 10ms/step
Epoch 521/800
17/17 - 0s - loss: 0.0226 - mae: 0.0226 - mse: 0.0011 - 176ms/epoch - 10ms/step
Epoch 522/800
17/17 - 0s - loss: 0.0274 - mae: 0.0274 - mse: 0.0015 - 176ms/epoch - 10ms/step
Epoch 523/800
17/17 - 0s - loss: 0.0225 - mae: 0.0225 - mse: 0.0011 - 177ms/epoch - 10ms/step
Epoch 524/800
17/17 - 0s - loss: 0.0230 - mae: 0.0230 - mse: 0.0012 - 176ms/epoch - 10ms/step
Epoch 525/800
17/17 - 0s - loss: 0.0204 - mae: 0.0204 - mse: 0.0010 - 176ms/epoch - 10ms/step
Epoch 526/800
17/17 - 0s - loss: 0.0234 - mae: 0.0234 - mse: 0.0011 - 176ms/epoch - 10ms/step
Epoch 527/800
17/17 - 0s - loss: 0.0214 - mae: 0.0214 - mse: 0.0010 - 175ms/epoch - 10ms/step
Epoch 528/800
17/17 - 0s - loss: 0.0227 - mae: 0.0227 - mse: 0.0012 - 175ms/epoch - 10ms/step
Epoch 529/800
17/17 - 0s - loss: 0.0216 - mae: 0.0216 - mse: 0.0011 - 175ms/epoch - 10ms/step
Epoch 530/800
17/17 - 0s - loss: 0.0231 - mae: 0.0231 - mse: 0.0011 - 175ms/epoch - 10ms/step
Epoch 531/800
17/17 - 0s - loss: 0.0261 - mae: 0.0261 - mse: 0.0013 - 175ms/epoch - 10ms/step
Epoch 532/800
17/17 - 0s - loss: 0.0286 - mae: 0.0286 - mse: 0.0016 - 175ms/epoch - 10ms/step
Epoch 533/800
17/17 - 0s - loss: 0.0251 - mae: 0.0251 - mse: 0.0012 - 175ms/epoch - 10ms/step
Epoch 534/800
17/17 - 0s - loss: 0.0240 - mae: 0.0240 - mse: 0.0012 - 175ms/epoch - 10ms/step
Epoch 535/800
17/17 - 0s - loss: 0.0229 - mae: 0.0229 - mse: 0.0012 - 175ms/epoch - 10ms/step
Epoch 536/800
17/17 - 0s - loss: 0.0219 - mae: 0.0219 - mse: 0.0011 - 175ms/epoch - 10ms/step
Epoch 537/800
17/17 - 0s - loss: 0.0203 - mae: 0.0203 - mse: 9.7267e-04 - 175ms/epoch - 10ms/step
Epoch 538/800
17/17 - 0s - loss: 0.0213 - mae: 0.0213 - mse: 0.0010 - 175ms/epoch - 10ms/step
Epoch 539/800
17/17 - 0s - loss: 0.0190 - mae: 0.0190 - mse: 9.1986e-04 - 175ms/epoch - 10ms/step
Epoch 540/800
17/17 - 0s - loss: 0.0183 - mae: 0.0183 - mse: 8.2202e-04 - 175ms/epoch - 10ms/step
Epoch 541/800
17/17 - 0s - loss: 0.0177 - mae: 0.0177 - mse: 8.4319e-04 - 175ms/epoch - 10ms/step
Epoch 542/800
17/17 - 0s - loss: 0.0213 - mae: 0.0213 - mse: 0.0010 - 175ms/epoch - 10ms/step
Epoch 543/800
17/17 - 0s - loss: 0.0245 - mae: 0.0245 - mse: 0.0013 - 175ms/epoch - 10ms/step
Epoch 544/800
17/17 - 0s - loss: 0.0237 - mae: 0.0237 - mse: 0.0011 - 175ms/epoch - 10ms/step
Epoch 545/800
17/17 - 0s - loss: 0.0200 - mae: 0.0200 - mse: 9.9753e-04 - 175ms/epoch - 10ms/step
Epoch 546/800
17/17 - 0s - loss: 0.0191 - mae: 0.0191 - mse: 9.5388e-04 - 175ms/epoch - 10ms/step
Epoch 547/800
17/17 - 0s - loss: 0.0194 - mae: 0.0194 - mse: 8.6011e-04 - 176ms/epoch - 10ms/step
Epoch 548/800
17/17 - 0s - loss: 0.0202 - mae: 0.0202 - mse: 9.9198e-04 - 178ms/epoch - 10ms/step
Epoch 549/800
17/17 - 0s - loss: 0.0203 - mae: 0.0203 - mse: 9.2407e-04 - 179ms/epoch - 11ms/step
Epoch 550/800
17/17 - 0s - loss: 0.0215 - mae: 0.0215 - mse: 0.0010 - 176ms/epoch - 10ms/step
Epoch 551/800
17/17 - 0s - loss: 0.0221 - mae: 0.0221 - mse: 0.0011 - 175ms/epoch - 10ms/step
Epoch 552/800
17/17 - 0s - loss: 0.0200 - mae: 0.0200 - mse: 9.4110e-04 - 175ms/epoch - 10ms/step
Epoch 553/800
17/17 - 0s - loss: 0.0186 - mae: 0.0186 - mse: 8.7822e-04 - 175ms/epoch - 10ms/step
Epoch 554/800
17/17 - 0s - loss: 0.0178 - mae: 0.0178 - mse: 7.9743e-04 - 175ms/epoch - 10ms/step
Epoch 555/800
17/17 - 0s - loss: 0.0195 - mae: 0.0195 - mse: 9.1326e-04 - 175ms/epoch - 10ms/step
Epoch 556/800
17/17 - 0s - loss: 0.0203 - mae: 0.0203 - mse: 9.8339e-04 - 175ms/epoch - 10ms/step
Epoch 557/800
17/17 - 0s - loss: 0.0207 - mae: 0.0207 - mse: 9.4791e-04 - 175ms/epoch - 10ms/step
Epoch 558/800
17/17 - 0s - loss: 0.0213 - mae: 0.0213 - mse: 0.0010 - 175ms/epoch - 10ms/step
Epoch 559/800
17/17 - 0s - loss: 0.0205 - mae: 0.0205 - mse: 9.9110e-04 - 175ms/epoch - 10ms/step
Epoch 560/800
17/17 - 0s - loss: 0.0197 - mae: 0.0197 - mse: 9.2586e-04 - 175ms/epoch - 10ms/step
Epoch 561/800
17/17 - 0s - loss: 0.0191 - mae: 0.0191 - mse: 8.9458e-04 - 175ms/epoch - 10ms/step
Epoch 562/800
17/17 - 0s - loss: 0.0200 - mae: 0.0200 - mse: 9.1587e-04 - 175ms/epoch - 10ms/step
Epoch 563/800
17/17 - 0s - loss: 0.0192 - mae: 0.0192 - mse: 8.7029e-04 - 175ms/epoch - 10ms/step
Epoch 564/800
17/17 - 0s - loss: 0.0184 - mae: 0.0184 - mse: 8.7267e-04 - 175ms/epoch - 10ms/step
Epoch 565/800
17/17 - 0s - loss: 0.0190 - mae: 0.0190 - mse: 8.8538e-04 - 175ms/epoch - 10ms/step
Epoch 566/800
17/17 - 0s - loss: 0.0227 - mae: 0.0227 - mse: 0.0011 - 175ms/epoch - 10ms/step
Epoch 567/800
17/17 - 0s - loss: 0.0208 - mae: 0.0208 - mse: 9.4957e-04 - 175ms/epoch - 10ms/step
Epoch 568/800
17/17 - 0s - loss: 0.0194 - mae: 0.0194 - mse: 9.3399e-04 - 175ms/epoch - 10ms/step
Epoch 569/800
17/17 - 0s - loss: 0.0197 - mae: 0.0197 - mse: 9.0927e-04 - 175ms/epoch - 10ms/step
Epoch 570/800
17/17 - 0s - loss: 0.0202 - mae: 0.0202 - mse: 9.2180e-04 - 175ms/epoch - 10ms/step
Epoch 571/800
17/17 - 0s - loss: 0.0190 - mae: 0.0190 - mse: 8.9042e-04 - 175ms/epoch - 10ms/step
Epoch 572/800
17/17 - 0s - loss: 0.0173 - mae: 0.0173 - mse: 7.6174e-04 - 175ms/epoch - 10ms/step
Epoch 573/800
17/17 - 0s - loss: 0.0195 - mae: 0.0195 - mse: 9.2148e-04 - 175ms/epoch - 10ms/step
Epoch 574/800
17/17 - 0s - loss: 0.0192 - mae: 0.0192 - mse: 8.9482e-04 - 175ms/epoch - 10ms/step
Epoch 575/800
17/17 - 0s - loss: 0.0169 - mae: 0.0169 - mse: 8.1422e-04 - 177ms/epoch - 10ms/step
Epoch 576/800
17/17 - 0s - loss: 0.0184 - mae: 0.0184 - mse: 8.1241e-04 - 176ms/epoch - 10ms/step
Epoch 577/800
17/17 - 0s - loss: 0.0182 - mae: 0.0182 - mse: 8.2375e-04 - 176ms/epoch - 10ms/step
Epoch 578/800
17/17 - 0s - loss: 0.0183 - mae: 0.0183 - mse: 8.2273e-04 - 176ms/epoch - 10ms/step
Epoch 579/800
17/17 - 0s - loss: 0.0211 - mae: 0.0211 - mse: 9.9273e-04 - 176ms/epoch - 10ms/step
Epoch 580/800
17/17 - 0s - loss: 0.0175 - mae: 0.0175 - mse: 7.5721e-04 - 176ms/epoch - 10ms/step
Epoch 581/800
17/17 - 0s - loss: 0.0184 - mae: 0.0184 - mse: 8.5729e-04 - 175ms/epoch - 10ms/step
Epoch 582/800
17/17 - 0s - loss: 0.0209 - mae: 0.0209 - mse: 9.9099e-04 - 175ms/epoch - 10ms/step
Epoch 583/800
17/17 - 0s - loss: 0.0172 - mae: 0.0172 - mse: 7.9208e-04 - 175ms/epoch - 10ms/step
Epoch 584/800
17/17 - 0s - loss: 0.0212 - mae: 0.0212 - mse: 9.9548e-04 - 175ms/epoch - 10ms/step
Epoch 585/800
17/17 - 0s - loss: 0.0178 - mae: 0.0178 - mse: 8.3493e-04 - 175ms/epoch - 10ms/step
Epoch 586/800
17/17 - 0s - loss: 0.0176 - mae: 0.0176 - mse: 7.9810e-04 - 175ms/epoch - 10ms/step
Epoch 587/800
17/17 - 0s - loss: 0.0209 - mae: 0.0209 - mse: 0.0010 - 177ms/epoch - 10ms/step
Epoch 588/800
17/17 - 0s - loss: 0.0189 - mae: 0.0189 - mse: 9.0341e-04 - 176ms/epoch - 10ms/step
Epoch 589/800
17/17 - 0s - loss: 0.0191 - mae: 0.0191 - mse: 9.3228e-04 - 176ms/epoch - 10ms/step
Epoch 590/800
17/17 - 0s - loss: 0.0178 - mae: 0.0178 - mse: 8.1220e-04 - 175ms/epoch - 10ms/step
Epoch 591/800
17/17 - 0s - loss: 0.0163 - mae: 0.0163 - mse: 7.6284e-04 - 175ms/epoch - 10ms/step
Epoch 592/800
17/17 - 0s - loss: 0.0178 - mae: 0.0178 - mse: 8.2142e-04 - 175ms/epoch - 10ms/step
Epoch 593/800
17/17 - 0s - loss: 0.0186 - mae: 0.0186 - mse: 8.4984e-04 - 176ms/epoch - 10ms/step
Epoch 594/800
17/17 - 0s - loss: 0.0182 - mae: 0.0182 - mse: 8.6755e-04 - 175ms/epoch - 10ms/step
Epoch 595/800
17/17 - 0s - loss: 0.0203 - mae: 0.0203 - mse: 9.5136e-04 - 175ms/epoch - 10ms/step
Epoch 596/800
17/17 - 0s - loss: 0.0208 - mae: 0.0208 - mse: 9.9864e-04 - 175ms/epoch - 10ms/step
Epoch 597/800
17/17 - 0s - loss: 0.0182 - mae: 0.0182 - mse: 9.0847e-04 - 175ms/epoch - 10ms/step
Epoch 598/800
17/17 - 0s - loss: 0.0174 - mae: 0.0174 - mse: 8.0357e-04 - 175ms/epoch - 10ms/step
Epoch 599/800
17/17 - 0s - loss: 0.0179 - mae: 0.0179 - mse: 8.2479e-04 - 175ms/epoch - 10ms/step
Epoch 600/800
17/17 - 0s - loss: 0.0155 - mae: 0.0155 - mse: 6.8621e-04 - 175ms/epoch - 10ms/step
Epoch 601/800
17/17 - 0s - loss: 0.0160 - mae: 0.0160 - mse: 7.2409e-04 - 175ms/epoch - 10ms/step
Epoch 602/800
17/17 - 0s - loss: 0.0143 - mae: 0.0143 - mse: 6.2172e-04 - 175ms/epoch - 10ms/step
Epoch 603/800
17/17 - 0s - loss: 0.0149 - mae: 0.0149 - mse: 6.0547e-04 - 177ms/epoch - 10ms/step
Epoch 604/800
17/17 - 0s - loss: 0.0148 - mae: 0.0148 - mse: 6.4941e-04 - 176ms/epoch - 10ms/step
Epoch 605/800
17/17 - 0s - loss: 0.0179 - mae: 0.0179 - mse: 7.8298e-04 - 176ms/epoch - 10ms/step
Epoch 606/800
17/17 - 0s - loss: 0.0155 - mae: 0.0155 - mse: 6.9369e-04 - 175ms/epoch - 10ms/step
Epoch 607/800
17/17 - 0s - loss: 0.0165 - mae: 0.0165 - mse: 7.5944e-04 - 176ms/epoch - 10ms/step
Epoch 608/800
17/17 - 0s - loss: 0.0145 - mae: 0.0145 - mse: 6.8931e-04 - 175ms/epoch - 10ms/step
Epoch 609/800
17/17 - 0s - loss: 0.0153 - mae: 0.0153 - mse: 6.9107e-04 - 175ms/epoch - 10ms/step
Epoch 610/800
17/17 - 0s - loss: 0.0149 - mae: 0.0149 - mse: 6.7876e-04 - 175ms/epoch - 10ms/step
Epoch 611/800
17/17 - 0s - loss: 0.0169 - mae: 0.0169 - mse: 7.6615e-04 - 175ms/epoch - 10ms/step
Epoch 612/800
17/17 - 0s - loss: 0.0152 - mae: 0.0152 - mse: 6.6883e-04 - 175ms/epoch - 10ms/step
Epoch 613/800
17/17 - 0s - loss: 0.0155 - mae: 0.0155 - mse: 6.8144e-04 - 175ms/epoch - 10ms/step
Epoch 614/800
17/17 - 0s - loss: 0.0171 - mae: 0.0171 - mse: 7.3818e-04 - 175ms/epoch - 10ms/step
Epoch 615/800
17/17 - 0s - loss: 0.0156 - mae: 0.0156 - mse: 6.7983e-04 - 175ms/epoch - 10ms/step
Epoch 616/800
17/17 - 0s - loss: 0.0164 - mae: 0.0164 - mse: 7.6284e-04 - 175ms/epoch - 10ms/step
Epoch 617/800
17/17 - 0s - loss: 0.0154 - mae: 0.0154 - mse: 7.3661e-04 - 175ms/epoch - 10ms/step
Epoch 618/800
17/17 - 0s - loss: 0.0163 - mae: 0.0163 - mse: 7.3591e-04 - 175ms/epoch - 10ms/step
Epoch 619/800
17/17 - 0s - loss: 0.0157 - mae: 0.0157 - mse: 6.9329e-04 - 175ms/epoch - 10ms/step
Epoch 620/800
17/17 - 0s - loss: 0.0154 - mae: 0.0154 - mse: 7.3032e-04 - 175ms/epoch - 10ms/step
Epoch 621/800
17/17 - 0s - loss: 0.0176 - mae: 0.0176 - mse: 8.1021e-04 - 175ms/epoch - 10ms/step
Epoch 622/800
17/17 - 0s - loss: 0.0164 - mae: 0.0164 - mse: 7.5808e-04 - 175ms/epoch - 10ms/step
Epoch 623/800
17/17 - 0s - loss: 0.0161 - mae: 0.0161 - mse: 7.4755e-04 - 175ms/epoch - 10ms/step
Epoch 624/800
17/17 - 0s - loss: 0.0156 - mae: 0.0156 - mse: 7.1776e-04 - 175ms/epoch - 10ms/step
Epoch 625/800
17/17 - 0s - loss: 0.0154 - mae: 0.0154 - mse: 7.2409e-04 - 175ms/epoch - 10ms/step
Epoch 626/800
17/17 - 0s - loss: 0.0166 - mae: 0.0166 - mse: 7.5150e-04 - 175ms/epoch - 10ms/step
Epoch 627/800
17/17 - 0s - loss: 0.0155 - mae: 0.0155 - mse: 6.8343e-04 - 175ms/epoch - 10ms/step
Epoch 628/800
17/17 - 0s - loss: 0.0145 - mae: 0.0145 - mse: 6.4272e-04 - 175ms/epoch - 10ms/step
Epoch 629/800
17/17 - 0s - loss: 0.0158 - mae: 0.0158 - mse: 7.0822e-04 - 175ms/epoch - 10ms/step
Epoch 630/800
17/17 - 0s - loss: 0.0156 - mae: 0.0156 - mse: 7.1231e-04 - 176ms/epoch - 10ms/step
Epoch 631/800
17/17 - 0s - loss: 0.0148 - mae: 0.0148 - mse: 6.3070e-04 - 176ms/epoch - 10ms/step
Epoch 632/800
17/17 - 0s - loss: 0.0142 - mae: 0.0142 - mse: 6.3349e-04 - 176ms/epoch - 10ms/step
Epoch 633/800
17/17 - 0s - loss: 0.0124 - mae: 0.0124 - mse: 5.6231e-04 - 175ms/epoch - 10ms/step
Epoch 634/800
17/17 - 0s - loss: 0.0125 - mae: 0.0125 - mse: 5.9876e-04 - 175ms/epoch - 10ms/step
Epoch 635/800
17/17 - 0s - loss: 0.0157 - mae: 0.0157 - mse: 7.1692e-04 - 175ms/epoch - 10ms/step
Epoch 636/800
17/17 - 0s - loss: 0.0190 - mae: 0.0190 - mse: 8.4741e-04 - 175ms/epoch - 10ms/step
Epoch 637/800
17/17 - 0s - loss: 0.0177 - mae: 0.0177 - mse: 7.8843e-04 - 175ms/epoch - 10ms/step
Epoch 638/800
17/17 - 0s - loss: 0.0157 - mae: 0.0157 - mse: 7.0037e-04 - 175ms/epoch - 10ms/step
Epoch 639/800
17/17 - 0s - loss: 0.0154 - mae: 0.0154 - mse: 7.1400e-04 - 175ms/epoch - 10ms/step
Epoch 640/800
17/17 - 0s - loss: 0.0152 - mae: 0.0152 - mse: 6.7150e-04 - 175ms/epoch - 10ms/step
Epoch 641/800
17/17 - 0s - loss: 0.0124 - mae: 0.0124 - mse: 5.6111e-04 - 175ms/epoch - 10ms/step
Epoch 642/800
17/17 - 0s - loss: 0.0118 - mae: 0.0118 - mse: 5.5519e-04 - 175ms/epoch - 10ms/step
Epoch 643/800
17/17 - 0s - loss: 0.0148 - mae: 0.0148 - mse: 6.8300e-04 - 175ms/epoch - 10ms/step
Epoch 644/800
17/17 - 0s - loss: 0.0143 - mae: 0.0143 - mse: 6.3544e-04 - 175ms/epoch - 10ms/step
Epoch 645/800
17/17 - 0s - loss: 0.0132 - mae: 0.0132 - mse: 5.8650e-04 - 175ms/epoch - 10ms/step
Epoch 646/800
17/17 - 0s - loss: 0.0140 - mae: 0.0140 - mse: 5.9115e-04 - 175ms/epoch - 10ms/step
Epoch 647/800
17/17 - 0s - loss: 0.0146 - mae: 0.0146 - mse: 6.7709e-04 - 175ms/epoch - 10ms/step
Epoch 648/800
17/17 - 0s - loss: 0.0132 - mae: 0.0132 - mse: 6.2218e-04 - 175ms/epoch - 10ms/step
Epoch 649/800
17/17 - 0s - loss: 0.0126 - mae: 0.0126 - mse: 5.8517e-04 - 176ms/epoch - 10ms/step
Epoch 650/800
17/17 - 0s - loss: 0.0126 - mae: 0.0126 - mse: 5.6413e-04 - 176ms/epoch - 10ms/step
Epoch 651/800
17/17 - 0s - loss: 0.0149 - mae: 0.0149 - mse: 6.3226e-04 - 176ms/epoch - 10ms/step
Epoch 652/800
17/17 - 0s - loss: 0.0150 - mae: 0.0150 - mse: 6.6531e-04 - 175ms/epoch - 10ms/step
Epoch 653/800
17/17 - 0s - loss: 0.0134 - mae: 0.0134 - mse: 6.0028e-04 - 176ms/epoch - 10ms/step
Epoch 654/800
17/17 - 0s - loss: 0.0137 - mae: 0.0137 - mse: 6.6128e-04 - 175ms/epoch - 10ms/step
Epoch 655/800
17/17 - 0s - loss: 0.0134 - mae: 0.0134 - mse: 6.2414e-04 - 175ms/epoch - 10ms/step
Epoch 656/800
17/17 - 0s - loss: 0.0123 - mae: 0.0123 - mse: 5.8994e-04 - 175ms/epoch - 10ms/step
Epoch 657/800
17/17 - 0s - loss: 0.0136 - mae: 0.0136 - mse: 6.0613e-04 - 175ms/epoch - 10ms/step
Epoch 658/800
17/17 - 0s - loss: 0.0126 - mae: 0.0126 - mse: 5.7050e-04 - 177ms/epoch - 10ms/step
Epoch 659/800
17/17 - 0s - loss: 0.0117 - mae: 0.0117 - mse: 5.3708e-04 - 176ms/epoch - 10ms/step
Epoch 660/800
17/17 - 0s - loss: 0.0113 - mae: 0.0113 - mse: 5.1963e-04 - 175ms/epoch - 10ms/step
Epoch 661/800
17/17 - 0s - loss: 0.0124 - mae: 0.0124 - mse: 5.5939e-04 - 175ms/epoch - 10ms/step
Epoch 662/800
17/17 - 0s - loss: 0.0117 - mae: 0.0117 - mse: 5.4040e-04 - 175ms/epoch - 10ms/step
Epoch 663/800
17/17 - 0s - loss: 0.0129 - mae: 0.0129 - mse: 5.8917e-04 - 175ms/epoch - 10ms/step
Epoch 664/800
17/17 - 0s - loss: 0.0122 - mae: 0.0122 - mse: 5.6535e-04 - 176ms/epoch - 10ms/step
Epoch 665/800
17/17 - 0s - loss: 0.0141 - mae: 0.0141 - mse: 6.5195e-04 - 175ms/epoch - 10ms/step
Epoch 666/800
17/17 - 0s - loss: 0.0115 - mae: 0.0115 - mse: 5.3441e-04 - 175ms/epoch - 10ms/step
Epoch 667/800
17/17 - 0s - loss: 0.0110 - mae: 0.0110 - mse: 5.2778e-04 - 175ms/epoch - 10ms/step
Epoch 668/800
17/17 - 0s - loss: 0.0109 - mae: 0.0109 - mse: 5.1090e-04 - 175ms/epoch - 10ms/step
Epoch 669/800
17/17 - 0s - loss: 0.0122 - mae: 0.0122 - mse: 5.7950e-04 - 175ms/epoch - 10ms/step
Epoch 670/800
17/17 - 0s - loss: 0.0114 - mae: 0.0114 - mse: 5.3828e-04 - 175ms/epoch - 10ms/step
Epoch 671/800
17/17 - 0s - loss: 0.0120 - mae: 0.0120 - mse: 5.3833e-04 - 175ms/epoch - 10ms/step
Epoch 672/800
17/17 - 0s - loss: 0.0127 - mae: 0.0127 - mse: 5.7574e-04 - 175ms/epoch - 10ms/step
Epoch 673/800
17/17 - 0s - loss: 0.0145 - mae: 0.0145 - mse: 6.4991e-04 - 175ms/epoch - 10ms/step
Epoch 674/800
17/17 - 0s - loss: 0.0130 - mae: 0.0130 - mse: 5.9553e-04 - 175ms/epoch - 10ms/step
Epoch 675/800
17/17 - 0s - loss: 0.0120 - mae: 0.0120 - mse: 6.0607e-04 - 175ms/epoch - 10ms/step
Epoch 676/800
17/17 - 0s - loss: 0.0109 - mae: 0.0109 - mse: 5.2694e-04 - 175ms/epoch - 10ms/step
Epoch 677/800
17/17 - 0s - loss: 0.0115 - mae: 0.0115 - mse: 5.2219e-04 - 175ms/epoch - 10ms/step
Epoch 678/800
17/17 - 0s - loss: 0.0099 - mae: 0.0099 - mse: 4.7763e-04 - 175ms/epoch - 10ms/step
Epoch 679/800
17/17 - 0s - loss: 0.0093 - mae: 0.0093 - mse: 4.8268e-04 - 175ms/epoch - 10ms/step
Epoch 680/800
17/17 - 0s - loss: 0.0108 - mae: 0.0108 - mse: 5.1465e-04 - 175ms/epoch - 10ms/step
Epoch 681/800
17/17 - 0s - loss: 0.0123 - mae: 0.0123 - mse: 5.6501e-04 - 175ms/epoch - 10ms/step
Epoch 682/800
17/17 - 0s - loss: 0.0114 - mae: 0.0114 - mse: 5.3594e-04 - 175ms/epoch - 10ms/step
Epoch 683/800
17/17 - 0s - loss: 0.0118 - mae: 0.0118 - mse: 5.4409e-04 - 175ms/epoch - 10ms/step
Epoch 684/800
17/17 - 0s - loss: 0.0097 - mae: 0.0097 - mse: 4.8696e-04 - 175ms/epoch - 10ms/step
Epoch 685/800
17/17 - 0s - loss: 0.0098 - mae: 0.0098 - mse: 5.0980e-04 - 175ms/epoch - 10ms/step
Epoch 686/800
17/17 - 0s - loss: 0.0107 - mae: 0.0107 - mse: 5.1699e-04 - 177ms/epoch - 10ms/step
Epoch 687/800
17/17 - 0s - loss: 0.0096 - mae: 0.0096 - mse: 5.1052e-04 - 176ms/epoch - 10ms/step
Epoch 688/800
17/17 - 0s - loss: 0.0104 - mae: 0.0104 - mse: 5.2835e-04 - 175ms/epoch - 10ms/step
Epoch 689/800
17/17 - 0s - loss: 0.0128 - mae: 0.0128 - mse: 5.7160e-04 - 176ms/epoch - 10ms/step
Epoch 690/800
17/17 - 0s - loss: 0.0104 - mae: 0.0104 - mse: 5.0050e-04 - 176ms/epoch - 10ms/step
Epoch 691/800
17/17 - 0s - loss: 0.0100 - mae: 0.0100 - mse: 4.8907e-04 - 176ms/epoch - 10ms/step
Epoch 692/800
17/17 - 0s - loss: 0.0106 - mae: 0.0106 - mse: 5.3369e-04 - 175ms/epoch - 10ms/step
Epoch 693/800
17/17 - 0s - loss: 0.0091 - mae: 0.0091 - mse: 4.8991e-04 - 175ms/epoch - 10ms/step
Epoch 694/800
17/17 - 0s - loss: 0.0102 - mae: 0.0102 - mse: 4.9609e-04 - 175ms/epoch - 10ms/step
Epoch 695/800
17/17 - 0s - loss: 0.0102 - mae: 0.0102 - mse: 5.0664e-04 - 175ms/epoch - 10ms/step
Epoch 696/800
17/17 - 0s - loss: 0.0103 - mae: 0.0103 - mse: 5.0916e-04 - 175ms/epoch - 10ms/step
Epoch 697/800
17/17 - 0s - loss: 0.0097 - mae: 0.0097 - mse: 4.8619e-04 - 175ms/epoch - 10ms/step
Epoch 698/800
17/17 - 0s - loss: 0.0090 - mae: 0.0090 - mse: 4.6765e-04 - 175ms/epoch - 10ms/step
Epoch 699/800
17/17 - 0s - loss: 0.0099 - mae: 0.0099 - mse: 4.9828e-04 - 175ms/epoch - 10ms/step
Epoch 700/800
17/17 - 0s - loss: 0.0101 - mae: 0.0101 - mse: 5.1021e-04 - 175ms/epoch - 10ms/step
Epoch 701/800
17/17 - 0s - loss: 0.0091 - mae: 0.0091 - mse: 4.7967e-04 - 175ms/epoch - 10ms/step
Epoch 702/800
17/17 - 0s - loss: 0.0089 - mae: 0.0089 - mse: 4.9597e-04 - 175ms/epoch - 10ms/step
Epoch 703/800
17/17 - 0s - loss: 0.0093 - mae: 0.0093 - mse: 4.8445e-04 - 175ms/epoch - 10ms/step
Epoch 704/800
17/17 - 0s - loss: 0.0104 - mae: 0.0104 - mse: 5.0910e-04 - 175ms/epoch - 10ms/step
Epoch 705/800
17/17 - 0s - loss: 0.0095 - mae: 0.0095 - mse: 4.8458e-04 - 175ms/epoch - 10ms/step
Epoch 706/800
17/17 - 0s - loss: 0.0094 - mae: 0.0094 - mse: 4.8727e-04 - 175ms/epoch - 10ms/step
Epoch 707/800
17/17 - 0s - loss: 0.0091 - mae: 0.0091 - mse: 4.8898e-04 - 175ms/epoch - 10ms/step
Epoch 708/800
17/17 - 0s - loss: 0.0091 - mae: 0.0091 - mse: 4.7721e-04 - 175ms/epoch - 10ms/step
Epoch 709/800
17/17 - 0s - loss: 0.0089 - mae: 0.0089 - mse: 4.6247e-04 - 175ms/epoch - 10ms/step
Epoch 710/800
17/17 - 0s - loss: 0.0081 - mae: 0.0081 - mse: 4.5536e-04 - 175ms/epoch - 10ms/step
Epoch 711/800
17/17 - 0s - loss: 0.0084 - mae: 0.0084 - mse: 4.6865e-04 - 175ms/epoch - 10ms/step
Epoch 712/800
17/17 - 0s - loss: 0.0081 - mae: 0.0081 - mse: 4.5165e-04 - 175ms/epoch - 10ms/step
Epoch 713/800
17/17 - 0s - loss: 0.0080 - mae: 0.0080 - mse: 4.5307e-04 - 176ms/epoch - 10ms/step
Epoch 714/800
17/17 - 0s - loss: 0.0084 - mae: 0.0084 - mse: 4.5936e-04 - 177ms/epoch - 10ms/step
Epoch 715/800
17/17 - 0s - loss: 0.0091 - mae: 0.0091 - mse: 4.7596e-04 - 176ms/epoch - 10ms/step
Epoch 716/800
17/17 - 0s - loss: 0.0083 - mae: 0.0083 - mse: 4.5730e-04 - 176ms/epoch - 10ms/step
Epoch 717/800
17/17 - 0s - loss: 0.0076 - mae: 0.0076 - mse: 4.6099e-04 - 175ms/epoch - 10ms/step
Epoch 718/800
17/17 - 0s - loss: 0.0075 - mae: 0.0075 - mse: 4.3853e-04 - 175ms/epoch - 10ms/step
Epoch 719/800
17/17 - 0s - loss: 0.0091 - mae: 0.0091 - mse: 4.8854e-04 - 175ms/epoch - 10ms/step
Epoch 720/800
17/17 - 0s - loss: 0.0088 - mae: 0.0088 - mse: 4.6517e-04 - 176ms/epoch - 10ms/step
Epoch 721/800
17/17 - 0s - loss: 0.0078 - mae: 0.0078 - mse: 4.4624e-04 - 175ms/epoch - 10ms/step
Epoch 722/800
17/17 - 0s - loss: 0.0079 - mae: 0.0079 - mse: 4.4270e-04 - 176ms/epoch - 10ms/step
Epoch 723/800
17/17 - 0s - loss: 0.0072 - mae: 0.0072 - mse: 4.3594e-04 - 175ms/epoch - 10ms/step
Epoch 724/800
17/17 - 0s - loss: 0.0067 - mae: 0.0067 - mse: 4.3340e-04 - 175ms/epoch - 10ms/step
Epoch 725/800
17/17 - 0s - loss: 0.0066 - mae: 0.0066 - mse: 4.1794e-04 - 175ms/epoch - 10ms/step
Epoch 726/800
17/17 - 0s - loss: 0.0064 - mae: 0.0064 - mse: 4.2658e-04 - 175ms/epoch - 10ms/step
Epoch 727/800
17/17 - 0s - loss: 0.0069 - mae: 0.0069 - mse: 4.3680e-04 - 175ms/epoch - 10ms/step
Epoch 728/800
17/17 - 0s - loss: 0.0066 - mae: 0.0066 - mse: 4.1636e-04 - 175ms/epoch - 10ms/step
Epoch 729/800
17/17 - 0s - loss: 0.0071 - mae: 0.0071 - mse: 4.2672e-04 - 175ms/epoch - 10ms/step
Epoch 730/800
17/17 - 0s - loss: 0.0063 - mae: 0.0063 - mse: 4.1972e-04 - 175ms/epoch - 10ms/step
Epoch 731/800
17/17 - 0s - loss: 0.0062 - mae: 0.0062 - mse: 4.1882e-04 - 175ms/epoch - 10ms/step
Epoch 732/800
17/17 - 0s - loss: 0.0066 - mae: 0.0066 - mse: 4.2921e-04 - 175ms/epoch - 10ms/step
Epoch 733/800
17/17 - 0s - loss: 0.0063 - mae: 0.0063 - mse: 4.2161e-04 - 175ms/epoch - 10ms/step
Epoch 734/800
17/17 - 0s - loss: 0.0063 - mae: 0.0063 - mse: 4.1587e-04 - 175ms/epoch - 10ms/step
Epoch 735/800
17/17 - 0s - loss: 0.0072 - mae: 0.0072 - mse: 4.2533e-04 - 176ms/epoch - 10ms/step
Epoch 736/800
17/17 - 0s - loss: 0.0068 - mae: 0.0068 - mse: 4.2129e-04 - 175ms/epoch - 10ms/step
Epoch 737/800
17/17 - 0s - loss: 0.0065 - mae: 0.0065 - mse: 4.1790e-04 - 175ms/epoch - 10ms/step
Epoch 738/800
17/17 - 0s - loss: 0.0068 - mae: 0.0068 - mse: 4.3054e-04 - 175ms/epoch - 10ms/step
Epoch 739/800
17/17 - 0s - loss: 0.0062 - mae: 0.0062 - mse: 4.1456e-04 - 176ms/epoch - 10ms/step
Epoch 740/800
17/17 - 0s - loss: 0.0057 - mae: 0.0057 - mse: 4.0582e-04 - 176ms/epoch - 10ms/step
Epoch 741/800
17/17 - 0s - loss: 0.0057 - mae: 0.0057 - mse: 4.1071e-04 - 177ms/epoch - 10ms/step
Epoch 742/800
17/17 - 0s - loss: 0.0056 - mae: 0.0056 - mse: 4.0528e-04 - 176ms/epoch - 10ms/step
Epoch 743/800
17/17 - 0s - loss: 0.0056 - mae: 0.0056 - mse: 4.1056e-04 - 175ms/epoch - 10ms/step
Epoch 744/800
17/17 - 0s - loss: 0.0058 - mae: 0.0058 - mse: 4.0262e-04 - 176ms/epoch - 10ms/step
Epoch 745/800
17/17 - 0s - loss: 0.0053 - mae: 0.0053 - mse: 4.0152e-04 - 176ms/epoch - 10ms/step
Epoch 746/800
17/17 - 0s - loss: 0.0055 - mae: 0.0055 - mse: 4.1104e-04 - 175ms/epoch - 10ms/step
Epoch 747/800
17/17 - 0s - loss: 0.0055 - mae: 0.0055 - mse: 4.0614e-04 - 175ms/epoch - 10ms/step
Epoch 748/800
17/17 - 0s - loss: 0.0053 - mae: 0.0053 - mse: 4.0567e-04 - 175ms/epoch - 10ms/step
Epoch 749/800
17/17 - 0s - loss: 0.0055 - mae: 0.0055 - mse: 4.0757e-04 - 175ms/epoch - 10ms/step
Epoch 750/800
17/17 - 0s - loss: 0.0052 - mae: 0.0052 - mse: 4.0568e-04 - 176ms/epoch - 10ms/step
Epoch 751/800
17/17 - 0s - loss: 0.0056 - mae: 0.0056 - mse: 4.1710e-04 - 175ms/epoch - 10ms/step
Epoch 752/800
17/17 - 0s - loss: 0.0054 - mae: 0.0054 - mse: 4.1381e-04 - 175ms/epoch - 10ms/step
Epoch 753/800
17/17 - 0s - loss: 0.0048 - mae: 0.0048 - mse: 3.9719e-04 - 175ms/epoch - 10ms/step
Epoch 754/800
17/17 - 0s - loss: 0.0047 - mae: 0.0047 - mse: 4.0372e-04 - 175ms/epoch - 10ms/step
Epoch 755/800
17/17 - 0s - loss: 0.0046 - mae: 0.0046 - mse: 4.0485e-04 - 175ms/epoch - 10ms/step
Epoch 756/800
17/17 - 0s - loss: 0.0051 - mae: 0.0051 - mse: 4.1255e-04 - 175ms/epoch - 10ms/step
Epoch 757/800
17/17 - 0s - loss: 0.0050 - mae: 0.0050 - mse: 4.0905e-04 - 175ms/epoch - 10ms/step
Epoch 758/800
17/17 - 0s - loss: 0.0051 - mae: 0.0051 - mse: 4.0762e-04 - 175ms/epoch - 10ms/step
Epoch 759/800
17/17 - 0s - loss: 0.0047 - mae: 0.0047 - mse: 4.0517e-04 - 175ms/epoch - 10ms/step
Epoch 760/800
17/17 - 0s - loss: 0.0045 - mae: 0.0045 - mse: 4.0155e-04 - 175ms/epoch - 10ms/step
Epoch 761/800
17/17 - 0s - loss: 0.0044 - mae: 0.0044 - mse: 4.0016e-04 - 175ms/epoch - 10ms/step
Epoch 762/800
17/17 - 0s - loss: 0.0044 - mae: 0.0044 - mse: 4.0127e-04 - 176ms/epoch - 10ms/step
Epoch 763/800
17/17 - 0s - loss: 0.0041 - mae: 0.0041 - mse: 4.0035e-04 - 175ms/epoch - 10ms/step
Epoch 764/800
17/17 - 0s - loss: 0.0040 - mae: 0.0040 - mse: 3.9838e-04 - 176ms/epoch - 10ms/step
Epoch 765/800
17/17 - 0s - loss: 0.0042 - mae: 0.0042 - mse: 4.0127e-04 - 175ms/epoch - 10ms/step
Epoch 766/800
17/17 - 0s - loss: 0.0040 - mae: 0.0040 - mse: 4.0172e-04 - 175ms/epoch - 10ms/step
Epoch 767/800
17/17 - 0s - loss: 0.0040 - mae: 0.0040 - mse: 3.9678e-04 - 175ms/epoch - 10ms/step
Epoch 768/800
17/17 - 0s - loss: 0.0040 - mae: 0.0040 - mse: 4.0049e-04 - 176ms/epoch - 10ms/step
Epoch 769/800
17/17 - 0s - loss: 0.0038 - mae: 0.0038 - mse: 3.9437e-04 - 177ms/epoch - 10ms/step
Epoch 770/800
17/17 - 0s - loss: 0.0037 - mae: 0.0037 - mse: 3.9590e-04 - 176ms/epoch - 10ms/step
Epoch 771/800
17/17 - 0s - loss: 0.0036 - mae: 0.0036 - mse: 3.9753e-04 - 176ms/epoch - 10ms/step
Epoch 772/800
17/17 - 0s - loss: 0.0036 - mae: 0.0036 - mse: 3.9787e-04 - 175ms/epoch - 10ms/step
Epoch 773/800
17/17 - 0s - loss: 0.0038 - mae: 0.0038 - mse: 3.9651e-04 - 175ms/epoch - 10ms/step
Epoch 774/800
17/17 - 0s - loss: 0.0038 - mae: 0.0038 - mse: 3.9936e-04 - 175ms/epoch - 10ms/step
Epoch 775/800
17/17 - 0s - loss: 0.0037 - mae: 0.0037 - mse: 3.9408e-04 - 175ms/epoch - 10ms/step
Epoch 776/800
17/17 - 0s - loss: 0.0036 - mae: 0.0036 - mse: 3.9632e-04 - 175ms/epoch - 10ms/step
Epoch 777/800
17/17 - 0s - loss: 0.0036 - mae: 0.0036 - mse: 3.9534e-04 - 175ms/epoch - 10ms/step
Epoch 778/800
17/17 - 0s - loss: 0.0039 - mae: 0.0039 - mse: 3.9660e-04 - 175ms/epoch - 10ms/step
Epoch 779/800
17/17 - 0s - loss: 0.0038 - mae: 0.0038 - mse: 3.9781e-04 - 175ms/epoch - 10ms/step
Epoch 780/800
17/17 - 0s - loss: 0.0037 - mae: 0.0037 - mse: 3.9515e-04 - 175ms/epoch - 10ms/step
Epoch 781/800
17/17 - 0s - loss: 0.0037 - mae: 0.0037 - mse: 3.9641e-04 - 175ms/epoch - 10ms/step
Epoch 782/800
17/17 - 0s - loss: 0.0036 - mae: 0.0036 - mse: 3.9594e-04 - 175ms/epoch - 10ms/step
Epoch 783/800
17/17 - 0s - loss: 0.0037 - mae: 0.0037 - mse: 3.9663e-04 - 175ms/epoch - 10ms/step
Epoch 784/800
17/17 - 0s - loss: 0.0039 - mae: 0.0039 - mse: 3.9918e-04 - 175ms/epoch - 10ms/step
Epoch 785/800
17/17 - 0s - loss: 0.0038 - mae: 0.0038 - mse: 3.9423e-04 - 175ms/epoch - 10ms/step
Epoch 786/800
17/17 - 0s - loss: 0.0039 - mae: 0.0039 - mse: 3.9544e-04 - 175ms/epoch - 10ms/step
Epoch 787/800
17/17 - 0s - loss: 0.0039 - mae: 0.0039 - mse: 3.9532e-04 - 175ms/epoch - 10ms/step
Epoch 788/800
17/17 - 0s - loss: 0.0037 - mae: 0.0037 - mse: 3.9519e-04 - 175ms/epoch - 10ms/step
Epoch 789/800
17/17 - 0s - loss: 0.0037 - mae: 0.0037 - mse: 3.9165e-04 - 175ms/epoch - 10ms/step
Epoch 790/800
17/17 - 0s - loss: 0.0036 - mae: 0.0036 - mse: 3.9366e-04 - 175ms/epoch - 10ms/step
Epoch 791/800
17/17 - 0s - loss: 0.0036 - mae: 0.0036 - mse: 3.9435e-04 - 176ms/epoch - 10ms/step
Epoch 792/800
17/17 - 0s - loss: 0.0037 - mae: 0.0037 - mse: 3.9566e-04 - 175ms/epoch - 10ms/step
Epoch 793/800
17/17 - 0s - loss: 0.0036 - mae: 0.0036 - mse: 3.9354e-04 - 175ms/epoch - 10ms/step
Epoch 794/800
17/17 - 0s - loss: 0.0036 - mae: 0.0036 - mse: 3.9379e-04 - 175ms/epoch - 10ms/step
Epoch 795/800
17/17 - 0s - loss: 0.0037 - mae: 0.0037 - mse: 3.9259e-04 - 175ms/epoch - 10ms/step
Epoch 796/800
17/17 - 0s - loss: 0.0038 - mae: 0.0038 - mse: 3.9407e-04 - 176ms/epoch - 10ms/step
Epoch 797/800
17/17 - 0s - loss: 0.0037 - mae: 0.0037 - mse: 3.9438e-04 - 176ms/epoch - 10ms/step
Epoch 798/800
17/17 - 0s - loss: 0.0037 - mae: 0.0037 - mse: 3.9784e-04 - 176ms/epoch - 10ms/step
Epoch 799/800
17/17 - 0s - loss: 0.0037 - mae: 0.0037 - mse: 3.9444e-04 - 175ms/epoch - 10ms/step
Epoch 800/800
17/17 - 0s - loss: 0.0037 - mae: 0.0037 - mse: 3.9351e-04 - 175ms/epoch - 10ms/step
Training finished in 148.49 seconds.
1/9 [==>...........................] - ETA: 6s9/9 [==============================] - ETA: 0s9/9 [==============================] - 1s 7ms/step
Fold 3 MAE: 0.1370

--- Starting Fold 4/5 ---
INFO:kgcnn.model.utils:Updated model kwargs: '{'name': 'coGN', 'inputs': {'offset': {'shape': (None, 3), 'name': 'offset', 'dtype': 'float32', 'ragged': True}, 'cell_translation': None, 'affine_matrix': None, 'voronoi_ridge_area': None, 'atomic_number': {'shape': (None,), 'name': 'atomic_number', 'dtype': 'int32', 'ragged': True}, 'frac_coords': None, 'coords': None, 'multiplicity': {'shape': (None,), 'name': 'multiplicity', 'dtype': 'int32', 'ragged': True}, 'lattice_matrix': None, 'edge_indices': {'shape': (None, 2), 'name': 'edge_indices', 'dtype': 'int32', 'ragged': True}, 'line_graph_edge_indices': None}, 'input_block_cfg': {'node_size': 128, 'edge_size': 128, 'atomic_mass': True, 'atomic_radius': True, 'electronegativity': True, 'ionization_energy': True, 'oxidation_states': True, 'edge_embedding_args': {'bins_distance': 32, 'max_distance': 8.0, 'distance_log_base': 1.0, 'bins_voronoi_area': None, 'max_voronoi_area': None}}, 'processing_blocks_cfg': [{'edge_mlp': {'units': [128, 128, 128, 128, 128], 'activation': ['swish', 'swish', 'swish', 'swish', 'swish']}, 'node_mlp': {'units': [128], 'activation': ['swish']}, 'global_mlp': None, 'nested_blocks_cfgs': None, 'aggregate_edges_local': 'sum', 'aggregate_edges_global': None, 'aggregate_nodes': None, 'return_updated_edges': False, 'return_updated_nodes': True, 'return_updated_globals': True, 'edge_attention_mlp_local': {'units': [32, 1], 'activation': ['swish', 'swish']}, 'edge_attention_mlp_global': {'units': [32, 1], 'activation': ['swish', 'swish']}, 'node_attention_mlp': {'units': [32, 1], 'activation': ['swish', 'swish']}, 'edge_gate': None, 'node_gate': None, 'global_gate': None, 'residual_node_update': True, 'residual_edge_update': False, 'residual_global_update': False, 'update_edges_input': [True, True, True, False], 'update_nodes_input': [True, False, False], 'update_global_input': [False, True, False], 'multiplicity_readout': False}, {'edge_mlp': {'units': [128, 128, 128, 128, 128], 'activation': ['swish', 'swish', 'swish', 'swish', 'swish']}, 'node_mlp': {'units': [128], 'activation': ['swish']}, 'global_mlp': None, 'nested_blocks_cfgs': None, 'aggregate_edges_local': 'sum', 'aggregate_edges_global': None, 'aggregate_nodes': None, 'return_updated_edges': False, 'return_updated_nodes': True, 'return_updated_globals': True, 'edge_attention_mlp_local': {'units': [32, 1], 'activation': ['swish', 'swish']}, 'edge_attention_mlp_global': {'units': [32, 1], 'activation': ['swish', 'swish']}, 'node_attention_mlp': {'units': [32, 1], 'activation': ['swish', 'swish']}, 'edge_gate': None, 'node_gate': None, 'global_gate': None, 'residual_node_update': True, 'residual_edge_update': False, 'residual_global_update': False, 'update_edges_input': [True, True, True, False], 'update_nodes_input': [True, False, False], 'update_global_input': [False, True, False], 'multiplicity_readout': False}, {'edge_mlp': {'units': [128, 128, 128, 128, 128], 'activation': ['swish', 'swish', 'swish', 'swish', 'swish']}, 'node_mlp': {'units': [128], 'activation': ['swish']}, 'global_mlp': None, 'nested_blocks_cfgs': None, 'aggregate_edges_local': 'sum', 'aggregate_edges_global': None, 'aggregate_nodes': None, 'return_updated_edges': False, 'return_updated_nodes': True, 'return_updated_globals': True, 'edge_attention_mlp_local': {'units': [32, 1], 'activation': ['swish', 'swish']}, 'edge_attention_mlp_global': {'units': [32, 1], 'activation': ['swish', 'swish']}, 'node_attention_mlp': {'units': [32, 1], 'activation': ['swish', 'swish']}, 'edge_gate': None, 'node_gate': None, 'global_gate': None, 'residual_node_update': True, 'residual_edge_update': False, 'residual_global_update': False, 'update_edges_input': [True, True, True, False], 'update_nodes_input': [True, False, False], 'update_global_input': [False, True, False], 'multiplicity_readout': False}, {'edge_mlp': {'units': [128, 128, 128, 128, 128], 'activation': ['swish', 'swish', 'swish', 'swish', 'swish']}, 'node_mlp': {'units': [128], 'activation': ['swish']}, 'global_mlp': None, 'nested_blocks_cfgs': None, 'aggregate_edges_local': 'sum', 'aggregate_edges_global': None, 'aggregate_nodes': None, 'return_updated_edges': False, 'return_updated_nodes': True, 'return_updated_globals': True, 'edge_attention_mlp_local': {'units': [32, 1], 'activation': ['swish', 'swish']}, 'edge_attention_mlp_global': {'units': [32, 1], 'activation': ['swish', 'swish']}, 'node_attention_mlp': {'units': [32, 1], 'activation': ['swish', 'swish']}, 'edge_gate': None, 'node_gate': None, 'global_gate': None, 'residual_node_update': True, 'residual_edge_update': False, 'residual_global_update': False, 'update_edges_input': [True, True, True, False], 'update_nodes_input': [True, False, False], 'update_global_input': [False, True, False], 'multiplicity_readout': False}, {'edge_mlp': {'units': [128, 128, 128, 128, 128], 'activation': ['swish', 'swish', 'swish', 'swish', 'swish']}, 'node_mlp': {'units': [128], 'activation': ['swish']}, 'global_mlp': None, 'nested_blocks_cfgs': None, 'aggregate_edges_local': 'sum', 'aggregate_edges_global': None, 'aggregate_nodes': None, 'return_updated_edges': False, 'return_updated_nodes': True, 'return_updated_globals': True, 'edge_attention_mlp_local': {'units': [32, 1], 'activation': ['swish', 'swish']}, 'edge_attention_mlp_global': {'units': [32, 1], 'activation': ['swish', 'swish']}, 'node_attention_mlp': {'units': [32, 1], 'activation': ['swish', 'swish']}, 'edge_gate': None, 'node_gate': None, 'global_gate': None, 'residual_node_update': True, 'residual_edge_update': False, 'residual_global_update': False, 'update_edges_input': [True, True, True, False], 'update_nodes_input': [True, False, False], 'update_global_input': [False, True, False], 'multiplicity_readout': False}], 'output_block_cfg': {'edge_mlp': None, 'node_mlp': None, 'global_mlp': {'units': [1], 'activation': ['linear']}, 'nested_blocks_cfgs': None, 'aggregate_edges_local': 'sum', 'aggregate_edges_global': None, 'aggregate_nodes': 'mean', 'return_updated_edges': False, 'return_updated_nodes': True, 'return_updated_globals': True, 'edge_attention_mlp_local': {'units': [32, 1], 'activation': ['swish', 'swish']}, 'edge_attention_mlp_global': {'units': [32, 1], 'activation': ['swish', 'swish']}, 'node_attention_mlp': {'units': [32, 1], 'activation': ['swish', 'swish']}, 'edge_gate': None, 'node_gate': None, 'global_gate': None, 'residual_node_update': False, 'residual_edge_update': False, 'residual_global_update': False, 'update_edges_input': [True, True, True, False], 'update_nodes_input': [True, False, False], 'update_global_input': [False, True, False], 'multiplicity_readout': True}}'.
/gpfs/scratch/acad/htforft/rgouvea/other_datasets/processed_datasets/.venv/lib/python3.9/site-packages/kgcnn/crystal/periodic_table/periodic_table.py:30: FutureWarning: A value is trying to be set on a copy of a DataFrame or Series through chained assignment using an inplace method.
The behavior will change in pandas 3.0. This inplace method will never work because the intermediate object on which we are setting values always behaves as a copy.

For example, when doing 'df[col].method(value, inplace=True)', try using 'df.method({col: value}, inplace=True)' or df[col] = df[col].method(value) instead, to perform the operation inplace on the original object.


  self.data['AtomicRadius'].fillna(imputation_atomic_radius, inplace=True)
/gpfs/scratch/acad/htforft/rgouvea/other_datasets/processed_datasets/.venv/lib/python3.9/site-packages/kgcnn/crystal/periodic_table/periodic_table.py:32: FutureWarning: A value is trying to be set on a copy of a DataFrame or Series through chained assignment using an inplace method.
The behavior will change in pandas 3.0. This inplace method will never work because the intermediate object on which we are setting values always behaves as a copy.

For example, when doing 'df[col].method(value, inplace=True)', try using 'df.method({col: value}, inplace=True)' or df[col] = df[col].method(value) instead, to perform the operation inplace on the original object.


  self.data['Electronegativity'].fillna(imputation_electronegativity, inplace=True)
/gpfs/scratch/acad/htforft/rgouvea/other_datasets/processed_datasets/.venv/lib/python3.9/site-packages/kgcnn/crystal/periodic_table/periodic_table.py:33: FutureWarning: A value is trying to be set on a copy of a DataFrame or Series through chained assignment using an inplace method.
The behavior will change in pandas 3.0. This inplace method will never work because the intermediate object on which we are setting values always behaves as a copy.

For example, when doing 'df[col].method(value, inplace=True)', try using 'df.method({col: value}, inplace=True)' or df[col] = df[col].method(value) instead, to perform the operation inplace on the original object.


  self.data['IonizationEnergy'].fillna(imputation_ionization_energy, inplace=True)
[<KerasTensor: type_spec=RaggedTensorSpec(TensorShape([None, None, 3]), tf.float32, 1, tf.int64) (created by layer 'offset')>, <KerasTensor: type_spec=RaggedTensorSpec(TensorShape([None, None]), tf.int32, 1, tf.int64) (created by layer 'atomic_number')>, <KerasTensor: type_spec=RaggedTensorSpec(TensorShape([None, None]), tf.int32, 1, tf.int64) (created by layer 'multiplicity')>, <KerasTensor: type_spec=RaggedTensorSpec(TensorShape([None, None, 2]), tf.int32, 1, tf.int64) (created by layer 'edge_indices')>]
Training on 1045 samples...
Epoch 1/800
/gpfs/scratch/acad/htforft/rgouvea/other_datasets/processed_datasets/.venv/lib/python3.9/site-packages/tensorflow/python/framework/indexed_slices.py:444: UserWarning: Converting sparse IndexedSlices(IndexedSlices(indices=Tensor("gradient_tape/coGN/sequential_graph_network_3/graph_network_19/gather_embedding_selection_26/Reshape_1:0", shape=(None,), dtype=int32), values=Tensor("gradient_tape/coGN/sequential_graph_network_3/graph_network_19/gather_embedding_selection_26/Reshape:0", shape=(None, 128), dtype=float32), dense_shape=Tensor("gradient_tape/coGN/sequential_graph_network_3/graph_network_19/gather_embedding_selection_26/Cast:0", shape=(2,), dtype=int32))) to a dense Tensor of unknown shape. This may consume a large amount of memory.
  warnings.warn(
/gpfs/scratch/acad/htforft/rgouvea/other_datasets/processed_datasets/.venv/lib/python3.9/site-packages/tensorflow/python/framework/indexed_slices.py:444: UserWarning: Converting sparse IndexedSlices(IndexedSlices(indices=Tensor("gradient_tape/coGN/sequential_graph_network_3/graph_network_19/gather_embedding_selection_26/Reshape_3:0", shape=(None,), dtype=int32), values=Tensor("gradient_tape/coGN/sequential_graph_network_3/graph_network_19/gather_embedding_selection_26/Reshape_2:0", shape=(None, 128), dtype=float32), dense_shape=Tensor("gradient_tape/coGN/sequential_graph_network_3/graph_network_19/gather_embedding_selection_26/Cast_1:0", shape=(2,), dtype=int32))) to a dense Tensor of unknown shape. This may consume a large amount of memory.
  warnings.warn(
/gpfs/scratch/acad/htforft/rgouvea/other_datasets/processed_datasets/.venv/lib/python3.9/site-packages/tensorflow/python/framework/indexed_slices.py:444: UserWarning: Converting sparse IndexedSlices(IndexedSlices(indices=Tensor("gradient_tape/coGN/sequential_graph_network_3/graph_network_18/gather_embedding_selection_25/Reshape_1:0", shape=(None,), dtype=int32), values=Tensor("gradient_tape/coGN/sequential_graph_network_3/graph_network_18/gather_embedding_selection_25/Reshape:0", shape=(None, 128), dtype=float32), dense_shape=Tensor("gradient_tape/coGN/sequential_graph_network_3/graph_network_18/gather_embedding_selection_25/Cast:0", shape=(2,), dtype=int32))) to a dense Tensor of unknown shape. This may consume a large amount of memory.
  warnings.warn(
/gpfs/scratch/acad/htforft/rgouvea/other_datasets/processed_datasets/.venv/lib/python3.9/site-packages/tensorflow/python/framework/indexed_slices.py:444: UserWarning: Converting sparse IndexedSlices(IndexedSlices(indices=Tensor("gradient_tape/coGN/sequential_graph_network_3/graph_network_18/gather_embedding_selection_25/Reshape_3:0", shape=(None,), dtype=int32), values=Tensor("gradient_tape/coGN/sequential_graph_network_3/graph_network_18/gather_embedding_selection_25/Reshape_2:0", shape=(None, 128), dtype=float32), dense_shape=Tensor("gradient_tape/coGN/sequential_graph_network_3/graph_network_18/gather_embedding_selection_25/Cast_1:0", shape=(2,), dtype=int32))) to a dense Tensor of unknown shape. This may consume a large amount of memory.
  warnings.warn(
/gpfs/scratch/acad/htforft/rgouvea/other_datasets/processed_datasets/.venv/lib/python3.9/site-packages/tensorflow/python/framework/indexed_slices.py:444: UserWarning: Converting sparse IndexedSlices(IndexedSlices(indices=Tensor("gradient_tape/coGN/sequential_graph_network_3/graph_network_17/gather_embedding_selection_24/Reshape_1:0", shape=(None,), dtype=int32), values=Tensor("gradient_tape/coGN/sequential_graph_network_3/graph_network_17/gather_embedding_selection_24/Reshape:0", shape=(None, 128), dtype=float32), dense_shape=Tensor("gradient_tape/coGN/sequential_graph_network_3/graph_network_17/gather_embedding_selection_24/Cast:0", shape=(2,), dtype=int32))) to a dense Tensor of unknown shape. This may consume a large amount of memory.
  warnings.warn(
/gpfs/scratch/acad/htforft/rgouvea/other_datasets/processed_datasets/.venv/lib/python3.9/site-packages/tensorflow/python/framework/indexed_slices.py:444: UserWarning: Converting sparse IndexedSlices(IndexedSlices(indices=Tensor("gradient_tape/coGN/sequential_graph_network_3/graph_network_17/gather_embedding_selection_24/Reshape_3:0", shape=(None,), dtype=int32), values=Tensor("gradient_tape/coGN/sequential_graph_network_3/graph_network_17/gather_embedding_selection_24/Reshape_2:0", shape=(None, 128), dtype=float32), dense_shape=Tensor("gradient_tape/coGN/sequential_graph_network_3/graph_network_17/gather_embedding_selection_24/Cast_1:0", shape=(2,), dtype=int32))) to a dense Tensor of unknown shape. This may consume a large amount of memory.
  warnings.warn(
/gpfs/scratch/acad/htforft/rgouvea/other_datasets/processed_datasets/.venv/lib/python3.9/site-packages/tensorflow/python/framework/indexed_slices.py:444: UserWarning: Converting sparse IndexedSlices(IndexedSlices(indices=Tensor("gradient_tape/coGN/sequential_graph_network_3/graph_network_16/gather_embedding_selection_23/Reshape_1:0", shape=(None,), dtype=int32), values=Tensor("gradient_tape/coGN/sequential_graph_network_3/graph_network_16/gather_embedding_selection_23/Reshape:0", shape=(None, 128), dtype=float32), dense_shape=Tensor("gradient_tape/coGN/sequential_graph_network_3/graph_network_16/gather_embedding_selection_23/Cast:0", shape=(2,), dtype=int32))) to a dense Tensor of unknown shape. This may consume a large amount of memory.
  warnings.warn(
/gpfs/scratch/acad/htforft/rgouvea/other_datasets/processed_datasets/.venv/lib/python3.9/site-packages/tensorflow/python/framework/indexed_slices.py:444: UserWarning: Converting sparse IndexedSlices(IndexedSlices(indices=Tensor("gradient_tape/coGN/sequential_graph_network_3/graph_network_16/gather_embedding_selection_23/Reshape_3:0", shape=(None,), dtype=int32), values=Tensor("gradient_tape/coGN/sequential_graph_network_3/graph_network_16/gather_embedding_selection_23/Reshape_2:0", shape=(None, 128), dtype=float32), dense_shape=Tensor("gradient_tape/coGN/sequential_graph_network_3/graph_network_16/gather_embedding_selection_23/Cast_1:0", shape=(2,), dtype=int32))) to a dense Tensor of unknown shape. This may consume a large amount of memory.
  warnings.warn(
/gpfs/scratch/acad/htforft/rgouvea/other_datasets/processed_datasets/.venv/lib/python3.9/site-packages/tensorflow/python/framework/indexed_slices.py:444: UserWarning: Converting sparse IndexedSlices(IndexedSlices(indices=Tensor("gradient_tape/coGN/sequential_graph_network_3/graph_network_15/gather_embedding_selection_22/Reshape_1:0", shape=(None,), dtype=int32), values=Tensor("gradient_tape/coGN/sequential_graph_network_3/graph_network_15/gather_embedding_selection_22/Reshape:0", shape=(None, 128), dtype=float32), dense_shape=Tensor("gradient_tape/coGN/sequential_graph_network_3/graph_network_15/gather_embedding_selection_22/Cast:0", shape=(2,), dtype=int32))) to a dense Tensor of unknown shape. This may consume a large amount of memory.
  warnings.warn(
/gpfs/scratch/acad/htforft/rgouvea/other_datasets/processed_datasets/.venv/lib/python3.9/site-packages/tensorflow/python/framework/indexed_slices.py:444: UserWarning: Converting sparse IndexedSlices(IndexedSlices(indices=Tensor("gradient_tape/coGN/sequential_graph_network_3/graph_network_15/gather_embedding_selection_22/Reshape_3:0", shape=(None,), dtype=int32), values=Tensor("gradient_tape/coGN/sequential_graph_network_3/graph_network_15/gather_embedding_selection_22/Reshape_2:0", shape=(None, 128), dtype=float32), dense_shape=Tensor("gradient_tape/coGN/sequential_graph_network_3/graph_network_15/gather_embedding_selection_22/Cast_1:0", shape=(2,), dtype=int32))) to a dense Tensor of unknown shape. This may consume a large amount of memory.
  warnings.warn(
17/17 - 3s - loss: 1.2520 - mae: 1.2520 - mse: 3.3720 - 3s/epoch - 173ms/step
Epoch 2/800
17/17 - 0s - loss: 0.7604 - mae: 0.7604 - mse: 0.8913 - 175ms/epoch - 10ms/step
Epoch 3/800
17/17 - 0s - loss: 0.6892 - mae: 0.6892 - mse: 0.7142 - 175ms/epoch - 10ms/step
Epoch 4/800
17/17 - 0s - loss: 0.5765 - mae: 0.5765 - mse: 0.5196 - 175ms/epoch - 10ms/step
Epoch 5/800
17/17 - 0s - loss: 0.5269 - mae: 0.5269 - mse: 0.4510 - 175ms/epoch - 10ms/step
Epoch 6/800
17/17 - 0s - loss: 0.4674 - mae: 0.4674 - mse: 0.3696 - 175ms/epoch - 10ms/step
Epoch 7/800
17/17 - 0s - loss: 0.4231 - mae: 0.4231 - mse: 0.3178 - 175ms/epoch - 10ms/step
Epoch 8/800
17/17 - 0s - loss: 0.3813 - mae: 0.3813 - mse: 0.2634 - 175ms/epoch - 10ms/step
Epoch 9/800
17/17 - 0s - loss: 0.3603 - mae: 0.3603 - mse: 0.2319 - 175ms/epoch - 10ms/step
Epoch 10/800
17/17 - 0s - loss: 0.3311 - mae: 0.3311 - mse: 0.2075 - 177ms/epoch - 10ms/step
Epoch 11/800
17/17 - 0s - loss: 0.2854 - mae: 0.2854 - mse: 0.1776 - 176ms/epoch - 10ms/step
Epoch 12/800
17/17 - 0s - loss: 0.2978 - mae: 0.2978 - mse: 0.1748 - 175ms/epoch - 10ms/step
Epoch 13/800
17/17 - 0s - loss: 0.2843 - mae: 0.2843 - mse: 0.1810 - 175ms/epoch - 10ms/step
Epoch 14/800
17/17 - 0s - loss: 0.2763 - mae: 0.2763 - mse: 0.1659 - 175ms/epoch - 10ms/step
Epoch 15/800
17/17 - 0s - loss: 0.2643 - mae: 0.2643 - mse: 0.1531 - 175ms/epoch - 10ms/step
Epoch 16/800
17/17 - 0s - loss: 0.2742 - mae: 0.2742 - mse: 0.1564 - 175ms/epoch - 10ms/step
Epoch 17/800
17/17 - 0s - loss: 0.2470 - mae: 0.2470 - mse: 0.1411 - 175ms/epoch - 10ms/step
Epoch 18/800
17/17 - 0s - loss: 0.2460 - mae: 0.2460 - mse: 0.1303 - 175ms/epoch - 10ms/step
Epoch 19/800
17/17 - 0s - loss: 0.2756 - mae: 0.2756 - mse: 0.1673 - 175ms/epoch - 10ms/step
Epoch 20/800
17/17 - 0s - loss: 0.2156 - mae: 0.2156 - mse: 0.1227 - 177ms/epoch - 10ms/step
Epoch 21/800
17/17 - 0s - loss: 0.2170 - mae: 0.2170 - mse: 0.1156 - 176ms/epoch - 10ms/step
Epoch 22/800
17/17 - 0s - loss: 0.2156 - mae: 0.2156 - mse: 0.1114 - 175ms/epoch - 10ms/step
Epoch 23/800
17/17 - 0s - loss: 0.2104 - mae: 0.2104 - mse: 0.1083 - 175ms/epoch - 10ms/step
Epoch 24/800
17/17 - 0s - loss: 0.2288 - mae: 0.2288 - mse: 0.1135 - 175ms/epoch - 10ms/step
Epoch 25/800
17/17 - 0s - loss: 0.2182 - mae: 0.2182 - mse: 0.1104 - 175ms/epoch - 10ms/step
Epoch 26/800
17/17 - 0s - loss: 0.2022 - mae: 0.2022 - mse: 0.0970 - 175ms/epoch - 10ms/step
Epoch 27/800
17/17 - 0s - loss: 0.1984 - mae: 0.1984 - mse: 0.0822 - 175ms/epoch - 10ms/step
Epoch 28/800
17/17 - 0s - loss: 0.1921 - mae: 0.1921 - mse: 0.0836 - 175ms/epoch - 10ms/step
Epoch 29/800
17/17 - 0s - loss: 0.2043 - mae: 0.2043 - mse: 0.0818 - 175ms/epoch - 10ms/step
Epoch 30/800
17/17 - 0s - loss: 0.2284 - mae: 0.2284 - mse: 0.0983 - 175ms/epoch - 10ms/step
Epoch 31/800
17/17 - 0s - loss: 0.1944 - mae: 0.1944 - mse: 0.0706 - 175ms/epoch - 10ms/step
Epoch 32/800
17/17 - 0s - loss: 0.1883 - mae: 0.1883 - mse: 0.0685 - 175ms/epoch - 10ms/step
Epoch 33/800
17/17 - 0s - loss: 0.1753 - mae: 0.1753 - mse: 0.0558 - 175ms/epoch - 10ms/step
Epoch 34/800
17/17 - 0s - loss: 0.1864 - mae: 0.1864 - mse: 0.0654 - 175ms/epoch - 10ms/step
Epoch 35/800
17/17 - 0s - loss: 0.2305 - mae: 0.2305 - mse: 0.0989 - 175ms/epoch - 10ms/step
Epoch 36/800
17/17 - 0s - loss: 0.1860 - mae: 0.1860 - mse: 0.0677 - 175ms/epoch - 10ms/step
Epoch 37/800
17/17 - 0s - loss: 0.1925 - mae: 0.1925 - mse: 0.0681 - 175ms/epoch - 10ms/step
Epoch 38/800
17/17 - 0s - loss: 0.1904 - mae: 0.1904 - mse: 0.0656 - 178ms/epoch - 10ms/step
Epoch 39/800
17/17 - 0s - loss: 0.1599 - mae: 0.1599 - mse: 0.0441 - 176ms/epoch - 10ms/step
Epoch 40/800
17/17 - 0s - loss: 0.1626 - mae: 0.1626 - mse: 0.0464 - 175ms/epoch - 10ms/step
Epoch 41/800
17/17 - 0s - loss: 0.1635 - mae: 0.1635 - mse: 0.0461 - 175ms/epoch - 10ms/step
Epoch 42/800
17/17 - 0s - loss: 0.1612 - mae: 0.1612 - mse: 0.0456 - 175ms/epoch - 10ms/step
Epoch 43/800
17/17 - 0s - loss: 0.1489 - mae: 0.1489 - mse: 0.0381 - 175ms/epoch - 10ms/step
Epoch 44/800
17/17 - 0s - loss: 0.1533 - mae: 0.1533 - mse: 0.0411 - 175ms/epoch - 10ms/step
Epoch 45/800
17/17 - 0s - loss: 0.1571 - mae: 0.1571 - mse: 0.0444 - 175ms/epoch - 10ms/step
Epoch 46/800
17/17 - 0s - loss: 0.1457 - mae: 0.1457 - mse: 0.0369 - 175ms/epoch - 10ms/step
Epoch 47/800
17/17 - 0s - loss: 0.1411 - mae: 0.1411 - mse: 0.0341 - 175ms/epoch - 10ms/step
Epoch 48/800
17/17 - 0s - loss: 0.1420 - mae: 0.1420 - mse: 0.0342 - 175ms/epoch - 10ms/step
Epoch 49/800
17/17 - 0s - loss: 0.1346 - mae: 0.1346 - mse: 0.0322 - 175ms/epoch - 10ms/step
Epoch 50/800
17/17 - 0s - loss: 0.1522 - mae: 0.1522 - mse: 0.0387 - 175ms/epoch - 10ms/step
Epoch 51/800
17/17 - 0s - loss: 0.1261 - mae: 0.1261 - mse: 0.0277 - 175ms/epoch - 10ms/step
Epoch 52/800
17/17 - 0s - loss: 0.1401 - mae: 0.1401 - mse: 0.0347 - 175ms/epoch - 10ms/step
Epoch 53/800
17/17 - 0s - loss: 0.1516 - mae: 0.1516 - mse: 0.0420 - 175ms/epoch - 10ms/step
Epoch 54/800
17/17 - 0s - loss: 0.1372 - mae: 0.1372 - mse: 0.0340 - 175ms/epoch - 10ms/step
Epoch 55/800
17/17 - 0s - loss: 0.1505 - mae: 0.1505 - mse: 0.0382 - 175ms/epoch - 10ms/step
Epoch 56/800
17/17 - 0s - loss: 0.1397 - mae: 0.1397 - mse: 0.0337 - 175ms/epoch - 10ms/step
Epoch 57/800
17/17 - 0s - loss: 0.1288 - mae: 0.1288 - mse: 0.0298 - 175ms/epoch - 10ms/step
Epoch 58/800
17/17 - 0s - loss: 0.1159 - mae: 0.1159 - mse: 0.0235 - 175ms/epoch - 10ms/step
Epoch 59/800
17/17 - 0s - loss: 0.1494 - mae: 0.1494 - mse: 0.0373 - 175ms/epoch - 10ms/step
Epoch 60/800
17/17 - 0s - loss: 0.1521 - mae: 0.1521 - mse: 0.0428 - 175ms/epoch - 10ms/step
Epoch 61/800
17/17 - 0s - loss: 0.1442 - mae: 0.1442 - mse: 0.0349 - 175ms/epoch - 10ms/step
Epoch 62/800
17/17 - 0s - loss: 0.1425 - mae: 0.1425 - mse: 0.0343 - 175ms/epoch - 10ms/step
Epoch 63/800
17/17 - 0s - loss: 0.1255 - mae: 0.1255 - mse: 0.0284 - 177ms/epoch - 10ms/step
Epoch 64/800
17/17 - 0s - loss: 0.1392 - mae: 0.1392 - mse: 0.0341 - 175ms/epoch - 10ms/step
Epoch 65/800
17/17 - 0s - loss: 0.1254 - mae: 0.1254 - mse: 0.0279 - 176ms/epoch - 10ms/step
Epoch 66/800
17/17 - 0s - loss: 0.1196 - mae: 0.1196 - mse: 0.0259 - 176ms/epoch - 10ms/step
Epoch 67/800
17/17 - 0s - loss: 0.1394 - mae: 0.1394 - mse: 0.0338 - 176ms/epoch - 10ms/step
Epoch 68/800
17/17 - 0s - loss: 0.1257 - mae: 0.1257 - mse: 0.0290 - 175ms/epoch - 10ms/step
Epoch 69/800
17/17 - 0s - loss: 0.1245 - mae: 0.1245 - mse: 0.0273 - 175ms/epoch - 10ms/step
Epoch 70/800
17/17 - 0s - loss: 0.1212 - mae: 0.1212 - mse: 0.0252 - 175ms/epoch - 10ms/step
Epoch 71/800
17/17 - 0s - loss: 0.1330 - mae: 0.1330 - mse: 0.0311 - 175ms/epoch - 10ms/step
Epoch 72/800
17/17 - 0s - loss: 0.1281 - mae: 0.1281 - mse: 0.0281 - 175ms/epoch - 10ms/step
Epoch 73/800
17/17 - 0s - loss: 0.1196 - mae: 0.1196 - mse: 0.0255 - 175ms/epoch - 10ms/step
Epoch 74/800
17/17 - 0s - loss: 0.1216 - mae: 0.1216 - mse: 0.0251 - 175ms/epoch - 10ms/step
Epoch 75/800
17/17 - 0s - loss: 0.1291 - mae: 0.1291 - mse: 0.0295 - 175ms/epoch - 10ms/step
Epoch 76/800
17/17 - 0s - loss: 0.1327 - mae: 0.1327 - mse: 0.0315 - 176ms/epoch - 10ms/step
Epoch 77/800
17/17 - 0s - loss: 0.1188 - mae: 0.1188 - mse: 0.0236 - 176ms/epoch - 10ms/step
Epoch 78/800
17/17 - 0s - loss: 0.1170 - mae: 0.1170 - mse: 0.0239 - 175ms/epoch - 10ms/step
Epoch 79/800
17/17 - 0s - loss: 0.1131 - mae: 0.1131 - mse: 0.0228 - 175ms/epoch - 10ms/step
Epoch 80/800
17/17 - 0s - loss: 0.1115 - mae: 0.1115 - mse: 0.0231 - 175ms/epoch - 10ms/step
Epoch 81/800
17/17 - 0s - loss: 0.1410 - mae: 0.1410 - mse: 0.0330 - 175ms/epoch - 10ms/step
Epoch 82/800
17/17 - 0s - loss: 0.1339 - mae: 0.1339 - mse: 0.0297 - 175ms/epoch - 10ms/step
Epoch 83/800
17/17 - 0s - loss: 0.1233 - mae: 0.1233 - mse: 0.0266 - 175ms/epoch - 10ms/step
Epoch 84/800
17/17 - 0s - loss: 0.1226 - mae: 0.1226 - mse: 0.0253 - 175ms/epoch - 10ms/step
Epoch 85/800
17/17 - 0s - loss: 0.1172 - mae: 0.1172 - mse: 0.0247 - 175ms/epoch - 10ms/step
Epoch 86/800
17/17 - 0s - loss: 0.1142 - mae: 0.1142 - mse: 0.0225 - 175ms/epoch - 10ms/step
Epoch 87/800
17/17 - 0s - loss: 0.1124 - mae: 0.1124 - mse: 0.0228 - 175ms/epoch - 10ms/step
Epoch 88/800
17/17 - 0s - loss: 0.1072 - mae: 0.1072 - mse: 0.0202 - 175ms/epoch - 10ms/step
Epoch 89/800
17/17 - 0s - loss: 0.1082 - mae: 0.1082 - mse: 0.0213 - 175ms/epoch - 10ms/step
Epoch 90/800
17/17 - 0s - loss: 0.1105 - mae: 0.1105 - mse: 0.0222 - 177ms/epoch - 10ms/step
Epoch 91/800
17/17 - 0s - loss: 0.1060 - mae: 0.1060 - mse: 0.0204 - 175ms/epoch - 10ms/step
Epoch 92/800
17/17 - 0s - loss: 0.1121 - mae: 0.1121 - mse: 0.0219 - 175ms/epoch - 10ms/step
Epoch 93/800
17/17 - 0s - loss: 0.1084 - mae: 0.1084 - mse: 0.0214 - 177ms/epoch - 10ms/step
Epoch 94/800
17/17 - 0s - loss: 0.1037 - mae: 0.1037 - mse: 0.0191 - 176ms/epoch - 10ms/step
Epoch 95/800
17/17 - 0s - loss: 0.1057 - mae: 0.1057 - mse: 0.0199 - 176ms/epoch - 10ms/step
Epoch 96/800
17/17 - 0s - loss: 0.1090 - mae: 0.1090 - mse: 0.0206 - 175ms/epoch - 10ms/step
Epoch 97/800
17/17 - 0s - loss: 0.1122 - mae: 0.1122 - mse: 0.0216 - 175ms/epoch - 10ms/step
Epoch 98/800
17/17 - 0s - loss: 0.0970 - mae: 0.0970 - mse: 0.0174 - 175ms/epoch - 10ms/step
Epoch 99/800
17/17 - 0s - loss: 0.1053 - mae: 0.1053 - mse: 0.0211 - 175ms/epoch - 10ms/step
Epoch 100/800
17/17 - 0s - loss: 0.0966 - mae: 0.0966 - mse: 0.0169 - 175ms/epoch - 10ms/step
Epoch 101/800
17/17 - 0s - loss: 0.1012 - mae: 0.1012 - mse: 0.0187 - 175ms/epoch - 10ms/step
Epoch 102/800
17/17 - 0s - loss: 0.0993 - mae: 0.0993 - mse: 0.0178 - 175ms/epoch - 10ms/step
Epoch 103/800
17/17 - 0s - loss: 0.1069 - mae: 0.1069 - mse: 0.0206 - 175ms/epoch - 10ms/step
Epoch 104/800
17/17 - 0s - loss: 0.1048 - mae: 0.1048 - mse: 0.0195 - 175ms/epoch - 10ms/step
Epoch 105/800
17/17 - 0s - loss: 0.1115 - mae: 0.1115 - mse: 0.0218 - 175ms/epoch - 10ms/step
Epoch 106/800
17/17 - 0s - loss: 0.1030 - mae: 0.1030 - mse: 0.0197 - 175ms/epoch - 10ms/step
Epoch 107/800
17/17 - 0s - loss: 0.1045 - mae: 0.1045 - mse: 0.0194 - 175ms/epoch - 10ms/step
Epoch 108/800
17/17 - 0s - loss: 0.1052 - mae: 0.1052 - mse: 0.0189 - 175ms/epoch - 10ms/step
Epoch 109/800
17/17 - 0s - loss: 0.0873 - mae: 0.0873 - mse: 0.0147 - 175ms/epoch - 10ms/step
Epoch 110/800
17/17 - 0s - loss: 0.0949 - mae: 0.0949 - mse: 0.0175 - 175ms/epoch - 10ms/step
Epoch 111/800
17/17 - 0s - loss: 0.0993 - mae: 0.0993 - mse: 0.0174 - 175ms/epoch - 10ms/step
Epoch 112/800
17/17 - 0s - loss: 0.1056 - mae: 0.1056 - mse: 0.0192 - 175ms/epoch - 10ms/step
Epoch 113/800
17/17 - 0s - loss: 0.1024 - mae: 0.1024 - mse: 0.0191 - 175ms/epoch - 10ms/step
Epoch 114/800
17/17 - 0s - loss: 0.1009 - mae: 0.1009 - mse: 0.0183 - 175ms/epoch - 10ms/step
Epoch 115/800
17/17 - 0s - loss: 0.1039 - mae: 0.1039 - mse: 0.0197 - 175ms/epoch - 10ms/step
Epoch 116/800
17/17 - 0s - loss: 0.1072 - mae: 0.1072 - mse: 0.0203 - 175ms/epoch - 10ms/step
Epoch 117/800
17/17 - 0s - loss: 0.1014 - mae: 0.1014 - mse: 0.0178 - 175ms/epoch - 10ms/step
Epoch 118/800
17/17 - 0s - loss: 0.1000 - mae: 0.1000 - mse: 0.0179 - 175ms/epoch - 10ms/step
Epoch 119/800
17/17 - 0s - loss: 0.0989 - mae: 0.0989 - mse: 0.0181 - 175ms/epoch - 10ms/step
Epoch 120/800
17/17 - 0s - loss: 0.1029 - mae: 0.1029 - mse: 0.0186 - 176ms/epoch - 10ms/step
Epoch 121/800
17/17 - 0s - loss: 0.0928 - mae: 0.0928 - mse: 0.0162 - 176ms/epoch - 10ms/step
Epoch 122/800
17/17 - 0s - loss: 0.1047 - mae: 0.1047 - mse: 0.0199 - 175ms/epoch - 10ms/step
Epoch 123/800
17/17 - 0s - loss: 0.0933 - mae: 0.0933 - mse: 0.0160 - 176ms/epoch - 10ms/step
Epoch 124/800
17/17 - 0s - loss: 0.0957 - mae: 0.0957 - mse: 0.0164 - 176ms/epoch - 10ms/step
Epoch 125/800
17/17 - 0s - loss: 0.0902 - mae: 0.0902 - mse: 0.0154 - 175ms/epoch - 10ms/step
Epoch 126/800
17/17 - 0s - loss: 0.0983 - mae: 0.0983 - mse: 0.0176 - 175ms/epoch - 10ms/step
Epoch 127/800
17/17 - 0s - loss: 0.1007 - mae: 0.1007 - mse: 0.0177 - 175ms/epoch - 10ms/step
Epoch 128/800
17/17 - 0s - loss: 0.0892 - mae: 0.0892 - mse: 0.0146 - 175ms/epoch - 10ms/step
Epoch 129/800
17/17 - 0s - loss: 0.0863 - mae: 0.0863 - mse: 0.0143 - 175ms/epoch - 10ms/step
Epoch 130/800
17/17 - 0s - loss: 0.0842 - mae: 0.0842 - mse: 0.0132 - 175ms/epoch - 10ms/step
Epoch 131/800
17/17 - 0s - loss: 0.0838 - mae: 0.0838 - mse: 0.0137 - 175ms/epoch - 10ms/step
Epoch 132/800
17/17 - 0s - loss: 0.1016 - mae: 0.1016 - mse: 0.0187 - 175ms/epoch - 10ms/step
Epoch 133/800
17/17 - 0s - loss: 0.0992 - mae: 0.0992 - mse: 0.0172 - 175ms/epoch - 10ms/step
Epoch 134/800
17/17 - 0s - loss: 0.0854 - mae: 0.0854 - mse: 0.0146 - 175ms/epoch - 10ms/step
Epoch 135/800
17/17 - 0s - loss: 0.0954 - mae: 0.0954 - mse: 0.0167 - 175ms/epoch - 10ms/step
Epoch 136/800
17/17 - 0s - loss: 0.0972 - mae: 0.0972 - mse: 0.0173 - 175ms/epoch - 10ms/step
Epoch 137/800
17/17 - 0s - loss: 0.0941 - mae: 0.0941 - mse: 0.0158 - 175ms/epoch - 10ms/step
Epoch 138/800
17/17 - 0s - loss: 0.1184 - mae: 0.1184 - mse: 0.0244 - 175ms/epoch - 10ms/step
Epoch 139/800
17/17 - 0s - loss: 0.1028 - mae: 0.1028 - mse: 0.0181 - 175ms/epoch - 10ms/step
Epoch 140/800
17/17 - 0s - loss: 0.0991 - mae: 0.0991 - mse: 0.0174 - 175ms/epoch - 10ms/step
Epoch 141/800
17/17 - 0s - loss: 0.0879 - mae: 0.0879 - mse: 0.0140 - 175ms/epoch - 10ms/step
Epoch 142/800
17/17 - 0s - loss: 0.0906 - mae: 0.0906 - mse: 0.0149 - 175ms/epoch - 10ms/step
Epoch 143/800
17/17 - 0s - loss: 0.1039 - mae: 0.1039 - mse: 0.0195 - 175ms/epoch - 10ms/step
Epoch 144/800
17/17 - 0s - loss: 0.0881 - mae: 0.0881 - mse: 0.0153 - 175ms/epoch - 10ms/step
Epoch 145/800
17/17 - 0s - loss: 0.0890 - mae: 0.0890 - mse: 0.0144 - 175ms/epoch - 10ms/step
Epoch 146/800
17/17 - 0s - loss: 0.1016 - mae: 0.1016 - mse: 0.0178 - 175ms/epoch - 10ms/step
Epoch 147/800
17/17 - 0s - loss: 0.0960 - mae: 0.0960 - mse: 0.0165 - 175ms/epoch - 10ms/step
Epoch 148/800
17/17 - 0s - loss: 0.0970 - mae: 0.0970 - mse: 0.0170 - 176ms/epoch - 10ms/step
Epoch 149/800
17/17 - 0s - loss: 0.0893 - mae: 0.0893 - mse: 0.0150 - 176ms/epoch - 10ms/step
Epoch 150/800
17/17 - 0s - loss: 0.0856 - mae: 0.0856 - mse: 0.0135 - 175ms/epoch - 10ms/step
Epoch 151/800
17/17 - 0s - loss: 0.0850 - mae: 0.0850 - mse: 0.0139 - 175ms/epoch - 10ms/step
Epoch 152/800
17/17 - 0s - loss: 0.0958 - mae: 0.0958 - mse: 0.0167 - 175ms/epoch - 10ms/step
Epoch 153/800
17/17 - 0s - loss: 0.0939 - mae: 0.0939 - mse: 0.0158 - 175ms/epoch - 10ms/step
Epoch 154/800
17/17 - 0s - loss: 0.0892 - mae: 0.0892 - mse: 0.0154 - 175ms/epoch - 10ms/step
Epoch 155/800
17/17 - 0s - loss: 0.0860 - mae: 0.0860 - mse: 0.0136 - 175ms/epoch - 10ms/step
Epoch 156/800
17/17 - 0s - loss: 0.0823 - mae: 0.0823 - mse: 0.0127 - 175ms/epoch - 10ms/step
Epoch 157/800
17/17 - 0s - loss: 0.0864 - mae: 0.0864 - mse: 0.0141 - 175ms/epoch - 10ms/step
Epoch 158/800
17/17 - 0s - loss: 0.0787 - mae: 0.0787 - mse: 0.0123 - 175ms/epoch - 10ms/step
Epoch 159/800
17/17 - 0s - loss: 0.0926 - mae: 0.0926 - mse: 0.0151 - 175ms/epoch - 10ms/step
Epoch 160/800
17/17 - 0s - loss: 0.1055 - mae: 0.1055 - mse: 0.0192 - 175ms/epoch - 10ms/step
Epoch 161/800
17/17 - 0s - loss: 0.0903 - mae: 0.0903 - mse: 0.0150 - 175ms/epoch - 10ms/step
Epoch 162/800
17/17 - 0s - loss: 0.0756 - mae: 0.0756 - mse: 0.0111 - 175ms/epoch - 10ms/step
Epoch 163/800
17/17 - 0s - loss: 0.0866 - mae: 0.0866 - mse: 0.0136 - 175ms/epoch - 10ms/step
Epoch 164/800
17/17 - 0s - loss: 0.0842 - mae: 0.0842 - mse: 0.0125 - 175ms/epoch - 10ms/step
Epoch 165/800
17/17 - 0s - loss: 0.0777 - mae: 0.0777 - mse: 0.0115 - 175ms/epoch - 10ms/step
Epoch 166/800
17/17 - 0s - loss: 0.0824 - mae: 0.0824 - mse: 0.0124 - 175ms/epoch - 10ms/step
Epoch 167/800
17/17 - 0s - loss: 0.0930 - mae: 0.0930 - mse: 0.0149 - 175ms/epoch - 10ms/step
Epoch 168/800
17/17 - 0s - loss: 0.0998 - mae: 0.0998 - mse: 0.0171 - 175ms/epoch - 10ms/step
Epoch 169/800
17/17 - 0s - loss: 0.0837 - mae: 0.0837 - mse: 0.0131 - 175ms/epoch - 10ms/step
Epoch 170/800
17/17 - 0s - loss: 0.0903 - mae: 0.0903 - mse: 0.0144 - 175ms/epoch - 10ms/step
Epoch 171/800
17/17 - 0s - loss: 0.0796 - mae: 0.0796 - mse: 0.0121 - 175ms/epoch - 10ms/step
Epoch 172/800
17/17 - 0s - loss: 0.0837 - mae: 0.0837 - mse: 0.0130 - 175ms/epoch - 10ms/step
Epoch 173/800
17/17 - 0s - loss: 0.0835 - mae: 0.0835 - mse: 0.0138 - 175ms/epoch - 10ms/step
Epoch 174/800
17/17 - 0s - loss: 0.0809 - mae: 0.0809 - mse: 0.0129 - 175ms/epoch - 10ms/step
Epoch 175/800
17/17 - 0s - loss: 0.0762 - mae: 0.0762 - mse: 0.0113 - 175ms/epoch - 10ms/step
Epoch 176/800
17/17 - 0s - loss: 0.0793 - mae: 0.0793 - mse: 0.0114 - 176ms/epoch - 10ms/step
Epoch 177/800
17/17 - 0s - loss: 0.0759 - mae: 0.0759 - mse: 0.0114 - 175ms/epoch - 10ms/step
Epoch 178/800
17/17 - 0s - loss: 0.0840 - mae: 0.0840 - mse: 0.0128 - 175ms/epoch - 10ms/step
Epoch 179/800
17/17 - 0s - loss: 0.0960 - mae: 0.0960 - mse: 0.0163 - 175ms/epoch - 10ms/step
Epoch 180/800
17/17 - 0s - loss: 0.1027 - mae: 0.1027 - mse: 0.0177 - 175ms/epoch - 10ms/step
Epoch 181/800
17/17 - 0s - loss: 0.0959 - mae: 0.0959 - mse: 0.0160 - 175ms/epoch - 10ms/step
Epoch 182/800
17/17 - 0s - loss: 0.0760 - mae: 0.0760 - mse: 0.0115 - 175ms/epoch - 10ms/step
Epoch 183/800
17/17 - 0s - loss: 0.0772 - mae: 0.0772 - mse: 0.0113 - 175ms/epoch - 10ms/step
Epoch 184/800
17/17 - 0s - loss: 0.0840 - mae: 0.0840 - mse: 0.0134 - 175ms/epoch - 10ms/step
Epoch 185/800
17/17 - 0s - loss: 0.0889 - mae: 0.0889 - mse: 0.0151 - 175ms/epoch - 10ms/step
Epoch 186/800
17/17 - 0s - loss: 0.0721 - mae: 0.0721 - mse: 0.0101 - 175ms/epoch - 10ms/step
Epoch 187/800
17/17 - 0s - loss: 0.0678 - mae: 0.0678 - mse: 0.0091 - 175ms/epoch - 10ms/step
Epoch 188/800
17/17 - 0s - loss: 0.0829 - mae: 0.0829 - mse: 0.0127 - 175ms/epoch - 10ms/step
Epoch 189/800
17/17 - 0s - loss: 0.0831 - mae: 0.0831 - mse: 0.0123 - 175ms/epoch - 10ms/step
Epoch 190/800
17/17 - 0s - loss: 0.0786 - mae: 0.0786 - mse: 0.0120 - 175ms/epoch - 10ms/step
Epoch 191/800
17/17 - 0s - loss: 0.0784 - mae: 0.0784 - mse: 0.0111 - 175ms/epoch - 10ms/step
Epoch 192/800
17/17 - 0s - loss: 0.0740 - mae: 0.0740 - mse: 0.0100 - 175ms/epoch - 10ms/step
Epoch 193/800
17/17 - 0s - loss: 0.0763 - mae: 0.0763 - mse: 0.0108 - 175ms/epoch - 10ms/step
Epoch 194/800
17/17 - 0s - loss: 0.0850 - mae: 0.0850 - mse: 0.0130 - 175ms/epoch - 10ms/step
Epoch 195/800
17/17 - 0s - loss: 0.0819 - mae: 0.0819 - mse: 0.0117 - 175ms/epoch - 10ms/step
Epoch 196/800
17/17 - 0s - loss: 0.0802 - mae: 0.0802 - mse: 0.0116 - 175ms/epoch - 10ms/step
Epoch 197/800
17/17 - 0s - loss: 0.0935 - mae: 0.0935 - mse: 0.0149 - 175ms/epoch - 10ms/step
Epoch 198/800
17/17 - 0s - loss: 0.0828 - mae: 0.0828 - mse: 0.0123 - 175ms/epoch - 10ms/step
Epoch 199/800
17/17 - 0s - loss: 0.0815 - mae: 0.0815 - mse: 0.0118 - 175ms/epoch - 10ms/step
Epoch 200/800
17/17 - 0s - loss: 0.0722 - mae: 0.0722 - mse: 0.0095 - 175ms/epoch - 10ms/step
Epoch 201/800
17/17 - 0s - loss: 0.0686 - mae: 0.0686 - mse: 0.0091 - 175ms/epoch - 10ms/step
Epoch 202/800
17/17 - 0s - loss: 0.0665 - mae: 0.0665 - mse: 0.0093 - 175ms/epoch - 10ms/step
Epoch 203/800
17/17 - 0s - loss: 0.0649 - mae: 0.0649 - mse: 0.0094 - 176ms/epoch - 10ms/step
Epoch 204/800
17/17 - 0s - loss: 0.0707 - mae: 0.0707 - mse: 0.0093 - 176ms/epoch - 10ms/step
Epoch 205/800
17/17 - 0s - loss: 0.0693 - mae: 0.0693 - mse: 0.0096 - 175ms/epoch - 10ms/step
Epoch 206/800
17/17 - 0s - loss: 0.0755 - mae: 0.0755 - mse: 0.0108 - 175ms/epoch - 10ms/step
Epoch 207/800
17/17 - 0s - loss: 0.0712 - mae: 0.0712 - mse: 0.0098 - 175ms/epoch - 10ms/step
Epoch 208/800
17/17 - 0s - loss: 0.0654 - mae: 0.0654 - mse: 0.0081 - 175ms/epoch - 10ms/step
Epoch 209/800
17/17 - 0s - loss: 0.0748 - mae: 0.0748 - mse: 0.0102 - 175ms/epoch - 10ms/step
Epoch 210/800
17/17 - 0s - loss: 0.0743 - mae: 0.0743 - mse: 0.0101 - 175ms/epoch - 10ms/step
Epoch 211/800
17/17 - 0s - loss: 0.0610 - mae: 0.0610 - mse: 0.0078 - 175ms/epoch - 10ms/step
Epoch 212/800
17/17 - 0s - loss: 0.0689 - mae: 0.0689 - mse: 0.0089 - 175ms/epoch - 10ms/step
Epoch 213/800
17/17 - 0s - loss: 0.0654 - mae: 0.0654 - mse: 0.0083 - 175ms/epoch - 10ms/step
Epoch 214/800
17/17 - 0s - loss: 0.0637 - mae: 0.0637 - mse: 0.0082 - 175ms/epoch - 10ms/step
Epoch 215/800
17/17 - 0s - loss: 0.0718 - mae: 0.0718 - mse: 0.0098 - 175ms/epoch - 10ms/step
Epoch 216/800
17/17 - 0s - loss: 0.0787 - mae: 0.0787 - mse: 0.0114 - 175ms/epoch - 10ms/step
Epoch 217/800
17/17 - 0s - loss: 0.0791 - mae: 0.0791 - mse: 0.0117 - 176ms/epoch - 10ms/step
Epoch 218/800
17/17 - 0s - loss: 0.0785 - mae: 0.0785 - mse: 0.0120 - 175ms/epoch - 10ms/step
Epoch 219/800
17/17 - 0s - loss: 0.0721 - mae: 0.0721 - mse: 0.0093 - 175ms/epoch - 10ms/step
Epoch 220/800
17/17 - 0s - loss: 0.0682 - mae: 0.0682 - mse: 0.0089 - 176ms/epoch - 10ms/step
Epoch 221/800
17/17 - 0s - loss: 0.0704 - mae: 0.0704 - mse: 0.0092 - 175ms/epoch - 10ms/step
Epoch 222/800
17/17 - 0s - loss: 0.0698 - mae: 0.0698 - mse: 0.0087 - 175ms/epoch - 10ms/step
Epoch 223/800
17/17 - 0s - loss: 0.0708 - mae: 0.0708 - mse: 0.0094 - 175ms/epoch - 10ms/step
Epoch 224/800
17/17 - 0s - loss: 0.0598 - mae: 0.0598 - mse: 0.0073 - 176ms/epoch - 10ms/step
Epoch 225/800
17/17 - 0s - loss: 0.0639 - mae: 0.0639 - mse: 0.0075 - 175ms/epoch - 10ms/step
Epoch 226/800
17/17 - 0s - loss: 0.0683 - mae: 0.0683 - mse: 0.0089 - 175ms/epoch - 10ms/step
Epoch 227/800
17/17 - 0s - loss: 0.0673 - mae: 0.0673 - mse: 0.0088 - 175ms/epoch - 10ms/step
Epoch 228/800
17/17 - 0s - loss: 0.0653 - mae: 0.0653 - mse: 0.0081 - 175ms/epoch - 10ms/step
Epoch 229/800
17/17 - 0s - loss: 0.0679 - mae: 0.0679 - mse: 0.0086 - 175ms/epoch - 10ms/step
Epoch 230/800
17/17 - 0s - loss: 0.0711 - mae: 0.0711 - mse: 0.0094 - 175ms/epoch - 10ms/step
Epoch 231/800
17/17 - 0s - loss: 0.0721 - mae: 0.0721 - mse: 0.0094 - 176ms/epoch - 10ms/step
Epoch 232/800
17/17 - 0s - loss: 0.0618 - mae: 0.0618 - mse: 0.0074 - 176ms/epoch - 10ms/step
Epoch 233/800
17/17 - 0s - loss: 0.0604 - mae: 0.0604 - mse: 0.0067 - 176ms/epoch - 10ms/step
Epoch 234/800
17/17 - 0s - loss: 0.0616 - mae: 0.0616 - mse: 0.0072 - 176ms/epoch - 10ms/step
Epoch 235/800
17/17 - 0s - loss: 0.0690 - mae: 0.0690 - mse: 0.0092 - 175ms/epoch - 10ms/step
Epoch 236/800
17/17 - 0s - loss: 0.0680 - mae: 0.0680 - mse: 0.0084 - 175ms/epoch - 10ms/step
Epoch 237/800
17/17 - 0s - loss: 0.0637 - mae: 0.0637 - mse: 0.0075 - 175ms/epoch - 10ms/step
Epoch 238/800
17/17 - 0s - loss: 0.0703 - mae: 0.0703 - mse: 0.0091 - 175ms/epoch - 10ms/step
Epoch 239/800
17/17 - 0s - loss: 0.0673 - mae: 0.0673 - mse: 0.0089 - 175ms/epoch - 10ms/step
Epoch 240/800
17/17 - 0s - loss: 0.0781 - mae: 0.0781 - mse: 0.0104 - 175ms/epoch - 10ms/step
Epoch 241/800
17/17 - 0s - loss: 0.0653 - mae: 0.0653 - mse: 0.0081 - 175ms/epoch - 10ms/step
Epoch 242/800
17/17 - 0s - loss: 0.0651 - mae: 0.0651 - mse: 0.0078 - 175ms/epoch - 10ms/step
Epoch 243/800
17/17 - 0s - loss: 0.0632 - mae: 0.0632 - mse: 0.0075 - 175ms/epoch - 10ms/step
Epoch 244/800
17/17 - 0s - loss: 0.0644 - mae: 0.0644 - mse: 0.0078 - 175ms/epoch - 10ms/step
Epoch 245/800
17/17 - 0s - loss: 0.0655 - mae: 0.0655 - mse: 0.0084 - 175ms/epoch - 10ms/step
Epoch 246/800
17/17 - 0s - loss: 0.0633 - mae: 0.0633 - mse: 0.0076 - 175ms/epoch - 10ms/step
Epoch 247/800
17/17 - 0s - loss: 0.0601 - mae: 0.0601 - mse: 0.0068 - 175ms/epoch - 10ms/step
Epoch 248/800
17/17 - 0s - loss: 0.0581 - mae: 0.0581 - mse: 0.0066 - 175ms/epoch - 10ms/step
Epoch 249/800
17/17 - 0s - loss: 0.0634 - mae: 0.0634 - mse: 0.0072 - 175ms/epoch - 10ms/step
Epoch 250/800
17/17 - 0s - loss: 0.0617 - mae: 0.0617 - mse: 0.0069 - 175ms/epoch - 10ms/step
Epoch 251/800
17/17 - 0s - loss: 0.0516 - mae: 0.0516 - mse: 0.0055 - 175ms/epoch - 10ms/step
Epoch 252/800
17/17 - 0s - loss: 0.0581 - mae: 0.0581 - mse: 0.0063 - 175ms/epoch - 10ms/step
Epoch 253/800
17/17 - 0s - loss: 0.0631 - mae: 0.0631 - mse: 0.0075 - 175ms/epoch - 10ms/step
Epoch 254/800
17/17 - 0s - loss: 0.0639 - mae: 0.0639 - mse: 0.0075 - 175ms/epoch - 10ms/step
Epoch 255/800
17/17 - 0s - loss: 0.0577 - mae: 0.0577 - mse: 0.0064 - 175ms/epoch - 10ms/step
Epoch 256/800
17/17 - 0s - loss: 0.0574 - mae: 0.0574 - mse: 0.0065 - 175ms/epoch - 10ms/step
Epoch 257/800
17/17 - 0s - loss: 0.0735 - mae: 0.0735 - mse: 0.0094 - 175ms/epoch - 10ms/step
Epoch 258/800
17/17 - 0s - loss: 0.0654 - mae: 0.0654 - mse: 0.0079 - 175ms/epoch - 10ms/step
Epoch 259/800
17/17 - 0s - loss: 0.0600 - mae: 0.0600 - mse: 0.0070 - 177ms/epoch - 10ms/step
Epoch 260/800
17/17 - 0s - loss: 0.0620 - mae: 0.0620 - mse: 0.0073 - 176ms/epoch - 10ms/step
Epoch 261/800
17/17 - 0s - loss: 0.0590 - mae: 0.0590 - mse: 0.0067 - 175ms/epoch - 10ms/step
Epoch 262/800
17/17 - 0s - loss: 0.0622 - mae: 0.0622 - mse: 0.0072 - 175ms/epoch - 10ms/step
Epoch 263/800
17/17 - 0s - loss: 0.0644 - mae: 0.0644 - mse: 0.0078 - 175ms/epoch - 10ms/step
Epoch 264/800
17/17 - 0s - loss: 0.0575 - mae: 0.0575 - mse: 0.0066 - 175ms/epoch - 10ms/step
Epoch 265/800
17/17 - 0s - loss: 0.0650 - mae: 0.0650 - mse: 0.0077 - 175ms/epoch - 10ms/step
Epoch 266/800
17/17 - 0s - loss: 0.0640 - mae: 0.0640 - mse: 0.0071 - 175ms/epoch - 10ms/step
Epoch 267/800
17/17 - 0s - loss: 0.0596 - mae: 0.0596 - mse: 0.0067 - 175ms/epoch - 10ms/step
Epoch 268/800
17/17 - 0s - loss: 0.0547 - mae: 0.0547 - mse: 0.0058 - 175ms/epoch - 10ms/step
Epoch 269/800
17/17 - 0s - loss: 0.0578 - mae: 0.0578 - mse: 0.0066 - 175ms/epoch - 10ms/step
Epoch 270/800
17/17 - 0s - loss: 0.0646 - mae: 0.0646 - mse: 0.0081 - 175ms/epoch - 10ms/step
Epoch 271/800
17/17 - 0s - loss: 0.0578 - mae: 0.0578 - mse: 0.0068 - 175ms/epoch - 10ms/step
Epoch 272/800
17/17 - 0s - loss: 0.0589 - mae: 0.0589 - mse: 0.0070 - 175ms/epoch - 10ms/step
Epoch 273/800
17/17 - 0s - loss: 0.0543 - mae: 0.0543 - mse: 0.0057 - 175ms/epoch - 10ms/step
Epoch 274/800
17/17 - 0s - loss: 0.0535 - mae: 0.0535 - mse: 0.0056 - 175ms/epoch - 10ms/step
Epoch 275/800
17/17 - 0s - loss: 0.0540 - mae: 0.0540 - mse: 0.0057 - 175ms/epoch - 10ms/step
Epoch 276/800
17/17 - 0s - loss: 0.0559 - mae: 0.0559 - mse: 0.0058 - 175ms/epoch - 10ms/step
Epoch 277/800
17/17 - 0s - loss: 0.0551 - mae: 0.0551 - mse: 0.0057 - 175ms/epoch - 10ms/step
Epoch 278/800
17/17 - 0s - loss: 0.0577 - mae: 0.0577 - mse: 0.0065 - 175ms/epoch - 10ms/step
Epoch 279/800
17/17 - 0s - loss: 0.0509 - mae: 0.0509 - mse: 0.0051 - 175ms/epoch - 10ms/step
Epoch 280/800
17/17 - 0s - loss: 0.0550 - mae: 0.0550 - mse: 0.0058 - 175ms/epoch - 10ms/step
Epoch 281/800
17/17 - 0s - loss: 0.0673 - mae: 0.0673 - mse: 0.0080 - 175ms/epoch - 10ms/step
Epoch 282/800
17/17 - 0s - loss: 0.0552 - mae: 0.0552 - mse: 0.0060 - 175ms/epoch - 10ms/step
Epoch 283/800
17/17 - 0s - loss: 0.0524 - mae: 0.0524 - mse: 0.0056 - 175ms/epoch - 10ms/step
Epoch 284/800
17/17 - 0s - loss: 0.0582 - mae: 0.0582 - mse: 0.0066 - 175ms/epoch - 10ms/step
Epoch 285/800
17/17 - 0s - loss: 0.0535 - mae: 0.0535 - mse: 0.0054 - 175ms/epoch - 10ms/step
Epoch 286/800
17/17 - 0s - loss: 0.0600 - mae: 0.0600 - mse: 0.0066 - 176ms/epoch - 10ms/step
Epoch 287/800
17/17 - 0s - loss: 0.0554 - mae: 0.0554 - mse: 0.0059 - 176ms/epoch - 10ms/step
Epoch 288/800
17/17 - 0s - loss: 0.0568 - mae: 0.0568 - mse: 0.0059 - 175ms/epoch - 10ms/step
Epoch 289/800
17/17 - 0s - loss: 0.0510 - mae: 0.0510 - mse: 0.0050 - 175ms/epoch - 10ms/step
Epoch 290/800
17/17 - 0s - loss: 0.0598 - mae: 0.0598 - mse: 0.0069 - 175ms/epoch - 10ms/step
Epoch 291/800
17/17 - 0s - loss: 0.0671 - mae: 0.0671 - mse: 0.0077 - 175ms/epoch - 10ms/step
Epoch 292/800
17/17 - 0s - loss: 0.0645 - mae: 0.0645 - mse: 0.0075 - 175ms/epoch - 10ms/step
Epoch 293/800
17/17 - 0s - loss: 0.0520 - mae: 0.0520 - mse: 0.0052 - 175ms/epoch - 10ms/step
Epoch 294/800
17/17 - 0s - loss: 0.0615 - mae: 0.0615 - mse: 0.0067 - 175ms/epoch - 10ms/step
Epoch 295/800
17/17 - 0s - loss: 0.0562 - mae: 0.0562 - mse: 0.0058 - 175ms/epoch - 10ms/step
Epoch 296/800
17/17 - 0s - loss: 0.0525 - mae: 0.0525 - mse: 0.0053 - 175ms/epoch - 10ms/step
Epoch 297/800
17/17 - 0s - loss: 0.0513 - mae: 0.0513 - mse: 0.0053 - 175ms/epoch - 10ms/step
Epoch 298/800
17/17 - 0s - loss: 0.0500 - mae: 0.0500 - mse: 0.0048 - 175ms/epoch - 10ms/step
Epoch 299/800
17/17 - 0s - loss: 0.0516 - mae: 0.0516 - mse: 0.0051 - 175ms/epoch - 10ms/step
Epoch 300/800
17/17 - 0s - loss: 0.0437 - mae: 0.0437 - mse: 0.0039 - 175ms/epoch - 10ms/step
Epoch 301/800
17/17 - 0s - loss: 0.0507 - mae: 0.0507 - mse: 0.0049 - 175ms/epoch - 10ms/step
Epoch 302/800
17/17 - 0s - loss: 0.0479 - mae: 0.0479 - mse: 0.0047 - 175ms/epoch - 10ms/step
Epoch 303/800
17/17 - 0s - loss: 0.0471 - mae: 0.0471 - mse: 0.0046 - 175ms/epoch - 10ms/step
Epoch 304/800
17/17 - 0s - loss: 0.0584 - mae: 0.0584 - mse: 0.0062 - 175ms/epoch - 10ms/step
Epoch 305/800
17/17 - 0s - loss: 0.0513 - mae: 0.0513 - mse: 0.0051 - 175ms/epoch - 10ms/step
Epoch 306/800
17/17 - 0s - loss: 0.0515 - mae: 0.0515 - mse: 0.0050 - 176ms/epoch - 10ms/step
Epoch 307/800
17/17 - 0s - loss: 0.0470 - mae: 0.0470 - mse: 0.0045 - 177ms/epoch - 10ms/step
Epoch 308/800
17/17 - 0s - loss: 0.0552 - mae: 0.0552 - mse: 0.0058 - 176ms/epoch - 10ms/step
Epoch 309/800
17/17 - 0s - loss: 0.0443 - mae: 0.0443 - mse: 0.0040 - 175ms/epoch - 10ms/step
Epoch 310/800
17/17 - 0s - loss: 0.0454 - mae: 0.0454 - mse: 0.0042 - 175ms/epoch - 10ms/step
Epoch 311/800
17/17 - 0s - loss: 0.0514 - mae: 0.0514 - mse: 0.0050 - 175ms/epoch - 10ms/step
Epoch 312/800
17/17 - 0s - loss: 0.0530 - mae: 0.0530 - mse: 0.0053 - 175ms/epoch - 10ms/step
Epoch 313/800
17/17 - 0s - loss: 0.0564 - mae: 0.0564 - mse: 0.0059 - 175ms/epoch - 10ms/step
Epoch 314/800
17/17 - 0s - loss: 0.0533 - mae: 0.0533 - mse: 0.0052 - 176ms/epoch - 10ms/step
Epoch 315/800
17/17 - 0s - loss: 0.0485 - mae: 0.0485 - mse: 0.0045 - 176ms/epoch - 10ms/step
Epoch 316/800
17/17 - 0s - loss: 0.0618 - mae: 0.0618 - mse: 0.0068 - 175ms/epoch - 10ms/step
Epoch 317/800
17/17 - 0s - loss: 0.0496 - mae: 0.0496 - mse: 0.0047 - 175ms/epoch - 10ms/step
Epoch 318/800
17/17 - 0s - loss: 0.0558 - mae: 0.0558 - mse: 0.0055 - 175ms/epoch - 10ms/step
Epoch 319/800
17/17 - 0s - loss: 0.0466 - mae: 0.0466 - mse: 0.0043 - 175ms/epoch - 10ms/step
Epoch 320/800
17/17 - 0s - loss: 0.0469 - mae: 0.0469 - mse: 0.0041 - 175ms/epoch - 10ms/step
Epoch 321/800
17/17 - 0s - loss: 0.0479 - mae: 0.0479 - mse: 0.0043 - 175ms/epoch - 10ms/step
Epoch 322/800
17/17 - 0s - loss: 0.0501 - mae: 0.0501 - mse: 0.0048 - 175ms/epoch - 10ms/step
Epoch 323/800
17/17 - 0s - loss: 0.0515 - mae: 0.0515 - mse: 0.0049 - 175ms/epoch - 10ms/step
Epoch 324/800
17/17 - 0s - loss: 0.0568 - mae: 0.0568 - mse: 0.0058 - 175ms/epoch - 10ms/step
Epoch 325/800
17/17 - 0s - loss: 0.0540 - mae: 0.0540 - mse: 0.0053 - 175ms/epoch - 10ms/step
Epoch 326/800
17/17 - 0s - loss: 0.0522 - mae: 0.0522 - mse: 0.0050 - 175ms/epoch - 10ms/step
Epoch 327/800
17/17 - 0s - loss: 0.0489 - mae: 0.0489 - mse: 0.0046 - 175ms/epoch - 10ms/step
Epoch 328/800
17/17 - 0s - loss: 0.0486 - mae: 0.0486 - mse: 0.0044 - 175ms/epoch - 10ms/step
Epoch 329/800
17/17 - 0s - loss: 0.0474 - mae: 0.0474 - mse: 0.0042 - 175ms/epoch - 10ms/step
Epoch 330/800
17/17 - 0s - loss: 0.0574 - mae: 0.0574 - mse: 0.0056 - 175ms/epoch - 10ms/step
Epoch 331/800
17/17 - 0s - loss: 0.0530 - mae: 0.0530 - mse: 0.0054 - 175ms/epoch - 10ms/step
Epoch 332/800
17/17 - 0s - loss: 0.0490 - mae: 0.0490 - mse: 0.0047 - 175ms/epoch - 10ms/step
Epoch 333/800
17/17 - 0s - loss: 0.0554 - mae: 0.0554 - mse: 0.0053 - 175ms/epoch - 10ms/step
Epoch 334/800
17/17 - 0s - loss: 0.0622 - mae: 0.0622 - mse: 0.0069 - 175ms/epoch - 10ms/step
Epoch 335/800
17/17 - 0s - loss: 0.0560 - mae: 0.0560 - mse: 0.0056 - 175ms/epoch - 10ms/step
Epoch 336/800
17/17 - 0s - loss: 0.0486 - mae: 0.0486 - mse: 0.0046 - 175ms/epoch - 10ms/step
Epoch 337/800
17/17 - 0s - loss: 0.0567 - mae: 0.0567 - mse: 0.0057 - 175ms/epoch - 10ms/step
Epoch 338/800
17/17 - 0s - loss: 0.0455 - mae: 0.0455 - mse: 0.0042 - 175ms/epoch - 10ms/step
Epoch 339/800
17/17 - 0s - loss: 0.0463 - mae: 0.0463 - mse: 0.0040 - 175ms/epoch - 10ms/step
Epoch 340/800
17/17 - 0s - loss: 0.0487 - mae: 0.0487 - mse: 0.0045 - 175ms/epoch - 10ms/step
Epoch 341/800
17/17 - 0s - loss: 0.0475 - mae: 0.0475 - mse: 0.0044 - 175ms/epoch - 10ms/step
Epoch 342/800
17/17 - 0s - loss: 0.0436 - mae: 0.0436 - mse: 0.0036 - 176ms/epoch - 10ms/step
Epoch 343/800
17/17 - 0s - loss: 0.0438 - mae: 0.0438 - mse: 0.0036 - 175ms/epoch - 10ms/step
Epoch 344/800
17/17 - 0s - loss: 0.0447 - mae: 0.0447 - mse: 0.0039 - 176ms/epoch - 10ms/step
Epoch 345/800
17/17 - 0s - loss: 0.0494 - mae: 0.0494 - mse: 0.0044 - 175ms/epoch - 10ms/step
Epoch 346/800
17/17 - 0s - loss: 0.0462 - mae: 0.0462 - mse: 0.0039 - 175ms/epoch - 10ms/step
Epoch 347/800
17/17 - 0s - loss: 0.0457 - mae: 0.0457 - mse: 0.0038 - 175ms/epoch - 10ms/step
Epoch 348/800
17/17 - 0s - loss: 0.0462 - mae: 0.0462 - mse: 0.0041 - 175ms/epoch - 10ms/step
Epoch 349/800
17/17 - 0s - loss: 0.0457 - mae: 0.0457 - mse: 0.0043 - 175ms/epoch - 10ms/step
Epoch 350/800
17/17 - 0s - loss: 0.0489 - mae: 0.0489 - mse: 0.0045 - 175ms/epoch - 10ms/step
Epoch 351/800
17/17 - 0s - loss: 0.0500 - mae: 0.0500 - mse: 0.0046 - 175ms/epoch - 10ms/step
Epoch 352/800
17/17 - 0s - loss: 0.0404 - mae: 0.0404 - mse: 0.0033 - 175ms/epoch - 10ms/step
Epoch 353/800
17/17 - 0s - loss: 0.0432 - mae: 0.0432 - mse: 0.0036 - 175ms/epoch - 10ms/step
Epoch 354/800
17/17 - 0s - loss: 0.0427 - mae: 0.0427 - mse: 0.0034 - 175ms/epoch - 10ms/step
Epoch 355/800
17/17 - 0s - loss: 0.0483 - mae: 0.0483 - mse: 0.0044 - 175ms/epoch - 10ms/step
Epoch 356/800
17/17 - 0s - loss: 0.0442 - mae: 0.0442 - mse: 0.0037 - 175ms/epoch - 10ms/step
Epoch 357/800
17/17 - 0s - loss: 0.0426 - mae: 0.0426 - mse: 0.0035 - 175ms/epoch - 10ms/step
Epoch 358/800
17/17 - 0s - loss: 0.0482 - mae: 0.0482 - mse: 0.0041 - 175ms/epoch - 10ms/step
Epoch 359/800
17/17 - 0s - loss: 0.0444 - mae: 0.0444 - mse: 0.0036 - 175ms/epoch - 10ms/step
Epoch 360/800
17/17 - 0s - loss: 0.0438 - mae: 0.0438 - mse: 0.0037 - 175ms/epoch - 10ms/step
Epoch 361/800
17/17 - 0s - loss: 0.0414 - mae: 0.0414 - mse: 0.0033 - 175ms/epoch - 10ms/step
Epoch 362/800
17/17 - 0s - loss: 0.0408 - mae: 0.0408 - mse: 0.0032 - 177ms/epoch - 10ms/step
Epoch 363/800
17/17 - 0s - loss: 0.0378 - mae: 0.0378 - mse: 0.0029 - 175ms/epoch - 10ms/step
Epoch 364/800
17/17 - 0s - loss: 0.0408 - mae: 0.0408 - mse: 0.0032 - 175ms/epoch - 10ms/step
Epoch 365/800
17/17 - 0s - loss: 0.0388 - mae: 0.0388 - mse: 0.0030 - 175ms/epoch - 10ms/step
Epoch 366/800
17/17 - 0s - loss: 0.0469 - mae: 0.0469 - mse: 0.0041 - 175ms/epoch - 10ms/step
Epoch 367/800
17/17 - 0s - loss: 0.0482 - mae: 0.0482 - mse: 0.0046 - 175ms/epoch - 10ms/step
Epoch 368/800
17/17 - 0s - loss: 0.0396 - mae: 0.0396 - mse: 0.0031 - 176ms/epoch - 10ms/step
Epoch 369/800
17/17 - 0s - loss: 0.0402 - mae: 0.0402 - mse: 0.0032 - 177ms/epoch - 10ms/step
Epoch 370/800
17/17 - 0s - loss: 0.0400 - mae: 0.0400 - mse: 0.0031 - 176ms/epoch - 10ms/step
Epoch 371/800
17/17 - 0s - loss: 0.0401 - mae: 0.0401 - mse: 0.0031 - 175ms/epoch - 10ms/step
Epoch 372/800
17/17 - 0s - loss: 0.0407 - mae: 0.0407 - mse: 0.0033 - 175ms/epoch - 10ms/step
Epoch 373/800
17/17 - 0s - loss: 0.0392 - mae: 0.0392 - mse: 0.0030 - 175ms/epoch - 10ms/step
Epoch 374/800
17/17 - 0s - loss: 0.0411 - mae: 0.0411 - mse: 0.0032 - 175ms/epoch - 10ms/step
Epoch 375/800
17/17 - 0s - loss: 0.0397 - mae: 0.0397 - mse: 0.0031 - 175ms/epoch - 10ms/step
Epoch 376/800
17/17 - 0s - loss: 0.0368 - mae: 0.0368 - mse: 0.0027 - 175ms/epoch - 10ms/step
Epoch 377/800
17/17 - 0s - loss: 0.0366 - mae: 0.0366 - mse: 0.0028 - 175ms/epoch - 10ms/step
Epoch 378/800
17/17 - 0s - loss: 0.0395 - mae: 0.0395 - mse: 0.0032 - 175ms/epoch - 10ms/step
Epoch 379/800
17/17 - 0s - loss: 0.0412 - mae: 0.0412 - mse: 0.0032 - 175ms/epoch - 10ms/step
Epoch 380/800
17/17 - 0s - loss: 0.0408 - mae: 0.0408 - mse: 0.0033 - 175ms/epoch - 10ms/step
Epoch 381/800
17/17 - 0s - loss: 0.0378 - mae: 0.0378 - mse: 0.0028 - 175ms/epoch - 10ms/step
Epoch 382/800
17/17 - 0s - loss: 0.0405 - mae: 0.0405 - mse: 0.0032 - 175ms/epoch - 10ms/step
Epoch 383/800
17/17 - 0s - loss: 0.0388 - mae: 0.0388 - mse: 0.0028 - 175ms/epoch - 10ms/step
Epoch 384/800
17/17 - 0s - loss: 0.0391 - mae: 0.0391 - mse: 0.0029 - 175ms/epoch - 10ms/step
Epoch 385/800
17/17 - 0s - loss: 0.0482 - mae: 0.0482 - mse: 0.0040 - 175ms/epoch - 10ms/step
Epoch 386/800
17/17 - 0s - loss: 0.0413 - mae: 0.0413 - mse: 0.0033 - 175ms/epoch - 10ms/step
Epoch 387/800
17/17 - 0s - loss: 0.0439 - mae: 0.0439 - mse: 0.0037 - 176ms/epoch - 10ms/step
Epoch 388/800
17/17 - 0s - loss: 0.0365 - mae: 0.0365 - mse: 0.0027 - 176ms/epoch - 10ms/step
Epoch 389/800
17/17 - 0s - loss: 0.0393 - mae: 0.0393 - mse: 0.0028 - 175ms/epoch - 10ms/step
Epoch 390/800
17/17 - 0s - loss: 0.0401 - mae: 0.0401 - mse: 0.0030 - 175ms/epoch - 10ms/step
Epoch 391/800
17/17 - 0s - loss: 0.0466 - mae: 0.0466 - mse: 0.0041 - 175ms/epoch - 10ms/step
Epoch 392/800
17/17 - 0s - loss: 0.0376 - mae: 0.0376 - mse: 0.0026 - 175ms/epoch - 10ms/step
Epoch 393/800
17/17 - 0s - loss: 0.0378 - mae: 0.0378 - mse: 0.0026 - 175ms/epoch - 10ms/step
Epoch 394/800
17/17 - 0s - loss: 0.0384 - mae: 0.0384 - mse: 0.0027 - 175ms/epoch - 10ms/step
Epoch 395/800
17/17 - 0s - loss: 0.0396 - mae: 0.0396 - mse: 0.0027 - 175ms/epoch - 10ms/step
Epoch 396/800
17/17 - 0s - loss: 0.0353 - mae: 0.0353 - mse: 0.0024 - 175ms/epoch - 10ms/step
Epoch 397/800
17/17 - 0s - loss: 0.0359 - mae: 0.0359 - mse: 0.0025 - 177ms/epoch - 10ms/step
Epoch 398/800
17/17 - 0s - loss: 0.0393 - mae: 0.0393 - mse: 0.0028 - 176ms/epoch - 10ms/step
Epoch 399/800
17/17 - 0s - loss: 0.0375 - mae: 0.0375 - mse: 0.0027 - 176ms/epoch - 10ms/step
Epoch 400/800
17/17 - 0s - loss: 0.0360 - mae: 0.0360 - mse: 0.0024 - 175ms/epoch - 10ms/step
Epoch 401/800
17/17 - 0s - loss: 0.0396 - mae: 0.0396 - mse: 0.0030 - 175ms/epoch - 10ms/step
Epoch 402/800
17/17 - 0s - loss: 0.0409 - mae: 0.0409 - mse: 0.0030 - 175ms/epoch - 10ms/step
Epoch 403/800
17/17 - 0s - loss: 0.0362 - mae: 0.0362 - mse: 0.0024 - 175ms/epoch - 10ms/step
Epoch 404/800
17/17 - 0s - loss: 0.0319 - mae: 0.0319 - mse: 0.0020 - 175ms/epoch - 10ms/step
Epoch 405/800
17/17 - 0s - loss: 0.0353 - mae: 0.0353 - mse: 0.0024 - 175ms/epoch - 10ms/step
Epoch 406/800
17/17 - 0s - loss: 0.0382 - mae: 0.0382 - mse: 0.0028 - 175ms/epoch - 10ms/step
Epoch 407/800
17/17 - 0s - loss: 0.0348 - mae: 0.0348 - mse: 0.0023 - 175ms/epoch - 10ms/step
Epoch 408/800
17/17 - 0s - loss: 0.0341 - mae: 0.0341 - mse: 0.0022 - 176ms/epoch - 10ms/step
Epoch 409/800
17/17 - 0s - loss: 0.0336 - mae: 0.0336 - mse: 0.0022 - 176ms/epoch - 10ms/step
Epoch 410/800
17/17 - 0s - loss: 0.0372 - mae: 0.0372 - mse: 0.0026 - 175ms/epoch - 10ms/step
Epoch 411/800
17/17 - 0s - loss: 0.0427 - mae: 0.0427 - mse: 0.0032 - 175ms/epoch - 10ms/step
Epoch 412/800
17/17 - 0s - loss: 0.0360 - mae: 0.0360 - mse: 0.0025 - 175ms/epoch - 10ms/step
Epoch 413/800
17/17 - 0s - loss: 0.0354 - mae: 0.0354 - mse: 0.0023 - 175ms/epoch - 10ms/step
Epoch 414/800
17/17 - 0s - loss: 0.0387 - mae: 0.0387 - mse: 0.0028 - 175ms/epoch - 10ms/step
Epoch 415/800
17/17 - 0s - loss: 0.0319 - mae: 0.0319 - mse: 0.0020 - 175ms/epoch - 10ms/step
Epoch 416/800
17/17 - 0s - loss: 0.0346 - mae: 0.0346 - mse: 0.0023 - 175ms/epoch - 10ms/step
Epoch 417/800
17/17 - 0s - loss: 0.0336 - mae: 0.0336 - mse: 0.0022 - 175ms/epoch - 10ms/step
Epoch 418/800
17/17 - 0s - loss: 0.0326 - mae: 0.0326 - mse: 0.0021 - 175ms/epoch - 10ms/step
Epoch 419/800
17/17 - 0s - loss: 0.0351 - mae: 0.0351 - mse: 0.0023 - 175ms/epoch - 10ms/step
Epoch 420/800
17/17 - 0s - loss: 0.0404 - mae: 0.0404 - mse: 0.0029 - 175ms/epoch - 10ms/step
Epoch 421/800
17/17 - 0s - loss: 0.0405 - mae: 0.0405 - mse: 0.0029 - 175ms/epoch - 10ms/step
Epoch 422/800
17/17 - 0s - loss: 0.0329 - mae: 0.0329 - mse: 0.0020 - 175ms/epoch - 10ms/step
Epoch 423/800
17/17 - 0s - loss: 0.0345 - mae: 0.0345 - mse: 0.0023 - 175ms/epoch - 10ms/step
Epoch 424/800
17/17 - 0s - loss: 0.0357 - mae: 0.0357 - mse: 0.0024 - 176ms/epoch - 10ms/step
Epoch 425/800
17/17 - 0s - loss: 0.0287 - mae: 0.0287 - mse: 0.0017 - 176ms/epoch - 10ms/step
Epoch 426/800
17/17 - 0s - loss: 0.0327 - mae: 0.0327 - mse: 0.0020 - 175ms/epoch - 10ms/step
Epoch 427/800
17/17 - 0s - loss: 0.0334 - mae: 0.0334 - mse: 0.0022 - 176ms/epoch - 10ms/step
Epoch 428/800
17/17 - 0s - loss: 0.0315 - mae: 0.0315 - mse: 0.0020 - 175ms/epoch - 10ms/step
Epoch 429/800
17/17 - 0s - loss: 0.0334 - mae: 0.0334 - mse: 0.0020 - 175ms/epoch - 10ms/step
Epoch 430/800
17/17 - 0s - loss: 0.0380 - mae: 0.0380 - mse: 0.0027 - 175ms/epoch - 10ms/step
Epoch 431/800
17/17 - 0s - loss: 0.0340 - mae: 0.0340 - mse: 0.0022 - 175ms/epoch - 10ms/step
Epoch 432/800
17/17 - 0s - loss: 0.0318 - mae: 0.0318 - mse: 0.0020 - 175ms/epoch - 10ms/step
Epoch 433/800
17/17 - 0s - loss: 0.0333 - mae: 0.0333 - mse: 0.0021 - 175ms/epoch - 10ms/step
Epoch 434/800
17/17 - 0s - loss: 0.0332 - mae: 0.0332 - mse: 0.0022 - 175ms/epoch - 10ms/step
Epoch 435/800
17/17 - 0s - loss: 0.0312 - mae: 0.0312 - mse: 0.0018 - 175ms/epoch - 10ms/step
Epoch 436/800
17/17 - 0s - loss: 0.0324 - mae: 0.0324 - mse: 0.0019 - 175ms/epoch - 10ms/step
Epoch 437/800
17/17 - 0s - loss: 0.0289 - mae: 0.0289 - mse: 0.0017 - 175ms/epoch - 10ms/step
Epoch 438/800
17/17 - 0s - loss: 0.0344 - mae: 0.0344 - mse: 0.0021 - 175ms/epoch - 10ms/step
Epoch 439/800
17/17 - 0s - loss: 0.0344 - mae: 0.0344 - mse: 0.0022 - 175ms/epoch - 10ms/step
Epoch 440/800
17/17 - 0s - loss: 0.0325 - mae: 0.0325 - mse: 0.0020 - 175ms/epoch - 10ms/step
Epoch 441/800
17/17 - 0s - loss: 0.0357 - mae: 0.0357 - mse: 0.0023 - 175ms/epoch - 10ms/step
Epoch 442/800
17/17 - 0s - loss: 0.0462 - mae: 0.0462 - mse: 0.0038 - 175ms/epoch - 10ms/step
Epoch 443/800
17/17 - 0s - loss: 0.0346 - mae: 0.0346 - mse: 0.0022 - 175ms/epoch - 10ms/step
Epoch 444/800
17/17 - 0s - loss: 0.0310 - mae: 0.0310 - mse: 0.0018 - 175ms/epoch - 10ms/step
Epoch 445/800
17/17 - 0s - loss: 0.0298 - mae: 0.0298 - mse: 0.0017 - 175ms/epoch - 10ms/step
Epoch 446/800
17/17 - 0s - loss: 0.0341 - mae: 0.0341 - mse: 0.0021 - 175ms/epoch - 10ms/step
Epoch 447/800
17/17 - 0s - loss: 0.0346 - mae: 0.0346 - mse: 0.0022 - 175ms/epoch - 10ms/step
Epoch 448/800
17/17 - 0s - loss: 0.0327 - mae: 0.0327 - mse: 0.0020 - 175ms/epoch - 10ms/step
Epoch 449/800
17/17 - 0s - loss: 0.0350 - mae: 0.0350 - mse: 0.0023 - 175ms/epoch - 10ms/step
Epoch 450/800
17/17 - 0s - loss: 0.0333 - mae: 0.0333 - mse: 0.0019 - 175ms/epoch - 10ms/step
Epoch 451/800
17/17 - 0s - loss: 0.0359 - mae: 0.0359 - mse: 0.0023 - 175ms/epoch - 10ms/step
Epoch 452/800
17/17 - 0s - loss: 0.0309 - mae: 0.0309 - mse: 0.0017 - 177ms/epoch - 10ms/step
Epoch 453/800
17/17 - 0s - loss: 0.0304 - mae: 0.0304 - mse: 0.0017 - 176ms/epoch - 10ms/step
Epoch 454/800
17/17 - 0s - loss: 0.0315 - mae: 0.0315 - mse: 0.0017 - 176ms/epoch - 10ms/step
Epoch 455/800
17/17 - 0s - loss: 0.0306 - mae: 0.0306 - mse: 0.0018 - 175ms/epoch - 10ms/step
Epoch 456/800
17/17 - 0s - loss: 0.0292 - mae: 0.0292 - mse: 0.0016 - 175ms/epoch - 10ms/step
Epoch 457/800
17/17 - 0s - loss: 0.0294 - mae: 0.0294 - mse: 0.0016 - 175ms/epoch - 10ms/step
Epoch 458/800
17/17 - 0s - loss: 0.0320 - mae: 0.0320 - mse: 0.0019 - 175ms/epoch - 10ms/step
Epoch 459/800
17/17 - 0s - loss: 0.0314 - mae: 0.0314 - mse: 0.0018 - 175ms/epoch - 10ms/step
Epoch 460/800
17/17 - 0s - loss: 0.0275 - mae: 0.0275 - mse: 0.0014 - 175ms/epoch - 10ms/step
Epoch 461/800
17/17 - 0s - loss: 0.0287 - mae: 0.0287 - mse: 0.0015 - 175ms/epoch - 10ms/step
Epoch 462/800
17/17 - 0s - loss: 0.0303 - mae: 0.0303 - mse: 0.0016 - 175ms/epoch - 10ms/step
Epoch 463/800
17/17 - 0s - loss: 0.0348 - mae: 0.0348 - mse: 0.0022 - 175ms/epoch - 10ms/step
Epoch 464/800
17/17 - 0s - loss: 0.0319 - mae: 0.0319 - mse: 0.0018 - 175ms/epoch - 10ms/step
Epoch 465/800
17/17 - 0s - loss: 0.0309 - mae: 0.0309 - mse: 0.0018 - 175ms/epoch - 10ms/step
Epoch 466/800
17/17 - 0s - loss: 0.0293 - mae: 0.0293 - mse: 0.0016 - 175ms/epoch - 10ms/step
Epoch 467/800
17/17 - 0s - loss: 0.0274 - mae: 0.0274 - mse: 0.0014 - 175ms/epoch - 10ms/step
Epoch 468/800
17/17 - 0s - loss: 0.0284 - mae: 0.0284 - mse: 0.0016 - 175ms/epoch - 10ms/step
Epoch 469/800
17/17 - 0s - loss: 0.0288 - mae: 0.0288 - mse: 0.0015 - 176ms/epoch - 10ms/step
Epoch 470/800
17/17 - 0s - loss: 0.0308 - mae: 0.0308 - mse: 0.0017 - 175ms/epoch - 10ms/step
Epoch 471/800
17/17 - 0s - loss: 0.0266 - mae: 0.0266 - mse: 0.0014 - 175ms/epoch - 10ms/step
Epoch 472/800
17/17 - 0s - loss: 0.0285 - mae: 0.0285 - mse: 0.0015 - 175ms/epoch - 10ms/step
Epoch 473/800
17/17 - 0s - loss: 0.0319 - mae: 0.0319 - mse: 0.0018 - 175ms/epoch - 10ms/step
Epoch 474/800
17/17 - 0s - loss: 0.0274 - mae: 0.0274 - mse: 0.0014 - 175ms/epoch - 10ms/step
Epoch 475/800
17/17 - 0s - loss: 0.0274 - mae: 0.0274 - mse: 0.0014 - 175ms/epoch - 10ms/step
Epoch 476/800
17/17 - 0s - loss: 0.0259 - mae: 0.0259 - mse: 0.0013 - 175ms/epoch - 10ms/step
Epoch 477/800
17/17 - 0s - loss: 0.0253 - mae: 0.0253 - mse: 0.0014 - 175ms/epoch - 10ms/step
Epoch 478/800
17/17 - 0s - loss: 0.0250 - mae: 0.0250 - mse: 0.0012 - 175ms/epoch - 10ms/step
Epoch 479/800
17/17 - 0s - loss: 0.0257 - mae: 0.0257 - mse: 0.0013 - 175ms/epoch - 10ms/step
Epoch 480/800
17/17 - 0s - loss: 0.0342 - mae: 0.0342 - mse: 0.0020 - 177ms/epoch - 10ms/step
Epoch 481/800
17/17 - 0s - loss: 0.0326 - mae: 0.0326 - mse: 0.0018 - 176ms/epoch - 10ms/step
Epoch 482/800
17/17 - 0s - loss: 0.0256 - mae: 0.0256 - mse: 0.0012 - 175ms/epoch - 10ms/step
Epoch 483/800
17/17 - 0s - loss: 0.0284 - mae: 0.0284 - mse: 0.0014 - 175ms/epoch - 10ms/step
Epoch 484/800
17/17 - 0s - loss: 0.0284 - mae: 0.0284 - mse: 0.0015 - 175ms/epoch - 10ms/step
Epoch 485/800
17/17 - 0s - loss: 0.0284 - mae: 0.0284 - mse: 0.0015 - 175ms/epoch - 10ms/step
Epoch 486/800
17/17 - 0s - loss: 0.0272 - mae: 0.0272 - mse: 0.0014 - 175ms/epoch - 10ms/step
Epoch 487/800
17/17 - 0s - loss: 0.0314 - mae: 0.0314 - mse: 0.0017 - 175ms/epoch - 10ms/step
Epoch 488/800
17/17 - 0s - loss: 0.0300 - mae: 0.0300 - mse: 0.0018 - 175ms/epoch - 10ms/step
Epoch 489/800
17/17 - 0s - loss: 0.0276 - mae: 0.0276 - mse: 0.0014 - 175ms/epoch - 10ms/step
Epoch 490/800
17/17 - 0s - loss: 0.0249 - mae: 0.0249 - mse: 0.0012 - 176ms/epoch - 10ms/step
Epoch 491/800
17/17 - 0s - loss: 0.0270 - mae: 0.0270 - mse: 0.0013 - 176ms/epoch - 10ms/step
Epoch 492/800
17/17 - 0s - loss: 0.0273 - mae: 0.0273 - mse: 0.0014 - 175ms/epoch - 10ms/step
Epoch 493/800
17/17 - 0s - loss: 0.0304 - mae: 0.0304 - mse: 0.0017 - 175ms/epoch - 10ms/step
Epoch 494/800
17/17 - 0s - loss: 0.0264 - mae: 0.0264 - mse: 0.0013 - 175ms/epoch - 10ms/step
Epoch 495/800
17/17 - 0s - loss: 0.0287 - mae: 0.0287 - mse: 0.0015 - 175ms/epoch - 10ms/step
Epoch 496/800
17/17 - 0s - loss: 0.0311 - mae: 0.0311 - mse: 0.0017 - 175ms/epoch - 10ms/step
Epoch 497/800
17/17 - 0s - loss: 0.0238 - mae: 0.0238 - mse: 0.0011 - 175ms/epoch - 10ms/step
Epoch 498/800
17/17 - 0s - loss: 0.0250 - mae: 0.0250 - mse: 0.0012 - 175ms/epoch - 10ms/step
Epoch 499/800
17/17 - 0s - loss: 0.0276 - mae: 0.0276 - mse: 0.0013 - 175ms/epoch - 10ms/step
Epoch 500/800
17/17 - 0s - loss: 0.0272 - mae: 0.0272 - mse: 0.0014 - 175ms/epoch - 10ms/step
Epoch 501/800
17/17 - 0s - loss: 0.0289 - mae: 0.0289 - mse: 0.0015 - 175ms/epoch - 10ms/step
Epoch 502/800
17/17 - 0s - loss: 0.0255 - mae: 0.0255 - mse: 0.0012 - 175ms/epoch - 10ms/step
Epoch 503/800
17/17 - 0s - loss: 0.0237 - mae: 0.0237 - mse: 0.0011 - 175ms/epoch - 10ms/step
Epoch 504/800
17/17 - 0s - loss: 0.0246 - mae: 0.0246 - mse: 0.0011 - 175ms/epoch - 10ms/step
Epoch 505/800
17/17 - 0s - loss: 0.0298 - mae: 0.0298 - mse: 0.0016 - 175ms/epoch - 10ms/step
Epoch 506/800
17/17 - 0s - loss: 0.0244 - mae: 0.0244 - mse: 0.0011 - 175ms/epoch - 10ms/step
Epoch 507/800
17/17 - 0s - loss: 0.0226 - mae: 0.0226 - mse: 9.4792e-04 - 176ms/epoch - 10ms/step
Epoch 508/800
17/17 - 0s - loss: 0.0240 - mae: 0.0240 - mse: 0.0011 - 176ms/epoch - 10ms/step
Epoch 509/800
17/17 - 0s - loss: 0.0258 - mae: 0.0258 - mse: 0.0012 - 175ms/epoch - 10ms/step
Epoch 510/800
17/17 - 0s - loss: 0.0268 - mae: 0.0268 - mse: 0.0014 - 175ms/epoch - 10ms/step
Epoch 511/800
17/17 - 0s - loss: 0.0280 - mae: 0.0280 - mse: 0.0014 - 175ms/epoch - 10ms/step
Epoch 512/800
17/17 - 0s - loss: 0.0259 - mae: 0.0259 - mse: 0.0012 - 175ms/epoch - 10ms/step
Epoch 513/800
17/17 - 0s - loss: 0.0244 - mae: 0.0244 - mse: 0.0011 - 175ms/epoch - 10ms/step
Epoch 514/800
17/17 - 0s - loss: 0.0264 - mae: 0.0264 - mse: 0.0013 - 175ms/epoch - 10ms/step
Epoch 515/800
17/17 - 0s - loss: 0.0267 - mae: 0.0267 - mse: 0.0013 - 175ms/epoch - 10ms/step
Epoch 516/800
17/17 - 0s - loss: 0.0238 - mae: 0.0238 - mse: 0.0011 - 175ms/epoch - 10ms/step
Epoch 517/800
17/17 - 0s - loss: 0.0267 - mae: 0.0267 - mse: 0.0013 - 175ms/epoch - 10ms/step
Epoch 518/800
17/17 - 0s - loss: 0.0262 - mae: 0.0262 - mse: 0.0012 - 175ms/epoch - 10ms/step
Epoch 519/800
17/17 - 0s - loss: 0.0223 - mae: 0.0223 - mse: 9.9024e-04 - 175ms/epoch - 10ms/step
Epoch 520/800
17/17 - 0s - loss: 0.0229 - mae: 0.0229 - mse: 9.7099e-04 - 175ms/epoch - 10ms/step
Epoch 521/800
17/17 - 0s - loss: 0.0226 - mae: 0.0226 - mse: 9.7852e-04 - 175ms/epoch - 10ms/step
Epoch 522/800
17/17 - 0s - loss: 0.0225 - mae: 0.0225 - mse: 9.1780e-04 - 175ms/epoch - 10ms/step
Epoch 523/800
17/17 - 0s - loss: 0.0219 - mae: 0.0219 - mse: 9.3876e-04 - 176ms/epoch - 10ms/step
Epoch 524/800
17/17 - 0s - loss: 0.0221 - mae: 0.0221 - mse: 9.0153e-04 - 176ms/epoch - 10ms/step
Epoch 525/800
17/17 - 0s - loss: 0.0228 - mae: 0.0228 - mse: 0.0010 - 175ms/epoch - 10ms/step
Epoch 526/800
17/17 - 0s - loss: 0.0228 - mae: 0.0228 - mse: 9.5747e-04 - 175ms/epoch - 10ms/step
Epoch 527/800
17/17 - 0s - loss: 0.0226 - mae: 0.0226 - mse: 9.3703e-04 - 175ms/epoch - 10ms/step
Epoch 528/800
17/17 - 0s - loss: 0.0277 - mae: 0.0277 - mse: 0.0014 - 175ms/epoch - 10ms/step
Epoch 529/800
17/17 - 0s - loss: 0.0268 - mae: 0.0268 - mse: 0.0014 - 175ms/epoch - 10ms/step
Epoch 530/800
17/17 - 0s - loss: 0.0237 - mae: 0.0237 - mse: 0.0010 - 175ms/epoch - 10ms/step
Epoch 531/800
17/17 - 0s - loss: 0.0277 - mae: 0.0277 - mse: 0.0014 - 175ms/epoch - 10ms/step
Epoch 532/800
17/17 - 0s - loss: 0.0245 - mae: 0.0245 - mse: 0.0011 - 175ms/epoch - 10ms/step
Epoch 533/800
17/17 - 0s - loss: 0.0292 - mae: 0.0292 - mse: 0.0015 - 175ms/epoch - 10ms/step
Epoch 534/800
17/17 - 0s - loss: 0.0237 - mae: 0.0237 - mse: 0.0011 - 176ms/epoch - 10ms/step
Epoch 535/800
17/17 - 0s - loss: 0.0269 - mae: 0.0269 - mse: 0.0013 - 176ms/epoch - 10ms/step
Epoch 536/800
17/17 - 0s - loss: 0.0261 - mae: 0.0261 - mse: 0.0013 - 175ms/epoch - 10ms/step
Epoch 537/800
17/17 - 0s - loss: 0.0204 - mae: 0.0204 - mse: 8.5175e-04 - 175ms/epoch - 10ms/step
Epoch 538/800
17/17 - 0s - loss: 0.0260 - mae: 0.0260 - mse: 0.0012 - 175ms/epoch - 10ms/step
Epoch 539/800
17/17 - 0s - loss: 0.0228 - mae: 0.0228 - mse: 9.7327e-04 - 175ms/epoch - 10ms/step
Epoch 540/800
17/17 - 0s - loss: 0.0226 - mae: 0.0226 - mse: 9.8872e-04 - 175ms/epoch - 10ms/step
Epoch 541/800
17/17 - 0s - loss: 0.0204 - mae: 0.0204 - mse: 8.0366e-04 - 175ms/epoch - 10ms/step
Epoch 542/800
17/17 - 0s - loss: 0.0216 - mae: 0.0216 - mse: 8.8609e-04 - 175ms/epoch - 10ms/step
Epoch 543/800
17/17 - 0s - loss: 0.0239 - mae: 0.0239 - mse: 0.0011 - 175ms/epoch - 10ms/step
Epoch 544/800
17/17 - 0s - loss: 0.0247 - mae: 0.0247 - mse: 0.0011 - 175ms/epoch - 10ms/step
Epoch 545/800
17/17 - 0s - loss: 0.0259 - mae: 0.0259 - mse: 0.0013 - 175ms/epoch - 10ms/step
Epoch 546/800
17/17 - 0s - loss: 0.0239 - mae: 0.0239 - mse: 0.0011 - 175ms/epoch - 10ms/step
Epoch 547/800
17/17 - 0s - loss: 0.0227 - mae: 0.0227 - mse: 9.6302e-04 - 175ms/epoch - 10ms/step
Epoch 548/800
17/17 - 0s - loss: 0.0208 - mae: 0.0208 - mse: 8.3709e-04 - 177ms/epoch - 10ms/step
Epoch 549/800
17/17 - 0s - loss: 0.0198 - mae: 0.0198 - mse: 8.0521e-04 - 175ms/epoch - 10ms/step
Epoch 550/800
17/17 - 0s - loss: 0.0193 - mae: 0.0193 - mse: 7.5414e-04 - 175ms/epoch - 10ms/step
Epoch 551/800
17/17 - 0s - loss: 0.0186 - mae: 0.0186 - mse: 7.0863e-04 - 176ms/epoch - 10ms/step
Epoch 552/800
17/17 - 0s - loss: 0.0203 - mae: 0.0203 - mse: 7.7888e-04 - 176ms/epoch - 10ms/step
Epoch 553/800
17/17 - 0s - loss: 0.0201 - mae: 0.0201 - mse: 7.6203e-04 - 175ms/epoch - 10ms/step
Epoch 554/800
17/17 - 0s - loss: 0.0213 - mae: 0.0213 - mse: 8.8430e-04 - 175ms/epoch - 10ms/step
Epoch 555/800
17/17 - 0s - loss: 0.0199 - mae: 0.0199 - mse: 7.7652e-04 - 175ms/epoch - 10ms/step
Epoch 556/800
17/17 - 0s - loss: 0.0185 - mae: 0.0185 - mse: 6.7994e-04 - 175ms/epoch - 10ms/step
Epoch 557/800
17/17 - 0s - loss: 0.0187 - mae: 0.0187 - mse: 7.2741e-04 - 175ms/epoch - 10ms/step
Epoch 558/800
17/17 - 0s - loss: 0.0182 - mae: 0.0182 - mse: 6.6377e-04 - 175ms/epoch - 10ms/step
Epoch 559/800
17/17 - 0s - loss: 0.0211 - mae: 0.0211 - mse: 8.2888e-04 - 175ms/epoch - 10ms/step
Epoch 560/800
17/17 - 0s - loss: 0.0197 - mae: 0.0197 - mse: 7.4585e-04 - 175ms/epoch - 10ms/step
Epoch 561/800
17/17 - 0s - loss: 0.0180 - mae: 0.0180 - mse: 6.5441e-04 - 175ms/epoch - 10ms/step
Epoch 562/800
17/17 - 0s - loss: 0.0171 - mae: 0.0171 - mse: 6.1657e-04 - 175ms/epoch - 10ms/step
Epoch 563/800
17/17 - 0s - loss: 0.0190 - mae: 0.0190 - mse: 7.2103e-04 - 176ms/epoch - 10ms/step
Epoch 564/800
17/17 - 0s - loss: 0.0180 - mae: 0.0180 - mse: 6.3935e-04 - 176ms/epoch - 10ms/step
Epoch 565/800
17/17 - 0s - loss: 0.0227 - mae: 0.0227 - mse: 9.7232e-04 - 176ms/epoch - 10ms/step
Epoch 566/800
17/17 - 0s - loss: 0.0194 - mae: 0.0194 - mse: 7.6198e-04 - 175ms/epoch - 10ms/step
Epoch 567/800
17/17 - 0s - loss: 0.0203 - mae: 0.0203 - mse: 8.0211e-04 - 175ms/epoch - 10ms/step
Epoch 568/800
17/17 - 0s - loss: 0.0201 - mae: 0.0201 - mse: 7.9292e-04 - 175ms/epoch - 10ms/step
Epoch 569/800
17/17 - 0s - loss: 0.0206 - mae: 0.0206 - mse: 8.0180e-04 - 175ms/epoch - 10ms/step
Epoch 570/800
17/17 - 0s - loss: 0.0203 - mae: 0.0203 - mse: 8.1593e-04 - 175ms/epoch - 10ms/step
Epoch 571/800
17/17 - 0s - loss: 0.0229 - mae: 0.0229 - mse: 9.7301e-04 - 175ms/epoch - 10ms/step
Epoch 572/800
17/17 - 0s - loss: 0.0190 - mae: 0.0190 - mse: 7.3309e-04 - 175ms/epoch - 10ms/step
Epoch 573/800
17/17 - 0s - loss: 0.0189 - mae: 0.0189 - mse: 7.1573e-04 - 175ms/epoch - 10ms/step
Epoch 574/800
17/17 - 0s - loss: 0.0187 - mae: 0.0187 - mse: 6.9471e-04 - 175ms/epoch - 10ms/step
Epoch 575/800
17/17 - 0s - loss: 0.0158 - mae: 0.0158 - mse: 5.5143e-04 - 175ms/epoch - 10ms/step
Epoch 576/800
17/17 - 0s - loss: 0.0181 - mae: 0.0181 - mse: 6.3766e-04 - 175ms/epoch - 10ms/step
Epoch 577/800
17/17 - 0s - loss: 0.0196 - mae: 0.0196 - mse: 7.6770e-04 - 175ms/epoch - 10ms/step
Epoch 578/800
17/17 - 0s - loss: 0.0171 - mae: 0.0171 - mse: 5.9869e-04 - 175ms/epoch - 10ms/step
Epoch 579/800
17/17 - 0s - loss: 0.0164 - mae: 0.0164 - mse: 5.7517e-04 - 175ms/epoch - 10ms/step
Epoch 580/800
17/17 - 0s - loss: 0.0182 - mae: 0.0182 - mse: 6.8522e-04 - 175ms/epoch - 10ms/step
Epoch 581/800
17/17 - 0s - loss: 0.0185 - mae: 0.0185 - mse: 6.6953e-04 - 175ms/epoch - 10ms/step
Epoch 582/800
17/17 - 0s - loss: 0.0198 - mae: 0.0198 - mse: 7.3052e-04 - 175ms/epoch - 10ms/step
Epoch 583/800
17/17 - 0s - loss: 0.0197 - mae: 0.0197 - mse: 7.4993e-04 - 175ms/epoch - 10ms/step
Epoch 584/800
17/17 - 0s - loss: 0.0194 - mae: 0.0194 - mse: 7.5784e-04 - 175ms/epoch - 10ms/step
Epoch 585/800
17/17 - 0s - loss: 0.0195 - mae: 0.0195 - mse: 7.6120e-04 - 175ms/epoch - 10ms/step
Epoch 586/800
17/17 - 0s - loss: 0.0195 - mae: 0.0195 - mse: 7.4898e-04 - 175ms/epoch - 10ms/step
Epoch 587/800
17/17 - 0s - loss: 0.0193 - mae: 0.0193 - mse: 7.2848e-04 - 175ms/epoch - 10ms/step
Epoch 588/800
17/17 - 0s - loss: 0.0178 - mae: 0.0178 - mse: 6.2952e-04 - 175ms/epoch - 10ms/step
Epoch 589/800
17/17 - 0s - loss: 0.0175 - mae: 0.0175 - mse: 6.0783e-04 - 175ms/epoch - 10ms/step
Epoch 590/800
17/17 - 0s - loss: 0.0178 - mae: 0.0178 - mse: 6.3029e-04 - 176ms/epoch - 10ms/step
Epoch 591/800
17/17 - 0s - loss: 0.0209 - mae: 0.0209 - mse: 7.8327e-04 - 176ms/epoch - 10ms/step
Epoch 592/800
17/17 - 0s - loss: 0.0178 - mae: 0.0178 - mse: 6.3254e-04 - 175ms/epoch - 10ms/step
Epoch 593/800
17/17 - 0s - loss: 0.0167 - mae: 0.0167 - mse: 5.4767e-04 - 175ms/epoch - 10ms/step
Epoch 594/800
17/17 - 0s - loss: 0.0178 - mae: 0.0178 - mse: 6.4348e-04 - 175ms/epoch - 10ms/step
Epoch 595/800
17/17 - 0s - loss: 0.0185 - mae: 0.0185 - mse: 6.3877e-04 - 175ms/epoch - 10ms/step
Epoch 596/800
17/17 - 0s - loss: 0.0159 - mae: 0.0159 - mse: 5.3083e-04 - 175ms/epoch - 10ms/step
Epoch 597/800
17/17 - 0s - loss: 0.0181 - mae: 0.0181 - mse: 6.3830e-04 - 175ms/epoch - 10ms/step
Epoch 598/800
17/17 - 0s - loss: 0.0189 - mae: 0.0189 - mse: 6.9354e-04 - 175ms/epoch - 10ms/step
Epoch 599/800
17/17 - 0s - loss: 0.0201 - mae: 0.0201 - mse: 7.7129e-04 - 175ms/epoch - 10ms/step
Epoch 600/800
17/17 - 0s - loss: 0.0170 - mae: 0.0170 - mse: 6.0338e-04 - 175ms/epoch - 10ms/step
Epoch 601/800
17/17 - 0s - loss: 0.0165 - mae: 0.0165 - mse: 5.6028e-04 - 175ms/epoch - 10ms/step
Epoch 602/800
17/17 - 0s - loss: 0.0155 - mae: 0.0155 - mse: 5.2965e-04 - 175ms/epoch - 10ms/step
Epoch 603/800
17/17 - 0s - loss: 0.0162 - mae: 0.0162 - mse: 5.7080e-04 - 175ms/epoch - 10ms/step
Epoch 604/800
17/17 - 0s - loss: 0.0162 - mae: 0.0162 - mse: 5.4267e-04 - 175ms/epoch - 10ms/step
Epoch 605/800
17/17 - 0s - loss: 0.0171 - mae: 0.0171 - mse: 5.9644e-04 - 175ms/epoch - 10ms/step
Epoch 606/800
17/17 - 0s - loss: 0.0156 - mae: 0.0156 - mse: 5.0910e-04 - 175ms/epoch - 10ms/step
Epoch 607/800
17/17 - 0s - loss: 0.0158 - mae: 0.0158 - mse: 5.3147e-04 - 175ms/epoch - 10ms/step
Epoch 608/800
17/17 - 0s - loss: 0.0166 - mae: 0.0166 - mse: 6.0225e-04 - 175ms/epoch - 10ms/step
Epoch 609/800
17/17 - 0s - loss: 0.0160 - mae: 0.0160 - mse: 5.2823e-04 - 175ms/epoch - 10ms/step
Epoch 610/800
17/17 - 0s - loss: 0.0142 - mae: 0.0142 - mse: 4.3781e-04 - 175ms/epoch - 10ms/step
Epoch 611/800
17/17 - 0s - loss: 0.0162 - mae: 0.0162 - mse: 5.4831e-04 - 175ms/epoch - 10ms/step
Epoch 612/800
17/17 - 0s - loss: 0.0169 - mae: 0.0169 - mse: 5.5053e-04 - 175ms/epoch - 10ms/step
Epoch 613/800
17/17 - 0s - loss: 0.0173 - mae: 0.0173 - mse: 6.1501e-04 - 175ms/epoch - 10ms/step
Epoch 614/800
17/17 - 0s - loss: 0.0179 - mae: 0.0179 - mse: 6.5105e-04 - 175ms/epoch - 10ms/step
Epoch 615/800
17/17 - 0s - loss: 0.0177 - mae: 0.0177 - mse: 6.3066e-04 - 175ms/epoch - 10ms/step
Epoch 616/800
17/17 - 0s - loss: 0.0173 - mae: 0.0173 - mse: 6.0294e-04 - 175ms/epoch - 10ms/step
Epoch 617/800
17/17 - 0s - loss: 0.0170 - mae: 0.0170 - mse: 5.6892e-04 - 175ms/epoch - 10ms/step
Epoch 618/800
17/17 - 0s - loss: 0.0156 - mae: 0.0156 - mse: 5.0031e-04 - 177ms/epoch - 10ms/step
Epoch 619/800
17/17 - 0s - loss: 0.0154 - mae: 0.0154 - mse: 4.8324e-04 - 176ms/epoch - 10ms/step
Epoch 620/800
17/17 - 0s - loss: 0.0151 - mae: 0.0151 - mse: 4.8943e-04 - 175ms/epoch - 10ms/step
Epoch 621/800
17/17 - 0s - loss: 0.0152 - mae: 0.0152 - mse: 4.5988e-04 - 175ms/epoch - 10ms/step
Epoch 622/800
17/17 - 0s - loss: 0.0159 - mae: 0.0159 - mse: 5.2468e-04 - 175ms/epoch - 10ms/step
Epoch 623/800
17/17 - 0s - loss: 0.0150 - mae: 0.0150 - mse: 4.7424e-04 - 175ms/epoch - 10ms/step
Epoch 624/800
17/17 - 0s - loss: 0.0154 - mae: 0.0154 - mse: 4.7950e-04 - 175ms/epoch - 10ms/step
Epoch 625/800
17/17 - 0s - loss: 0.0147 - mae: 0.0147 - mse: 4.6831e-04 - 175ms/epoch - 10ms/step
Epoch 626/800
17/17 - 0s - loss: 0.0140 - mae: 0.0140 - mse: 4.4635e-04 - 175ms/epoch - 10ms/step
Epoch 627/800
17/17 - 0s - loss: 0.0152 - mae: 0.0152 - mse: 4.7216e-04 - 175ms/epoch - 10ms/step
Epoch 628/800
17/17 - 0s - loss: 0.0174 - mae: 0.0174 - mse: 5.6978e-04 - 175ms/epoch - 10ms/step
Epoch 629/800
17/17 - 0s - loss: 0.0171 - mae: 0.0171 - mse: 5.7060e-04 - 175ms/epoch - 10ms/step
Epoch 630/800
17/17 - 0s - loss: 0.0146 - mae: 0.0146 - mse: 4.5919e-04 - 175ms/epoch - 10ms/step
Epoch 631/800
17/17 - 0s - loss: 0.0139 - mae: 0.0139 - mse: 4.0651e-04 - 175ms/epoch - 10ms/step
Epoch 632/800
17/17 - 0s - loss: 0.0124 - mae: 0.0124 - mse: 3.5826e-04 - 175ms/epoch - 10ms/step
Epoch 633/800
17/17 - 0s - loss: 0.0151 - mae: 0.0151 - mse: 4.6235e-04 - 175ms/epoch - 10ms/step
Epoch 634/800
17/17 - 0s - loss: 0.0142 - mae: 0.0142 - mse: 4.3165e-04 - 175ms/epoch - 10ms/step
Epoch 635/800
17/17 - 0s - loss: 0.0145 - mae: 0.0145 - mse: 4.4226e-04 - 175ms/epoch - 10ms/step
Epoch 636/800
17/17 - 0s - loss: 0.0125 - mae: 0.0125 - mse: 3.6801e-04 - 175ms/epoch - 10ms/step
Epoch 637/800
17/17 - 0s - loss: 0.0141 - mae: 0.0141 - mse: 4.4049e-04 - 175ms/epoch - 10ms/step
Epoch 638/800
17/17 - 0s - loss: 0.0127 - mae: 0.0127 - mse: 3.8280e-04 - 175ms/epoch - 10ms/step
Epoch 639/800
17/17 - 0s - loss: 0.0135 - mae: 0.0135 - mse: 4.0779e-04 - 175ms/epoch - 10ms/step
Epoch 640/800
17/17 - 0s - loss: 0.0131 - mae: 0.0131 - mse: 3.9710e-04 - 175ms/epoch - 10ms/step
Epoch 641/800
17/17 - 0s - loss: 0.0109 - mae: 0.0109 - mse: 3.0724e-04 - 175ms/epoch - 10ms/step
Epoch 642/800
17/17 - 0s - loss: 0.0126 - mae: 0.0126 - mse: 3.8703e-04 - 175ms/epoch - 10ms/step
Epoch 643/800
17/17 - 0s - loss: 0.0140 - mae: 0.0140 - mse: 4.0987e-04 - 175ms/epoch - 10ms/step
Epoch 644/800
17/17 - 0s - loss: 0.0138 - mae: 0.0138 - mse: 4.0341e-04 - 175ms/epoch - 10ms/step
Epoch 645/800
17/17 - 0s - loss: 0.0119 - mae: 0.0119 - mse: 3.4034e-04 - 176ms/epoch - 10ms/step
Epoch 646/800
17/17 - 0s - loss: 0.0144 - mae: 0.0144 - mse: 4.2622e-04 - 176ms/epoch - 10ms/step
Epoch 647/800
17/17 - 0s - loss: 0.0123 - mae: 0.0123 - mse: 3.6722e-04 - 175ms/epoch - 10ms/step
Epoch 648/800
17/17 - 0s - loss: 0.0136 - mae: 0.0136 - mse: 4.0960e-04 - 175ms/epoch - 10ms/step
Epoch 649/800
17/17 - 0s - loss: 0.0130 - mae: 0.0130 - mse: 3.7817e-04 - 175ms/epoch - 10ms/step
Epoch 650/800
17/17 - 0s - loss: 0.0121 - mae: 0.0121 - mse: 3.5833e-04 - 175ms/epoch - 10ms/step
Epoch 651/800
17/17 - 0s - loss: 0.0117 - mae: 0.0117 - mse: 3.2738e-04 - 175ms/epoch - 10ms/step
Epoch 652/800
17/17 - 0s - loss: 0.0117 - mae: 0.0117 - mse: 3.1601e-04 - 175ms/epoch - 10ms/step
Epoch 653/800
17/17 - 0s - loss: 0.0135 - mae: 0.0135 - mse: 3.9580e-04 - 175ms/epoch - 10ms/step
Epoch 654/800
17/17 - 0s - loss: 0.0113 - mae: 0.0113 - mse: 3.1478e-04 - 175ms/epoch - 10ms/step
Epoch 655/800
17/17 - 0s - loss: 0.0118 - mae: 0.0118 - mse: 3.3484e-04 - 175ms/epoch - 10ms/step
Epoch 656/800
17/17 - 0s - loss: 0.0115 - mae: 0.0115 - mse: 3.1334e-04 - 175ms/epoch - 10ms/step
Epoch 657/800
17/17 - 0s - loss: 0.0120 - mae: 0.0120 - mse: 3.4238e-04 - 175ms/epoch - 10ms/step
Epoch 658/800
17/17 - 0s - loss: 0.0129 - mae: 0.0129 - mse: 3.6076e-04 - 175ms/epoch - 10ms/step
Epoch 659/800
17/17 - 0s - loss: 0.0140 - mae: 0.0140 - mse: 4.4524e-04 - 175ms/epoch - 10ms/step
Epoch 660/800
17/17 - 0s - loss: 0.0123 - mae: 0.0123 - mse: 3.6286e-04 - 175ms/epoch - 10ms/step
Epoch 661/800
17/17 - 0s - loss: 0.0116 - mae: 0.0116 - mse: 3.2843e-04 - 175ms/epoch - 10ms/step
Epoch 662/800
17/17 - 0s - loss: 0.0122 - mae: 0.0122 - mse: 3.5258e-04 - 175ms/epoch - 10ms/step
Epoch 663/800
17/17 - 0s - loss: 0.0115 - mae: 0.0115 - mse: 3.2072e-04 - 175ms/epoch - 10ms/step
Epoch 664/800
17/17 - 0s - loss: 0.0108 - mae: 0.0108 - mse: 3.0412e-04 - 175ms/epoch - 10ms/step
Epoch 665/800
17/17 - 0s - loss: 0.0140 - mae: 0.0140 - mse: 4.1656e-04 - 175ms/epoch - 10ms/step
Epoch 666/800
17/17 - 0s - loss: 0.0129 - mae: 0.0129 - mse: 3.6093e-04 - 175ms/epoch - 10ms/step
Epoch 667/800
17/17 - 0s - loss: 0.0114 - mae: 0.0114 - mse: 3.1801e-04 - 175ms/epoch - 10ms/step
Epoch 668/800
17/17 - 0s - loss: 0.0121 - mae: 0.0121 - mse: 3.4685e-04 - 175ms/epoch - 10ms/step
Epoch 669/800
17/17 - 0s - loss: 0.0112 - mae: 0.0112 - mse: 3.1385e-04 - 175ms/epoch - 10ms/step
Epoch 670/800
17/17 - 0s - loss: 0.0107 - mae: 0.0107 - mse: 2.8996e-04 - 175ms/epoch - 10ms/step
Epoch 671/800
17/17 - 0s - loss: 0.0102 - mae: 0.0102 - mse: 2.8157e-04 - 175ms/epoch - 10ms/step
Epoch 672/800
17/17 - 0s - loss: 0.0108 - mae: 0.0108 - mse: 2.8472e-04 - 175ms/epoch - 10ms/step
Epoch 673/800
17/17 - 0s - loss: 0.0093 - mae: 0.0093 - mse: 2.5001e-04 - 176ms/epoch - 10ms/step
Epoch 674/800
17/17 - 0s - loss: 0.0096 - mae: 0.0096 - mse: 2.5301e-04 - 176ms/epoch - 10ms/step
Epoch 675/800
17/17 - 0s - loss: 0.0107 - mae: 0.0107 - mse: 2.8786e-04 - 176ms/epoch - 10ms/step
Epoch 676/800
17/17 - 0s - loss: 0.0106 - mae: 0.0106 - mse: 2.8615e-04 - 175ms/epoch - 10ms/step
Epoch 677/800
17/17 - 0s - loss: 0.0102 - mae: 0.0102 - mse: 2.6338e-04 - 175ms/epoch - 10ms/step
Epoch 678/800
17/17 - 0s - loss: 0.0097 - mae: 0.0097 - mse: 2.5937e-04 - 175ms/epoch - 10ms/step
Epoch 679/800
17/17 - 0s - loss: 0.0139 - mae: 0.0139 - mse: 4.0261e-04 - 175ms/epoch - 10ms/step
Epoch 680/800
17/17 - 0s - loss: 0.0120 - mae: 0.0120 - mse: 3.3702e-04 - 175ms/epoch - 10ms/step
Epoch 681/800
17/17 - 0s - loss: 0.0106 - mae: 0.0106 - mse: 2.8769e-04 - 175ms/epoch - 10ms/step
Epoch 682/800
17/17 - 0s - loss: 0.0111 - mae: 0.0111 - mse: 2.9499e-04 - 175ms/epoch - 10ms/step
Epoch 683/800
17/17 - 0s - loss: 0.0098 - mae: 0.0098 - mse: 2.5433e-04 - 175ms/epoch - 10ms/step
Epoch 684/800
17/17 - 0s - loss: 0.0092 - mae: 0.0092 - mse: 2.3965e-04 - 175ms/epoch - 10ms/step
Epoch 685/800
17/17 - 0s - loss: 0.0095 - mae: 0.0095 - mse: 2.4142e-04 - 175ms/epoch - 10ms/step
Epoch 686/800
17/17 - 0s - loss: 0.0105 - mae: 0.0105 - mse: 2.7760e-04 - 175ms/epoch - 10ms/step
Epoch 687/800
17/17 - 0s - loss: 0.0099 - mae: 0.0099 - mse: 2.5543e-04 - 175ms/epoch - 10ms/step
Epoch 688/800
17/17 - 0s - loss: 0.0113 - mae: 0.0113 - mse: 3.1084e-04 - 175ms/epoch - 10ms/step
Epoch 689/800
17/17 - 0s - loss: 0.0101 - mae: 0.0101 - mse: 2.6266e-04 - 175ms/epoch - 10ms/step
Epoch 690/800
17/17 - 0s - loss: 0.0101 - mae: 0.0101 - mse: 2.7128e-04 - 175ms/epoch - 10ms/step
Epoch 691/800
17/17 - 0s - loss: 0.0098 - mae: 0.0098 - mse: 2.5377e-04 - 175ms/epoch - 10ms/step
Epoch 692/800
17/17 - 0s - loss: 0.0094 - mae: 0.0094 - mse: 2.4118e-04 - 175ms/epoch - 10ms/step
Epoch 693/800
17/17 - 0s - loss: 0.0087 - mae: 0.0087 - mse: 2.2200e-04 - 175ms/epoch - 10ms/step
Epoch 694/800
17/17 - 0s - loss: 0.0078 - mae: 0.0078 - mse: 1.9734e-04 - 175ms/epoch - 10ms/step
Epoch 695/800
17/17 - 0s - loss: 0.0094 - mae: 0.0094 - mse: 2.4738e-04 - 175ms/epoch - 10ms/step
Epoch 696/800
17/17 - 0s - loss: 0.0092 - mae: 0.0092 - mse: 2.3130e-04 - 175ms/epoch - 10ms/step
Epoch 697/800
17/17 - 0s - loss: 0.0101 - mae: 0.0101 - mse: 2.5255e-04 - 175ms/epoch - 10ms/step
Epoch 698/800
17/17 - 0s - loss: 0.0093 - mae: 0.0093 - mse: 2.4058e-04 - 175ms/epoch - 10ms/step
Epoch 699/800
17/17 - 0s - loss: 0.0094 - mae: 0.0094 - mse: 2.4325e-04 - 176ms/epoch - 10ms/step
Epoch 700/800
17/17 - 0s - loss: 0.0094 - mae: 0.0094 - mse: 2.4023e-04 - 176ms/epoch - 10ms/step
Epoch 701/800
17/17 - 0s - loss: 0.0083 - mae: 0.0083 - mse: 2.1259e-04 - 177ms/epoch - 10ms/step
Epoch 702/800
17/17 - 0s - loss: 0.0083 - mae: 0.0083 - mse: 2.1639e-04 - 176ms/epoch - 10ms/step
Epoch 703/800
17/17 - 0s - loss: 0.0074 - mae: 0.0074 - mse: 1.9080e-04 - 175ms/epoch - 10ms/step
Epoch 704/800
17/17 - 0s - loss: 0.0072 - mae: 0.0072 - mse: 1.8443e-04 - 176ms/epoch - 10ms/step
Epoch 705/800
17/17 - 0s - loss: 0.0078 - mae: 0.0078 - mse: 1.9899e-04 - 175ms/epoch - 10ms/step
Epoch 706/800
17/17 - 0s - loss: 0.0089 - mae: 0.0089 - mse: 2.2741e-04 - 175ms/epoch - 10ms/step
Epoch 707/800
17/17 - 0s - loss: 0.0082 - mae: 0.0082 - mse: 1.9894e-04 - 175ms/epoch - 10ms/step
Epoch 708/800
17/17 - 0s - loss: 0.0077 - mae: 0.0077 - mse: 1.9494e-04 - 175ms/epoch - 10ms/step
Epoch 709/800
17/17 - 0s - loss: 0.0078 - mae: 0.0078 - mse: 2.0028e-04 - 175ms/epoch - 10ms/step
Epoch 710/800
17/17 - 0s - loss: 0.0079 - mae: 0.0079 - mse: 1.9967e-04 - 175ms/epoch - 10ms/step
Epoch 711/800
17/17 - 0s - loss: 0.0072 - mae: 0.0072 - mse: 1.8361e-04 - 175ms/epoch - 10ms/step
Epoch 712/800
17/17 - 0s - loss: 0.0077 - mae: 0.0077 - mse: 2.1033e-04 - 175ms/epoch - 10ms/step
Epoch 713/800
17/17 - 0s - loss: 0.0095 - mae: 0.0095 - mse: 2.4476e-04 - 175ms/epoch - 10ms/step
Epoch 714/800
17/17 - 0s - loss: 0.0075 - mae: 0.0075 - mse: 1.9264e-04 - 176ms/epoch - 10ms/step
Epoch 715/800
17/17 - 0s - loss: 0.0076 - mae: 0.0076 - mse: 1.9614e-04 - 175ms/epoch - 10ms/step
Epoch 716/800
17/17 - 0s - loss: 0.0075 - mae: 0.0075 - mse: 2.0020e-04 - 175ms/epoch - 10ms/step
Epoch 717/800
17/17 - 0s - loss: 0.0067 - mae: 0.0067 - mse: 1.8247e-04 - 175ms/epoch - 10ms/step
Epoch 718/800
17/17 - 0s - loss: 0.0061 - mae: 0.0061 - mse: 1.7216e-04 - 175ms/epoch - 10ms/step
Epoch 719/800
17/17 - 0s - loss: 0.0065 - mae: 0.0065 - mse: 1.7096e-04 - 175ms/epoch - 10ms/step
Epoch 720/800
17/17 - 0s - loss: 0.0070 - mae: 0.0070 - mse: 1.8563e-04 - 175ms/epoch - 10ms/step
Epoch 721/800
17/17 - 0s - loss: 0.0068 - mae: 0.0068 - mse: 1.7238e-04 - 175ms/epoch - 10ms/step
Epoch 722/800
17/17 - 0s - loss: 0.0068 - mae: 0.0068 - mse: 1.8147e-04 - 175ms/epoch - 10ms/step
Epoch 723/800
17/17 - 0s - loss: 0.0065 - mae: 0.0065 - mse: 1.6820e-04 - 175ms/epoch - 10ms/step
Epoch 724/800
17/17 - 0s - loss: 0.0064 - mae: 0.0064 - mse: 1.6802e-04 - 175ms/epoch - 10ms/step
Epoch 725/800
17/17 - 0s - loss: 0.0061 - mae: 0.0061 - mse: 1.7009e-04 - 175ms/epoch - 10ms/step
Epoch 726/800
17/17 - 0s - loss: 0.0068 - mae: 0.0068 - mse: 1.7172e-04 - 175ms/epoch - 10ms/step
Epoch 727/800
17/17 - 0s - loss: 0.0061 - mae: 0.0061 - mse: 1.6163e-04 - 175ms/epoch - 10ms/step
Epoch 728/800
17/17 - 0s - loss: 0.0070 - mae: 0.0070 - mse: 1.8013e-04 - 176ms/epoch - 10ms/step
Epoch 729/800
17/17 - 0s - loss: 0.0063 - mae: 0.0063 - mse: 1.6516e-04 - 176ms/epoch - 10ms/step
Epoch 730/800
17/17 - 0s - loss: 0.0064 - mae: 0.0064 - mse: 1.6801e-04 - 176ms/epoch - 10ms/step
Epoch 731/800
17/17 - 0s - loss: 0.0063 - mae: 0.0063 - mse: 1.6597e-04 - 175ms/epoch - 10ms/step
Epoch 732/800
17/17 - 0s - loss: 0.0060 - mae: 0.0060 - mse: 1.5225e-04 - 175ms/epoch - 10ms/step
Epoch 733/800
17/17 - 0s - loss: 0.0063 - mae: 0.0063 - mse: 1.6471e-04 - 175ms/epoch - 10ms/step
Epoch 734/800
17/17 - 0s - loss: 0.0057 - mae: 0.0057 - mse: 1.5157e-04 - 175ms/epoch - 10ms/step
Epoch 735/800
17/17 - 0s - loss: 0.0054 - mae: 0.0054 - mse: 1.5274e-04 - 175ms/epoch - 10ms/step
Epoch 736/800
17/17 - 0s - loss: 0.0054 - mae: 0.0054 - mse: 1.5231e-04 - 175ms/epoch - 10ms/step
Epoch 737/800
17/17 - 0s - loss: 0.0070 - mae: 0.0070 - mse: 1.7214e-04 - 175ms/epoch - 10ms/step
Epoch 738/800
17/17 - 0s - loss: 0.0052 - mae: 0.0052 - mse: 1.4789e-04 - 175ms/epoch - 10ms/step
Epoch 739/800
17/17 - 0s - loss: 0.0048 - mae: 0.0048 - mse: 1.4328e-04 - 177ms/epoch - 10ms/step
Epoch 740/800
17/17 - 0s - loss: 0.0050 - mae: 0.0050 - mse: 1.4329e-04 - 176ms/epoch - 10ms/step
Epoch 741/800
17/17 - 0s - loss: 0.0048 - mae: 0.0048 - mse: 1.3915e-04 - 175ms/epoch - 10ms/step
Epoch 742/800
17/17 - 0s - loss: 0.0048 - mae: 0.0048 - mse: 1.4089e-04 - 175ms/epoch - 10ms/step
Epoch 743/800
17/17 - 0s - loss: 0.0049 - mae: 0.0049 - mse: 1.4010e-04 - 175ms/epoch - 10ms/step
Epoch 744/800
17/17 - 0s - loss: 0.0052 - mae: 0.0052 - mse: 1.4431e-04 - 175ms/epoch - 10ms/step
Epoch 745/800
17/17 - 0s - loss: 0.0045 - mae: 0.0045 - mse: 1.3644e-04 - 175ms/epoch - 10ms/step
Epoch 746/800
17/17 - 0s - loss: 0.0045 - mae: 0.0045 - mse: 1.3580e-04 - 175ms/epoch - 10ms/step
Epoch 747/800
17/17 - 0s - loss: 0.0047 - mae: 0.0047 - mse: 1.3943e-04 - 175ms/epoch - 10ms/step
Epoch 748/800
17/17 - 0s - loss: 0.0044 - mae: 0.0044 - mse: 1.3488e-04 - 175ms/epoch - 10ms/step
Epoch 749/800
17/17 - 0s - loss: 0.0044 - mae: 0.0044 - mse: 1.3383e-04 - 175ms/epoch - 10ms/step
Epoch 750/800
17/17 - 0s - loss: 0.0046 - mae: 0.0046 - mse: 1.3647e-04 - 175ms/epoch - 10ms/step
Epoch 751/800
17/17 - 0s - loss: 0.0040 - mae: 0.0040 - mse: 1.3160e-04 - 175ms/epoch - 10ms/step
Epoch 752/800
17/17 - 0s - loss: 0.0044 - mae: 0.0044 - mse: 1.3493e-04 - 175ms/epoch - 10ms/step
Epoch 753/800
17/17 - 0s - loss: 0.0042 - mae: 0.0042 - mse: 1.3381e-04 - 175ms/epoch - 10ms/step
Epoch 754/800
17/17 - 0s - loss: 0.0044 - mae: 0.0044 - mse: 1.3332e-04 - 175ms/epoch - 10ms/step
Epoch 755/800
17/17 - 0s - loss: 0.0046 - mae: 0.0046 - mse: 1.3904e-04 - 175ms/epoch - 10ms/step
Epoch 756/800
17/17 - 0s - loss: 0.0042 - mae: 0.0042 - mse: 1.3235e-04 - 176ms/epoch - 10ms/step
Epoch 757/800
17/17 - 0s - loss: 0.0038 - mae: 0.0038 - mse: 1.2773e-04 - 176ms/epoch - 10ms/step
Epoch 758/800
17/17 - 0s - loss: 0.0041 - mae: 0.0041 - mse: 1.3223e-04 - 175ms/epoch - 10ms/step
Epoch 759/800
17/17 - 0s - loss: 0.0038 - mae: 0.0038 - mse: 1.2906e-04 - 175ms/epoch - 10ms/step
Epoch 760/800
17/17 - 0s - loss: 0.0035 - mae: 0.0035 - mse: 1.2405e-04 - 175ms/epoch - 10ms/step
Epoch 761/800
17/17 - 0s - loss: 0.0033 - mae: 0.0033 - mse: 1.2306e-04 - 175ms/epoch - 10ms/step
Epoch 762/800
17/17 - 0s - loss: 0.0033 - mae: 0.0033 - mse: 1.2217e-04 - 175ms/epoch - 10ms/step
Epoch 763/800
17/17 - 0s - loss: 0.0032 - mae: 0.0032 - mse: 1.2447e-04 - 175ms/epoch - 10ms/step
Epoch 764/800
17/17 - 0s - loss: 0.0031 - mae: 0.0031 - mse: 1.2143e-04 - 175ms/epoch - 10ms/step
Epoch 765/800
17/17 - 0s - loss: 0.0033 - mae: 0.0033 - mse: 1.2265e-04 - 175ms/epoch - 10ms/step
Epoch 766/800
17/17 - 0s - loss: 0.0033 - mae: 0.0033 - mse: 1.2231e-04 - 175ms/epoch - 10ms/step
Epoch 767/800
17/17 - 0s - loss: 0.0030 - mae: 0.0030 - mse: 1.2197e-04 - 175ms/epoch - 10ms/step
Epoch 768/800
17/17 - 0s - loss: 0.0029 - mae: 0.0029 - mse: 1.1965e-04 - 175ms/epoch - 10ms/step
Epoch 769/800
17/17 - 0s - loss: 0.0027 - mae: 0.0027 - mse: 1.1974e-04 - 175ms/epoch - 10ms/step
Epoch 770/800
17/17 - 0s - loss: 0.0027 - mae: 0.0027 - mse: 1.1950e-04 - 175ms/epoch - 10ms/step
Epoch 771/800
17/17 - 0s - loss: 0.0027 - mae: 0.0027 - mse: 1.2072e-04 - 175ms/epoch - 10ms/step
Epoch 772/800
17/17 - 0s - loss: 0.0027 - mae: 0.0027 - mse: 1.1895e-04 - 175ms/epoch - 10ms/step
Epoch 773/800
17/17 - 0s - loss: 0.0026 - mae: 0.0026 - mse: 1.1806e-04 - 175ms/epoch - 10ms/step
Epoch 774/800
17/17 - 0s - loss: 0.0028 - mae: 0.0028 - mse: 1.1896e-04 - 175ms/epoch - 10ms/step
Epoch 775/800
17/17 - 0s - loss: 0.0028 - mae: 0.0028 - mse: 1.2275e-04 - 175ms/epoch - 10ms/step
Epoch 776/800
17/17 - 0s - loss: 0.0026 - mae: 0.0026 - mse: 1.1813e-04 - 175ms/epoch - 10ms/step
Epoch 777/800
17/17 - 0s - loss: 0.0026 - mae: 0.0026 - mse: 1.1829e-04 - 175ms/epoch - 10ms/step
Epoch 778/800
17/17 - 0s - loss: 0.0025 - mae: 0.0025 - mse: 1.1905e-04 - 175ms/epoch - 10ms/step
Epoch 779/800
17/17 - 0s - loss: 0.0027 - mae: 0.0027 - mse: 1.1779e-04 - 175ms/epoch - 10ms/step
Epoch 780/800
17/17 - 0s - loss: 0.0028 - mae: 0.0028 - mse: 1.2087e-04 - 175ms/epoch - 10ms/step
Epoch 781/800
17/17 - 0s - loss: 0.0029 - mae: 0.0029 - mse: 1.1888e-04 - 175ms/epoch - 10ms/step
Epoch 782/800
17/17 - 0s - loss: 0.0026 - mae: 0.0026 - mse: 1.1816e-04 - 175ms/epoch - 10ms/step
Epoch 783/800
17/17 - 0s - loss: 0.0026 - mae: 0.0026 - mse: 1.1789e-04 - 175ms/epoch - 10ms/step
Epoch 784/800
17/17 - 0s - loss: 0.0028 - mae: 0.0028 - mse: 1.2014e-04 - 178ms/epoch - 10ms/step
Epoch 785/800
17/17 - 0s - loss: 0.0030 - mae: 0.0030 - mse: 1.1958e-04 - 176ms/epoch - 10ms/step
Epoch 786/800
17/17 - 0s - loss: 0.0030 - mae: 0.0030 - mse: 1.1636e-04 - 175ms/epoch - 10ms/step
Epoch 787/800
17/17 - 0s - loss: 0.0028 - mae: 0.0028 - mse: 1.1941e-04 - 175ms/epoch - 10ms/step
Epoch 788/800
17/17 - 0s - loss: 0.0028 - mae: 0.0028 - mse: 1.1885e-04 - 175ms/epoch - 10ms/step
Epoch 789/800
17/17 - 0s - loss: 0.0027 - mae: 0.0027 - mse: 1.1704e-04 - 175ms/epoch - 10ms/step
Epoch 790/800
17/17 - 0s - loss: 0.0026 - mae: 0.0026 - mse: 1.1703e-04 - 176ms/epoch - 10ms/step
Epoch 791/800
17/17 - 0s - loss: 0.0026 - mae: 0.0026 - mse: 1.1810e-04 - 175ms/epoch - 10ms/step
Epoch 792/800
17/17 - 0s - loss: 0.0026 - mae: 0.0026 - mse: 1.1840e-04 - 175ms/epoch - 10ms/step
Epoch 793/800
17/17 - 0s - loss: 0.0029 - mae: 0.0029 - mse: 1.1856e-04 - 175ms/epoch - 10ms/step
Epoch 794/800
17/17 - 0s - loss: 0.0035 - mae: 0.0035 - mse: 1.2169e-04 - 175ms/epoch - 10ms/step
Epoch 795/800
17/17 - 0s - loss: 0.0027 - mae: 0.0027 - mse: 1.1759e-04 - 175ms/epoch - 10ms/step
Epoch 796/800
17/17 - 0s - loss: 0.0027 - mae: 0.0027 - mse: 1.1737e-04 - 176ms/epoch - 10ms/step
Epoch 797/800
17/17 - 0s - loss: 0.0026 - mae: 0.0026 - mse: 1.1791e-04 - 175ms/epoch - 10ms/step
Epoch 798/800
17/17 - 0s - loss: 0.0026 - mae: 0.0026 - mse: 1.1687e-04 - 175ms/epoch - 10ms/step
Epoch 799/800
17/17 - 0s - loss: 0.0027 - mae: 0.0027 - mse: 1.1929e-04 - 176ms/epoch - 10ms/step
Epoch 800/800
17/17 - 0s - loss: 0.0026 - mae: 0.0026 - mse: 1.1862e-04 - 175ms/epoch - 10ms/step
Training finished in 147.99 seconds.
1/9 [==>...........................] - ETA: 6s9/9 [==============================] - ETA: 0s9/9 [==============================] - 1s 7ms/step
Fold 4 MAE: 0.1318

--- Starting Fold 5/5 ---
INFO:kgcnn.model.utils:Updated model kwargs: '{'name': 'coGN', 'inputs': {'offset': {'shape': (None, 3), 'name': 'offset', 'dtype': 'float32', 'ragged': True}, 'cell_translation': None, 'affine_matrix': None, 'voronoi_ridge_area': None, 'atomic_number': {'shape': (None,), 'name': 'atomic_number', 'dtype': 'int32', 'ragged': True}, 'frac_coords': None, 'coords': None, 'multiplicity': {'shape': (None,), 'name': 'multiplicity', 'dtype': 'int32', 'ragged': True}, 'lattice_matrix': None, 'edge_indices': {'shape': (None, 2), 'name': 'edge_indices', 'dtype': 'int32', 'ragged': True}, 'line_graph_edge_indices': None}, 'input_block_cfg': {'node_size': 128, 'edge_size': 128, 'atomic_mass': True, 'atomic_radius': True, 'electronegativity': True, 'ionization_energy': True, 'oxidation_states': True, 'edge_embedding_args': {'bins_distance': 32, 'max_distance': 8.0, 'distance_log_base': 1.0, 'bins_voronoi_area': None, 'max_voronoi_area': None}}, 'processing_blocks_cfg': [{'edge_mlp': {'units': [128, 128, 128, 128, 128], 'activation': ['swish', 'swish', 'swish', 'swish', 'swish']}, 'node_mlp': {'units': [128], 'activation': ['swish']}, 'global_mlp': None, 'nested_blocks_cfgs': None, 'aggregate_edges_local': 'sum', 'aggregate_edges_global': None, 'aggregate_nodes': None, 'return_updated_edges': False, 'return_updated_nodes': True, 'return_updated_globals': True, 'edge_attention_mlp_local': {'units': [32, 1], 'activation': ['swish', 'swish']}, 'edge_attention_mlp_global': {'units': [32, 1], 'activation': ['swish', 'swish']}, 'node_attention_mlp': {'units': [32, 1], 'activation': ['swish', 'swish']}, 'edge_gate': None, 'node_gate': None, 'global_gate': None, 'residual_node_update': True, 'residual_edge_update': False, 'residual_global_update': False, 'update_edges_input': [True, True, True, False], 'update_nodes_input': [True, False, False], 'update_global_input': [False, True, False], 'multiplicity_readout': False}, {'edge_mlp': {'units': [128, 128, 128, 128, 128], 'activation': ['swish', 'swish', 'swish', 'swish', 'swish']}, 'node_mlp': {'units': [128], 'activation': ['swish']}, 'global_mlp': None, 'nested_blocks_cfgs': None, 'aggregate_edges_local': 'sum', 'aggregate_edges_global': None, 'aggregate_nodes': None, 'return_updated_edges': False, 'return_updated_nodes': True, 'return_updated_globals': True, 'edge_attention_mlp_local': {'units': [32, 1], 'activation': ['swish', 'swish']}, 'edge_attention_mlp_global': {'units': [32, 1], 'activation': ['swish', 'swish']}, 'node_attention_mlp': {'units': [32, 1], 'activation': ['swish', 'swish']}, 'edge_gate': None, 'node_gate': None, 'global_gate': None, 'residual_node_update': True, 'residual_edge_update': False, 'residual_global_update': False, 'update_edges_input': [True, True, True, False], 'update_nodes_input': [True, False, False], 'update_global_input': [False, True, False], 'multiplicity_readout': False}, {'edge_mlp': {'units': [128, 128, 128, 128, 128], 'activation': ['swish', 'swish', 'swish', 'swish', 'swish']}, 'node_mlp': {'units': [128], 'activation': ['swish']}, 'global_mlp': None, 'nested_blocks_cfgs': None, 'aggregate_edges_local': 'sum', 'aggregate_edges_global': None, 'aggregate_nodes': None, 'return_updated_edges': False, 'return_updated_nodes': True, 'return_updated_globals': True, 'edge_attention_mlp_local': {'units': [32, 1], 'activation': ['swish', 'swish']}, 'edge_attention_mlp_global': {'units': [32, 1], 'activation': ['swish', 'swish']}, 'node_attention_mlp': {'units': [32, 1], 'activation': ['swish', 'swish']}, 'edge_gate': None, 'node_gate': None, 'global_gate': None, 'residual_node_update': True, 'residual_edge_update': False, 'residual_global_update': False, 'update_edges_input': [True, True, True, False], 'update_nodes_input': [True, False, False], 'update_global_input': [False, True, False], 'multiplicity_readout': False}, {'edge_mlp': {'units': [128, 128, 128, 128, 128], 'activation': ['swish', 'swish', 'swish', 'swish', 'swish']}, 'node_mlp': {'units': [128], 'activation': ['swish']}, 'global_mlp': None, 'nested_blocks_cfgs': None, 'aggregate_edges_local': 'sum', 'aggregate_edges_global': None, 'aggregate_nodes': None, 'return_updated_edges': False, 'return_updated_nodes': True, 'return_updated_globals': True, 'edge_attention_mlp_local': {'units': [32, 1], 'activation': ['swish', 'swish']}, 'edge_attention_mlp_global': {'units': [32, 1], 'activation': ['swish', 'swish']}, 'node_attention_mlp': {'units': [32, 1], 'activation': ['swish', 'swish']}, 'edge_gate': None, 'node_gate': None, 'global_gate': None, 'residual_node_update': True, 'residual_edge_update': False, 'residual_global_update': False, 'update_edges_input': [True, True, True, False], 'update_nodes_input': [True, False, False], 'update_global_input': [False, True, False], 'multiplicity_readout': False}, {'edge_mlp': {'units': [128, 128, 128, 128, 128], 'activation': ['swish', 'swish', 'swish', 'swish', 'swish']}, 'node_mlp': {'units': [128], 'activation': ['swish']}, 'global_mlp': None, 'nested_blocks_cfgs': None, 'aggregate_edges_local': 'sum', 'aggregate_edges_global': None, 'aggregate_nodes': None, 'return_updated_edges': False, 'return_updated_nodes': True, 'return_updated_globals': True, 'edge_attention_mlp_local': {'units': [32, 1], 'activation': ['swish', 'swish']}, 'edge_attention_mlp_global': {'units': [32, 1], 'activation': ['swish', 'swish']}, 'node_attention_mlp': {'units': [32, 1], 'activation': ['swish', 'swish']}, 'edge_gate': None, 'node_gate': None, 'global_gate': None, 'residual_node_update': True, 'residual_edge_update': False, 'residual_global_update': False, 'update_edges_input': [True, True, True, False], 'update_nodes_input': [True, False, False], 'update_global_input': [False, True, False], 'multiplicity_readout': False}], 'output_block_cfg': {'edge_mlp': None, 'node_mlp': None, 'global_mlp': {'units': [1], 'activation': ['linear']}, 'nested_blocks_cfgs': None, 'aggregate_edges_local': 'sum', 'aggregate_edges_global': None, 'aggregate_nodes': 'mean', 'return_updated_edges': False, 'return_updated_nodes': True, 'return_updated_globals': True, 'edge_attention_mlp_local': {'units': [32, 1], 'activation': ['swish', 'swish']}, 'edge_attention_mlp_global': {'units': [32, 1], 'activation': ['swish', 'swish']}, 'node_attention_mlp': {'units': [32, 1], 'activation': ['swish', 'swish']}, 'edge_gate': None, 'node_gate': None, 'global_gate': None, 'residual_node_update': False, 'residual_edge_update': False, 'residual_global_update': False, 'update_edges_input': [True, True, True, False], 'update_nodes_input': [True, False, False], 'update_global_input': [False, True, False], 'multiplicity_readout': True}}'.
/gpfs/scratch/acad/htforft/rgouvea/other_datasets/processed_datasets/.venv/lib/python3.9/site-packages/kgcnn/crystal/periodic_table/periodic_table.py:30: FutureWarning: A value is trying to be set on a copy of a DataFrame or Series through chained assignment using an inplace method.
The behavior will change in pandas 3.0. This inplace method will never work because the intermediate object on which we are setting values always behaves as a copy.

For example, when doing 'df[col].method(value, inplace=True)', try using 'df.method({col: value}, inplace=True)' or df[col] = df[col].method(value) instead, to perform the operation inplace on the original object.


  self.data['AtomicRadius'].fillna(imputation_atomic_radius, inplace=True)
/gpfs/scratch/acad/htforft/rgouvea/other_datasets/processed_datasets/.venv/lib/python3.9/site-packages/kgcnn/crystal/periodic_table/periodic_table.py:32: FutureWarning: A value is trying to be set on a copy of a DataFrame or Series through chained assignment using an inplace method.
The behavior will change in pandas 3.0. This inplace method will never work because the intermediate object on which we are setting values always behaves as a copy.

For example, when doing 'df[col].method(value, inplace=True)', try using 'df.method({col: value}, inplace=True)' or df[col] = df[col].method(value) instead, to perform the operation inplace on the original object.


  self.data['Electronegativity'].fillna(imputation_electronegativity, inplace=True)
/gpfs/scratch/acad/htforft/rgouvea/other_datasets/processed_datasets/.venv/lib/python3.9/site-packages/kgcnn/crystal/periodic_table/periodic_table.py:33: FutureWarning: A value is trying to be set on a copy of a DataFrame or Series through chained assignment using an inplace method.
The behavior will change in pandas 3.0. This inplace method will never work because the intermediate object on which we are setting values always behaves as a copy.

For example, when doing 'df[col].method(value, inplace=True)', try using 'df.method({col: value}, inplace=True)' or df[col] = df[col].method(value) instead, to perform the operation inplace on the original object.


  self.data['IonizationEnergy'].fillna(imputation_ionization_energy, inplace=True)
[<KerasTensor: type_spec=RaggedTensorSpec(TensorShape([None, None, 3]), tf.float32, 1, tf.int64) (created by layer 'offset')>, <KerasTensor: type_spec=RaggedTensorSpec(TensorShape([None, None]), tf.int32, 1, tf.int64) (created by layer 'atomic_number')>, <KerasTensor: type_spec=RaggedTensorSpec(TensorShape([None, None]), tf.int32, 1, tf.int64) (created by layer 'multiplicity')>, <KerasTensor: type_spec=RaggedTensorSpec(TensorShape([None, None, 2]), tf.int32, 1, tf.int64) (created by layer 'edge_indices')>]
Training on 1045 samples...
Epoch 1/800
/gpfs/scratch/acad/htforft/rgouvea/other_datasets/processed_datasets/.venv/lib/python3.9/site-packages/tensorflow/python/framework/indexed_slices.py:444: UserWarning: Converting sparse IndexedSlices(IndexedSlices(indices=Tensor("gradient_tape/coGN/sequential_graph_network_4/graph_network_24/gather_embedding_selection_33/Reshape_1:0", shape=(None,), dtype=int32), values=Tensor("gradient_tape/coGN/sequential_graph_network_4/graph_network_24/gather_embedding_selection_33/Reshape:0", shape=(None, 128), dtype=float32), dense_shape=Tensor("gradient_tape/coGN/sequential_graph_network_4/graph_network_24/gather_embedding_selection_33/Cast:0", shape=(2,), dtype=int32))) to a dense Tensor of unknown shape. This may consume a large amount of memory.
  warnings.warn(
/gpfs/scratch/acad/htforft/rgouvea/other_datasets/processed_datasets/.venv/lib/python3.9/site-packages/tensorflow/python/framework/indexed_slices.py:444: UserWarning: Converting sparse IndexedSlices(IndexedSlices(indices=Tensor("gradient_tape/coGN/sequential_graph_network_4/graph_network_24/gather_embedding_selection_33/Reshape_3:0", shape=(None,), dtype=int32), values=Tensor("gradient_tape/coGN/sequential_graph_network_4/graph_network_24/gather_embedding_selection_33/Reshape_2:0", shape=(None, 128), dtype=float32), dense_shape=Tensor("gradient_tape/coGN/sequential_graph_network_4/graph_network_24/gather_embedding_selection_33/Cast_1:0", shape=(2,), dtype=int32))) to a dense Tensor of unknown shape. This may consume a large amount of memory.
  warnings.warn(
/gpfs/scratch/acad/htforft/rgouvea/other_datasets/processed_datasets/.venv/lib/python3.9/site-packages/tensorflow/python/framework/indexed_slices.py:444: UserWarning: Converting sparse IndexedSlices(IndexedSlices(indices=Tensor("gradient_tape/coGN/sequential_graph_network_4/graph_network_23/gather_embedding_selection_32/Reshape_1:0", shape=(None,), dtype=int32), values=Tensor("gradient_tape/coGN/sequential_graph_network_4/graph_network_23/gather_embedding_selection_32/Reshape:0", shape=(None, 128), dtype=float32), dense_shape=Tensor("gradient_tape/coGN/sequential_graph_network_4/graph_network_23/gather_embedding_selection_32/Cast:0", shape=(2,), dtype=int32))) to a dense Tensor of unknown shape. This may consume a large amount of memory.
  warnings.warn(
/gpfs/scratch/acad/htforft/rgouvea/other_datasets/processed_datasets/.venv/lib/python3.9/site-packages/tensorflow/python/framework/indexed_slices.py:444: UserWarning: Converting sparse IndexedSlices(IndexedSlices(indices=Tensor("gradient_tape/coGN/sequential_graph_network_4/graph_network_23/gather_embedding_selection_32/Reshape_3:0", shape=(None,), dtype=int32), values=Tensor("gradient_tape/coGN/sequential_graph_network_4/graph_network_23/gather_embedding_selection_32/Reshape_2:0", shape=(None, 128), dtype=float32), dense_shape=Tensor("gradient_tape/coGN/sequential_graph_network_4/graph_network_23/gather_embedding_selection_32/Cast_1:0", shape=(2,), dtype=int32))) to a dense Tensor of unknown shape. This may consume a large amount of memory.
  warnings.warn(
/gpfs/scratch/acad/htforft/rgouvea/other_datasets/processed_datasets/.venv/lib/python3.9/site-packages/tensorflow/python/framework/indexed_slices.py:444: UserWarning: Converting sparse IndexedSlices(IndexedSlices(indices=Tensor("gradient_tape/coGN/sequential_graph_network_4/graph_network_22/gather_embedding_selection_31/Reshape_1:0", shape=(None,), dtype=int32), values=Tensor("gradient_tape/coGN/sequential_graph_network_4/graph_network_22/gather_embedding_selection_31/Reshape:0", shape=(None, 128), dtype=float32), dense_shape=Tensor("gradient_tape/coGN/sequential_graph_network_4/graph_network_22/gather_embedding_selection_31/Cast:0", shape=(2,), dtype=int32))) to a dense Tensor of unknown shape. This may consume a large amount of memory.
  warnings.warn(
/gpfs/scratch/acad/htforft/rgouvea/other_datasets/processed_datasets/.venv/lib/python3.9/site-packages/tensorflow/python/framework/indexed_slices.py:444: UserWarning: Converting sparse IndexedSlices(IndexedSlices(indices=Tensor("gradient_tape/coGN/sequential_graph_network_4/graph_network_22/gather_embedding_selection_31/Reshape_3:0", shape=(None,), dtype=int32), values=Tensor("gradient_tape/coGN/sequential_graph_network_4/graph_network_22/gather_embedding_selection_31/Reshape_2:0", shape=(None, 128), dtype=float32), dense_shape=Tensor("gradient_tape/coGN/sequential_graph_network_4/graph_network_22/gather_embedding_selection_31/Cast_1:0", shape=(2,), dtype=int32))) to a dense Tensor of unknown shape. This may consume a large amount of memory.
  warnings.warn(
/gpfs/scratch/acad/htforft/rgouvea/other_datasets/processed_datasets/.venv/lib/python3.9/site-packages/tensorflow/python/framework/indexed_slices.py:444: UserWarning: Converting sparse IndexedSlices(IndexedSlices(indices=Tensor("gradient_tape/coGN/sequential_graph_network_4/graph_network_21/gather_embedding_selection_30/Reshape_1:0", shape=(None,), dtype=int32), values=Tensor("gradient_tape/coGN/sequential_graph_network_4/graph_network_21/gather_embedding_selection_30/Reshape:0", shape=(None, 128), dtype=float32), dense_shape=Tensor("gradient_tape/coGN/sequential_graph_network_4/graph_network_21/gather_embedding_selection_30/Cast:0", shape=(2,), dtype=int32))) to a dense Tensor of unknown shape. This may consume a large amount of memory.
  warnings.warn(
/gpfs/scratch/acad/htforft/rgouvea/other_datasets/processed_datasets/.venv/lib/python3.9/site-packages/tensorflow/python/framework/indexed_slices.py:444: UserWarning: Converting sparse IndexedSlices(IndexedSlices(indices=Tensor("gradient_tape/coGN/sequential_graph_network_4/graph_network_21/gather_embedding_selection_30/Reshape_3:0", shape=(None,), dtype=int32), values=Tensor("gradient_tape/coGN/sequential_graph_network_4/graph_network_21/gather_embedding_selection_30/Reshape_2:0", shape=(None, 128), dtype=float32), dense_shape=Tensor("gradient_tape/coGN/sequential_graph_network_4/graph_network_21/gather_embedding_selection_30/Cast_1:0", shape=(2,), dtype=int32))) to a dense Tensor of unknown shape. This may consume a large amount of memory.
  warnings.warn(
/gpfs/scratch/acad/htforft/rgouvea/other_datasets/processed_datasets/.venv/lib/python3.9/site-packages/tensorflow/python/framework/indexed_slices.py:444: UserWarning: Converting sparse IndexedSlices(IndexedSlices(indices=Tensor("gradient_tape/coGN/sequential_graph_network_4/graph_network_20/gather_embedding_selection_29/Reshape_1:0", shape=(None,), dtype=int32), values=Tensor("gradient_tape/coGN/sequential_graph_network_4/graph_network_20/gather_embedding_selection_29/Reshape:0", shape=(None, 128), dtype=float32), dense_shape=Tensor("gradient_tape/coGN/sequential_graph_network_4/graph_network_20/gather_embedding_selection_29/Cast:0", shape=(2,), dtype=int32))) to a dense Tensor of unknown shape. This may consume a large amount of memory.
  warnings.warn(
/gpfs/scratch/acad/htforft/rgouvea/other_datasets/processed_datasets/.venv/lib/python3.9/site-packages/tensorflow/python/framework/indexed_slices.py:444: UserWarning: Converting sparse IndexedSlices(IndexedSlices(indices=Tensor("gradient_tape/coGN/sequential_graph_network_4/graph_network_20/gather_embedding_selection_29/Reshape_3:0", shape=(None,), dtype=int32), values=Tensor("gradient_tape/coGN/sequential_graph_network_4/graph_network_20/gather_embedding_selection_29/Reshape_2:0", shape=(None, 128), dtype=float32), dense_shape=Tensor("gradient_tape/coGN/sequential_graph_network_4/graph_network_20/gather_embedding_selection_29/Cast_1:0", shape=(2,), dtype=int32))) to a dense Tensor of unknown shape. This may consume a large amount of memory.
  warnings.warn(
17/17 - 3s - loss: 1.1406 - mae: 1.1406 - mse: 2.5227 - 3s/epoch - 174ms/step
Epoch 2/800
17/17 - 0s - loss: 0.7733 - mae: 0.7733 - mse: 0.9284 - 190ms/epoch - 11ms/step
Epoch 3/800
17/17 - 0s - loss: 0.6315 - mae: 0.6315 - mse: 0.6386 - 176ms/epoch - 10ms/step
Epoch 4/800
17/17 - 0s - loss: 0.5411 - mae: 0.5411 - mse: 0.4940 - 176ms/epoch - 10ms/step
Epoch 5/800
17/17 - 0s - loss: 0.4456 - mae: 0.4456 - mse: 0.3354 - 176ms/epoch - 10ms/step
Epoch 6/800
17/17 - 0s - loss: 0.3968 - mae: 0.3968 - mse: 0.2741 - 176ms/epoch - 10ms/step
Epoch 7/800
17/17 - 0s - loss: 0.3760 - mae: 0.3760 - mse: 0.2543 - 176ms/epoch - 10ms/step
Epoch 8/800
17/17 - 0s - loss: 0.3636 - mae: 0.3636 - mse: 0.2421 - 176ms/epoch - 10ms/step
Epoch 9/800
17/17 - 0s - loss: 0.3383 - mae: 0.3383 - mse: 0.2100 - 176ms/epoch - 10ms/step
Epoch 10/800
17/17 - 0s - loss: 0.3513 - mae: 0.3513 - mse: 0.2212 - 176ms/epoch - 10ms/step
Epoch 11/800
17/17 - 0s - loss: 0.2751 - mae: 0.2751 - mse: 0.1659 - 175ms/epoch - 10ms/step
Epoch 12/800
17/17 - 0s - loss: 0.3007 - mae: 0.3007 - mse: 0.1813 - 176ms/epoch - 10ms/step
Epoch 13/800
17/17 - 0s - loss: 0.2701 - mae: 0.2701 - mse: 0.1534 - 176ms/epoch - 10ms/step
Epoch 14/800
17/17 - 0s - loss: 0.2568 - mae: 0.2568 - mse: 0.1443 - 176ms/epoch - 10ms/step
Epoch 15/800
17/17 - 0s - loss: 0.2849 - mae: 0.2849 - mse: 0.1614 - 176ms/epoch - 10ms/step
Epoch 16/800
17/17 - 0s - loss: 0.2992 - mae: 0.2992 - mse: 0.1681 - 176ms/epoch - 10ms/step
Epoch 17/800
17/17 - 0s - loss: 0.2765 - mae: 0.2765 - mse: 0.1488 - 176ms/epoch - 10ms/step
Epoch 18/800
17/17 - 0s - loss: 0.2644 - mae: 0.2644 - mse: 0.1434 - 176ms/epoch - 10ms/step
Epoch 19/800
17/17 - 0s - loss: 0.2382 - mae: 0.2382 - mse: 0.1201 - 176ms/epoch - 10ms/step
Epoch 20/800
17/17 - 0s - loss: 0.2347 - mae: 0.2347 - mse: 0.1107 - 176ms/epoch - 10ms/step
Epoch 21/800
17/17 - 0s - loss: 0.2419 - mae: 0.2419 - mse: 0.1143 - 176ms/epoch - 10ms/step
Epoch 22/800
17/17 - 0s - loss: 0.2105 - mae: 0.2105 - mse: 0.0934 - 176ms/epoch - 10ms/step
Epoch 23/800
17/17 - 0s - loss: 0.2010 - mae: 0.2010 - mse: 0.0764 - 177ms/epoch - 10ms/step
Epoch 24/800
17/17 - 0s - loss: 0.2047 - mae: 0.2047 - mse: 0.0756 - 176ms/epoch - 10ms/step
Epoch 25/800
17/17 - 0s - loss: 0.2085 - mae: 0.2085 - mse: 0.0826 - 177ms/epoch - 10ms/step
Epoch 26/800
17/17 - 0s - loss: 0.2156 - mae: 0.2156 - mse: 0.0851 - 176ms/epoch - 10ms/step
Epoch 27/800
17/17 - 0s - loss: 0.1817 - mae: 0.1817 - mse: 0.0630 - 176ms/epoch - 10ms/step
Epoch 28/800
17/17 - 0s - loss: 0.2127 - mae: 0.2127 - mse: 0.0776 - 176ms/epoch - 10ms/step
Epoch 29/800
17/17 - 0s - loss: 0.2398 - mae: 0.2398 - mse: 0.0987 - 176ms/epoch - 10ms/step
Epoch 30/800
17/17 - 0s - loss: 0.1950 - mae: 0.1950 - mse: 0.0671 - 176ms/epoch - 10ms/step
Epoch 31/800
17/17 - 0s - loss: 0.1982 - mae: 0.1982 - mse: 0.0694 - 176ms/epoch - 10ms/step
Epoch 32/800
17/17 - 0s - loss: 0.1653 - mae: 0.1653 - mse: 0.0528 - 176ms/epoch - 10ms/step
Epoch 33/800
17/17 - 0s - loss: 0.1620 - mae: 0.1620 - mse: 0.0467 - 176ms/epoch - 10ms/step
Epoch 34/800
17/17 - 0s - loss: 0.1594 - mae: 0.1594 - mse: 0.0454 - 176ms/epoch - 10ms/step
Epoch 35/800
17/17 - 0s - loss: 0.1723 - mae: 0.1723 - mse: 0.0498 - 176ms/epoch - 10ms/step
Epoch 36/800
17/17 - 0s - loss: 0.1669 - mae: 0.1669 - mse: 0.0481 - 176ms/epoch - 10ms/step
Epoch 37/800
17/17 - 0s - loss: 0.1586 - mae: 0.1586 - mse: 0.0439 - 176ms/epoch - 10ms/step
Epoch 38/800
17/17 - 0s - loss: 0.1597 - mae: 0.1597 - mse: 0.0434 - 176ms/epoch - 10ms/step
Epoch 39/800
17/17 - 0s - loss: 0.1665 - mae: 0.1665 - mse: 0.0470 - 176ms/epoch - 10ms/step
Epoch 40/800
17/17 - 0s - loss: 0.1579 - mae: 0.1579 - mse: 0.0426 - 176ms/epoch - 10ms/step
Epoch 41/800
17/17 - 0s - loss: 0.1458 - mae: 0.1458 - mse: 0.0381 - 176ms/epoch - 10ms/step
Epoch 42/800
17/17 - 0s - loss: 0.1417 - mae: 0.1417 - mse: 0.0355 - 176ms/epoch - 10ms/step
Epoch 43/800
17/17 - 0s - loss: 0.1574 - mae: 0.1574 - mse: 0.0431 - 176ms/epoch - 10ms/step
Epoch 44/800
17/17 - 0s - loss: 0.1476 - mae: 0.1476 - mse: 0.0378 - 176ms/epoch - 10ms/step
Epoch 45/800
17/17 - 0s - loss: 0.1417 - mae: 0.1417 - mse: 0.0348 - 176ms/epoch - 10ms/step
Epoch 46/800
17/17 - 0s - loss: 0.1359 - mae: 0.1359 - mse: 0.0330 - 176ms/epoch - 10ms/step
Epoch 47/800
17/17 - 0s - loss: 0.1321 - mae: 0.1321 - mse: 0.0320 - 176ms/epoch - 10ms/step
Epoch 48/800
17/17 - 0s - loss: 0.1461 - mae: 0.1461 - mse: 0.0370 - 176ms/epoch - 10ms/step
Epoch 49/800
17/17 - 0s - loss: 0.1472 - mae: 0.1472 - mse: 0.0379 - 176ms/epoch - 10ms/step
Epoch 50/800
17/17 - 0s - loss: 0.1390 - mae: 0.1390 - mse: 0.0329 - 176ms/epoch - 10ms/step
Epoch 51/800
17/17 - 0s - loss: 0.1813 - mae: 0.1813 - mse: 0.0541 - 176ms/epoch - 10ms/step
Epoch 52/800
17/17 - 0s - loss: 0.1411 - mae: 0.1411 - mse: 0.0342 - 176ms/epoch - 10ms/step
Epoch 53/800
17/17 - 0s - loss: 0.1332 - mae: 0.1332 - mse: 0.0319 - 177ms/epoch - 10ms/step
Epoch 54/800
17/17 - 0s - loss: 0.1317 - mae: 0.1317 - mse: 0.0299 - 176ms/epoch - 10ms/step
Epoch 55/800
17/17 - 0s - loss: 0.1306 - mae: 0.1306 - mse: 0.0292 - 176ms/epoch - 10ms/step
Epoch 56/800
17/17 - 0s - loss: 0.1382 - mae: 0.1382 - mse: 0.0330 - 176ms/epoch - 10ms/step
Epoch 57/800
17/17 - 0s - loss: 0.1420 - mae: 0.1420 - mse: 0.0339 - 176ms/epoch - 10ms/step
Epoch 58/800
17/17 - 0s - loss: 0.1220 - mae: 0.1220 - mse: 0.0260 - 176ms/epoch - 10ms/step
Epoch 59/800
17/17 - 0s - loss: 0.1320 - mae: 0.1320 - mse: 0.0302 - 176ms/epoch - 10ms/step
Epoch 60/800
17/17 - 0s - loss: 0.1333 - mae: 0.1333 - mse: 0.0302 - 176ms/epoch - 10ms/step
Epoch 61/800
17/17 - 0s - loss: 0.1456 - mae: 0.1456 - mse: 0.0373 - 176ms/epoch - 10ms/step
Epoch 62/800
17/17 - 0s - loss: 0.1344 - mae: 0.1344 - mse: 0.0303 - 176ms/epoch - 10ms/step
Epoch 63/800
17/17 - 0s - loss: 0.1279 - mae: 0.1279 - mse: 0.0287 - 176ms/epoch - 10ms/step
Epoch 64/800
17/17 - 0s - loss: 0.1400 - mae: 0.1400 - mse: 0.0341 - 177ms/epoch - 10ms/step
Epoch 65/800
17/17 - 0s - loss: 0.1353 - mae: 0.1353 - mse: 0.0312 - 176ms/epoch - 10ms/step
Epoch 66/800
17/17 - 0s - loss: 0.1302 - mae: 0.1302 - mse: 0.0299 - 176ms/epoch - 10ms/step
Epoch 67/800
17/17 - 0s - loss: 0.1485 - mae: 0.1485 - mse: 0.0379 - 176ms/epoch - 10ms/step
Epoch 68/800
17/17 - 0s - loss: 0.1274 - mae: 0.1274 - mse: 0.0267 - 176ms/epoch - 10ms/step
Epoch 69/800
17/17 - 0s - loss: 0.1166 - mae: 0.1166 - mse: 0.0244 - 176ms/epoch - 10ms/step
Epoch 70/800
17/17 - 0s - loss: 0.1242 - mae: 0.1242 - mse: 0.0267 - 176ms/epoch - 10ms/step
Epoch 71/800
17/17 - 0s - loss: 0.1307 - mae: 0.1307 - mse: 0.0300 - 176ms/epoch - 10ms/step
Epoch 72/800
17/17 - 0s - loss: 0.1147 - mae: 0.1147 - mse: 0.0238 - 176ms/epoch - 10ms/step
Epoch 73/800
17/17 - 0s - loss: 0.1083 - mae: 0.1083 - mse: 0.0214 - 176ms/epoch - 10ms/step
Epoch 74/800
17/17 - 0s - loss: 0.1303 - mae: 0.1303 - mse: 0.0294 - 176ms/epoch - 10ms/step
Epoch 75/800
17/17 - 0s - loss: 0.1240 - mae: 0.1240 - mse: 0.0265 - 176ms/epoch - 10ms/step
Epoch 76/800
17/17 - 0s - loss: 0.1360 - mae: 0.1360 - mse: 0.0309 - 176ms/epoch - 10ms/step
Epoch 77/800
17/17 - 0s - loss: 0.1162 - mae: 0.1162 - mse: 0.0234 - 176ms/epoch - 10ms/step
Epoch 78/800
17/17 - 0s - loss: 0.1197 - mae: 0.1197 - mse: 0.0241 - 176ms/epoch - 10ms/step
Epoch 79/800
17/17 - 0s - loss: 0.1414 - mae: 0.1414 - mse: 0.0359 - 176ms/epoch - 10ms/step
Epoch 80/800
17/17 - 0s - loss: 0.1477 - mae: 0.1477 - mse: 0.0347 - 177ms/epoch - 10ms/step
Epoch 81/800
17/17 - 0s - loss: 0.1179 - mae: 0.1179 - mse: 0.0238 - 176ms/epoch - 10ms/step
Epoch 82/800
17/17 - 0s - loss: 0.1079 - mae: 0.1079 - mse: 0.0217 - 176ms/epoch - 10ms/step
Epoch 83/800
17/17 - 0s - loss: 0.1354 - mae: 0.1354 - mse: 0.0312 - 176ms/epoch - 10ms/step
Epoch 84/800
17/17 - 0s - loss: 0.1505 - mae: 0.1505 - mse: 0.0379 - 176ms/epoch - 10ms/step
Epoch 85/800
17/17 - 0s - loss: 0.1328 - mae: 0.1328 - mse: 0.0290 - 176ms/epoch - 10ms/step
Epoch 86/800
17/17 - 0s - loss: 0.1315 - mae: 0.1315 - mse: 0.0296 - 176ms/epoch - 10ms/step
Epoch 87/800
17/17 - 0s - loss: 0.1212 - mae: 0.1212 - mse: 0.0260 - 176ms/epoch - 10ms/step
Epoch 88/800
17/17 - 0s - loss: 0.1087 - mae: 0.1087 - mse: 0.0210 - 176ms/epoch - 10ms/step
Epoch 89/800
17/17 - 0s - loss: 0.1330 - mae: 0.1330 - mse: 0.0310 - 176ms/epoch - 10ms/step
Epoch 90/800
17/17 - 0s - loss: 0.1281 - mae: 0.1281 - mse: 0.0275 - 176ms/epoch - 10ms/step
Epoch 91/800
17/17 - 0s - loss: 0.1232 - mae: 0.1232 - mse: 0.0266 - 176ms/epoch - 10ms/step
Epoch 92/800
17/17 - 0s - loss: 0.1078 - mae: 0.1078 - mse: 0.0216 - 176ms/epoch - 10ms/step
Epoch 93/800
17/17 - 0s - loss: 0.1058 - mae: 0.1058 - mse: 0.0195 - 176ms/epoch - 10ms/step
Epoch 94/800
17/17 - 0s - loss: 0.1133 - mae: 0.1133 - mse: 0.0225 - 176ms/epoch - 10ms/step
Epoch 95/800
17/17 - 0s - loss: 0.0929 - mae: 0.0929 - mse: 0.0157 - 176ms/epoch - 10ms/step
Epoch 96/800
17/17 - 0s - loss: 0.1127 - mae: 0.1127 - mse: 0.0222 - 176ms/epoch - 10ms/step
Epoch 97/800
17/17 - 0s - loss: 0.1191 - mae: 0.1191 - mse: 0.0241 - 176ms/epoch - 10ms/step
Epoch 98/800
17/17 - 0s - loss: 0.1164 - mae: 0.1164 - mse: 0.0233 - 176ms/epoch - 10ms/step
Epoch 99/800
17/17 - 0s - loss: 0.1055 - mae: 0.1055 - mse: 0.0200 - 176ms/epoch - 10ms/step
Epoch 100/800
17/17 - 0s - loss: 0.0954 - mae: 0.0954 - mse: 0.0166 - 176ms/epoch - 10ms/step
Epoch 101/800
17/17 - 0s - loss: 0.0939 - mae: 0.0939 - mse: 0.0161 - 176ms/epoch - 10ms/step
Epoch 102/800
17/17 - 0s - loss: 0.1080 - mae: 0.1080 - mse: 0.0211 - 176ms/epoch - 10ms/step
Epoch 103/800
17/17 - 0s - loss: 0.1027 - mae: 0.1027 - mse: 0.0184 - 176ms/epoch - 10ms/step
Epoch 104/800
17/17 - 0s - loss: 0.1009 - mae: 0.1009 - mse: 0.0187 - 176ms/epoch - 10ms/step
Epoch 105/800
17/17 - 0s - loss: 0.0923 - mae: 0.0923 - mse: 0.0163 - 176ms/epoch - 10ms/step
Epoch 106/800
17/17 - 0s - loss: 0.0991 - mae: 0.0991 - mse: 0.0179 - 175ms/epoch - 10ms/step
Epoch 107/800
17/17 - 0s - loss: 0.0965 - mae: 0.0965 - mse: 0.0166 - 176ms/epoch - 10ms/step
Epoch 108/800
17/17 - 0s - loss: 0.0939 - mae: 0.0939 - mse: 0.0167 - 177ms/epoch - 10ms/step
Epoch 109/800
17/17 - 0s - loss: 0.1033 - mae: 0.1033 - mse: 0.0184 - 176ms/epoch - 10ms/step
Epoch 110/800
17/17 - 0s - loss: 0.0982 - mae: 0.0982 - mse: 0.0179 - 176ms/epoch - 10ms/step
Epoch 111/800
17/17 - 0s - loss: 0.0929 - mae: 0.0929 - mse: 0.0165 - 176ms/epoch - 10ms/step
Epoch 112/800
17/17 - 0s - loss: 0.0984 - mae: 0.0984 - mse: 0.0179 - 176ms/epoch - 10ms/step
Epoch 113/800
17/17 - 0s - loss: 0.0962 - mae: 0.0962 - mse: 0.0162 - 176ms/epoch - 10ms/step
Epoch 114/800
17/17 - 0s - loss: 0.0977 - mae: 0.0977 - mse: 0.0170 - 176ms/epoch - 10ms/step
Epoch 115/800
17/17 - 0s - loss: 0.0991 - mae: 0.0991 - mse: 0.0176 - 176ms/epoch - 10ms/step
Epoch 116/800
17/17 - 0s - loss: 0.0918 - mae: 0.0918 - mse: 0.0157 - 176ms/epoch - 10ms/step
Epoch 117/800
17/17 - 0s - loss: 0.0948 - mae: 0.0948 - mse: 0.0157 - 176ms/epoch - 10ms/step
Epoch 118/800
17/17 - 0s - loss: 0.0918 - mae: 0.0918 - mse: 0.0154 - 180ms/epoch - 11ms/step
Epoch 119/800
17/17 - 0s - loss: 0.0890 - mae: 0.0890 - mse: 0.0146 - 176ms/epoch - 10ms/step
Epoch 120/800
17/17 - 0s - loss: 0.0976 - mae: 0.0976 - mse: 0.0171 - 176ms/epoch - 10ms/step
Epoch 121/800
17/17 - 0s - loss: 0.0971 - mae: 0.0971 - mse: 0.0174 - 176ms/epoch - 10ms/step
Epoch 122/800
17/17 - 0s - loss: 0.0969 - mae: 0.0969 - mse: 0.0167 - 176ms/epoch - 10ms/step
Epoch 123/800
17/17 - 0s - loss: 0.1008 - mae: 0.1008 - mse: 0.0177 - 176ms/epoch - 10ms/step
Epoch 124/800
17/17 - 0s - loss: 0.0986 - mae: 0.0986 - mse: 0.0171 - 176ms/epoch - 10ms/step
Epoch 125/800
17/17 - 0s - loss: 0.0930 - mae: 0.0930 - mse: 0.0150 - 176ms/epoch - 10ms/step
Epoch 126/800
17/17 - 0s - loss: 0.0902 - mae: 0.0902 - mse: 0.0153 - 176ms/epoch - 10ms/step
Epoch 127/800
17/17 - 0s - loss: 0.1010 - mae: 0.1010 - mse: 0.0181 - 176ms/epoch - 10ms/step
Epoch 128/800
17/17 - 0s - loss: 0.1040 - mae: 0.1040 - mse: 0.0194 - 176ms/epoch - 10ms/step
Epoch 129/800
17/17 - 0s - loss: 0.0883 - mae: 0.0883 - mse: 0.0143 - 176ms/epoch - 10ms/step
Epoch 130/800
17/17 - 0s - loss: 0.0876 - mae: 0.0876 - mse: 0.0142 - 176ms/epoch - 10ms/step
Epoch 131/800
17/17 - 0s - loss: 0.0864 - mae: 0.0864 - mse: 0.0138 - 176ms/epoch - 10ms/step
Epoch 132/800
17/17 - 0s - loss: 0.0877 - mae: 0.0877 - mse: 0.0137 - 176ms/epoch - 10ms/step
Epoch 133/800
17/17 - 0s - loss: 0.0824 - mae: 0.0824 - mse: 0.0127 - 176ms/epoch - 10ms/step
Epoch 134/800
17/17 - 0s - loss: 0.0799 - mae: 0.0799 - mse: 0.0122 - 176ms/epoch - 10ms/step
Epoch 135/800
17/17 - 0s - loss: 0.0790 - mae: 0.0790 - mse: 0.0118 - 177ms/epoch - 10ms/step
Epoch 136/800
17/17 - 0s - loss: 0.0810 - mae: 0.0810 - mse: 0.0122 - 176ms/epoch - 10ms/step
Epoch 137/800
17/17 - 0s - loss: 0.0902 - mae: 0.0902 - mse: 0.0154 - 176ms/epoch - 10ms/step
Epoch 138/800
17/17 - 0s - loss: 0.0913 - mae: 0.0913 - mse: 0.0146 - 176ms/epoch - 10ms/step
Epoch 139/800
17/17 - 0s - loss: 0.0830 - mae: 0.0830 - mse: 0.0131 - 176ms/epoch - 10ms/step
Epoch 140/800
17/17 - 0s - loss: 0.0879 - mae: 0.0879 - mse: 0.0143 - 176ms/epoch - 10ms/step
Epoch 141/800
17/17 - 0s - loss: 0.1037 - mae: 0.1037 - mse: 0.0181 - 176ms/epoch - 10ms/step
Epoch 142/800
17/17 - 0s - loss: 0.0934 - mae: 0.0934 - mse: 0.0159 - 176ms/epoch - 10ms/step
Epoch 143/800
17/17 - 0s - loss: 0.0952 - mae: 0.0952 - mse: 0.0153 - 176ms/epoch - 10ms/step
Epoch 144/800
17/17 - 0s - loss: 0.0982 - mae: 0.0982 - mse: 0.0174 - 176ms/epoch - 10ms/step
Epoch 145/800
17/17 - 0s - loss: 0.0832 - mae: 0.0832 - mse: 0.0124 - 176ms/epoch - 10ms/step
Epoch 146/800
17/17 - 0s - loss: 0.0795 - mae: 0.0795 - mse: 0.0120 - 176ms/epoch - 10ms/step
Epoch 147/800
17/17 - 0s - loss: 0.0818 - mae: 0.0818 - mse: 0.0130 - 175ms/epoch - 10ms/step
Epoch 148/800
17/17 - 0s - loss: 0.0929 - mae: 0.0929 - mse: 0.0154 - 176ms/epoch - 10ms/step
Epoch 149/800
17/17 - 0s - loss: 0.0823 - mae: 0.0823 - mse: 0.0121 - 176ms/epoch - 10ms/step
Epoch 150/800
17/17 - 0s - loss: 0.0817 - mae: 0.0817 - mse: 0.0121 - 175ms/epoch - 10ms/step
Epoch 151/800
17/17 - 0s - loss: 0.0863 - mae: 0.0863 - mse: 0.0132 - 176ms/epoch - 10ms/step
Epoch 152/800
17/17 - 0s - loss: 0.0853 - mae: 0.0853 - mse: 0.0130 - 176ms/epoch - 10ms/step
Epoch 153/800
17/17 - 0s - loss: 0.0854 - mae: 0.0854 - mse: 0.0134 - 176ms/epoch - 10ms/step
Epoch 154/800
17/17 - 0s - loss: 0.0808 - mae: 0.0808 - mse: 0.0117 - 176ms/epoch - 10ms/step
Epoch 155/800
17/17 - 0s - loss: 0.0865 - mae: 0.0865 - mse: 0.0138 - 176ms/epoch - 10ms/step
Epoch 156/800
17/17 - 0s - loss: 0.0859 - mae: 0.0859 - mse: 0.0136 - 176ms/epoch - 10ms/step
Epoch 157/800
17/17 - 0s - loss: 0.0862 - mae: 0.0862 - mse: 0.0141 - 176ms/epoch - 10ms/step
Epoch 158/800
17/17 - 0s - loss: 0.0895 - mae: 0.0895 - mse: 0.0147 - 176ms/epoch - 10ms/step
Epoch 159/800
17/17 - 0s - loss: 0.0842 - mae: 0.0842 - mse: 0.0127 - 176ms/epoch - 10ms/step
Epoch 160/800
17/17 - 0s - loss: 0.0839 - mae: 0.0839 - mse: 0.0128 - 176ms/epoch - 10ms/step
Epoch 161/800
17/17 - 0s - loss: 0.0743 - mae: 0.0743 - mse: 0.0109 - 176ms/epoch - 10ms/step
Epoch 162/800
17/17 - 0s - loss: 0.0827 - mae: 0.0827 - mse: 0.0126 - 176ms/epoch - 10ms/step
Epoch 163/800
17/17 - 0s - loss: 0.0775 - mae: 0.0775 - mse: 0.0108 - 178ms/epoch - 10ms/step
Epoch 164/800
17/17 - 0s - loss: 0.0798 - mae: 0.0798 - mse: 0.0122 - 176ms/epoch - 10ms/step
Epoch 165/800
17/17 - 0s - loss: 0.0894 - mae: 0.0894 - mse: 0.0135 - 176ms/epoch - 10ms/step
Epoch 166/800
17/17 - 0s - loss: 0.0859 - mae: 0.0859 - mse: 0.0132 - 176ms/epoch - 10ms/step
Epoch 167/800
17/17 - 0s - loss: 0.0775 - mae: 0.0775 - mse: 0.0111 - 176ms/epoch - 10ms/step
Epoch 168/800
17/17 - 0s - loss: 0.0752 - mae: 0.0752 - mse: 0.0108 - 176ms/epoch - 10ms/step
Epoch 169/800
17/17 - 0s - loss: 0.0799 - mae: 0.0799 - mse: 0.0117 - 176ms/epoch - 10ms/step
Epoch 170/800
17/17 - 0s - loss: 0.0835 - mae: 0.0835 - mse: 0.0125 - 176ms/epoch - 10ms/step
Epoch 171/800
17/17 - 0s - loss: 0.0833 - mae: 0.0833 - mse: 0.0131 - 176ms/epoch - 10ms/step
Epoch 172/800
17/17 - 0s - loss: 0.0964 - mae: 0.0964 - mse: 0.0159 - 177ms/epoch - 10ms/step
Epoch 173/800
17/17 - 0s - loss: 0.0808 - mae: 0.0808 - mse: 0.0120 - 176ms/epoch - 10ms/step
Epoch 174/800
17/17 - 0s - loss: 0.0750 - mae: 0.0750 - mse: 0.0104 - 176ms/epoch - 10ms/step
Epoch 175/800
17/17 - 0s - loss: 0.0767 - mae: 0.0767 - mse: 0.0108 - 176ms/epoch - 10ms/step
Epoch 176/800
17/17 - 0s - loss: 0.0804 - mae: 0.0804 - mse: 0.0110 - 176ms/epoch - 10ms/step
Epoch 177/800
17/17 - 0s - loss: 0.0912 - mae: 0.0912 - mse: 0.0145 - 176ms/epoch - 10ms/step
Epoch 178/800
17/17 - 0s - loss: 0.0794 - mae: 0.0794 - mse: 0.0116 - 176ms/epoch - 10ms/step
Epoch 179/800
17/17 - 0s - loss: 0.0792 - mae: 0.0792 - mse: 0.0123 - 176ms/epoch - 10ms/step
Epoch 180/800
17/17 - 0s - loss: 0.0745 - mae: 0.0745 - mse: 0.0104 - 176ms/epoch - 10ms/step
Epoch 181/800
17/17 - 0s - loss: 0.0833 - mae: 0.0833 - mse: 0.0121 - 176ms/epoch - 10ms/step
Epoch 182/800
17/17 - 0s - loss: 0.0715 - mae: 0.0715 - mse: 0.0097 - 176ms/epoch - 10ms/step
Epoch 183/800
17/17 - 0s - loss: 0.0869 - mae: 0.0869 - mse: 0.0128 - 176ms/epoch - 10ms/step
Epoch 184/800
17/17 - 0s - loss: 0.1190 - mae: 0.1190 - mse: 0.0239 - 176ms/epoch - 10ms/step
Epoch 185/800
17/17 - 0s - loss: 0.1046 - mae: 0.1046 - mse: 0.0175 - 176ms/epoch - 10ms/step
Epoch 186/800
17/17 - 0s - loss: 0.0799 - mae: 0.0799 - mse: 0.0117 - 176ms/epoch - 10ms/step
Epoch 187/800
17/17 - 0s - loss: 0.0754 - mae: 0.0754 - mse: 0.0105 - 176ms/epoch - 10ms/step
Epoch 188/800
17/17 - 0s - loss: 0.0706 - mae: 0.0706 - mse: 0.0096 - 177ms/epoch - 10ms/step
Epoch 189/800
17/17 - 0s - loss: 0.0856 - mae: 0.0856 - mse: 0.0129 - 176ms/epoch - 10ms/step
Epoch 190/800
17/17 - 0s - loss: 0.0903 - mae: 0.0903 - mse: 0.0135 - 177ms/epoch - 10ms/step
Epoch 191/800
17/17 - 0s - loss: 0.0822 - mae: 0.0822 - mse: 0.0122 - 176ms/epoch - 10ms/step
Epoch 192/800
17/17 - 0s - loss: 0.0751 - mae: 0.0751 - mse: 0.0106 - 176ms/epoch - 10ms/step
Epoch 193/800
17/17 - 0s - loss: 0.0717 - mae: 0.0717 - mse: 0.0090 - 176ms/epoch - 10ms/step
Epoch 194/800
17/17 - 0s - loss: 0.0768 - mae: 0.0768 - mse: 0.0109 - 176ms/epoch - 10ms/step
Epoch 195/800
17/17 - 0s - loss: 0.0810 - mae: 0.0810 - mse: 0.0115 - 176ms/epoch - 10ms/step
Epoch 196/800
17/17 - 0s - loss: 0.0756 - mae: 0.0756 - mse: 0.0103 - 176ms/epoch - 10ms/step
Epoch 197/800
17/17 - 0s - loss: 0.0670 - mae: 0.0670 - mse: 0.0082 - 176ms/epoch - 10ms/step
Epoch 198/800
17/17 - 0s - loss: 0.0618 - mae: 0.0618 - mse: 0.0075 - 176ms/epoch - 10ms/step
Epoch 199/800
17/17 - 0s - loss: 0.0665 - mae: 0.0665 - mse: 0.0084 - 176ms/epoch - 10ms/step
Epoch 200/800
17/17 - 0s - loss: 0.0662 - mae: 0.0662 - mse: 0.0082 - 176ms/epoch - 10ms/step
Epoch 201/800
17/17 - 0s - loss: 0.0605 - mae: 0.0605 - mse: 0.0074 - 176ms/epoch - 10ms/step
Epoch 202/800
17/17 - 0s - loss: 0.0622 - mae: 0.0622 - mse: 0.0074 - 176ms/epoch - 10ms/step
Epoch 203/800
17/17 - 0s - loss: 0.0771 - mae: 0.0771 - mse: 0.0104 - 176ms/epoch - 10ms/step
Epoch 204/800
17/17 - 0s - loss: 0.0762 - mae: 0.0762 - mse: 0.0108 - 176ms/epoch - 10ms/step
Epoch 205/800
17/17 - 0s - loss: 0.0650 - mae: 0.0650 - mse: 0.0079 - 176ms/epoch - 10ms/step
Epoch 206/800
17/17 - 0s - loss: 0.0662 - mae: 0.0662 - mse: 0.0084 - 176ms/epoch - 10ms/step
Epoch 207/800
17/17 - 0s - loss: 0.0649 - mae: 0.0649 - mse: 0.0082 - 176ms/epoch - 10ms/step
Epoch 208/800
17/17 - 0s - loss: 0.0784 - mae: 0.0784 - mse: 0.0110 - 176ms/epoch - 10ms/step
Epoch 209/800
17/17 - 0s - loss: 0.0691 - mae: 0.0691 - mse: 0.0090 - 176ms/epoch - 10ms/step
Epoch 210/800
17/17 - 0s - loss: 0.0673 - mae: 0.0673 - mse: 0.0081 - 176ms/epoch - 10ms/step
Epoch 211/800
17/17 - 0s - loss: 0.0739 - mae: 0.0739 - mse: 0.0099 - 176ms/epoch - 10ms/step
Epoch 212/800
17/17 - 0s - loss: 0.0657 - mae: 0.0657 - mse: 0.0081 - 176ms/epoch - 10ms/step
Epoch 213/800
17/17 - 0s - loss: 0.0680 - mae: 0.0680 - mse: 0.0085 - 176ms/epoch - 10ms/step
Epoch 214/800
17/17 - 0s - loss: 0.0698 - mae: 0.0698 - mse: 0.0089 - 176ms/epoch - 10ms/step
Epoch 215/800
17/17 - 0s - loss: 0.0668 - mae: 0.0668 - mse: 0.0078 - 176ms/epoch - 10ms/step
Epoch 216/800
17/17 - 0s - loss: 0.0635 - mae: 0.0635 - mse: 0.0074 - 176ms/epoch - 10ms/step
Epoch 217/800
17/17 - 0s - loss: 0.0635 - mae: 0.0635 - mse: 0.0078 - 176ms/epoch - 10ms/step
Epoch 218/800
17/17 - 0s - loss: 0.0727 - mae: 0.0727 - mse: 0.0096 - 178ms/epoch - 10ms/step
Epoch 219/800
17/17 - 0s - loss: 0.0716 - mae: 0.0716 - mse: 0.0093 - 176ms/epoch - 10ms/step
Epoch 220/800
17/17 - 0s - loss: 0.0668 - mae: 0.0668 - mse: 0.0082 - 176ms/epoch - 10ms/step
Epoch 221/800
17/17 - 0s - loss: 0.0642 - mae: 0.0642 - mse: 0.0077 - 176ms/epoch - 10ms/step
Epoch 222/800
17/17 - 0s - loss: 0.0681 - mae: 0.0681 - mse: 0.0085 - 176ms/epoch - 10ms/step
Epoch 223/800
17/17 - 0s - loss: 0.0624 - mae: 0.0624 - mse: 0.0071 - 176ms/epoch - 10ms/step
Epoch 224/800
17/17 - 0s - loss: 0.0777 - mae: 0.0777 - mse: 0.0102 - 176ms/epoch - 10ms/step
Epoch 225/800
17/17 - 0s - loss: 0.0764 - mae: 0.0764 - mse: 0.0097 - 176ms/epoch - 10ms/step
Epoch 226/800
17/17 - 0s - loss: 0.0735 - mae: 0.0735 - mse: 0.0092 - 176ms/epoch - 10ms/step
Epoch 227/800
17/17 - 0s - loss: 0.0568 - mae: 0.0568 - mse: 0.0063 - 176ms/epoch - 10ms/step
Epoch 228/800
17/17 - 0s - loss: 0.0702 - mae: 0.0702 - mse: 0.0094 - 176ms/epoch - 10ms/step
Epoch 229/800
17/17 - 0s - loss: 0.0775 - mae: 0.0775 - mse: 0.0101 - 176ms/epoch - 10ms/step
Epoch 230/800
17/17 - 0s - loss: 0.0736 - mae: 0.0736 - mse: 0.0095 - 176ms/epoch - 10ms/step
Epoch 231/800
17/17 - 0s - loss: 0.0663 - mae: 0.0663 - mse: 0.0080 - 176ms/epoch - 10ms/step
Epoch 232/800
17/17 - 0s - loss: 0.0630 - mae: 0.0630 - mse: 0.0074 - 176ms/epoch - 10ms/step
Epoch 233/800
17/17 - 0s - loss: 0.0614 - mae: 0.0614 - mse: 0.0073 - 176ms/epoch - 10ms/step
Epoch 234/800
17/17 - 0s - loss: 0.0609 - mae: 0.0609 - mse: 0.0068 - 176ms/epoch - 10ms/step
Epoch 235/800
17/17 - 0s - loss: 0.0718 - mae: 0.0718 - mse: 0.0089 - 176ms/epoch - 10ms/step
Epoch 236/800
17/17 - 0s - loss: 0.0652 - mae: 0.0652 - mse: 0.0076 - 176ms/epoch - 10ms/step
Epoch 237/800
17/17 - 0s - loss: 0.0644 - mae: 0.0644 - mse: 0.0074 - 176ms/epoch - 10ms/step
Epoch 238/800
17/17 - 0s - loss: 0.0644 - mae: 0.0644 - mse: 0.0075 - 176ms/epoch - 10ms/step
Epoch 239/800
17/17 - 0s - loss: 0.0661 - mae: 0.0661 - mse: 0.0078 - 176ms/epoch - 10ms/step
Epoch 240/800
17/17 - 0s - loss: 0.0547 - mae: 0.0547 - mse: 0.0056 - 176ms/epoch - 10ms/step
Epoch 241/800
17/17 - 0s - loss: 0.0561 - mae: 0.0561 - mse: 0.0060 - 176ms/epoch - 10ms/step
Epoch 242/800
17/17 - 0s - loss: 0.0596 - mae: 0.0596 - mse: 0.0064 - 176ms/epoch - 10ms/step
Epoch 243/800
17/17 - 0s - loss: 0.0698 - mae: 0.0698 - mse: 0.0089 - 176ms/epoch - 10ms/step
Epoch 244/800
17/17 - 0s - loss: 0.0635 - mae: 0.0635 - mse: 0.0075 - 176ms/epoch - 10ms/step
Epoch 245/800
17/17 - 0s - loss: 0.0622 - mae: 0.0622 - mse: 0.0068 - 177ms/epoch - 10ms/step
Epoch 246/800
17/17 - 0s - loss: 0.0575 - mae: 0.0575 - mse: 0.0061 - 176ms/epoch - 10ms/step
Epoch 247/800
17/17 - 0s - loss: 0.0565 - mae: 0.0565 - mse: 0.0061 - 177ms/epoch - 10ms/step
Epoch 248/800
17/17 - 0s - loss: 0.0555 - mae: 0.0555 - mse: 0.0058 - 176ms/epoch - 10ms/step
Epoch 249/800
17/17 - 0s - loss: 0.0581 - mae: 0.0581 - mse: 0.0063 - 176ms/epoch - 10ms/step
Epoch 250/800
17/17 - 0s - loss: 0.0666 - mae: 0.0666 - mse: 0.0079 - 176ms/epoch - 10ms/step
Epoch 251/800
17/17 - 0s - loss: 0.0651 - mae: 0.0651 - mse: 0.0079 - 176ms/epoch - 10ms/step
Epoch 252/800
17/17 - 0s - loss: 0.0583 - mae: 0.0583 - mse: 0.0064 - 176ms/epoch - 10ms/step
Epoch 253/800
17/17 - 0s - loss: 0.0573 - mae: 0.0573 - mse: 0.0058 - 176ms/epoch - 10ms/step
Epoch 254/800
17/17 - 0s - loss: 0.0579 - mae: 0.0579 - mse: 0.0061 - 176ms/epoch - 10ms/step
Epoch 255/800
17/17 - 0s - loss: 0.0548 - mae: 0.0548 - mse: 0.0055 - 176ms/epoch - 10ms/step
Epoch 256/800
17/17 - 0s - loss: 0.0552 - mae: 0.0552 - mse: 0.0057 - 176ms/epoch - 10ms/step
Epoch 257/800
17/17 - 0s - loss: 0.0596 - mae: 0.0596 - mse: 0.0068 - 176ms/epoch - 10ms/step
Epoch 258/800
17/17 - 0s - loss: 0.0586 - mae: 0.0586 - mse: 0.0062 - 176ms/epoch - 10ms/step
Epoch 259/800
17/17 - 0s - loss: 0.0582 - mae: 0.0582 - mse: 0.0061 - 176ms/epoch - 10ms/step
Epoch 260/800
17/17 - 0s - loss: 0.0553 - mae: 0.0553 - mse: 0.0056 - 176ms/epoch - 10ms/step
Epoch 261/800
17/17 - 0s - loss: 0.0543 - mae: 0.0543 - mse: 0.0054 - 176ms/epoch - 10ms/step
Epoch 262/800
17/17 - 0s - loss: 0.0512 - mae: 0.0512 - mse: 0.0048 - 176ms/epoch - 10ms/step
Epoch 263/800
17/17 - 0s - loss: 0.0608 - mae: 0.0608 - mse: 0.0069 - 176ms/epoch - 10ms/step
Epoch 264/800
17/17 - 0s - loss: 0.0554 - mae: 0.0554 - mse: 0.0054 - 176ms/epoch - 10ms/step
Epoch 265/800
17/17 - 0s - loss: 0.0571 - mae: 0.0571 - mse: 0.0062 - 176ms/epoch - 10ms/step
Epoch 266/800
17/17 - 0s - loss: 0.0582 - mae: 0.0582 - mse: 0.0061 - 177ms/epoch - 10ms/step
Epoch 267/800
17/17 - 0s - loss: 0.0569 - mae: 0.0569 - mse: 0.0061 - 176ms/epoch - 10ms/step
Epoch 268/800
17/17 - 0s - loss: 0.0545 - mae: 0.0545 - mse: 0.0053 - 177ms/epoch - 10ms/step
Epoch 269/800
17/17 - 0s - loss: 0.0599 - mae: 0.0599 - mse: 0.0064 - 176ms/epoch - 10ms/step
Epoch 270/800
17/17 - 0s - loss: 0.0480 - mae: 0.0480 - mse: 0.0044 - 176ms/epoch - 10ms/step
Epoch 271/800
17/17 - 0s - loss: 0.0531 - mae: 0.0531 - mse: 0.0054 - 176ms/epoch - 10ms/step
Epoch 272/800
17/17 - 0s - loss: 0.0579 - mae: 0.0579 - mse: 0.0061 - 176ms/epoch - 10ms/step
Epoch 273/800
17/17 - 0s - loss: 0.0593 - mae: 0.0593 - mse: 0.0064 - 178ms/epoch - 10ms/step
Epoch 274/800
17/17 - 0s - loss: 0.0589 - mae: 0.0589 - mse: 0.0059 - 176ms/epoch - 10ms/step
Epoch 275/800
17/17 - 0s - loss: 0.0542 - mae: 0.0542 - mse: 0.0052 - 176ms/epoch - 10ms/step
Epoch 276/800
17/17 - 0s - loss: 0.0514 - mae: 0.0514 - mse: 0.0048 - 176ms/epoch - 10ms/step
Epoch 277/800
17/17 - 0s - loss: 0.0527 - mae: 0.0527 - mse: 0.0051 - 176ms/epoch - 10ms/step
Epoch 278/800
17/17 - 0s - loss: 0.0520 - mae: 0.0520 - mse: 0.0052 - 177ms/epoch - 10ms/step
Epoch 279/800
17/17 - 0s - loss: 0.0556 - mae: 0.0556 - mse: 0.0056 - 176ms/epoch - 10ms/step
Epoch 280/800
17/17 - 0s - loss: 0.0558 - mae: 0.0558 - mse: 0.0054 - 176ms/epoch - 10ms/step
Epoch 281/800
17/17 - 0s - loss: 0.0547 - mae: 0.0547 - mse: 0.0053 - 177ms/epoch - 10ms/step
Epoch 282/800
17/17 - 0s - loss: 0.0564 - mae: 0.0564 - mse: 0.0056 - 176ms/epoch - 10ms/step
Epoch 283/800
17/17 - 0s - loss: 0.0541 - mae: 0.0541 - mse: 0.0053 - 176ms/epoch - 10ms/step
Epoch 284/800
17/17 - 0s - loss: 0.0525 - mae: 0.0525 - mse: 0.0052 - 176ms/epoch - 10ms/step
Epoch 285/800
17/17 - 0s - loss: 0.0550 - mae: 0.0550 - mse: 0.0056 - 176ms/epoch - 10ms/step
Epoch 286/800
17/17 - 0s - loss: 0.0560 - mae: 0.0560 - mse: 0.0054 - 176ms/epoch - 10ms/step
Epoch 287/800
17/17 - 0s - loss: 0.0558 - mae: 0.0558 - mse: 0.0057 - 176ms/epoch - 10ms/step
Epoch 288/800
17/17 - 0s - loss: 0.0502 - mae: 0.0502 - mse: 0.0046 - 176ms/epoch - 10ms/step
Epoch 289/800
17/17 - 0s - loss: 0.0489 - mae: 0.0489 - mse: 0.0046 - 176ms/epoch - 10ms/step
Epoch 290/800
17/17 - 0s - loss: 0.0497 - mae: 0.0497 - mse: 0.0044 - 176ms/epoch - 10ms/step
Epoch 291/800
17/17 - 0s - loss: 0.0526 - mae: 0.0526 - mse: 0.0048 - 176ms/epoch - 10ms/step
Epoch 292/800
17/17 - 0s - loss: 0.0576 - mae: 0.0576 - mse: 0.0058 - 176ms/epoch - 10ms/step
Epoch 293/800
17/17 - 0s - loss: 0.0514 - mae: 0.0514 - mse: 0.0047 - 176ms/epoch - 10ms/step
Epoch 294/800
17/17 - 0s - loss: 0.0458 - mae: 0.0458 - mse: 0.0041 - 176ms/epoch - 10ms/step
Epoch 295/800
17/17 - 0s - loss: 0.0499 - mae: 0.0499 - mse: 0.0043 - 176ms/epoch - 10ms/step
Epoch 296/800
17/17 - 0s - loss: 0.0509 - mae: 0.0509 - mse: 0.0049 - 176ms/epoch - 10ms/step
Epoch 297/800
17/17 - 0s - loss: 0.0513 - mae: 0.0513 - mse: 0.0047 - 176ms/epoch - 10ms/step
Epoch 298/800
17/17 - 0s - loss: 0.0436 - mae: 0.0436 - mse: 0.0037 - 176ms/epoch - 10ms/step
Epoch 299/800
17/17 - 0s - loss: 0.0459 - mae: 0.0459 - mse: 0.0036 - 176ms/epoch - 10ms/step
Epoch 300/800
17/17 - 0s - loss: 0.0462 - mae: 0.0462 - mse: 0.0038 - 177ms/epoch - 10ms/step
Epoch 301/800
17/17 - 0s - loss: 0.0433 - mae: 0.0433 - mse: 0.0034 - 177ms/epoch - 10ms/step
Epoch 302/800
17/17 - 0s - loss: 0.0497 - mae: 0.0497 - mse: 0.0044 - 176ms/epoch - 10ms/step
Epoch 303/800
17/17 - 0s - loss: 0.0522 - mae: 0.0522 - mse: 0.0049 - 176ms/epoch - 10ms/step
Epoch 304/800
17/17 - 0s - loss: 0.0571 - mae: 0.0571 - mse: 0.0056 - 176ms/epoch - 10ms/step
Epoch 305/800
17/17 - 0s - loss: 0.0568 - mae: 0.0568 - mse: 0.0055 - 176ms/epoch - 10ms/step
Epoch 306/800
17/17 - 0s - loss: 0.0467 - mae: 0.0467 - mse: 0.0038 - 176ms/epoch - 10ms/step
Epoch 307/800
17/17 - 0s - loss: 0.0468 - mae: 0.0468 - mse: 0.0041 - 176ms/epoch - 10ms/step
Epoch 308/800
17/17 - 0s - loss: 0.0477 - mae: 0.0477 - mse: 0.0040 - 176ms/epoch - 10ms/step
Epoch 309/800
17/17 - 0s - loss: 0.0496 - mae: 0.0496 - mse: 0.0043 - 176ms/epoch - 10ms/step
Epoch 310/800
17/17 - 0s - loss: 0.0497 - mae: 0.0497 - mse: 0.0044 - 176ms/epoch - 10ms/step
Epoch 311/800
17/17 - 0s - loss: 0.0522 - mae: 0.0522 - mse: 0.0048 - 176ms/epoch - 10ms/step
Epoch 312/800
17/17 - 0s - loss: 0.0518 - mae: 0.0518 - mse: 0.0046 - 176ms/epoch - 10ms/step
Epoch 313/800
17/17 - 0s - loss: 0.0548 - mae: 0.0548 - mse: 0.0052 - 176ms/epoch - 10ms/step
Epoch 314/800
17/17 - 0s - loss: 0.0547 - mae: 0.0547 - mse: 0.0053 - 176ms/epoch - 10ms/step
Epoch 315/800
17/17 - 0s - loss: 0.0569 - mae: 0.0569 - mse: 0.0055 - 176ms/epoch - 10ms/step
Epoch 316/800
17/17 - 0s - loss: 0.0480 - mae: 0.0480 - mse: 0.0041 - 176ms/epoch - 10ms/step
Epoch 317/800
17/17 - 0s - loss: 0.0459 - mae: 0.0459 - mse: 0.0041 - 176ms/epoch - 10ms/step
Epoch 318/800
17/17 - 0s - loss: 0.0461 - mae: 0.0461 - mse: 0.0040 - 176ms/epoch - 10ms/step
Epoch 319/800
17/17 - 0s - loss: 0.0449 - mae: 0.0449 - mse: 0.0037 - 176ms/epoch - 10ms/step
Epoch 320/800
17/17 - 0s - loss: 0.0485 - mae: 0.0485 - mse: 0.0043 - 176ms/epoch - 10ms/step
Epoch 321/800
17/17 - 0s - loss: 0.0476 - mae: 0.0476 - mse: 0.0040 - 176ms/epoch - 10ms/step
Epoch 322/800
17/17 - 0s - loss: 0.0449 - mae: 0.0449 - mse: 0.0038 - 176ms/epoch - 10ms/step
Epoch 323/800
17/17 - 0s - loss: 0.0468 - mae: 0.0468 - mse: 0.0041 - 176ms/epoch - 10ms/step
Epoch 324/800
17/17 - 0s - loss: 0.0524 - mae: 0.0524 - mse: 0.0046 - 176ms/epoch - 10ms/step
Epoch 325/800
17/17 - 0s - loss: 0.0442 - mae: 0.0442 - mse: 0.0037 - 176ms/epoch - 10ms/step
Epoch 326/800
17/17 - 0s - loss: 0.0503 - mae: 0.0503 - mse: 0.0045 - 176ms/epoch - 10ms/step
Epoch 327/800
17/17 - 0s - loss: 0.0598 - mae: 0.0598 - mse: 0.0064 - 176ms/epoch - 10ms/step
Epoch 328/800
17/17 - 0s - loss: 0.0467 - mae: 0.0467 - mse: 0.0038 - 177ms/epoch - 10ms/step
Epoch 329/800
17/17 - 0s - loss: 0.0437 - mae: 0.0437 - mse: 0.0036 - 176ms/epoch - 10ms/step
Epoch 330/800
17/17 - 0s - loss: 0.0387 - mae: 0.0387 - mse: 0.0028 - 176ms/epoch - 10ms/step
Epoch 331/800
17/17 - 0s - loss: 0.0427 - mae: 0.0427 - mse: 0.0032 - 176ms/epoch - 10ms/step
Epoch 332/800
17/17 - 0s - loss: 0.0461 - mae: 0.0461 - mse: 0.0038 - 176ms/epoch - 10ms/step
Epoch 333/800
17/17 - 0s - loss: 0.0440 - mae: 0.0440 - mse: 0.0035 - 176ms/epoch - 10ms/step
Epoch 334/800
17/17 - 0s - loss: 0.0397 - mae: 0.0397 - mse: 0.0029 - 176ms/epoch - 10ms/step
Epoch 335/800
17/17 - 0s - loss: 0.0379 - mae: 0.0379 - mse: 0.0027 - 176ms/epoch - 10ms/step
Epoch 336/800
17/17 - 0s - loss: 0.0411 - mae: 0.0411 - mse: 0.0031 - 176ms/epoch - 10ms/step
Epoch 337/800
17/17 - 0s - loss: 0.0382 - mae: 0.0382 - mse: 0.0026 - 176ms/epoch - 10ms/step
Epoch 338/800
17/17 - 0s - loss: 0.0386 - mae: 0.0386 - mse: 0.0027 - 176ms/epoch - 10ms/step
Epoch 339/800
17/17 - 0s - loss: 0.0374 - mae: 0.0374 - mse: 0.0026 - 176ms/epoch - 10ms/step
Epoch 340/800
17/17 - 0s - loss: 0.0453 - mae: 0.0453 - mse: 0.0034 - 176ms/epoch - 10ms/step
Epoch 341/800
17/17 - 0s - loss: 0.0454 - mae: 0.0454 - mse: 0.0035 - 176ms/epoch - 10ms/step
Epoch 342/800
17/17 - 0s - loss: 0.0450 - mae: 0.0450 - mse: 0.0036 - 176ms/epoch - 10ms/step
Epoch 343/800
17/17 - 0s - loss: 0.0413 - mae: 0.0413 - mse: 0.0029 - 176ms/epoch - 10ms/step
Epoch 344/800
17/17 - 0s - loss: 0.0429 - mae: 0.0429 - mse: 0.0033 - 176ms/epoch - 10ms/step
Epoch 345/800
17/17 - 0s - loss: 0.0494 - mae: 0.0494 - mse: 0.0042 - 176ms/epoch - 10ms/step
Epoch 346/800
17/17 - 0s - loss: 0.0501 - mae: 0.0501 - mse: 0.0043 - 176ms/epoch - 10ms/step
Epoch 347/800
17/17 - 0s - loss: 0.0456 - mae: 0.0456 - mse: 0.0037 - 176ms/epoch - 10ms/step
Epoch 348/800
17/17 - 0s - loss: 0.0417 - mae: 0.0417 - mse: 0.0032 - 176ms/epoch - 10ms/step
Epoch 349/800
17/17 - 0s - loss: 0.0421 - mae: 0.0421 - mse: 0.0033 - 176ms/epoch - 10ms/step
Epoch 350/800
17/17 - 0s - loss: 0.0407 - mae: 0.0407 - mse: 0.0030 - 176ms/epoch - 10ms/step
Epoch 351/800
17/17 - 0s - loss: 0.0398 - mae: 0.0398 - mse: 0.0028 - 176ms/epoch - 10ms/step
Epoch 352/800
17/17 - 0s - loss: 0.0478 - mae: 0.0478 - mse: 0.0040 - 176ms/epoch - 10ms/step
Epoch 353/800
17/17 - 0s - loss: 0.0456 - mae: 0.0456 - mse: 0.0037 - 176ms/epoch - 10ms/step
Epoch 354/800
17/17 - 0s - loss: 0.0424 - mae: 0.0424 - mse: 0.0033 - 176ms/epoch - 10ms/step
Epoch 355/800
17/17 - 0s - loss: 0.0405 - mae: 0.0405 - mse: 0.0030 - 177ms/epoch - 10ms/step
Epoch 356/800
17/17 - 0s - loss: 0.0425 - mae: 0.0425 - mse: 0.0033 - 176ms/epoch - 10ms/step
Epoch 357/800
17/17 - 0s - loss: 0.0425 - mae: 0.0425 - mse: 0.0031 - 176ms/epoch - 10ms/step
Epoch 358/800
17/17 - 0s - loss: 0.0519 - mae: 0.0519 - mse: 0.0047 - 176ms/epoch - 10ms/step
Epoch 359/800
17/17 - 0s - loss: 0.0448 - mae: 0.0448 - mse: 0.0036 - 176ms/epoch - 10ms/step
Epoch 360/800
17/17 - 0s - loss: 0.0464 - mae: 0.0464 - mse: 0.0037 - 176ms/epoch - 10ms/step
Epoch 361/800
17/17 - 0s - loss: 0.0379 - mae: 0.0379 - mse: 0.0027 - 176ms/epoch - 10ms/step
Epoch 362/800
17/17 - 0s - loss: 0.0402 - mae: 0.0402 - mse: 0.0030 - 177ms/epoch - 10ms/step
Epoch 363/800
17/17 - 0s - loss: 0.0411 - mae: 0.0411 - mse: 0.0030 - 176ms/epoch - 10ms/step
Epoch 364/800
17/17 - 0s - loss: 0.0449 - mae: 0.0449 - mse: 0.0035 - 176ms/epoch - 10ms/step
Epoch 365/800
17/17 - 0s - loss: 0.0378 - mae: 0.0378 - mse: 0.0026 - 176ms/epoch - 10ms/step
Epoch 366/800
17/17 - 0s - loss: 0.0411 - mae: 0.0411 - mse: 0.0029 - 176ms/epoch - 10ms/step
Epoch 367/800
17/17 - 0s - loss: 0.0425 - mae: 0.0425 - mse: 0.0032 - 176ms/epoch - 10ms/step
Epoch 368/800
17/17 - 0s - loss: 0.0440 - mae: 0.0440 - mse: 0.0035 - 176ms/epoch - 10ms/step
Epoch 369/800
17/17 - 0s - loss: 0.0416 - mae: 0.0416 - mse: 0.0030 - 176ms/epoch - 10ms/step
Epoch 370/800
17/17 - 0s - loss: 0.0426 - mae: 0.0426 - mse: 0.0032 - 176ms/epoch - 10ms/step
Epoch 371/800
17/17 - 0s - loss: 0.0456 - mae: 0.0456 - mse: 0.0036 - 176ms/epoch - 10ms/step
Epoch 372/800
17/17 - 0s - loss: 0.0366 - mae: 0.0366 - mse: 0.0024 - 176ms/epoch - 10ms/step
Epoch 373/800
17/17 - 0s - loss: 0.0390 - mae: 0.0390 - mse: 0.0028 - 176ms/epoch - 10ms/step
Epoch 374/800
17/17 - 0s - loss: 0.0406 - mae: 0.0406 - mse: 0.0030 - 176ms/epoch - 10ms/step
Epoch 375/800
17/17 - 0s - loss: 0.0406 - mae: 0.0406 - mse: 0.0031 - 176ms/epoch - 10ms/step
Epoch 376/800
17/17 - 0s - loss: 0.0368 - mae: 0.0368 - mse: 0.0024 - 176ms/epoch - 10ms/step
Epoch 377/800
17/17 - 0s - loss: 0.0381 - mae: 0.0381 - mse: 0.0026 - 176ms/epoch - 10ms/step
Epoch 378/800
17/17 - 0s - loss: 0.0467 - mae: 0.0467 - mse: 0.0037 - 176ms/epoch - 10ms/step
Epoch 379/800
17/17 - 0s - loss: 0.0461 - mae: 0.0461 - mse: 0.0040 - 176ms/epoch - 10ms/step
Epoch 380/800
17/17 - 0s - loss: 0.0414 - mae: 0.0414 - mse: 0.0031 - 176ms/epoch - 10ms/step
Epoch 381/800
17/17 - 0s - loss: 0.0417 - mae: 0.0417 - mse: 0.0031 - 176ms/epoch - 10ms/step
Epoch 382/800
17/17 - 0s - loss: 0.0362 - mae: 0.0362 - mse: 0.0024 - 176ms/epoch - 10ms/step
Epoch 383/800
17/17 - 0s - loss: 0.0373 - mae: 0.0373 - mse: 0.0025 - 178ms/epoch - 10ms/step
Epoch 384/800
17/17 - 0s - loss: 0.0403 - mae: 0.0403 - mse: 0.0027 - 177ms/epoch - 10ms/step
Epoch 385/800
17/17 - 0s - loss: 0.0405 - mae: 0.0405 - mse: 0.0030 - 176ms/epoch - 10ms/step
Epoch 386/800
17/17 - 0s - loss: 0.0416 - mae: 0.0416 - mse: 0.0029 - 176ms/epoch - 10ms/step
Epoch 387/800
17/17 - 0s - loss: 0.0348 - mae: 0.0348 - mse: 0.0023 - 176ms/epoch - 10ms/step
Epoch 388/800
17/17 - 0s - loss: 0.0365 - mae: 0.0365 - mse: 0.0024 - 176ms/epoch - 10ms/step
Epoch 389/800
17/17 - 0s - loss: 0.0402 - mae: 0.0402 - mse: 0.0028 - 176ms/epoch - 10ms/step
Epoch 390/800
17/17 - 0s - loss: 0.0352 - mae: 0.0352 - mse: 0.0023 - 176ms/epoch - 10ms/step
Epoch 391/800
17/17 - 0s - loss: 0.0358 - mae: 0.0358 - mse: 0.0023 - 176ms/epoch - 10ms/step
Epoch 392/800
17/17 - 0s - loss: 0.0329 - mae: 0.0329 - mse: 0.0020 - 176ms/epoch - 10ms/step
Epoch 393/800
17/17 - 0s - loss: 0.0325 - mae: 0.0325 - mse: 0.0019 - 176ms/epoch - 10ms/step
Epoch 394/800
17/17 - 0s - loss: 0.0365 - mae: 0.0365 - mse: 0.0025 - 176ms/epoch - 10ms/step
Epoch 395/800
17/17 - 0s - loss: 0.0332 - mae: 0.0332 - mse: 0.0021 - 176ms/epoch - 10ms/step
Epoch 396/800
17/17 - 0s - loss: 0.0321 - mae: 0.0321 - mse: 0.0018 - 176ms/epoch - 10ms/step
Epoch 397/800
17/17 - 0s - loss: 0.0340 - mae: 0.0340 - mse: 0.0022 - 176ms/epoch - 10ms/step
Epoch 398/800
17/17 - 0s - loss: 0.0339 - mae: 0.0339 - mse: 0.0021 - 176ms/epoch - 10ms/step
Epoch 399/800
17/17 - 0s - loss: 0.0382 - mae: 0.0382 - mse: 0.0027 - 176ms/epoch - 10ms/step
Epoch 400/800
17/17 - 0s - loss: 0.0379 - mae: 0.0379 - mse: 0.0025 - 176ms/epoch - 10ms/step
Epoch 401/800
17/17 - 0s - loss: 0.0366 - mae: 0.0366 - mse: 0.0023 - 176ms/epoch - 10ms/step
Epoch 402/800
17/17 - 0s - loss: 0.0316 - mae: 0.0316 - mse: 0.0018 - 176ms/epoch - 10ms/step
Epoch 403/800
17/17 - 0s - loss: 0.0323 - mae: 0.0323 - mse: 0.0019 - 176ms/epoch - 10ms/step
Epoch 404/800
17/17 - 0s - loss: 0.0335 - mae: 0.0335 - mse: 0.0021 - 176ms/epoch - 10ms/step
Epoch 405/800
17/17 - 0s - loss: 0.0340 - mae: 0.0340 - mse: 0.0021 - 176ms/epoch - 10ms/step
Epoch 406/800
17/17 - 0s - loss: 0.0313 - mae: 0.0313 - mse: 0.0018 - 176ms/epoch - 10ms/step
Epoch 407/800
17/17 - 0s - loss: 0.0367 - mae: 0.0367 - mse: 0.0022 - 176ms/epoch - 10ms/step
Epoch 408/800
17/17 - 0s - loss: 0.0332 - mae: 0.0332 - mse: 0.0020 - 176ms/epoch - 10ms/step
Epoch 409/800
17/17 - 0s - loss: 0.0329 - mae: 0.0329 - mse: 0.0020 - 176ms/epoch - 10ms/step
Epoch 410/800
17/17 - 0s - loss: 0.0344 - mae: 0.0344 - mse: 0.0022 - 177ms/epoch - 10ms/step
Epoch 411/800
17/17 - 0s - loss: 0.0359 - mae: 0.0359 - mse: 0.0025 - 177ms/epoch - 10ms/step
Epoch 412/800
17/17 - 0s - loss: 0.0342 - mae: 0.0342 - mse: 0.0020 - 176ms/epoch - 10ms/step
Epoch 413/800
17/17 - 0s - loss: 0.0319 - mae: 0.0319 - mse: 0.0019 - 176ms/epoch - 10ms/step
Epoch 414/800
17/17 - 0s - loss: 0.0327 - mae: 0.0327 - mse: 0.0020 - 176ms/epoch - 10ms/step
Epoch 415/800
17/17 - 0s - loss: 0.0306 - mae: 0.0306 - mse: 0.0018 - 176ms/epoch - 10ms/step
Epoch 416/800
17/17 - 0s - loss: 0.0343 - mae: 0.0343 - mse: 0.0021 - 176ms/epoch - 10ms/step
Epoch 417/800
17/17 - 0s - loss: 0.0324 - mae: 0.0324 - mse: 0.0019 - 176ms/epoch - 10ms/step
Epoch 418/800
17/17 - 0s - loss: 0.0347 - mae: 0.0347 - mse: 0.0021 - 176ms/epoch - 10ms/step
Epoch 419/800
17/17 - 0s - loss: 0.0325 - mae: 0.0325 - mse: 0.0020 - 176ms/epoch - 10ms/step
Epoch 420/800
17/17 - 0s - loss: 0.0315 - mae: 0.0315 - mse: 0.0018 - 176ms/epoch - 10ms/step
Epoch 421/800
17/17 - 0s - loss: 0.0301 - mae: 0.0301 - mse: 0.0017 - 176ms/epoch - 10ms/step
Epoch 422/800
17/17 - 0s - loss: 0.0276 - mae: 0.0276 - mse: 0.0014 - 176ms/epoch - 10ms/step
Epoch 423/800
17/17 - 0s - loss: 0.0327 - mae: 0.0327 - mse: 0.0021 - 176ms/epoch - 10ms/step
Epoch 424/800
17/17 - 0s - loss: 0.0325 - mae: 0.0325 - mse: 0.0020 - 176ms/epoch - 10ms/step
Epoch 425/800
17/17 - 0s - loss: 0.0312 - mae: 0.0312 - mse: 0.0017 - 176ms/epoch - 10ms/step
Epoch 426/800
17/17 - 0s - loss: 0.0311 - mae: 0.0311 - mse: 0.0018 - 176ms/epoch - 10ms/step
Epoch 427/800
17/17 - 0s - loss: 0.0333 - mae: 0.0333 - mse: 0.0019 - 176ms/epoch - 10ms/step
Epoch 428/800
17/17 - 0s - loss: 0.0424 - mae: 0.0424 - mse: 0.0030 - 176ms/epoch - 10ms/step
Epoch 429/800
17/17 - 0s - loss: 0.0325 - mae: 0.0325 - mse: 0.0019 - 176ms/epoch - 10ms/step
Epoch 430/800
17/17 - 0s - loss: 0.0354 - mae: 0.0354 - mse: 0.0023 - 176ms/epoch - 10ms/step
Epoch 431/800
17/17 - 0s - loss: 0.0344 - mae: 0.0344 - mse: 0.0021 - 176ms/epoch - 10ms/step
Epoch 432/800
17/17 - 0s - loss: 0.0306 - mae: 0.0306 - mse: 0.0017 - 176ms/epoch - 10ms/step
Epoch 433/800
17/17 - 0s - loss: 0.0353 - mae: 0.0353 - mse: 0.0022 - 176ms/epoch - 10ms/step
Epoch 434/800
17/17 - 0s - loss: 0.0315 - mae: 0.0315 - mse: 0.0018 - 176ms/epoch - 10ms/step
Epoch 435/800
17/17 - 0s - loss: 0.0322 - mae: 0.0322 - mse: 0.0019 - 176ms/epoch - 10ms/step
Epoch 436/800
17/17 - 0s - loss: 0.0313 - mae: 0.0313 - mse: 0.0018 - 176ms/epoch - 10ms/step
Epoch 437/800
17/17 - 0s - loss: 0.0285 - mae: 0.0285 - mse: 0.0015 - 176ms/epoch - 10ms/step
Epoch 438/800
17/17 - 0s - loss: 0.0324 - mae: 0.0324 - mse: 0.0018 - 177ms/epoch - 10ms/step
Epoch 439/800
17/17 - 0s - loss: 0.0336 - mae: 0.0336 - mse: 0.0019 - 176ms/epoch - 10ms/step
Epoch 440/800
17/17 - 0s - loss: 0.0307 - mae: 0.0307 - mse: 0.0017 - 176ms/epoch - 10ms/step
Epoch 441/800
17/17 - 0s - loss: 0.0308 - mae: 0.0308 - mse: 0.0017 - 176ms/epoch - 10ms/step
Epoch 442/800
17/17 - 0s - loss: 0.0303 - mae: 0.0303 - mse: 0.0017 - 176ms/epoch - 10ms/step
Epoch 443/800
17/17 - 0s - loss: 0.0298 - mae: 0.0298 - mse: 0.0016 - 176ms/epoch - 10ms/step
Epoch 444/800
17/17 - 0s - loss: 0.0322 - mae: 0.0322 - mse: 0.0019 - 176ms/epoch - 10ms/step
Epoch 445/800
17/17 - 0s - loss: 0.0362 - mae: 0.0362 - mse: 0.0024 - 176ms/epoch - 10ms/step
Epoch 446/800
17/17 - 0s - loss: 0.0326 - mae: 0.0326 - mse: 0.0020 - 176ms/epoch - 10ms/step
Epoch 447/800
17/17 - 0s - loss: 0.0326 - mae: 0.0326 - mse: 0.0020 - 176ms/epoch - 10ms/step
Epoch 448/800
17/17 - 0s - loss: 0.0283 - mae: 0.0283 - mse: 0.0015 - 176ms/epoch - 10ms/step
Epoch 449/800
17/17 - 0s - loss: 0.0296 - mae: 0.0296 - mse: 0.0015 - 176ms/epoch - 10ms/step
Epoch 450/800
17/17 - 0s - loss: 0.0310 - mae: 0.0310 - mse: 0.0017 - 176ms/epoch - 10ms/step
Epoch 451/800
17/17 - 0s - loss: 0.0327 - mae: 0.0327 - mse: 0.0019 - 176ms/epoch - 10ms/step
Epoch 452/800
17/17 - 0s - loss: 0.0289 - mae: 0.0289 - mse: 0.0016 - 176ms/epoch - 10ms/step
Epoch 453/800
17/17 - 0s - loss: 0.0276 - mae: 0.0276 - mse: 0.0014 - 176ms/epoch - 10ms/step
Epoch 454/800
17/17 - 0s - loss: 0.0280 - mae: 0.0280 - mse: 0.0015 - 176ms/epoch - 10ms/step
Epoch 455/800
17/17 - 0s - loss: 0.0308 - mae: 0.0308 - mse: 0.0017 - 176ms/epoch - 10ms/step
Epoch 456/800
17/17 - 0s - loss: 0.0328 - mae: 0.0328 - mse: 0.0020 - 176ms/epoch - 10ms/step
Epoch 457/800
17/17 - 0s - loss: 0.0313 - mae: 0.0313 - mse: 0.0017 - 176ms/epoch - 10ms/step
Epoch 458/800
17/17 - 0s - loss: 0.0323 - mae: 0.0323 - mse: 0.0019 - 176ms/epoch - 10ms/step
Epoch 459/800
17/17 - 0s - loss: 0.0285 - mae: 0.0285 - mse: 0.0015 - 176ms/epoch - 10ms/step
Epoch 460/800
17/17 - 0s - loss: 0.0282 - mae: 0.0282 - mse: 0.0015 - 176ms/epoch - 10ms/step
Epoch 461/800
17/17 - 0s - loss: 0.0283 - mae: 0.0283 - mse: 0.0014 - 176ms/epoch - 10ms/step
Epoch 462/800
17/17 - 0s - loss: 0.0285 - mae: 0.0285 - mse: 0.0015 - 176ms/epoch - 10ms/step
Epoch 463/800
17/17 - 0s - loss: 0.0320 - mae: 0.0320 - mse: 0.0021 - 176ms/epoch - 10ms/step
Epoch 464/800
17/17 - 0s - loss: 0.0319 - mae: 0.0319 - mse: 0.0019 - 176ms/epoch - 10ms/step
Epoch 465/800
17/17 - 0s - loss: 0.0301 - mae: 0.0301 - mse: 0.0017 - 177ms/epoch - 10ms/step
Epoch 466/800
17/17 - 0s - loss: 0.0260 - mae: 0.0260 - mse: 0.0013 - 177ms/epoch - 10ms/step
Epoch 467/800
17/17 - 0s - loss: 0.0277 - mae: 0.0277 - mse: 0.0014 - 176ms/epoch - 10ms/step
Epoch 468/800
17/17 - 0s - loss: 0.0284 - mae: 0.0284 - mse: 0.0014 - 176ms/epoch - 10ms/step
Epoch 469/800
17/17 - 0s - loss: 0.0273 - mae: 0.0273 - mse: 0.0014 - 176ms/epoch - 10ms/step
Epoch 470/800
17/17 - 0s - loss: 0.0261 - mae: 0.0261 - mse: 0.0014 - 176ms/epoch - 10ms/step
Epoch 471/800
17/17 - 0s - loss: 0.0253 - mae: 0.0253 - mse: 0.0012 - 176ms/epoch - 10ms/step
Epoch 472/800
17/17 - 0s - loss: 0.0257 - mae: 0.0257 - mse: 0.0013 - 176ms/epoch - 10ms/step
Epoch 473/800
17/17 - 0s - loss: 0.0280 - mae: 0.0280 - mse: 0.0014 - 176ms/epoch - 10ms/step
Epoch 474/800
17/17 - 0s - loss: 0.0292 - mae: 0.0292 - mse: 0.0016 - 176ms/epoch - 10ms/step
Epoch 475/800
17/17 - 0s - loss: 0.0257 - mae: 0.0257 - mse: 0.0012 - 176ms/epoch - 10ms/step
Epoch 476/800
17/17 - 0s - loss: 0.0234 - mae: 0.0234 - mse: 0.0011 - 176ms/epoch - 10ms/step
Epoch 477/800
17/17 - 0s - loss: 0.0241 - mae: 0.0241 - mse: 0.0011 - 176ms/epoch - 10ms/step
Epoch 478/800
17/17 - 0s - loss: 0.0300 - mae: 0.0300 - mse: 0.0016 - 179ms/epoch - 11ms/step
Epoch 479/800
17/17 - 0s - loss: 0.0270 - mae: 0.0270 - mse: 0.0014 - 177ms/epoch - 10ms/step
Epoch 480/800
17/17 - 0s - loss: 0.0267 - mae: 0.0267 - mse: 0.0014 - 176ms/epoch - 10ms/step
Epoch 481/800
17/17 - 0s - loss: 0.0252 - mae: 0.0252 - mse: 0.0013 - 176ms/epoch - 10ms/step
Epoch 482/800
17/17 - 0s - loss: 0.0288 - mae: 0.0288 - mse: 0.0015 - 176ms/epoch - 10ms/step
Epoch 483/800
17/17 - 0s - loss: 0.0340 - mae: 0.0340 - mse: 0.0020 - 176ms/epoch - 10ms/step
Epoch 484/800
17/17 - 0s - loss: 0.0305 - mae: 0.0305 - mse: 0.0017 - 176ms/epoch - 10ms/step
Epoch 485/800
17/17 - 0s - loss: 0.0303 - mae: 0.0303 - mse: 0.0017 - 176ms/epoch - 10ms/step
Epoch 486/800
17/17 - 0s - loss: 0.0264 - mae: 0.0264 - mse: 0.0014 - 176ms/epoch - 10ms/step
Epoch 487/800
17/17 - 0s - loss: 0.0249 - mae: 0.0249 - mse: 0.0011 - 176ms/epoch - 10ms/step
Epoch 488/800
17/17 - 0s - loss: 0.0237 - mae: 0.0237 - mse: 0.0010 - 176ms/epoch - 10ms/step
Epoch 489/800
17/17 - 0s - loss: 0.0228 - mae: 0.0228 - mse: 0.0011 - 176ms/epoch - 10ms/step
Epoch 490/800
17/17 - 0s - loss: 0.0227 - mae: 0.0227 - mse: 0.0011 - 176ms/epoch - 10ms/step
Epoch 491/800
17/17 - 0s - loss: 0.0225 - mae: 0.0225 - mse: 9.7932e-04 - 176ms/epoch - 10ms/step
Epoch 492/800
17/17 - 0s - loss: 0.0226 - mae: 0.0226 - mse: 0.0010 - 176ms/epoch - 10ms/step
Epoch 493/800
17/17 - 0s - loss: 0.0253 - mae: 0.0253 - mse: 0.0012 - 178ms/epoch - 10ms/step
Epoch 494/800
17/17 - 0s - loss: 0.0263 - mae: 0.0263 - mse: 0.0013 - 176ms/epoch - 10ms/step
Epoch 495/800
17/17 - 0s - loss: 0.0251 - mae: 0.0251 - mse: 0.0012 - 176ms/epoch - 10ms/step
Epoch 496/800
17/17 - 0s - loss: 0.0241 - mae: 0.0241 - mse: 0.0012 - 176ms/epoch - 10ms/step
Epoch 497/800
17/17 - 0s - loss: 0.0235 - mae: 0.0235 - mse: 0.0011 - 176ms/epoch - 10ms/step
Epoch 498/800
17/17 - 0s - loss: 0.0234 - mae: 0.0234 - mse: 0.0011 - 176ms/epoch - 10ms/step
Epoch 499/800
17/17 - 0s - loss: 0.0285 - mae: 0.0285 - mse: 0.0015 - 176ms/epoch - 10ms/step
Epoch 500/800
17/17 - 0s - loss: 0.0288 - mae: 0.0288 - mse: 0.0015 - 176ms/epoch - 10ms/step
Epoch 501/800
17/17 - 0s - loss: 0.0265 - mae: 0.0265 - mse: 0.0014 - 176ms/epoch - 10ms/step
Epoch 502/800
17/17 - 0s - loss: 0.0243 - mae: 0.0243 - mse: 0.0011 - 176ms/epoch - 10ms/step
Epoch 503/800
17/17 - 0s - loss: 0.0254 - mae: 0.0254 - mse: 0.0013 - 176ms/epoch - 10ms/step
Epoch 504/800
17/17 - 0s - loss: 0.0253 - mae: 0.0253 - mse: 0.0013 - 176ms/epoch - 10ms/step
Epoch 505/800
17/17 - 0s - loss: 0.0263 - mae: 0.0263 - mse: 0.0012 - 176ms/epoch - 10ms/step
Epoch 506/800
17/17 - 0s - loss: 0.0221 - mae: 0.0221 - mse: 0.0010 - 176ms/epoch - 10ms/step
Epoch 507/800
17/17 - 0s - loss: 0.0252 - mae: 0.0252 - mse: 0.0012 - 176ms/epoch - 10ms/step
Epoch 508/800
17/17 - 0s - loss: 0.0248 - mae: 0.0248 - mse: 0.0012 - 176ms/epoch - 10ms/step
Epoch 509/800
17/17 - 0s - loss: 0.0242 - mae: 0.0242 - mse: 0.0011 - 176ms/epoch - 10ms/step
Epoch 510/800
17/17 - 0s - loss: 0.0258 - mae: 0.0258 - mse: 0.0012 - 176ms/epoch - 10ms/step
Epoch 511/800
17/17 - 0s - loss: 0.0246 - mae: 0.0246 - mse: 0.0011 - 176ms/epoch - 10ms/step
Epoch 512/800
17/17 - 0s - loss: 0.0225 - mae: 0.0225 - mse: 9.6749e-04 - 176ms/epoch - 10ms/step
Epoch 513/800
17/17 - 0s - loss: 0.0280 - mae: 0.0280 - mse: 0.0015 - 176ms/epoch - 10ms/step
Epoch 514/800
17/17 - 0s - loss: 0.0288 - mae: 0.0288 - mse: 0.0016 - 176ms/epoch - 10ms/step
Epoch 515/800
17/17 - 0s - loss: 0.0246 - mae: 0.0246 - mse: 0.0011 - 176ms/epoch - 10ms/step
Epoch 516/800
17/17 - 0s - loss: 0.0217 - mae: 0.0217 - mse: 9.6650e-04 - 176ms/epoch - 10ms/step
Epoch 517/800
17/17 - 0s - loss: 0.0219 - mae: 0.0219 - mse: 0.0010 - 177ms/epoch - 10ms/step
Epoch 518/800
17/17 - 0s - loss: 0.0249 - mae: 0.0249 - mse: 0.0011 - 176ms/epoch - 10ms/step
Epoch 519/800
17/17 - 0s - loss: 0.0250 - mae: 0.0250 - mse: 0.0012 - 176ms/epoch - 10ms/step
Epoch 520/800
17/17 - 0s - loss: 0.0232 - mae: 0.0232 - mse: 0.0011 - 176ms/epoch - 10ms/step
Epoch 521/800
17/17 - 0s - loss: 0.0250 - mae: 0.0250 - mse: 0.0011 - 176ms/epoch - 10ms/step
Epoch 522/800
17/17 - 0s - loss: 0.0243 - mae: 0.0243 - mse: 0.0011 - 176ms/epoch - 10ms/step
Epoch 523/800
17/17 - 0s - loss: 0.0248 - mae: 0.0248 - mse: 0.0012 - 176ms/epoch - 10ms/step
Epoch 524/800
17/17 - 0s - loss: 0.0257 - mae: 0.0257 - mse: 0.0012 - 176ms/epoch - 10ms/step
Epoch 525/800
17/17 - 0s - loss: 0.0287 - mae: 0.0287 - mse: 0.0015 - 176ms/epoch - 10ms/step
Epoch 526/800
17/17 - 0s - loss: 0.0247 - mae: 0.0247 - mse: 0.0012 - 176ms/epoch - 10ms/step
Epoch 527/800
17/17 - 0s - loss: 0.0232 - mae: 0.0232 - mse: 0.0011 - 176ms/epoch - 10ms/step
Epoch 528/800
17/17 - 0s - loss: 0.0243 - mae: 0.0243 - mse: 0.0011 - 176ms/epoch - 10ms/step
Epoch 529/800
17/17 - 0s - loss: 0.0239 - mae: 0.0239 - mse: 0.0011 - 176ms/epoch - 10ms/step
Epoch 530/800
17/17 - 0s - loss: 0.0233 - mae: 0.0233 - mse: 0.0010 - 176ms/epoch - 10ms/step
Epoch 531/800
17/17 - 0s - loss: 0.0228 - mae: 0.0228 - mse: 9.8514e-04 - 176ms/epoch - 10ms/step
Epoch 532/800
17/17 - 0s - loss: 0.0245 - mae: 0.0245 - mse: 0.0011 - 176ms/epoch - 10ms/step
Epoch 533/800
17/17 - 0s - loss: 0.0257 - mae: 0.0257 - mse: 0.0013 - 176ms/epoch - 10ms/step
Epoch 534/800
17/17 - 0s - loss: 0.0270 - mae: 0.0270 - mse: 0.0014 - 176ms/epoch - 10ms/step
Epoch 535/800
17/17 - 0s - loss: 0.0204 - mae: 0.0204 - mse: 8.9759e-04 - 176ms/epoch - 10ms/step
Epoch 536/800
17/17 - 0s - loss: 0.0228 - mae: 0.0228 - mse: 0.0010 - 176ms/epoch - 10ms/step
Epoch 537/800
17/17 - 0s - loss: 0.0281 - mae: 0.0281 - mse: 0.0014 - 176ms/epoch - 10ms/step
Epoch 538/800
17/17 - 0s - loss: 0.0229 - mae: 0.0229 - mse: 0.0010 - 176ms/epoch - 10ms/step
Epoch 539/800
17/17 - 0s - loss: 0.0232 - mae: 0.0232 - mse: 0.0011 - 176ms/epoch - 10ms/step
Epoch 540/800
17/17 - 0s - loss: 0.0207 - mae: 0.0207 - mse: 8.5091e-04 - 176ms/epoch - 10ms/step
Epoch 541/800
17/17 - 0s - loss: 0.0200 - mae: 0.0200 - mse: 8.4125e-04 - 176ms/epoch - 10ms/step
Epoch 542/800
17/17 - 0s - loss: 0.0225 - mae: 0.0225 - mse: 0.0010 - 176ms/epoch - 10ms/step
Epoch 543/800
17/17 - 0s - loss: 0.0236 - mae: 0.0236 - mse: 0.0010 - 176ms/epoch - 10ms/step
Epoch 544/800
17/17 - 0s - loss: 0.0218 - mae: 0.0218 - mse: 9.6246e-04 - 176ms/epoch - 10ms/step
Epoch 545/800
17/17 - 0s - loss: 0.0206 - mae: 0.0206 - mse: 8.9097e-04 - 176ms/epoch - 10ms/step
Epoch 546/800
17/17 - 0s - loss: 0.0208 - mae: 0.0208 - mse: 9.3092e-04 - 176ms/epoch - 10ms/step
Epoch 547/800
17/17 - 0s - loss: 0.0212 - mae: 0.0212 - mse: 8.8793e-04 - 176ms/epoch - 10ms/step
Epoch 548/800
17/17 - 0s - loss: 0.0220 - mae: 0.0220 - mse: 9.7580e-04 - 177ms/epoch - 10ms/step
Epoch 549/800
17/17 - 0s - loss: 0.0201 - mae: 0.0201 - mse: 8.5560e-04 - 177ms/epoch - 10ms/step
Epoch 550/800
17/17 - 0s - loss: 0.0223 - mae: 0.0223 - mse: 0.0010 - 176ms/epoch - 10ms/step
Epoch 551/800
17/17 - 0s - loss: 0.0228 - mae: 0.0228 - mse: 0.0011 - 176ms/epoch - 10ms/step
Epoch 552/800
17/17 - 0s - loss: 0.0213 - mae: 0.0213 - mse: 9.3925e-04 - 176ms/epoch - 10ms/step
Epoch 553/800
17/17 - 0s - loss: 0.0207 - mae: 0.0207 - mse: 8.7611e-04 - 176ms/epoch - 10ms/step
Epoch 554/800
17/17 - 0s - loss: 0.0212 - mae: 0.0212 - mse: 8.7999e-04 - 176ms/epoch - 10ms/step
Epoch 555/800
17/17 - 0s - loss: 0.0206 - mae: 0.0206 - mse: 8.7227e-04 - 176ms/epoch - 10ms/step
Epoch 556/800
17/17 - 0s - loss: 0.0192 - mae: 0.0192 - mse: 7.8671e-04 - 177ms/epoch - 10ms/step
Epoch 557/800
17/17 - 0s - loss: 0.0218 - mae: 0.0218 - mse: 9.0318e-04 - 176ms/epoch - 10ms/step
Epoch 558/800
17/17 - 0s - loss: 0.0209 - mae: 0.0209 - mse: 9.1458e-04 - 176ms/epoch - 10ms/step
Epoch 559/800
17/17 - 0s - loss: 0.0199 - mae: 0.0199 - mse: 8.1481e-04 - 176ms/epoch - 10ms/step
Epoch 560/800
17/17 - 0s - loss: 0.0206 - mae: 0.0206 - mse: 8.6786e-04 - 176ms/epoch - 10ms/step
Epoch 561/800
17/17 - 0s - loss: 0.0205 - mae: 0.0205 - mse: 8.2986e-04 - 176ms/epoch - 10ms/step
Epoch 562/800
17/17 - 0s - loss: 0.0182 - mae: 0.0182 - mse: 7.3102e-04 - 176ms/epoch - 10ms/step
Epoch 563/800
17/17 - 0s - loss: 0.0189 - mae: 0.0189 - mse: 7.9104e-04 - 176ms/epoch - 10ms/step
Epoch 564/800
17/17 - 0s - loss: 0.0203 - mae: 0.0203 - mse: 8.6103e-04 - 176ms/epoch - 10ms/step
Epoch 565/800
17/17 - 0s - loss: 0.0197 - mae: 0.0197 - mse: 8.0959e-04 - 176ms/epoch - 10ms/step
Epoch 566/800
17/17 - 0s - loss: 0.0176 - mae: 0.0176 - mse: 6.8247e-04 - 176ms/epoch - 10ms/step
Epoch 567/800
17/17 - 0s - loss: 0.0196 - mae: 0.0196 - mse: 8.4913e-04 - 176ms/epoch - 10ms/step
Epoch 568/800
17/17 - 0s - loss: 0.0224 - mae: 0.0224 - mse: 9.9318e-04 - 176ms/epoch - 10ms/step
Epoch 569/800
17/17 - 0s - loss: 0.0219 - mae: 0.0219 - mse: 9.3943e-04 - 176ms/epoch - 10ms/step
Epoch 570/800
17/17 - 0s - loss: 0.0250 - mae: 0.0250 - mse: 0.0012 - 176ms/epoch - 10ms/step
Epoch 571/800
17/17 - 0s - loss: 0.0223 - mae: 0.0223 - mse: 9.8147e-04 - 176ms/epoch - 10ms/step
Epoch 572/800
17/17 - 0s - loss: 0.0222 - mae: 0.0222 - mse: 9.8625e-04 - 176ms/epoch - 10ms/step
Epoch 573/800
17/17 - 0s - loss: 0.0218 - mae: 0.0218 - mse: 9.0652e-04 - 176ms/epoch - 10ms/step
Epoch 574/800
17/17 - 0s - loss: 0.0182 - mae: 0.0182 - mse: 7.3581e-04 - 176ms/epoch - 10ms/step
Epoch 575/800
17/17 - 0s - loss: 0.0174 - mae: 0.0174 - mse: 7.2558e-04 - 176ms/epoch - 10ms/step
Epoch 576/800
17/17 - 0s - loss: 0.0161 - mae: 0.0161 - mse: 6.2311e-04 - 177ms/epoch - 10ms/step
Epoch 577/800
17/17 - 0s - loss: 0.0183 - mae: 0.0183 - mse: 7.3635e-04 - 176ms/epoch - 10ms/step
Epoch 578/800
17/17 - 0s - loss: 0.0157 - mae: 0.0157 - mse: 5.8470e-04 - 176ms/epoch - 10ms/step
Epoch 579/800
17/17 - 0s - loss: 0.0182 - mae: 0.0182 - mse: 6.9759e-04 - 176ms/epoch - 10ms/step
Epoch 580/800
17/17 - 0s - loss: 0.0255 - mae: 0.0255 - mse: 0.0011 - 176ms/epoch - 10ms/step
Epoch 581/800
17/17 - 0s - loss: 0.0197 - mae: 0.0197 - mse: 8.4387e-04 - 176ms/epoch - 10ms/step
Epoch 582/800
17/17 - 0s - loss: 0.0188 - mae: 0.0188 - mse: 7.4601e-04 - 176ms/epoch - 10ms/step
Epoch 583/800
17/17 - 0s - loss: 0.0172 - mae: 0.0172 - mse: 6.5127e-04 - 176ms/epoch - 10ms/step
Epoch 584/800
17/17 - 0s - loss: 0.0170 - mae: 0.0170 - mse: 6.2204e-04 - 176ms/epoch - 10ms/step
Epoch 585/800
17/17 - 0s - loss: 0.0155 - mae: 0.0155 - mse: 5.9512e-04 - 176ms/epoch - 10ms/step
Epoch 586/800
17/17 - 0s - loss: 0.0157 - mae: 0.0157 - mse: 5.4880e-04 - 176ms/epoch - 10ms/step
Epoch 587/800
17/17 - 0s - loss: 0.0157 - mae: 0.0157 - mse: 5.8471e-04 - 176ms/epoch - 10ms/step
Epoch 588/800
17/17 - 0s - loss: 0.0171 - mae: 0.0171 - mse: 6.2303e-04 - 176ms/epoch - 10ms/step
Epoch 589/800
17/17 - 0s - loss: 0.0155 - mae: 0.0155 - mse: 5.6915e-04 - 176ms/epoch - 10ms/step
Epoch 590/800
17/17 - 0s - loss: 0.0159 - mae: 0.0159 - mse: 6.1048e-04 - 176ms/epoch - 10ms/step
Epoch 591/800
17/17 - 0s - loss: 0.0175 - mae: 0.0175 - mse: 7.0477e-04 - 176ms/epoch - 10ms/step
Epoch 592/800
17/17 - 0s - loss: 0.0161 - mae: 0.0161 - mse: 5.9283e-04 - 176ms/epoch - 10ms/step
Epoch 593/800
17/17 - 0s - loss: 0.0167 - mae: 0.0167 - mse: 6.0754e-04 - 176ms/epoch - 10ms/step
Epoch 594/800
17/17 - 0s - loss: 0.0241 - mae: 0.0241 - mse: 0.0011 - 176ms/epoch - 10ms/step
Epoch 595/800
17/17 - 0s - loss: 0.0198 - mae: 0.0198 - mse: 8.0247e-04 - 176ms/epoch - 10ms/step
Epoch 596/800
17/17 - 0s - loss: 0.0168 - mae: 0.0168 - mse: 6.6760e-04 - 176ms/epoch - 10ms/step
Epoch 597/800
17/17 - 0s - loss: 0.0167 - mae: 0.0167 - mse: 6.1410e-04 - 176ms/epoch - 10ms/step
Epoch 598/800
17/17 - 0s - loss: 0.0174 - mae: 0.0174 - mse: 6.4080e-04 - 176ms/epoch - 10ms/step
Epoch 599/800
17/17 - 0s - loss: 0.0163 - mae: 0.0163 - mse: 6.0116e-04 - 176ms/epoch - 10ms/step
Epoch 600/800
17/17 - 0s - loss: 0.0163 - mae: 0.0163 - mse: 6.1281e-04 - 176ms/epoch - 10ms/step
Epoch 601/800
17/17 - 0s - loss: 0.0156 - mae: 0.0156 - mse: 5.6789e-04 - 176ms/epoch - 10ms/step
Epoch 602/800
17/17 - 0s - loss: 0.0153 - mae: 0.0153 - mse: 5.7331e-04 - 176ms/epoch - 10ms/step
Epoch 603/800
17/17 - 0s - loss: 0.0153 - mae: 0.0153 - mse: 5.3653e-04 - 177ms/epoch - 10ms/step
Epoch 604/800
17/17 - 0s - loss: 0.0158 - mae: 0.0158 - mse: 5.9668e-04 - 176ms/epoch - 10ms/step
Epoch 605/800
17/17 - 0s - loss: 0.0166 - mae: 0.0166 - mse: 6.4104e-04 - 176ms/epoch - 10ms/step
Epoch 606/800
17/17 - 0s - loss: 0.0175 - mae: 0.0175 - mse: 6.6227e-04 - 176ms/epoch - 10ms/step
Epoch 607/800
17/17 - 0s - loss: 0.0152 - mae: 0.0152 - mse: 5.6457e-04 - 176ms/epoch - 10ms/step
Epoch 608/800
17/17 - 0s - loss: 0.0163 - mae: 0.0163 - mse: 6.2223e-04 - 176ms/epoch - 10ms/step
Epoch 609/800
17/17 - 0s - loss: 0.0159 - mae: 0.0159 - mse: 5.8235e-04 - 176ms/epoch - 10ms/step
Epoch 610/800
17/17 - 0s - loss: 0.0159 - mae: 0.0159 - mse: 6.0587e-04 - 176ms/epoch - 10ms/step
Epoch 611/800
17/17 - 0s - loss: 0.0146 - mae: 0.0146 - mse: 5.4827e-04 - 176ms/epoch - 10ms/step
Epoch 612/800
17/17 - 0s - loss: 0.0142 - mae: 0.0142 - mse: 5.1166e-04 - 176ms/epoch - 10ms/step
Epoch 613/800
17/17 - 0s - loss: 0.0152 - mae: 0.0152 - mse: 5.6873e-04 - 176ms/epoch - 10ms/step
Epoch 614/800
17/17 - 0s - loss: 0.0168 - mae: 0.0168 - mse: 6.7118e-04 - 176ms/epoch - 10ms/step
Epoch 615/800
17/17 - 0s - loss: 0.0156 - mae: 0.0156 - mse: 5.8692e-04 - 176ms/epoch - 10ms/step
Epoch 616/800
17/17 - 0s - loss: 0.0162 - mae: 0.0162 - mse: 6.2037e-04 - 176ms/epoch - 10ms/step
Epoch 617/800
17/17 - 0s - loss: 0.0190 - mae: 0.0190 - mse: 7.5397e-04 - 176ms/epoch - 10ms/step
Epoch 618/800
17/17 - 0s - loss: 0.0173 - mae: 0.0173 - mse: 6.8939e-04 - 176ms/epoch - 10ms/step
Epoch 619/800
17/17 - 0s - loss: 0.0163 - mae: 0.0163 - mse: 6.0910e-04 - 176ms/epoch - 10ms/step
Epoch 620/800
17/17 - 0s - loss: 0.0140 - mae: 0.0140 - mse: 5.1383e-04 - 176ms/epoch - 10ms/step
Epoch 621/800
17/17 - 0s - loss: 0.0139 - mae: 0.0139 - mse: 4.9320e-04 - 176ms/epoch - 10ms/step
Epoch 622/800
17/17 - 0s - loss: 0.0132 - mae: 0.0132 - mse: 4.7862e-04 - 176ms/epoch - 10ms/step
Epoch 623/800
17/17 - 0s - loss: 0.0144 - mae: 0.0144 - mse: 5.3753e-04 - 176ms/epoch - 10ms/step
Epoch 624/800
17/17 - 0s - loss: 0.0145 - mae: 0.0145 - mse: 5.0552e-04 - 176ms/epoch - 10ms/step
Epoch 625/800
17/17 - 0s - loss: 0.0150 - mae: 0.0150 - mse: 5.7789e-04 - 176ms/epoch - 10ms/step
Epoch 626/800
17/17 - 0s - loss: 0.0138 - mae: 0.0138 - mse: 5.0118e-04 - 176ms/epoch - 10ms/step
Epoch 627/800
17/17 - 0s - loss: 0.0149 - mae: 0.0149 - mse: 5.4667e-04 - 176ms/epoch - 10ms/step
Epoch 628/800
17/17 - 0s - loss: 0.0139 - mae: 0.0139 - mse: 5.1619e-04 - 176ms/epoch - 10ms/step
Epoch 629/800
17/17 - 0s - loss: 0.0157 - mae: 0.0157 - mse: 5.8917e-04 - 176ms/epoch - 10ms/step
Epoch 630/800
17/17 - 0s - loss: 0.0157 - mae: 0.0157 - mse: 5.7390e-04 - 176ms/epoch - 10ms/step
Epoch 631/800
17/17 - 0s - loss: 0.0151 - mae: 0.0151 - mse: 5.5918e-04 - 177ms/epoch - 10ms/step
Epoch 632/800
17/17 - 0s - loss: 0.0138 - mae: 0.0138 - mse: 4.9193e-04 - 176ms/epoch - 10ms/step
Epoch 633/800
17/17 - 0s - loss: 0.0140 - mae: 0.0140 - mse: 5.0057e-04 - 176ms/epoch - 10ms/step
Epoch 634/800
17/17 - 0s - loss: 0.0155 - mae: 0.0155 - mse: 5.7972e-04 - 176ms/epoch - 10ms/step
Epoch 635/800
17/17 - 0s - loss: 0.0141 - mae: 0.0141 - mse: 5.3032e-04 - 176ms/epoch - 10ms/step
Epoch 636/800
17/17 - 0s - loss: 0.0144 - mae: 0.0144 - mse: 4.9705e-04 - 176ms/epoch - 10ms/step
Epoch 637/800
17/17 - 0s - loss: 0.0129 - mae: 0.0129 - mse: 4.5353e-04 - 176ms/epoch - 10ms/step
Epoch 638/800
17/17 - 0s - loss: 0.0137 - mae: 0.0137 - mse: 4.8076e-04 - 176ms/epoch - 10ms/step
Epoch 639/800
17/17 - 0s - loss: 0.0145 - mae: 0.0145 - mse: 5.2495e-04 - 176ms/epoch - 10ms/step
Epoch 640/800
17/17 - 0s - loss: 0.0151 - mae: 0.0151 - mse: 5.5633e-04 - 176ms/epoch - 10ms/step
Epoch 641/800
17/17 - 0s - loss: 0.0119 - mae: 0.0119 - mse: 4.1394e-04 - 176ms/epoch - 10ms/step
Epoch 642/800
17/17 - 0s - loss: 0.0121 - mae: 0.0121 - mse: 4.1983e-04 - 176ms/epoch - 10ms/step
Epoch 643/800
17/17 - 0s - loss: 0.0131 - mae: 0.0131 - mse: 4.6772e-04 - 176ms/epoch - 10ms/step
Epoch 644/800
17/17 - 0s - loss: 0.0143 - mae: 0.0143 - mse: 5.0261e-04 - 176ms/epoch - 10ms/step
Epoch 645/800
17/17 - 0s - loss: 0.0134 - mae: 0.0134 - mse: 5.0044e-04 - 176ms/epoch - 10ms/step
Epoch 646/800
17/17 - 0s - loss: 0.0132 - mae: 0.0132 - mse: 4.9697e-04 - 176ms/epoch - 10ms/step
Epoch 647/800
17/17 - 0s - loss: 0.0117 - mae: 0.0117 - mse: 4.1674e-04 - 176ms/epoch - 10ms/step
Epoch 648/800
17/17 - 0s - loss: 0.0115 - mae: 0.0115 - mse: 4.1381e-04 - 176ms/epoch - 10ms/step
Epoch 649/800
17/17 - 0s - loss: 0.0118 - mae: 0.0118 - mse: 4.1309e-04 - 176ms/epoch - 10ms/step
Epoch 650/800
17/17 - 0s - loss: 0.0112 - mae: 0.0112 - mse: 3.8449e-04 - 176ms/epoch - 10ms/step
Epoch 651/800
17/17 - 0s - loss: 0.0121 - mae: 0.0121 - mse: 4.2166e-04 - 176ms/epoch - 10ms/step
Epoch 652/800
17/17 - 0s - loss: 0.0118 - mae: 0.0118 - mse: 4.2115e-04 - 176ms/epoch - 10ms/step
Epoch 653/800
17/17 - 0s - loss: 0.0126 - mae: 0.0126 - mse: 4.3837e-04 - 176ms/epoch - 10ms/step
Epoch 654/800
17/17 - 0s - loss: 0.0114 - mae: 0.0114 - mse: 4.0222e-04 - 176ms/epoch - 10ms/step
Epoch 655/800
17/17 - 0s - loss: 0.0119 - mae: 0.0119 - mse: 4.2241e-04 - 176ms/epoch - 10ms/step
Epoch 656/800
17/17 - 0s - loss: 0.0112 - mae: 0.0112 - mse: 3.9894e-04 - 176ms/epoch - 10ms/step
Epoch 657/800
17/17 - 0s - loss: 0.0124 - mae: 0.0124 - mse: 4.1443e-04 - 176ms/epoch - 10ms/step
Epoch 658/800
17/17 - 0s - loss: 0.0111 - mae: 0.0111 - mse: 3.8223e-04 - 177ms/epoch - 10ms/step
Epoch 659/800
17/17 - 0s - loss: 0.0118 - mae: 0.0118 - mse: 4.4044e-04 - 177ms/epoch - 10ms/step
Epoch 660/800
17/17 - 0s - loss: 0.0122 - mae: 0.0122 - mse: 4.1949e-04 - 176ms/epoch - 10ms/step
Epoch 661/800
17/17 - 0s - loss: 0.0117 - mae: 0.0117 - mse: 4.0997e-04 - 176ms/epoch - 10ms/step
Epoch 662/800
17/17 - 0s - loss: 0.0113 - mae: 0.0113 - mse: 4.2373e-04 - 176ms/epoch - 10ms/step
Epoch 663/800
17/17 - 0s - loss: 0.0111 - mae: 0.0111 - mse: 3.9216e-04 - 176ms/epoch - 10ms/step
Epoch 664/800
17/17 - 0s - loss: 0.0118 - mae: 0.0118 - mse: 4.2746e-04 - 176ms/epoch - 10ms/step
Epoch 665/800
17/17 - 0s - loss: 0.0120 - mae: 0.0120 - mse: 4.1298e-04 - 176ms/epoch - 10ms/step
Epoch 666/800
17/17 - 0s - loss: 0.0102 - mae: 0.0102 - mse: 3.5868e-04 - 176ms/epoch - 10ms/step
Epoch 667/800
17/17 - 0s - loss: 0.0108 - mae: 0.0108 - mse: 3.7842e-04 - 176ms/epoch - 10ms/step
Epoch 668/800
17/17 - 0s - loss: 0.0114 - mae: 0.0114 - mse: 3.9527e-04 - 176ms/epoch - 10ms/step
Epoch 669/800
17/17 - 0s - loss: 0.0108 - mae: 0.0108 - mse: 3.7826e-04 - 176ms/epoch - 10ms/step
Epoch 670/800
17/17 - 0s - loss: 0.0113 - mae: 0.0113 - mse: 4.0334e-04 - 176ms/epoch - 10ms/step
Epoch 671/800
17/17 - 0s - loss: 0.0106 - mae: 0.0106 - mse: 3.8788e-04 - 176ms/epoch - 10ms/step
Epoch 672/800
17/17 - 0s - loss: 0.0109 - mae: 0.0109 - mse: 3.8011e-04 - 176ms/epoch - 10ms/step
Epoch 673/800
17/17 - 0s - loss: 0.0112 - mae: 0.0112 - mse: 3.8931e-04 - 176ms/epoch - 10ms/step
Epoch 674/800
17/17 - 0s - loss: 0.0104 - mae: 0.0104 - mse: 3.5768e-04 - 176ms/epoch - 10ms/step
Epoch 675/800
17/17 - 0s - loss: 0.0104 - mae: 0.0104 - mse: 3.7283e-04 - 176ms/epoch - 10ms/step
Epoch 676/800
17/17 - 0s - loss: 0.0109 - mae: 0.0109 - mse: 3.7551e-04 - 176ms/epoch - 10ms/step
Epoch 677/800
17/17 - 0s - loss: 0.0099 - mae: 0.0099 - mse: 3.5925e-04 - 176ms/epoch - 10ms/step
Epoch 678/800
17/17 - 0s - loss: 0.0103 - mae: 0.0103 - mse: 3.6131e-04 - 176ms/epoch - 10ms/step
Epoch 679/800
17/17 - 0s - loss: 0.0095 - mae: 0.0095 - mse: 3.4410e-04 - 176ms/epoch - 10ms/step
Epoch 680/800
17/17 - 0s - loss: 0.0094 - mae: 0.0094 - mse: 3.3667e-04 - 176ms/epoch - 10ms/step
Epoch 681/800
17/17 - 0s - loss: 0.0108 - mae: 0.0108 - mse: 3.8699e-04 - 176ms/epoch - 10ms/step
Epoch 682/800
17/17 - 0s - loss: 0.0104 - mae: 0.0104 - mse: 3.5859e-04 - 177ms/epoch - 10ms/step
Epoch 683/800
17/17 - 0s - loss: 0.0093 - mae: 0.0093 - mse: 3.4559e-04 - 176ms/epoch - 10ms/step
Epoch 684/800
17/17 - 0s - loss: 0.0096 - mae: 0.0096 - mse: 3.5659e-04 - 176ms/epoch - 10ms/step
Epoch 685/800
17/17 - 0s - loss: 0.0101 - mae: 0.0101 - mse: 3.5631e-04 - 176ms/epoch - 10ms/step
Epoch 686/800
17/17 - 0s - loss: 0.0102 - mae: 0.0102 - mse: 3.6402e-04 - 177ms/epoch - 10ms/step
Epoch 687/800
17/17 - 0s - loss: 0.0104 - mae: 0.0104 - mse: 3.5945e-04 - 176ms/epoch - 10ms/step
Epoch 688/800
17/17 - 0s - loss: 0.0105 - mae: 0.0105 - mse: 3.5951e-04 - 176ms/epoch - 10ms/step
Epoch 689/800
17/17 - 0s - loss: 0.0103 - mae: 0.0103 - mse: 3.6908e-04 - 176ms/epoch - 10ms/step
Epoch 690/800
17/17 - 0s - loss: 0.0097 - mae: 0.0097 - mse: 3.3479e-04 - 176ms/epoch - 10ms/step
Epoch 691/800
17/17 - 0s - loss: 0.0085 - mae: 0.0085 - mse: 3.0916e-04 - 176ms/epoch - 10ms/step
Epoch 692/800
17/17 - 0s - loss: 0.0097 - mae: 0.0097 - mse: 3.3810e-04 - 176ms/epoch - 10ms/step
Epoch 693/800
17/17 - 0s - loss: 0.0099 - mae: 0.0099 - mse: 3.4851e-04 - 176ms/epoch - 10ms/step
Epoch 694/800
17/17 - 0s - loss: 0.0099 - mae: 0.0099 - mse: 3.5538e-04 - 176ms/epoch - 10ms/step
Epoch 695/800
17/17 - 0s - loss: 0.0084 - mae: 0.0084 - mse: 3.1182e-04 - 176ms/epoch - 10ms/step
Epoch 696/800
17/17 - 0s - loss: 0.0086 - mae: 0.0086 - mse: 3.1456e-04 - 176ms/epoch - 10ms/step
Epoch 697/800
17/17 - 0s - loss: 0.0089 - mae: 0.0089 - mse: 3.1540e-04 - 176ms/epoch - 10ms/step
Epoch 698/800
17/17 - 0s - loss: 0.0089 - mae: 0.0089 - mse: 3.1357e-04 - 176ms/epoch - 10ms/step
Epoch 699/800
17/17 - 0s - loss: 0.0097 - mae: 0.0097 - mse: 3.4782e-04 - 176ms/epoch - 10ms/step
Epoch 700/800
17/17 - 0s - loss: 0.0075 - mae: 0.0075 - mse: 2.8416e-04 - 176ms/epoch - 10ms/step
Epoch 701/800
17/17 - 0s - loss: 0.0080 - mae: 0.0080 - mse: 3.0616e-04 - 176ms/epoch - 10ms/step
Epoch 702/800
17/17 - 0s - loss: 0.0077 - mae: 0.0077 - mse: 2.9047e-04 - 176ms/epoch - 10ms/step
Epoch 703/800
17/17 - 0s - loss: 0.0079 - mae: 0.0079 - mse: 3.0302e-04 - 176ms/epoch - 10ms/step
Epoch 704/800
17/17 - 0s - loss: 0.0078 - mae: 0.0078 - mse: 3.0301e-04 - 176ms/epoch - 10ms/step
Epoch 705/800
17/17 - 0s - loss: 0.0079 - mae: 0.0079 - mse: 3.0266e-04 - 176ms/epoch - 10ms/step
Epoch 706/800
17/17 - 0s - loss: 0.0073 - mae: 0.0073 - mse: 2.8374e-04 - 176ms/epoch - 10ms/step
Epoch 707/800
17/17 - 0s - loss: 0.0069 - mae: 0.0069 - mse: 2.7739e-04 - 176ms/epoch - 10ms/step
Epoch 708/800
17/17 - 0s - loss: 0.0077 - mae: 0.0077 - mse: 3.0082e-04 - 176ms/epoch - 10ms/step
Epoch 709/800
17/17 - 0s - loss: 0.0073 - mae: 0.0073 - mse: 2.8112e-04 - 176ms/epoch - 10ms/step
Epoch 710/800
17/17 - 0s - loss: 0.0072 - mae: 0.0072 - mse: 2.8185e-04 - 176ms/epoch - 10ms/step
Epoch 711/800
17/17 - 0s - loss: 0.0074 - mae: 0.0074 - mse: 2.7739e-04 - 176ms/epoch - 10ms/step
Epoch 712/800
17/17 - 0s - loss: 0.0085 - mae: 0.0085 - mse: 3.0806e-04 - 177ms/epoch - 10ms/step
Epoch 713/800
17/17 - 0s - loss: 0.0080 - mae: 0.0080 - mse: 3.0287e-04 - 178ms/epoch - 10ms/step
Epoch 714/800
17/17 - 0s - loss: 0.0082 - mae: 0.0082 - mse: 3.0497e-04 - 177ms/epoch - 10ms/step
Epoch 715/800
17/17 - 0s - loss: 0.0071 - mae: 0.0071 - mse: 2.7434e-04 - 176ms/epoch - 10ms/step
Epoch 716/800
17/17 - 0s - loss: 0.0070 - mae: 0.0070 - mse: 2.7536e-04 - 176ms/epoch - 10ms/step
Epoch 717/800
17/17 - 0s - loss: 0.0075 - mae: 0.0075 - mse: 2.9913e-04 - 176ms/epoch - 10ms/step
Epoch 718/800
17/17 - 0s - loss: 0.0072 - mae: 0.0072 - mse: 2.8207e-04 - 176ms/epoch - 10ms/step
Epoch 719/800
17/17 - 0s - loss: 0.0079 - mae: 0.0079 - mse: 3.0441e-04 - 176ms/epoch - 10ms/step
Epoch 720/800
17/17 - 0s - loss: 0.0073 - mae: 0.0073 - mse: 2.8324e-04 - 176ms/epoch - 10ms/step
Epoch 721/800
17/17 - 0s - loss: 0.0077 - mae: 0.0077 - mse: 2.9381e-04 - 176ms/epoch - 10ms/step
Epoch 722/800
17/17 - 0s - loss: 0.0073 - mae: 0.0073 - mse: 2.8721e-04 - 176ms/epoch - 10ms/step
Epoch 723/800
17/17 - 0s - loss: 0.0064 - mae: 0.0064 - mse: 2.7545e-04 - 176ms/epoch - 10ms/step
Epoch 724/800
17/17 - 0s - loss: 0.0073 - mae: 0.0073 - mse: 2.8479e-04 - 176ms/epoch - 10ms/step
Epoch 725/800
17/17 - 0s - loss: 0.0067 - mae: 0.0067 - mse: 2.6840e-04 - 176ms/epoch - 10ms/step
Epoch 726/800
17/17 - 0s - loss: 0.0068 - mae: 0.0068 - mse: 2.6345e-04 - 176ms/epoch - 10ms/step
Epoch 727/800
17/17 - 0s - loss: 0.0065 - mae: 0.0065 - mse: 2.6800e-04 - 176ms/epoch - 10ms/step
Epoch 728/800
17/17 - 0s - loss: 0.0064 - mae: 0.0064 - mse: 2.6729e-04 - 176ms/epoch - 10ms/step
Epoch 729/800
17/17 - 0s - loss: 0.0062 - mae: 0.0062 - mse: 2.7195e-04 - 176ms/epoch - 10ms/step
Epoch 730/800
17/17 - 0s - loss: 0.0065 - mae: 0.0065 - mse: 2.7393e-04 - 176ms/epoch - 10ms/step
Epoch 731/800
17/17 - 0s - loss: 0.0063 - mae: 0.0063 - mse: 2.6971e-04 - 176ms/epoch - 10ms/step
Epoch 732/800
17/17 - 0s - loss: 0.0057 - mae: 0.0057 - mse: 2.5797e-04 - 176ms/epoch - 10ms/step
Epoch 733/800
17/17 - 0s - loss: 0.0054 - mae: 0.0054 - mse: 2.5366e-04 - 176ms/epoch - 10ms/step
Epoch 734/800
17/17 - 0s - loss: 0.0050 - mae: 0.0050 - mse: 2.4828e-04 - 176ms/epoch - 10ms/step
Epoch 735/800
17/17 - 0s - loss: 0.0053 - mae: 0.0053 - mse: 2.5377e-04 - 176ms/epoch - 10ms/step
Epoch 736/800
17/17 - 0s - loss: 0.0052 - mae: 0.0052 - mse: 2.5209e-04 - 176ms/epoch - 10ms/step
Epoch 737/800
17/17 - 0s - loss: 0.0064 - mae: 0.0064 - mse: 2.6474e-04 - 176ms/epoch - 10ms/step
Epoch 738/800
17/17 - 0s - loss: 0.0058 - mae: 0.0058 - mse: 2.5328e-04 - 176ms/epoch - 10ms/step
Epoch 739/800
17/17 - 0s - loss: 0.0060 - mae: 0.0060 - mse: 2.4858e-04 - 176ms/epoch - 10ms/step
Epoch 740/800
17/17 - 0s - loss: 0.0063 - mae: 0.0063 - mse: 2.6813e-04 - 176ms/epoch - 10ms/step
Epoch 741/800
17/17 - 0s - loss: 0.0061 - mae: 0.0061 - mse: 2.6285e-04 - 178ms/epoch - 10ms/step
Epoch 742/800
17/17 - 0s - loss: 0.0056 - mae: 0.0056 - mse: 2.5185e-04 - 176ms/epoch - 10ms/step
Epoch 743/800
17/17 - 0s - loss: 0.0060 - mae: 0.0060 - mse: 2.5561e-04 - 176ms/epoch - 10ms/step
Epoch 744/800
17/17 - 0s - loss: 0.0055 - mae: 0.0055 - mse: 2.4791e-04 - 176ms/epoch - 10ms/step
Epoch 745/800
17/17 - 0s - loss: 0.0055 - mae: 0.0055 - mse: 2.5194e-04 - 176ms/epoch - 10ms/step
Epoch 746/800
17/17 - 0s - loss: 0.0057 - mae: 0.0057 - mse: 2.4631e-04 - 176ms/epoch - 10ms/step
Epoch 747/800
17/17 - 0s - loss: 0.0054 - mae: 0.0054 - mse: 2.5450e-04 - 176ms/epoch - 10ms/step
Epoch 748/800
17/17 - 0s - loss: 0.0046 - mae: 0.0046 - mse: 2.3931e-04 - 176ms/epoch - 10ms/step
Epoch 749/800
17/17 - 0s - loss: 0.0044 - mae: 0.0044 - mse: 2.3507e-04 - 176ms/epoch - 10ms/step
Epoch 750/800
17/17 - 0s - loss: 0.0046 - mae: 0.0046 - mse: 2.4036e-04 - 176ms/epoch - 10ms/step
Epoch 751/800
17/17 - 0s - loss: 0.0048 - mae: 0.0048 - mse: 2.4874e-04 - 176ms/epoch - 10ms/step
Epoch 752/800
17/17 - 0s - loss: 0.0043 - mae: 0.0043 - mse: 2.3692e-04 - 176ms/epoch - 10ms/step
Epoch 753/800
17/17 - 0s - loss: 0.0041 - mae: 0.0041 - mse: 2.3505e-04 - 176ms/epoch - 10ms/step
Epoch 754/800
17/17 - 0s - loss: 0.0040 - mae: 0.0040 - mse: 2.3176e-04 - 176ms/epoch - 10ms/step
Epoch 755/800
17/17 - 0s - loss: 0.0038 - mae: 0.0038 - mse: 2.3344e-04 - 176ms/epoch - 10ms/step
Epoch 756/800
17/17 - 0s - loss: 0.0042 - mae: 0.0042 - mse: 2.3773e-04 - 176ms/epoch - 10ms/step
Epoch 757/800
17/17 - 0s - loss: 0.0039 - mae: 0.0039 - mse: 2.2926e-04 - 176ms/epoch - 10ms/step
Epoch 758/800
17/17 - 0s - loss: 0.0040 - mae: 0.0040 - mse: 2.3063e-04 - 176ms/epoch - 10ms/step
Epoch 759/800
17/17 - 0s - loss: 0.0035 - mae: 0.0035 - mse: 2.3110e-04 - 176ms/epoch - 10ms/step
Epoch 760/800
17/17 - 0s - loss: 0.0034 - mae: 0.0034 - mse: 2.2824e-04 - 176ms/epoch - 10ms/step
Epoch 761/800
17/17 - 0s - loss: 0.0035 - mae: 0.0035 - mse: 2.3229e-04 - 176ms/epoch - 10ms/step
Epoch 762/800
17/17 - 0s - loss: 0.0037 - mae: 0.0037 - mse: 2.2887e-04 - 176ms/epoch - 10ms/step
Epoch 763/800
17/17 - 0s - loss: 0.0036 - mae: 0.0036 - mse: 2.2900e-04 - 176ms/epoch - 10ms/step
Epoch 764/800
17/17 - 0s - loss: 0.0040 - mae: 0.0040 - mse: 2.3930e-04 - 176ms/epoch - 10ms/step
Epoch 765/800
17/17 - 0s - loss: 0.0038 - mae: 0.0038 - mse: 2.3315e-04 - 176ms/epoch - 10ms/step
Epoch 766/800
17/17 - 0s - loss: 0.0033 - mae: 0.0033 - mse: 2.3010e-04 - 176ms/epoch - 10ms/step
Epoch 767/800
17/17 - 0s - loss: 0.0030 - mae: 0.0030 - mse: 2.2752e-04 - 176ms/epoch - 10ms/step
Epoch 768/800
17/17 - 0s - loss: 0.0030 - mae: 0.0030 - mse: 2.2823e-04 - 177ms/epoch - 10ms/step
Epoch 769/800
17/17 - 0s - loss: 0.0030 - mae: 0.0030 - mse: 2.2641e-04 - 177ms/epoch - 10ms/step
Epoch 770/800
17/17 - 0s - loss: 0.0029 - mae: 0.0029 - mse: 2.2650e-04 - 176ms/epoch - 10ms/step
Epoch 771/800
17/17 - 0s - loss: 0.0028 - mae: 0.0028 - mse: 2.2602e-04 - 176ms/epoch - 10ms/step
Epoch 772/800
17/17 - 0s - loss: 0.0029 - mae: 0.0029 - mse: 2.2699e-04 - 176ms/epoch - 10ms/step
Epoch 773/800
17/17 - 0s - loss: 0.0031 - mae: 0.0031 - mse: 2.2950e-04 - 176ms/epoch - 10ms/step
Epoch 774/800
17/17 - 0s - loss: 0.0030 - mae: 0.0030 - mse: 2.2664e-04 - 176ms/epoch - 10ms/step
Epoch 775/800
17/17 - 0s - loss: 0.0031 - mae: 0.0031 - mse: 2.2801e-04 - 176ms/epoch - 10ms/step
Epoch 776/800
17/17 - 0s - loss: 0.0028 - mae: 0.0028 - mse: 2.2730e-04 - 175ms/epoch - 10ms/step
Epoch 777/800
17/17 - 0s - loss: 0.0029 - mae: 0.0029 - mse: 2.2693e-04 - 176ms/epoch - 10ms/step
Epoch 778/800
17/17 - 0s - loss: 0.0028 - mae: 0.0028 - mse: 2.2818e-04 - 176ms/epoch - 10ms/step
Epoch 779/800
17/17 - 0s - loss: 0.0029 - mae: 0.0029 - mse: 2.2640e-04 - 176ms/epoch - 10ms/step
Epoch 780/800
17/17 - 0s - loss: 0.0029 - mae: 0.0029 - mse: 2.2569e-04 - 176ms/epoch - 10ms/step
Epoch 781/800
17/17 - 0s - loss: 0.0030 - mae: 0.0030 - mse: 2.2673e-04 - 176ms/epoch - 10ms/step
Epoch 782/800
17/17 - 0s - loss: 0.0029 - mae: 0.0029 - mse: 2.2441e-04 - 176ms/epoch - 10ms/step
Epoch 783/800
17/17 - 0s - loss: 0.0030 - mae: 0.0030 - mse: 2.2511e-04 - 176ms/epoch - 10ms/step
Epoch 784/800
17/17 - 0s - loss: 0.0032 - mae: 0.0032 - mse: 2.2611e-04 - 176ms/epoch - 10ms/step
Epoch 785/800
17/17 - 0s - loss: 0.0031 - mae: 0.0031 - mse: 2.2873e-04 - 176ms/epoch - 10ms/step
Epoch 786/800
17/17 - 0s - loss: 0.0029 - mae: 0.0029 - mse: 2.2873e-04 - 176ms/epoch - 10ms/step
Epoch 787/800
17/17 - 0s - loss: 0.0029 - mae: 0.0029 - mse: 2.2658e-04 - 176ms/epoch - 10ms/step
Epoch 788/800
17/17 - 0s - loss: 0.0030 - mae: 0.0030 - mse: 2.2724e-04 - 176ms/epoch - 10ms/step
Epoch 789/800
17/17 - 0s - loss: 0.0031 - mae: 0.0031 - mse: 2.2451e-04 - 176ms/epoch - 10ms/step
Epoch 790/800
17/17 - 0s - loss: 0.0030 - mae: 0.0030 - mse: 2.2961e-04 - 176ms/epoch - 10ms/step
Epoch 791/800
17/17 - 0s - loss: 0.0030 - mae: 0.0030 - mse: 2.2635e-04 - 176ms/epoch - 10ms/step
Epoch 792/800
17/17 - 0s - loss: 0.0030 - mae: 0.0030 - mse: 2.2789e-04 - 176ms/epoch - 10ms/step
Epoch 793/800
17/17 - 0s - loss: 0.0030 - mae: 0.0030 - mse: 2.2884e-04 - 176ms/epoch - 10ms/step
Epoch 794/800
17/17 - 0s - loss: 0.0029 - mae: 0.0029 - mse: 2.2659e-04 - 176ms/epoch - 10ms/step
Epoch 795/800
17/17 - 0s - loss: 0.0029 - mae: 0.0029 - mse: 2.2617e-04 - 176ms/epoch - 10ms/step
Epoch 796/800
17/17 - 0s - loss: 0.0029 - mae: 0.0029 - mse: 2.2471e-04 - 177ms/epoch - 10ms/step
Epoch 797/800
17/17 - 0s - loss: 0.0030 - mae: 0.0030 - mse: 2.2926e-04 - 176ms/epoch - 10ms/step
Epoch 798/800
17/17 - 0s - loss: 0.0029 - mae: 0.0029 - mse: 2.2764e-04 - 176ms/epoch - 10ms/step
Epoch 799/800
17/17 - 0s - loss: 0.0032 - mae: 0.0032 - mse: 2.2918e-04 - 176ms/epoch - 10ms/step
Epoch 800/800
17/17 - 0s - loss: 0.0033 - mae: 0.0033 - mse: 2.2917e-04 - 176ms/epoch - 10ms/step
Training finished in 148.54 seconds.
1/9 [==>...........................] - ETA: 6s9/9 [==============================] - ETA: 0s9/9 [==============================] - 1s 7ms/step
Fold 5 MAE: 0.1448

Saved combined predictions to: results_custom/double_perovskites_gap_1306/cross_validation_predictions.csv
Saved summary metrics to: results_custom/double_perovskites_gap_1306/summary_metrics.json

--- Cross-Validation Complete ---
Mean MAE across 5 folds: 0.1353
Std Dev MAE across 5 folds: 0.0113

================================================================================
COMPLETED TASK: double_perovskites_gap_1306
================================================================================


================================================================================
STARTING TASK: double_perovskites_gap_1306_optimized
================================================================================

Loading data from './featurize_with_MM/double_perovskites_gap_1306_optimized.csv'...
Parsing structure data from 'structure' column...
Data loading and parsing complete.
No cache found. Preprocessing 'double_perovskites_gap_1306_optimized' with 'KNNAsymmetricUnitCell'...
Processing batch 1...
Processing batch 2...
Processing batch 3...
Preprocessing complete.

--- Starting Fold 1/5 ---
INFO:kgcnn.model.utils:Updated model kwargs: '{'name': 'coGN', 'inputs': {'offset': {'shape': (None, 3), 'name': 'offset', 'dtype': 'float32', 'ragged': True}, 'cell_translation': None, 'affine_matrix': None, 'voronoi_ridge_area': None, 'atomic_number': {'shape': (None,), 'name': 'atomic_number', 'dtype': 'int32', 'ragged': True}, 'frac_coords': None, 'coords': None, 'multiplicity': {'shape': (None,), 'name': 'multiplicity', 'dtype': 'int32', 'ragged': True}, 'lattice_matrix': None, 'edge_indices': {'shape': (None, 2), 'name': 'edge_indices', 'dtype': 'int32', 'ragged': True}, 'line_graph_edge_indices': None}, 'input_block_cfg': {'node_size': 128, 'edge_size': 128, 'atomic_mass': True, 'atomic_radius': True, 'electronegativity': True, 'ionization_energy': True, 'oxidation_states': True, 'edge_embedding_args': {'bins_distance': 32, 'max_distance': 8.0, 'distance_log_base': 1.0, 'bins_voronoi_area': None, 'max_voronoi_area': None}}, 'processing_blocks_cfg': [{'edge_mlp': {'units': [128, 128, 128, 128, 128], 'activation': ['swish', 'swish', 'swish', 'swish', 'swish']}, 'node_mlp': {'units': [128], 'activation': ['swish']}, 'global_mlp': None, 'nested_blocks_cfgs': None, 'aggregate_edges_local': 'sum', 'aggregate_edges_global': None, 'aggregate_nodes': None, 'return_updated_edges': False, 'return_updated_nodes': True, 'return_updated_globals': True, 'edge_attention_mlp_local': {'units': [32, 1], 'activation': ['swish', 'swish']}, 'edge_attention_mlp_global': {'units': [32, 1], 'activation': ['swish', 'swish']}, 'node_attention_mlp': {'units': [32, 1], 'activation': ['swish', 'swish']}, 'edge_gate': None, 'node_gate': None, 'global_gate': None, 'residual_node_update': True, 'residual_edge_update': False, 'residual_global_update': False, 'update_edges_input': [True, True, True, False], 'update_nodes_input': [True, False, False], 'update_global_input': [False, True, False], 'multiplicity_readout': False}, {'edge_mlp': {'units': [128, 128, 128, 128, 128], 'activation': ['swish', 'swish', 'swish', 'swish', 'swish']}, 'node_mlp': {'units': [128], 'activation': ['swish']}, 'global_mlp': None, 'nested_blocks_cfgs': None, 'aggregate_edges_local': 'sum', 'aggregate_edges_global': None, 'aggregate_nodes': None, 'return_updated_edges': False, 'return_updated_nodes': True, 'return_updated_globals': True, 'edge_attention_mlp_local': {'units': [32, 1], 'activation': ['swish', 'swish']}, 'edge_attention_mlp_global': {'units': [32, 1], 'activation': ['swish', 'swish']}, 'node_attention_mlp': {'units': [32, 1], 'activation': ['swish', 'swish']}, 'edge_gate': None, 'node_gate': None, 'global_gate': None, 'residual_node_update': True, 'residual_edge_update': False, 'residual_global_update': False, 'update_edges_input': [True, True, True, False], 'update_nodes_input': [True, False, False], 'update_global_input': [False, True, False], 'multiplicity_readout': False}, {'edge_mlp': {'units': [128, 128, 128, 128, 128], 'activation': ['swish', 'swish', 'swish', 'swish', 'swish']}, 'node_mlp': {'units': [128], 'activation': ['swish']}, 'global_mlp': None, 'nested_blocks_cfgs': None, 'aggregate_edges_local': 'sum', 'aggregate_edges_global': None, 'aggregate_nodes': None, 'return_updated_edges': False, 'return_updated_nodes': True, 'return_updated_globals': True, 'edge_attention_mlp_local': {'units': [32, 1], 'activation': ['swish', 'swish']}, 'edge_attention_mlp_global': {'units': [32, 1], 'activation': ['swish', 'swish']}, 'node_attention_mlp': {'units': [32, 1], 'activation': ['swish', 'swish']}, 'edge_gate': None, 'node_gate': None, 'global_gate': None, 'residual_node_update': True, 'residual_edge_update': False, 'residual_global_update': False, 'update_edges_input': [True, True, True, False], 'update_nodes_input': [True, False, False], 'update_global_input': [False, True, False], 'multiplicity_readout': False}, {'edge_mlp': {'units': [128, 128, 128, 128, 128], 'activation': ['swish', 'swish', 'swish', 'swish', 'swish']}, 'node_mlp': {'units': [128], 'activation': ['swish']}, 'global_mlp': None, 'nested_blocks_cfgs': None, 'aggregate_edges_local': 'sum', 'aggregate_edges_global': None, 'aggregate_nodes': None, 'return_updated_edges': False, 'return_updated_nodes': True, 'return_updated_globals': True, 'edge_attention_mlp_local': {'units': [32, 1], 'activation': ['swish', 'swish']}, 'edge_attention_mlp_global': {'units': [32, 1], 'activation': ['swish', 'swish']}, 'node_attention_mlp': {'units': [32, 1], 'activation': ['swish', 'swish']}, 'edge_gate': None, 'node_gate': None, 'global_gate': None, 'residual_node_update': True, 'residual_edge_update': False, 'residual_global_update': False, 'update_edges_input': [True, True, True, False], 'update_nodes_input': [True, False, False], 'update_global_input': [False, True, False], 'multiplicity_readout': False}, {'edge_mlp': {'units': [128, 128, 128, 128, 128], 'activation': ['swish', 'swish', 'swish', 'swish', 'swish']}, 'node_mlp': {'units': [128], 'activation': ['swish']}, 'global_mlp': None, 'nested_blocks_cfgs': None, 'aggregate_edges_local': 'sum', 'aggregate_edges_global': None, 'aggregate_nodes': None, 'return_updated_edges': False, 'return_updated_nodes': True, 'return_updated_globals': True, 'edge_attention_mlp_local': {'units': [32, 1], 'activation': ['swish', 'swish']}, 'edge_attention_mlp_global': {'units': [32, 1], 'activation': ['swish', 'swish']}, 'node_attention_mlp': {'units': [32, 1], 'activation': ['swish', 'swish']}, 'edge_gate': None, 'node_gate': None, 'global_gate': None, 'residual_node_update': True, 'residual_edge_update': False, 'residual_global_update': False, 'update_edges_input': [True, True, True, False], 'update_nodes_input': [True, False, False], 'update_global_input': [False, True, False], 'multiplicity_readout': False}], 'output_block_cfg': {'edge_mlp': None, 'node_mlp': None, 'global_mlp': {'units': [1], 'activation': ['linear']}, 'nested_blocks_cfgs': None, 'aggregate_edges_local': 'sum', 'aggregate_edges_global': None, 'aggregate_nodes': 'mean', 'return_updated_edges': False, 'return_updated_nodes': True, 'return_updated_globals': True, 'edge_attention_mlp_local': {'units': [32, 1], 'activation': ['swish', 'swish']}, 'edge_attention_mlp_global': {'units': [32, 1], 'activation': ['swish', 'swish']}, 'node_attention_mlp': {'units': [32, 1], 'activation': ['swish', 'swish']}, 'edge_gate': None, 'node_gate': None, 'global_gate': None, 'residual_node_update': False, 'residual_edge_update': False, 'residual_global_update': False, 'update_edges_input': [True, True, True, False], 'update_nodes_input': [True, False, False], 'update_global_input': [False, True, False], 'multiplicity_readout': True}}'.
/gpfs/scratch/acad/htforft/rgouvea/other_datasets/processed_datasets/.venv/lib/python3.9/site-packages/kgcnn/crystal/periodic_table/periodic_table.py:30: FutureWarning: A value is trying to be set on a copy of a DataFrame or Series through chained assignment using an inplace method.
The behavior will change in pandas 3.0. This inplace method will never work because the intermediate object on which we are setting values always behaves as a copy.

For example, when doing 'df[col].method(value, inplace=True)', try using 'df.method({col: value}, inplace=True)' or df[col] = df[col].method(value) instead, to perform the operation inplace on the original object.


  self.data['AtomicRadius'].fillna(imputation_atomic_radius, inplace=True)
/gpfs/scratch/acad/htforft/rgouvea/other_datasets/processed_datasets/.venv/lib/python3.9/site-packages/kgcnn/crystal/periodic_table/periodic_table.py:32: FutureWarning: A value is trying to be set on a copy of a DataFrame or Series through chained assignment using an inplace method.
The behavior will change in pandas 3.0. This inplace method will never work because the intermediate object on which we are setting values always behaves as a copy.

For example, when doing 'df[col].method(value, inplace=True)', try using 'df.method({col: value}, inplace=True)' or df[col] = df[col].method(value) instead, to perform the operation inplace on the original object.


  self.data['Electronegativity'].fillna(imputation_electronegativity, inplace=True)
/gpfs/scratch/acad/htforft/rgouvea/other_datasets/processed_datasets/.venv/lib/python3.9/site-packages/kgcnn/crystal/periodic_table/periodic_table.py:33: FutureWarning: A value is trying to be set on a copy of a DataFrame or Series through chained assignment using an inplace method.
The behavior will change in pandas 3.0. This inplace method will never work because the intermediate object on which we are setting values always behaves as a copy.

For example, when doing 'df[col].method(value, inplace=True)', try using 'df.method({col: value}, inplace=True)' or df[col] = df[col].method(value) instead, to perform the operation inplace on the original object.


  self.data['IonizationEnergy'].fillna(imputation_ionization_energy, inplace=True)
[<KerasTensor: type_spec=RaggedTensorSpec(TensorShape([None, None, 3]), tf.float32, 1, tf.int64) (created by layer 'offset')>, <KerasTensor: type_spec=RaggedTensorSpec(TensorShape([None, None]), tf.int32, 1, tf.int64) (created by layer 'atomic_number')>, <KerasTensor: type_spec=RaggedTensorSpec(TensorShape([None, None]), tf.int32, 1, tf.int64) (created by layer 'multiplicity')>, <KerasTensor: type_spec=RaggedTensorSpec(TensorShape([None, None, 2]), tf.int32, 1, tf.int64) (created by layer 'edge_indices')>]
Training on 1044 samples...
Epoch 1/800
/gpfs/scratch/acad/htforft/rgouvea/other_datasets/processed_datasets/.venv/lib/python3.9/site-packages/tensorflow/python/framework/indexed_slices.py:444: UserWarning: Converting sparse IndexedSlices(IndexedSlices(indices=Tensor("gradient_tape/coGN/sequential_graph_network_5/graph_network_29/gather_embedding_selection_40/Reshape_1:0", shape=(None,), dtype=int32), values=Tensor("gradient_tape/coGN/sequential_graph_network_5/graph_network_29/gather_embedding_selection_40/Reshape:0", shape=(None, 128), dtype=float32), dense_shape=Tensor("gradient_tape/coGN/sequential_graph_network_5/graph_network_29/gather_embedding_selection_40/Cast:0", shape=(2,), dtype=int32))) to a dense Tensor of unknown shape. This may consume a large amount of memory.
  warnings.warn(
/gpfs/scratch/acad/htforft/rgouvea/other_datasets/processed_datasets/.venv/lib/python3.9/site-packages/tensorflow/python/framework/indexed_slices.py:444: UserWarning: Converting sparse IndexedSlices(IndexedSlices(indices=Tensor("gradient_tape/coGN/sequential_graph_network_5/graph_network_29/gather_embedding_selection_40/Reshape_3:0", shape=(None,), dtype=int32), values=Tensor("gradient_tape/coGN/sequential_graph_network_5/graph_network_29/gather_embedding_selection_40/Reshape_2:0", shape=(None, 128), dtype=float32), dense_shape=Tensor("gradient_tape/coGN/sequential_graph_network_5/graph_network_29/gather_embedding_selection_40/Cast_1:0", shape=(2,), dtype=int32))) to a dense Tensor of unknown shape. This may consume a large amount of memory.
  warnings.warn(
/gpfs/scratch/acad/htforft/rgouvea/other_datasets/processed_datasets/.venv/lib/python3.9/site-packages/tensorflow/python/framework/indexed_slices.py:444: UserWarning: Converting sparse IndexedSlices(IndexedSlices(indices=Tensor("gradient_tape/coGN/sequential_graph_network_5/graph_network_28/gather_embedding_selection_39/Reshape_1:0", shape=(None,), dtype=int32), values=Tensor("gradient_tape/coGN/sequential_graph_network_5/graph_network_28/gather_embedding_selection_39/Reshape:0", shape=(None, 128), dtype=float32), dense_shape=Tensor("gradient_tape/coGN/sequential_graph_network_5/graph_network_28/gather_embedding_selection_39/Cast:0", shape=(2,), dtype=int32))) to a dense Tensor of unknown shape. This may consume a large amount of memory.
  warnings.warn(
/gpfs/scratch/acad/htforft/rgouvea/other_datasets/processed_datasets/.venv/lib/python3.9/site-packages/tensorflow/python/framework/indexed_slices.py:444: UserWarning: Converting sparse IndexedSlices(IndexedSlices(indices=Tensor("gradient_tape/coGN/sequential_graph_network_5/graph_network_28/gather_embedding_selection_39/Reshape_3:0", shape=(None,), dtype=int32), values=Tensor("gradient_tape/coGN/sequential_graph_network_5/graph_network_28/gather_embedding_selection_39/Reshape_2:0", shape=(None, 128), dtype=float32), dense_shape=Tensor("gradient_tape/coGN/sequential_graph_network_5/graph_network_28/gather_embedding_selection_39/Cast_1:0", shape=(2,), dtype=int32))) to a dense Tensor of unknown shape. This may consume a large amount of memory.
  warnings.warn(
/gpfs/scratch/acad/htforft/rgouvea/other_datasets/processed_datasets/.venv/lib/python3.9/site-packages/tensorflow/python/framework/indexed_slices.py:444: UserWarning: Converting sparse IndexedSlices(IndexedSlices(indices=Tensor("gradient_tape/coGN/sequential_graph_network_5/graph_network_27/gather_embedding_selection_38/Reshape_1:0", shape=(None,), dtype=int32), values=Tensor("gradient_tape/coGN/sequential_graph_network_5/graph_network_27/gather_embedding_selection_38/Reshape:0", shape=(None, 128), dtype=float32), dense_shape=Tensor("gradient_tape/coGN/sequential_graph_network_5/graph_network_27/gather_embedding_selection_38/Cast:0", shape=(2,), dtype=int32))) to a dense Tensor of unknown shape. This may consume a large amount of memory.
  warnings.warn(
/gpfs/scratch/acad/htforft/rgouvea/other_datasets/processed_datasets/.venv/lib/python3.9/site-packages/tensorflow/python/framework/indexed_slices.py:444: UserWarning: Converting sparse IndexedSlices(IndexedSlices(indices=Tensor("gradient_tape/coGN/sequential_graph_network_5/graph_network_27/gather_embedding_selection_38/Reshape_3:0", shape=(None,), dtype=int32), values=Tensor("gradient_tape/coGN/sequential_graph_network_5/graph_network_27/gather_embedding_selection_38/Reshape_2:0", shape=(None, 128), dtype=float32), dense_shape=Tensor("gradient_tape/coGN/sequential_graph_network_5/graph_network_27/gather_embedding_selection_38/Cast_1:0", shape=(2,), dtype=int32))) to a dense Tensor of unknown shape. This may consume a large amount of memory.
  warnings.warn(
/gpfs/scratch/acad/htforft/rgouvea/other_datasets/processed_datasets/.venv/lib/python3.9/site-packages/tensorflow/python/framework/indexed_slices.py:444: UserWarning: Converting sparse IndexedSlices(IndexedSlices(indices=Tensor("gradient_tape/coGN/sequential_graph_network_5/graph_network_26/gather_embedding_selection_37/Reshape_1:0", shape=(None,), dtype=int32), values=Tensor("gradient_tape/coGN/sequential_graph_network_5/graph_network_26/gather_embedding_selection_37/Reshape:0", shape=(None, 128), dtype=float32), dense_shape=Tensor("gradient_tape/coGN/sequential_graph_network_5/graph_network_26/gather_embedding_selection_37/Cast:0", shape=(2,), dtype=int32))) to a dense Tensor of unknown shape. This may consume a large amount of memory.
  warnings.warn(
/gpfs/scratch/acad/htforft/rgouvea/other_datasets/processed_datasets/.venv/lib/python3.9/site-packages/tensorflow/python/framework/indexed_slices.py:444: UserWarning: Converting sparse IndexedSlices(IndexedSlices(indices=Tensor("gradient_tape/coGN/sequential_graph_network_5/graph_network_26/gather_embedding_selection_37/Reshape_3:0", shape=(None,), dtype=int32), values=Tensor("gradient_tape/coGN/sequential_graph_network_5/graph_network_26/gather_embedding_selection_37/Reshape_2:0", shape=(None, 128), dtype=float32), dense_shape=Tensor("gradient_tape/coGN/sequential_graph_network_5/graph_network_26/gather_embedding_selection_37/Cast_1:0", shape=(2,), dtype=int32))) to a dense Tensor of unknown shape. This may consume a large amount of memory.
  warnings.warn(
/gpfs/scratch/acad/htforft/rgouvea/other_datasets/processed_datasets/.venv/lib/python3.9/site-packages/tensorflow/python/framework/indexed_slices.py:444: UserWarning: Converting sparse IndexedSlices(IndexedSlices(indices=Tensor("gradient_tape/coGN/sequential_graph_network_5/graph_network_25/gather_embedding_selection_36/Reshape_1:0", shape=(None,), dtype=int32), values=Tensor("gradient_tape/coGN/sequential_graph_network_5/graph_network_25/gather_embedding_selection_36/Reshape:0", shape=(None, 128), dtype=float32), dense_shape=Tensor("gradient_tape/coGN/sequential_graph_network_5/graph_network_25/gather_embedding_selection_36/Cast:0", shape=(2,), dtype=int32))) to a dense Tensor of unknown shape. This may consume a large amount of memory.
  warnings.warn(
/gpfs/scratch/acad/htforft/rgouvea/other_datasets/processed_datasets/.venv/lib/python3.9/site-packages/tensorflow/python/framework/indexed_slices.py:444: UserWarning: Converting sparse IndexedSlices(IndexedSlices(indices=Tensor("gradient_tape/coGN/sequential_graph_network_5/graph_network_25/gather_embedding_selection_36/Reshape_3:0", shape=(None,), dtype=int32), values=Tensor("gradient_tape/coGN/sequential_graph_network_5/graph_network_25/gather_embedding_selection_36/Reshape_2:0", shape=(None, 128), dtype=float32), dense_shape=Tensor("gradient_tape/coGN/sequential_graph_network_5/graph_network_25/gather_embedding_selection_36/Cast_1:0", shape=(2,), dtype=int32))) to a dense Tensor of unknown shape. This may consume a large amount of memory.
  warnings.warn(
17/17 - 3s - loss: 0.9476 - mae: 0.9476 - mse: 1.3971 - 3s/epoch - 172ms/step
Epoch 2/800
17/17 - 0s - loss: 0.7745 - mae: 0.7745 - mse: 0.8987 - 184ms/epoch - 11ms/step
Epoch 3/800
17/17 - 0s - loss: 0.5924 - mae: 0.5924 - mse: 0.5646 - 174ms/epoch - 10ms/step
Epoch 4/800
17/17 - 0s - loss: 0.4693 - mae: 0.4693 - mse: 0.3700 - 174ms/epoch - 10ms/step
Epoch 5/800
17/17 - 0s - loss: 0.4137 - mae: 0.4137 - mse: 0.3011 - 174ms/epoch - 10ms/step
Epoch 6/800
17/17 - 0s - loss: 0.4069 - mae: 0.4069 - mse: 0.2942 - 175ms/epoch - 10ms/step
Epoch 7/800
17/17 - 0s - loss: 0.3637 - mae: 0.3637 - mse: 0.2494 - 174ms/epoch - 10ms/step
Epoch 8/800
17/17 - 0s - loss: 0.3500 - mae: 0.3500 - mse: 0.2266 - 174ms/epoch - 10ms/step
Epoch 9/800
17/17 - 0s - loss: 0.3148 - mae: 0.3148 - mse: 0.1987 - 174ms/epoch - 10ms/step
Epoch 10/800
17/17 - 0s - loss: 0.3432 - mae: 0.3432 - mse: 0.2227 - 174ms/epoch - 10ms/step
Epoch 11/800
17/17 - 0s - loss: 0.3002 - mae: 0.3002 - mse: 0.1757 - 174ms/epoch - 10ms/step
Epoch 12/800
17/17 - 0s - loss: 0.3086 - mae: 0.3086 - mse: 0.1847 - 174ms/epoch - 10ms/step
Epoch 13/800
17/17 - 0s - loss: 0.2717 - mae: 0.2717 - mse: 0.1615 - 174ms/epoch - 10ms/step
Epoch 14/800
17/17 - 0s - loss: 0.2653 - mae: 0.2653 - mse: 0.1475 - 174ms/epoch - 10ms/step
Epoch 15/800
17/17 - 0s - loss: 0.2725 - mae: 0.2725 - mse: 0.1549 - 174ms/epoch - 10ms/step
Epoch 16/800
17/17 - 0s - loss: 0.2640 - mae: 0.2640 - mse: 0.1401 - 174ms/epoch - 10ms/step
Epoch 17/800
17/17 - 0s - loss: 0.2839 - mae: 0.2839 - mse: 0.1534 - 174ms/epoch - 10ms/step
Epoch 18/800
17/17 - 0s - loss: 0.2712 - mae: 0.2712 - mse: 0.1459 - 174ms/epoch - 10ms/step
Epoch 19/800
17/17 - 0s - loss: 0.2385 - mae: 0.2385 - mse: 0.1200 - 174ms/epoch - 10ms/step
Epoch 20/800
17/17 - 0s - loss: 0.2313 - mae: 0.2313 - mse: 0.1075 - 174ms/epoch - 10ms/step
Epoch 21/800
17/17 - 0s - loss: 0.2277 - mae: 0.2277 - mse: 0.1018 - 174ms/epoch - 10ms/step
Epoch 22/800
17/17 - 0s - loss: 0.3221 - mae: 0.3221 - mse: 0.1688 - 174ms/epoch - 10ms/step
Epoch 23/800
17/17 - 0s - loss: 0.2599 - mae: 0.2599 - mse: 0.1256 - 174ms/epoch - 10ms/step
Epoch 24/800
17/17 - 0s - loss: 0.2229 - mae: 0.2229 - mse: 0.0903 - 174ms/epoch - 10ms/step
Epoch 25/800
17/17 - 0s - loss: 0.2100 - mae: 0.2100 - mse: 0.0882 - 174ms/epoch - 10ms/step
Epoch 26/800
17/17 - 0s - loss: 0.2035 - mae: 0.2035 - mse: 0.0785 - 174ms/epoch - 10ms/step
Epoch 27/800
17/17 - 0s - loss: 0.1976 - mae: 0.1976 - mse: 0.0717 - 174ms/epoch - 10ms/step
Epoch 28/800
17/17 - 0s - loss: 0.2046 - mae: 0.2046 - mse: 0.0779 - 174ms/epoch - 10ms/step
Epoch 29/800
17/17 - 0s - loss: 0.1852 - mae: 0.1852 - mse: 0.0584 - 174ms/epoch - 10ms/step
Epoch 30/800
17/17 - 0s - loss: 0.1874 - mae: 0.1874 - mse: 0.0578 - 174ms/epoch - 10ms/step
Epoch 31/800
17/17 - 0s - loss: 0.1811 - mae: 0.1811 - mse: 0.0599 - 174ms/epoch - 10ms/step
Epoch 32/800
17/17 - 0s - loss: 0.1813 - mae: 0.1813 - mse: 0.0562 - 174ms/epoch - 10ms/step
Epoch 33/800
17/17 - 0s - loss: 0.1732 - mae: 0.1732 - mse: 0.0535 - 174ms/epoch - 10ms/step
Epoch 34/800
17/17 - 0s - loss: 0.1679 - mae: 0.1679 - mse: 0.0483 - 174ms/epoch - 10ms/step
Epoch 35/800
17/17 - 0s - loss: 0.1839 - mae: 0.1839 - mse: 0.0579 - 174ms/epoch - 10ms/step
Epoch 36/800
17/17 - 0s - loss: 0.1828 - mae: 0.1828 - mse: 0.0570 - 174ms/epoch - 10ms/step
Epoch 37/800
17/17 - 0s - loss: 0.1629 - mae: 0.1629 - mse: 0.0454 - 174ms/epoch - 10ms/step
Epoch 38/800
17/17 - 0s - loss: 0.1827 - mae: 0.1827 - mse: 0.0553 - 174ms/epoch - 10ms/step
Epoch 39/800
17/17 - 0s - loss: 0.1494 - mae: 0.1494 - mse: 0.0379 - 174ms/epoch - 10ms/step
Epoch 40/800
17/17 - 0s - loss: 0.1500 - mae: 0.1500 - mse: 0.0389 - 174ms/epoch - 10ms/step
Epoch 41/800
17/17 - 0s - loss: 0.1509 - mae: 0.1509 - mse: 0.0396 - 174ms/epoch - 10ms/step
Epoch 42/800
17/17 - 0s - loss: 0.1658 - mae: 0.1658 - mse: 0.0535 - 174ms/epoch - 10ms/step
Epoch 43/800
17/17 - 0s - loss: 0.1430 - mae: 0.1430 - mse: 0.0367 - 174ms/epoch - 10ms/step
Epoch 44/800
17/17 - 0s - loss: 0.1357 - mae: 0.1357 - mse: 0.0328 - 174ms/epoch - 10ms/step
Epoch 45/800
17/17 - 0s - loss: 0.1479 - mae: 0.1479 - mse: 0.0379 - 174ms/epoch - 10ms/step
Epoch 46/800
17/17 - 0s - loss: 0.1383 - mae: 0.1383 - mse: 0.0344 - 174ms/epoch - 10ms/step
Epoch 47/800
17/17 - 0s - loss: 0.1501 - mae: 0.1501 - mse: 0.0382 - 174ms/epoch - 10ms/step
Epoch 48/800
17/17 - 0s - loss: 0.1744 - mae: 0.1744 - mse: 0.0520 - 174ms/epoch - 10ms/step
Epoch 49/800
17/17 - 0s - loss: 0.1569 - mae: 0.1569 - mse: 0.0460 - 174ms/epoch - 10ms/step
Epoch 50/800
17/17 - 0s - loss: 0.1536 - mae: 0.1536 - mse: 0.0433 - 174ms/epoch - 10ms/step
Epoch 51/800
17/17 - 0s - loss: 0.1333 - mae: 0.1333 - mse: 0.0315 - 174ms/epoch - 10ms/step
Epoch 52/800
17/17 - 0s - loss: 0.1501 - mae: 0.1501 - mse: 0.0390 - 174ms/epoch - 10ms/step
Epoch 53/800
17/17 - 0s - loss: 0.1389 - mae: 0.1389 - mse: 0.0350 - 174ms/epoch - 10ms/step
Epoch 54/800
17/17 - 0s - loss: 0.1349 - mae: 0.1349 - mse: 0.0317 - 174ms/epoch - 10ms/step
Epoch 55/800
17/17 - 0s - loss: 0.1513 - mae: 0.1513 - mse: 0.0384 - 174ms/epoch - 10ms/step
Epoch 56/800
17/17 - 0s - loss: 0.1225 - mae: 0.1225 - mse: 0.0274 - 174ms/epoch - 10ms/step
Epoch 57/800
17/17 - 0s - loss: 0.1295 - mae: 0.1295 - mse: 0.0293 - 174ms/epoch - 10ms/step
Epoch 58/800
17/17 - 0s - loss: 0.1415 - mae: 0.1415 - mse: 0.0346 - 174ms/epoch - 10ms/step
Epoch 59/800
17/17 - 0s - loss: 0.1392 - mae: 0.1392 - mse: 0.0328 - 174ms/epoch - 10ms/step
Epoch 60/800
17/17 - 0s - loss: 0.1326 - mae: 0.1326 - mse: 0.0302 - 174ms/epoch - 10ms/step
Epoch 61/800
17/17 - 0s - loss: 0.1355 - mae: 0.1355 - mse: 0.0317 - 174ms/epoch - 10ms/step
Epoch 62/800
17/17 - 0s - loss: 0.1566 - mae: 0.1566 - mse: 0.0410 - 175ms/epoch - 10ms/step
Epoch 63/800
17/17 - 0s - loss: 0.1299 - mae: 0.1299 - mse: 0.0307 - 174ms/epoch - 10ms/step
Epoch 64/800
17/17 - 0s - loss: 0.1249 - mae: 0.1249 - mse: 0.0271 - 174ms/epoch - 10ms/step
Epoch 65/800
17/17 - 0s - loss: 0.1335 - mae: 0.1335 - mse: 0.0307 - 174ms/epoch - 10ms/step
Epoch 66/800
17/17 - 0s - loss: 0.1435 - mae: 0.1435 - mse: 0.0362 - 174ms/epoch - 10ms/step
Epoch 67/800
17/17 - 0s - loss: 0.1451 - mae: 0.1451 - mse: 0.0357 - 174ms/epoch - 10ms/step
Epoch 68/800
17/17 - 0s - loss: 0.1324 - mae: 0.1324 - mse: 0.0302 - 174ms/epoch - 10ms/step
Epoch 69/800
17/17 - 0s - loss: 0.1286 - mae: 0.1286 - mse: 0.0284 - 174ms/epoch - 10ms/step
Epoch 70/800
17/17 - 0s - loss: 0.1270 - mae: 0.1270 - mse: 0.0276 - 174ms/epoch - 10ms/step
Epoch 71/800
17/17 - 0s - loss: 0.1173 - mae: 0.1173 - mse: 0.0255 - 174ms/epoch - 10ms/step
Epoch 72/800
17/17 - 0s - loss: 0.1171 - mae: 0.1171 - mse: 0.0247 - 174ms/epoch - 10ms/step
Epoch 73/800
17/17 - 0s - loss: 0.1213 - mae: 0.1213 - mse: 0.0243 - 174ms/epoch - 10ms/step
Epoch 74/800
17/17 - 0s - loss: 0.1185 - mae: 0.1185 - mse: 0.0247 - 174ms/epoch - 10ms/step
Epoch 75/800
17/17 - 0s - loss: 0.1197 - mae: 0.1197 - mse: 0.0249 - 174ms/epoch - 10ms/step
Epoch 76/800
17/17 - 0s - loss: 0.1127 - mae: 0.1127 - mse: 0.0226 - 174ms/epoch - 10ms/step
Epoch 77/800
17/17 - 0s - loss: 0.1131 - mae: 0.1131 - mse: 0.0226 - 174ms/epoch - 10ms/step
Epoch 78/800
17/17 - 0s - loss: 0.1090 - mae: 0.1090 - mse: 0.0220 - 174ms/epoch - 10ms/step
Epoch 79/800
17/17 - 0s - loss: 0.1190 - mae: 0.1190 - mse: 0.0249 - 174ms/epoch - 10ms/step
Epoch 80/800
17/17 - 0s - loss: 0.1152 - mae: 0.1152 - mse: 0.0229 - 174ms/epoch - 10ms/step
Epoch 81/800
17/17 - 0s - loss: 0.1164 - mae: 0.1164 - mse: 0.0241 - 174ms/epoch - 10ms/step
Epoch 82/800
17/17 - 0s - loss: 0.1236 - mae: 0.1236 - mse: 0.0256 - 174ms/epoch - 10ms/step
Epoch 83/800
17/17 - 0s - loss: 0.1259 - mae: 0.1259 - mse: 0.0265 - 174ms/epoch - 10ms/step
Epoch 84/800
17/17 - 0s - loss: 0.1280 - mae: 0.1280 - mse: 0.0285 - 174ms/epoch - 10ms/step
Epoch 85/800
17/17 - 0s - loss: 0.1262 - mae: 0.1262 - mse: 0.0280 - 174ms/epoch - 10ms/step
Epoch 86/800
17/17 - 0s - loss: 0.1190 - mae: 0.1190 - mse: 0.0235 - 176ms/epoch - 10ms/step
Epoch 87/800
17/17 - 0s - loss: 0.1054 - mae: 0.1054 - mse: 0.0202 - 174ms/epoch - 10ms/step
Epoch 88/800
17/17 - 0s - loss: 0.1174 - mae: 0.1174 - mse: 0.0242 - 174ms/epoch - 10ms/step
Epoch 89/800
17/17 - 0s - loss: 0.1232 - mae: 0.1232 - mse: 0.0256 - 174ms/epoch - 10ms/step
Epoch 90/800
17/17 - 0s - loss: 0.1101 - mae: 0.1101 - mse: 0.0222 - 174ms/epoch - 10ms/step
Epoch 91/800
17/17 - 0s - loss: 0.1091 - mae: 0.1091 - mse: 0.0219 - 174ms/epoch - 10ms/step
Epoch 92/800
17/17 - 0s - loss: 0.1122 - mae: 0.1122 - mse: 0.0241 - 174ms/epoch - 10ms/step
Epoch 93/800
17/17 - 0s - loss: 0.1039 - mae: 0.1039 - mse: 0.0196 - 174ms/epoch - 10ms/step
Epoch 94/800
17/17 - 0s - loss: 0.1124 - mae: 0.1124 - mse: 0.0227 - 174ms/epoch - 10ms/step
Epoch 95/800
17/17 - 0s - loss: 0.1047 - mae: 0.1047 - mse: 0.0196 - 174ms/epoch - 10ms/step
Epoch 96/800
17/17 - 0s - loss: 0.1097 - mae: 0.1097 - mse: 0.0205 - 174ms/epoch - 10ms/step
Epoch 97/800
17/17 - 0s - loss: 0.1109 - mae: 0.1109 - mse: 0.0215 - 174ms/epoch - 10ms/step
Epoch 98/800
17/17 - 0s - loss: 0.1026 - mae: 0.1026 - mse: 0.0193 - 174ms/epoch - 10ms/step
Epoch 99/800
17/17 - 0s - loss: 0.1102 - mae: 0.1102 - mse: 0.0204 - 174ms/epoch - 10ms/step
Epoch 100/800
17/17 - 0s - loss: 0.0974 - mae: 0.0974 - mse: 0.0175 - 174ms/epoch - 10ms/step
Epoch 101/800
17/17 - 0s - loss: 0.1236 - mae: 0.1236 - mse: 0.0259 - 174ms/epoch - 10ms/step
Epoch 102/800
17/17 - 0s - loss: 0.1020 - mae: 0.1020 - mse: 0.0190 - 174ms/epoch - 10ms/step
Epoch 103/800
17/17 - 0s - loss: 0.0966 - mae: 0.0966 - mse: 0.0173 - 174ms/epoch - 10ms/step
Epoch 104/800
17/17 - 0s - loss: 0.1053 - mae: 0.1053 - mse: 0.0200 - 174ms/epoch - 10ms/step
Epoch 105/800
17/17 - 0s - loss: 0.1085 - mae: 0.1085 - mse: 0.0207 - 174ms/epoch - 10ms/step
Epoch 106/800
17/17 - 0s - loss: 0.0999 - mae: 0.0999 - mse: 0.0184 - 174ms/epoch - 10ms/step
Epoch 107/800
17/17 - 0s - loss: 0.0976 - mae: 0.0976 - mse: 0.0181 - 174ms/epoch - 10ms/step
Epoch 108/800
17/17 - 0s - loss: 0.1119 - mae: 0.1119 - mse: 0.0205 - 174ms/epoch - 10ms/step
Epoch 109/800
17/17 - 0s - loss: 0.1106 - mae: 0.1106 - mse: 0.0215 - 174ms/epoch - 10ms/step
Epoch 110/800
17/17 - 0s - loss: 0.1047 - mae: 0.1047 - mse: 0.0197 - 174ms/epoch - 10ms/step
Epoch 111/800
17/17 - 0s - loss: 0.0928 - mae: 0.0928 - mse: 0.0163 - 174ms/epoch - 10ms/step
Epoch 112/800
17/17 - 0s - loss: 0.0959 - mae: 0.0959 - mse: 0.0173 - 174ms/epoch - 10ms/step
Epoch 113/800
17/17 - 0s - loss: 0.0936 - mae: 0.0936 - mse: 0.0172 - 174ms/epoch - 10ms/step
Epoch 114/800
17/17 - 0s - loss: 0.1002 - mae: 0.1002 - mse: 0.0182 - 174ms/epoch - 10ms/step
Epoch 115/800
17/17 - 0s - loss: 0.0973 - mae: 0.0973 - mse: 0.0171 - 174ms/epoch - 10ms/step
Epoch 116/800
17/17 - 0s - loss: 0.0867 - mae: 0.0867 - mse: 0.0143 - 174ms/epoch - 10ms/step
Epoch 117/800
17/17 - 0s - loss: 0.0954 - mae: 0.0954 - mse: 0.0166 - 175ms/epoch - 10ms/step
Epoch 118/800
17/17 - 0s - loss: 0.0933 - mae: 0.0933 - mse: 0.0160 - 174ms/epoch - 10ms/step
Epoch 119/800
17/17 - 0s - loss: 0.0989 - mae: 0.0989 - mse: 0.0174 - 174ms/epoch - 10ms/step
Epoch 120/800
17/17 - 0s - loss: 0.0996 - mae: 0.0996 - mse: 0.0177 - 174ms/epoch - 10ms/step
Epoch 121/800
17/17 - 0s - loss: 0.1158 - mae: 0.1158 - mse: 0.0224 - 174ms/epoch - 10ms/step
Epoch 122/800
17/17 - 0s - loss: 0.1062 - mae: 0.1062 - mse: 0.0197 - 174ms/epoch - 10ms/step
Epoch 123/800
17/17 - 0s - loss: 0.0938 - mae: 0.0938 - mse: 0.0155 - 174ms/epoch - 10ms/step
Epoch 124/800
17/17 - 0s - loss: 0.0916 - mae: 0.0916 - mse: 0.0156 - 174ms/epoch - 10ms/step
Epoch 125/800
17/17 - 0s - loss: 0.0917 - mae: 0.0917 - mse: 0.0147 - 174ms/epoch - 10ms/step
Epoch 126/800
17/17 - 0s - loss: 0.0922 - mae: 0.0922 - mse: 0.0154 - 174ms/epoch - 10ms/step
Epoch 127/800
17/17 - 0s - loss: 0.0877 - mae: 0.0877 - mse: 0.0138 - 175ms/epoch - 10ms/step
Epoch 128/800
17/17 - 0s - loss: 0.0946 - mae: 0.0946 - mse: 0.0157 - 175ms/epoch - 10ms/step
Epoch 129/800
17/17 - 0s - loss: 0.0936 - mae: 0.0936 - mse: 0.0153 - 174ms/epoch - 10ms/step
Epoch 130/800
17/17 - 0s - loss: 0.1113 - mae: 0.1113 - mse: 0.0211 - 174ms/epoch - 10ms/step
Epoch 131/800
17/17 - 0s - loss: 0.0904 - mae: 0.0904 - mse: 0.0161 - 174ms/epoch - 10ms/step
Epoch 132/800
17/17 - 0s - loss: 0.0911 - mae: 0.0911 - mse: 0.0157 - 174ms/epoch - 10ms/step
Epoch 133/800
17/17 - 0s - loss: 0.0913 - mae: 0.0913 - mse: 0.0151 - 174ms/epoch - 10ms/step
Epoch 134/800
17/17 - 0s - loss: 0.0782 - mae: 0.0782 - mse: 0.0118 - 176ms/epoch - 10ms/step
Epoch 135/800
17/17 - 0s - loss: 0.0939 - mae: 0.0939 - mse: 0.0156 - 176ms/epoch - 10ms/step
Epoch 136/800
17/17 - 0s - loss: 0.1008 - mae: 0.1008 - mse: 0.0176 - 176ms/epoch - 10ms/step
Epoch 137/800
17/17 - 0s - loss: 0.0912 - mae: 0.0912 - mse: 0.0148 - 176ms/epoch - 10ms/step
Epoch 138/800
17/17 - 0s - loss: 0.1110 - mae: 0.1110 - mse: 0.0199 - 176ms/epoch - 10ms/step
Epoch 139/800
17/17 - 0s - loss: 0.0985 - mae: 0.0985 - mse: 0.0167 - 175ms/epoch - 10ms/step
Epoch 140/800
17/17 - 0s - loss: 0.0958 - mae: 0.0958 - mse: 0.0167 - 175ms/epoch - 10ms/step
Epoch 141/800
17/17 - 0s - loss: 0.0953 - mae: 0.0953 - mse: 0.0161 - 178ms/epoch - 10ms/step
Epoch 142/800
17/17 - 0s - loss: 0.0855 - mae: 0.0855 - mse: 0.0131 - 177ms/epoch - 10ms/step
Epoch 143/800
17/17 - 0s - loss: 0.0765 - mae: 0.0765 - mse: 0.0113 - 177ms/epoch - 10ms/step
Epoch 144/800
17/17 - 0s - loss: 0.0815 - mae: 0.0815 - mse: 0.0129 - 176ms/epoch - 10ms/step
Epoch 145/800
17/17 - 0s - loss: 0.0974 - mae: 0.0974 - mse: 0.0166 - 175ms/epoch - 10ms/step
Epoch 146/800
17/17 - 0s - loss: 0.0809 - mae: 0.0809 - mse: 0.0124 - 176ms/epoch - 10ms/step
Epoch 147/800
17/17 - 0s - loss: 0.0837 - mae: 0.0837 - mse: 0.0128 - 176ms/epoch - 10ms/step
Epoch 148/800
17/17 - 0s - loss: 0.0940 - mae: 0.0940 - mse: 0.0154 - 175ms/epoch - 10ms/step
Epoch 149/800
17/17 - 0s - loss: 0.0909 - mae: 0.0909 - mse: 0.0151 - 175ms/epoch - 10ms/step
Epoch 150/800
17/17 - 0s - loss: 0.0855 - mae: 0.0855 - mse: 0.0127 - 175ms/epoch - 10ms/step
Epoch 151/800
17/17 - 0s - loss: 0.0875 - mae: 0.0875 - mse: 0.0141 - 175ms/epoch - 10ms/step
Epoch 152/800
17/17 - 0s - loss: 0.0891 - mae: 0.0891 - mse: 0.0143 - 175ms/epoch - 10ms/step
Epoch 153/800
17/17 - 0s - loss: 0.0840 - mae: 0.0840 - mse: 0.0136 - 175ms/epoch - 10ms/step
Epoch 154/800
17/17 - 0s - loss: 0.0783 - mae: 0.0783 - mse: 0.0115 - 175ms/epoch - 10ms/step
Epoch 155/800
17/17 - 0s - loss: 0.0745 - mae: 0.0745 - mse: 0.0101 - 175ms/epoch - 10ms/step
Epoch 156/800
17/17 - 0s - loss: 0.0816 - mae: 0.0816 - mse: 0.0120 - 175ms/epoch - 10ms/step
Epoch 157/800
17/17 - 0s - loss: 0.0853 - mae: 0.0853 - mse: 0.0127 - 175ms/epoch - 10ms/step
Epoch 158/800
17/17 - 0s - loss: 0.0797 - mae: 0.0797 - mse: 0.0118 - 176ms/epoch - 10ms/step
Epoch 159/800
17/17 - 0s - loss: 0.0779 - mae: 0.0779 - mse: 0.0109 - 176ms/epoch - 10ms/step
Epoch 160/800
17/17 - 0s - loss: 0.0806 - mae: 0.0806 - mse: 0.0118 - 176ms/epoch - 10ms/step
Epoch 161/800
17/17 - 0s - loss: 0.0850 - mae: 0.0850 - mse: 0.0133 - 176ms/epoch - 10ms/step
Epoch 162/800
17/17 - 0s - loss: 0.0806 - mae: 0.0806 - mse: 0.0115 - 176ms/epoch - 10ms/step
Epoch 163/800
17/17 - 0s - loss: 0.0784 - mae: 0.0784 - mse: 0.0112 - 175ms/epoch - 10ms/step
Epoch 164/800
17/17 - 0s - loss: 0.0780 - mae: 0.0780 - mse: 0.0114 - 175ms/epoch - 10ms/step
Epoch 165/800
17/17 - 0s - loss: 0.0853 - mae: 0.0853 - mse: 0.0128 - 176ms/epoch - 10ms/step
Epoch 166/800
17/17 - 0s - loss: 0.0719 - mae: 0.0719 - mse: 0.0100 - 176ms/epoch - 10ms/step
Epoch 167/800
17/17 - 0s - loss: 0.0894 - mae: 0.0894 - mse: 0.0136 - 177ms/epoch - 10ms/step
Epoch 168/800
17/17 - 0s - loss: 0.0894 - mae: 0.0894 - mse: 0.0139 - 176ms/epoch - 10ms/step
Epoch 169/800
17/17 - 0s - loss: 0.1036 - mae: 0.1036 - mse: 0.0173 - 176ms/epoch - 10ms/step
Epoch 170/800
17/17 - 0s - loss: 0.0924 - mae: 0.0924 - mse: 0.0144 - 176ms/epoch - 10ms/step
Epoch 171/800
17/17 - 0s - loss: 0.0782 - mae: 0.0782 - mse: 0.0112 - 176ms/epoch - 10ms/step
Epoch 172/800
17/17 - 0s - loss: 0.0745 - mae: 0.0745 - mse: 0.0102 - 177ms/epoch - 10ms/step
Epoch 173/800
17/17 - 0s - loss: 0.0742 - mae: 0.0742 - mse: 0.0101 - 176ms/epoch - 10ms/step
Epoch 174/800
17/17 - 0s - loss: 0.0808 - mae: 0.0808 - mse: 0.0118 - 189ms/epoch - 11ms/step
Epoch 175/800
17/17 - 0s - loss: 0.0814 - mae: 0.0814 - mse: 0.0118 - 219ms/epoch - 13ms/step
Epoch 176/800
17/17 - 0s - loss: 0.0806 - mae: 0.0806 - mse: 0.0125 - 186ms/epoch - 11ms/step
Epoch 177/800
17/17 - 0s - loss: 0.0738 - mae: 0.0738 - mse: 0.0099 - 186ms/epoch - 11ms/step
Epoch 178/800
17/17 - 0s - loss: 0.0856 - mae: 0.0856 - mse: 0.0126 - 191ms/epoch - 11ms/step
Epoch 179/800
17/17 - 0s - loss: 0.0815 - mae: 0.0815 - mse: 0.0117 - 181ms/epoch - 11ms/step
Epoch 180/800
17/17 - 0s - loss: 0.0795 - mae: 0.0795 - mse: 0.0116 - 178ms/epoch - 10ms/step
Epoch 181/800
17/17 - 0s - loss: 0.0776 - mae: 0.0776 - mse: 0.0103 - 179ms/epoch - 11ms/step
Epoch 182/800
17/17 - 0s - loss: 0.0741 - mae: 0.0741 - mse: 0.0098 - 178ms/epoch - 10ms/step
Epoch 183/800
17/17 - 0s - loss: 0.0682 - mae: 0.0682 - mse: 0.0087 - 178ms/epoch - 10ms/step
Epoch 184/800
17/17 - 0s - loss: 0.0770 - mae: 0.0770 - mse: 0.0109 - 178ms/epoch - 10ms/step
Epoch 185/800
17/17 - 0s - loss: 0.0750 - mae: 0.0750 - mse: 0.0102 - 179ms/epoch - 11ms/step
Epoch 186/800
17/17 - 0s - loss: 0.0743 - mae: 0.0743 - mse: 0.0103 - 179ms/epoch - 11ms/step
Epoch 187/800
17/17 - 0s - loss: 0.0699 - mae: 0.0699 - mse: 0.0093 - 179ms/epoch - 11ms/step
Epoch 188/800
17/17 - 0s - loss: 0.0742 - mae: 0.0742 - mse: 0.0104 - 178ms/epoch - 10ms/step
Epoch 189/800
17/17 - 0s - loss: 0.0775 - mae: 0.0775 - mse: 0.0105 - 179ms/epoch - 11ms/step
Epoch 190/800
17/17 - 0s - loss: 0.0759 - mae: 0.0759 - mse: 0.0104 - 178ms/epoch - 10ms/step
Epoch 191/800
17/17 - 0s - loss: 0.0775 - mae: 0.0775 - mse: 0.0105 - 178ms/epoch - 10ms/step
Epoch 192/800
17/17 - 0s - loss: 0.0752 - mae: 0.0752 - mse: 0.0102 - 178ms/epoch - 10ms/step
Epoch 193/800
17/17 - 0s - loss: 0.0764 - mae: 0.0764 - mse: 0.0107 - 178ms/epoch - 10ms/step
Epoch 194/800
17/17 - 0s - loss: 0.0730 - mae: 0.0730 - mse: 0.0097 - 178ms/epoch - 10ms/step
Epoch 195/800
17/17 - 0s - loss: 0.0686 - mae: 0.0686 - mse: 0.0087 - 178ms/epoch - 10ms/step
Epoch 196/800
17/17 - 0s - loss: 0.0863 - mae: 0.0863 - mse: 0.0125 - 178ms/epoch - 10ms/step
Epoch 197/800
17/17 - 0s - loss: 0.0972 - mae: 0.0972 - mse: 0.0153 - 178ms/epoch - 10ms/step
Epoch 198/800
17/17 - 0s - loss: 0.0827 - mae: 0.0827 - mse: 0.0123 - 178ms/epoch - 10ms/step
Epoch 199/800
17/17 - 0s - loss: 0.0699 - mae: 0.0699 - mse: 0.0087 - 178ms/epoch - 10ms/step
Epoch 200/800
17/17 - 0s - loss: 0.0775 - mae: 0.0775 - mse: 0.0105 - 230ms/epoch - 14ms/step
Epoch 201/800
17/17 - 0s - loss: 0.0834 - mae: 0.0834 - mse: 0.0122 - 348ms/epoch - 20ms/step
Epoch 202/800
17/17 - 0s - loss: 0.0691 - mae: 0.0691 - mse: 0.0085 - 202ms/epoch - 12ms/step
Epoch 203/800
17/17 - 0s - loss: 0.0688 - mae: 0.0688 - mse: 0.0085 - 181ms/epoch - 11ms/step
Epoch 204/800
17/17 - 0s - loss: 0.0700 - mae: 0.0700 - mse: 0.0088 - 191ms/epoch - 11ms/step
Epoch 205/800
17/17 - 0s - loss: 0.0725 - mae: 0.0725 - mse: 0.0094 - 187ms/epoch - 11ms/step
Epoch 206/800
17/17 - 0s - loss: 0.0706 - mae: 0.0706 - mse: 0.0090 - 182ms/epoch - 11ms/step
Epoch 207/800
17/17 - 0s - loss: 0.0686 - mae: 0.0686 - mse: 0.0086 - 179ms/epoch - 11ms/step
Epoch 208/800
17/17 - 0s - loss: 0.0701 - mae: 0.0701 - mse: 0.0086 - 178ms/epoch - 10ms/step
Epoch 209/800
17/17 - 0s - loss: 0.0714 - mae: 0.0714 - mse: 0.0092 - 176ms/epoch - 10ms/step
Epoch 210/800
17/17 - 0s - loss: 0.0676 - mae: 0.0676 - mse: 0.0081 - 176ms/epoch - 10ms/step
Epoch 211/800
17/17 - 0s - loss: 0.0639 - mae: 0.0639 - mse: 0.0074 - 176ms/epoch - 10ms/step
Epoch 212/800
17/17 - 0s - loss: 0.0672 - mae: 0.0672 - mse: 0.0081 - 176ms/epoch - 10ms/step
Epoch 213/800
17/17 - 0s - loss: 0.0797 - mae: 0.0797 - mse: 0.0106 - 176ms/epoch - 10ms/step
Epoch 214/800
17/17 - 0s - loss: 0.0767 - mae: 0.0767 - mse: 0.0101 - 176ms/epoch - 10ms/step
Epoch 215/800
17/17 - 0s - loss: 0.0658 - mae: 0.0658 - mse: 0.0081 - 175ms/epoch - 10ms/step
Epoch 216/800
17/17 - 0s - loss: 0.0648 - mae: 0.0648 - mse: 0.0078 - 176ms/epoch - 10ms/step
Epoch 217/800
17/17 - 0s - loss: 0.0643 - mae: 0.0643 - mse: 0.0077 - 176ms/epoch - 10ms/step
Epoch 218/800
17/17 - 0s - loss: 0.0626 - mae: 0.0626 - mse: 0.0071 - 176ms/epoch - 10ms/step
Epoch 219/800
17/17 - 0s - loss: 0.0598 - mae: 0.0598 - mse: 0.0068 - 175ms/epoch - 10ms/step
Epoch 220/800
17/17 - 0s - loss: 0.0579 - mae: 0.0579 - mse: 0.0063 - 175ms/epoch - 10ms/step
Epoch 221/800
17/17 - 0s - loss: 0.0652 - mae: 0.0652 - mse: 0.0078 - 176ms/epoch - 10ms/step
Epoch 222/800
17/17 - 0s - loss: 0.0654 - mae: 0.0654 - mse: 0.0077 - 175ms/epoch - 10ms/step
Epoch 223/800
17/17 - 0s - loss: 0.0673 - mae: 0.0673 - mse: 0.0080 - 176ms/epoch - 10ms/step
Epoch 224/800
17/17 - 0s - loss: 0.0646 - mae: 0.0646 - mse: 0.0075 - 176ms/epoch - 10ms/step
Epoch 225/800
17/17 - 0s - loss: 0.0628 - mae: 0.0628 - mse: 0.0070 - 176ms/epoch - 10ms/step
Epoch 226/800
17/17 - 0s - loss: 0.0638 - mae: 0.0638 - mse: 0.0076 - 176ms/epoch - 10ms/step
Epoch 227/800
17/17 - 0s - loss: 0.0702 - mae: 0.0702 - mse: 0.0090 - 175ms/epoch - 10ms/step
Epoch 228/800
17/17 - 0s - loss: 0.0783 - mae: 0.0783 - mse: 0.0111 - 175ms/epoch - 10ms/step
Epoch 229/800
17/17 - 0s - loss: 0.0608 - mae: 0.0608 - mse: 0.0067 - 175ms/epoch - 10ms/step
Epoch 230/800
17/17 - 0s - loss: 0.0636 - mae: 0.0636 - mse: 0.0076 - 175ms/epoch - 10ms/step
Epoch 231/800
17/17 - 0s - loss: 0.0656 - mae: 0.0656 - mse: 0.0078 - 176ms/epoch - 10ms/step
Epoch 232/800
17/17 - 0s - loss: 0.0620 - mae: 0.0620 - mse: 0.0071 - 175ms/epoch - 10ms/step
Epoch 233/800
17/17 - 0s - loss: 0.0630 - mae: 0.0630 - mse: 0.0067 - 175ms/epoch - 10ms/step
Epoch 234/800
17/17 - 0s - loss: 0.0607 - mae: 0.0607 - mse: 0.0064 - 175ms/epoch - 10ms/step
Epoch 235/800
17/17 - 0s - loss: 0.0645 - mae: 0.0645 - mse: 0.0073 - 176ms/epoch - 10ms/step
Epoch 236/800
17/17 - 0s - loss: 0.0588 - mae: 0.0588 - mse: 0.0066 - 176ms/epoch - 10ms/step
Epoch 237/800
17/17 - 0s - loss: 0.0664 - mae: 0.0664 - mse: 0.0082 - 178ms/epoch - 10ms/step
Epoch 238/800
17/17 - 0s - loss: 0.0721 - mae: 0.0721 - mse: 0.0097 - 176ms/epoch - 10ms/step
Epoch 239/800
17/17 - 0s - loss: 0.0734 - mae: 0.0734 - mse: 0.0093 - 175ms/epoch - 10ms/step
Epoch 240/800
17/17 - 0s - loss: 0.0596 - mae: 0.0596 - mse: 0.0064 - 176ms/epoch - 10ms/step
Epoch 241/800
17/17 - 0s - loss: 0.0631 - mae: 0.0631 - mse: 0.0072 - 176ms/epoch - 10ms/step
Epoch 242/800
17/17 - 0s - loss: 0.0634 - mae: 0.0634 - mse: 0.0075 - 176ms/epoch - 10ms/step
Epoch 243/800
17/17 - 0s - loss: 0.0643 - mae: 0.0643 - mse: 0.0074 - 175ms/epoch - 10ms/step
Epoch 244/800
17/17 - 0s - loss: 0.0620 - mae: 0.0620 - mse: 0.0071 - 175ms/epoch - 10ms/step
Epoch 245/800
17/17 - 0s - loss: 0.0668 - mae: 0.0668 - mse: 0.0079 - 175ms/epoch - 10ms/step
Epoch 246/800
17/17 - 0s - loss: 0.0589 - mae: 0.0589 - mse: 0.0064 - 176ms/epoch - 10ms/step
Epoch 247/800
17/17 - 0s - loss: 0.0607 - mae: 0.0607 - mse: 0.0064 - 175ms/epoch - 10ms/step
Epoch 248/800
17/17 - 0s - loss: 0.0594 - mae: 0.0594 - mse: 0.0062 - 176ms/epoch - 10ms/step
Epoch 249/800
17/17 - 0s - loss: 0.0569 - mae: 0.0569 - mse: 0.0058 - 176ms/epoch - 10ms/step
Epoch 250/800
17/17 - 0s - loss: 0.0554 - mae: 0.0554 - mse: 0.0056 - 176ms/epoch - 10ms/step
Epoch 251/800
17/17 - 0s - loss: 0.0580 - mae: 0.0580 - mse: 0.0059 - 176ms/epoch - 10ms/step
Epoch 252/800
17/17 - 0s - loss: 0.0589 - mae: 0.0589 - mse: 0.0066 - 176ms/epoch - 10ms/step
Epoch 253/800
17/17 - 0s - loss: 0.0595 - mae: 0.0595 - mse: 0.0062 - 176ms/epoch - 10ms/step
Epoch 254/800
17/17 - 0s - loss: 0.0629 - mae: 0.0629 - mse: 0.0065 - 175ms/epoch - 10ms/step
Epoch 255/800
17/17 - 0s - loss: 0.0536 - mae: 0.0536 - mse: 0.0050 - 176ms/epoch - 10ms/step
Epoch 256/800
17/17 - 0s - loss: 0.0534 - mae: 0.0534 - mse: 0.0053 - 176ms/epoch - 10ms/step
Epoch 257/800
17/17 - 0s - loss: 0.0528 - mae: 0.0528 - mse: 0.0051 - 175ms/epoch - 10ms/step
Epoch 258/800
17/17 - 0s - loss: 0.0557 - mae: 0.0557 - mse: 0.0057 - 175ms/epoch - 10ms/step
Epoch 259/800
17/17 - 0s - loss: 0.0515 - mae: 0.0515 - mse: 0.0049 - 175ms/epoch - 10ms/step
Epoch 260/800
17/17 - 0s - loss: 0.0543 - mae: 0.0543 - mse: 0.0058 - 176ms/epoch - 10ms/step
Epoch 261/800
17/17 - 0s - loss: 0.0497 - mae: 0.0497 - mse: 0.0048 - 175ms/epoch - 10ms/step
Epoch 262/800
17/17 - 0s - loss: 0.0546 - mae: 0.0546 - mse: 0.0058 - 176ms/epoch - 10ms/step
Epoch 263/800
17/17 - 0s - loss: 0.0506 - mae: 0.0506 - mse: 0.0046 - 176ms/epoch - 10ms/step
Epoch 264/800
17/17 - 0s - loss: 0.0478 - mae: 0.0478 - mse: 0.0044 - 176ms/epoch - 10ms/step
Epoch 265/800
17/17 - 0s - loss: 0.0518 - mae: 0.0518 - mse: 0.0049 - 175ms/epoch - 10ms/step
Epoch 266/800
17/17 - 0s - loss: 0.0510 - mae: 0.0510 - mse: 0.0049 - 175ms/epoch - 10ms/step
Epoch 267/800
17/17 - 0s - loss: 0.0532 - mae: 0.0532 - mse: 0.0053 - 175ms/epoch - 10ms/step
Epoch 268/800
17/17 - 0s - loss: 0.0552 - mae: 0.0552 - mse: 0.0058 - 176ms/epoch - 10ms/step
Epoch 269/800
17/17 - 0s - loss: 0.0552 - mae: 0.0552 - mse: 0.0055 - 175ms/epoch - 10ms/step
Epoch 270/800
17/17 - 0s - loss: 0.0615 - mae: 0.0615 - mse: 0.0066 - 176ms/epoch - 10ms/step
Epoch 271/800
17/17 - 0s - loss: 0.0538 - mae: 0.0538 - mse: 0.0056 - 176ms/epoch - 10ms/step
Epoch 272/800
17/17 - 0s - loss: 0.0503 - mae: 0.0503 - mse: 0.0046 - 176ms/epoch - 10ms/step
Epoch 273/800
17/17 - 0s - loss: 0.0470 - mae: 0.0470 - mse: 0.0040 - 176ms/epoch - 10ms/step
Epoch 274/800
17/17 - 0s - loss: 0.0515 - mae: 0.0515 - mse: 0.0051 - 176ms/epoch - 10ms/step
Epoch 275/800
17/17 - 0s - loss: 0.0544 - mae: 0.0544 - mse: 0.0052 - 176ms/epoch - 10ms/step
Epoch 276/800
17/17 - 0s - loss: 0.0681 - mae: 0.0681 - mse: 0.0076 - 175ms/epoch - 10ms/step
Epoch 277/800
17/17 - 0s - loss: 0.0594 - mae: 0.0594 - mse: 0.0061 - 175ms/epoch - 10ms/step
Epoch 278/800
17/17 - 0s - loss: 0.0536 - mae: 0.0536 - mse: 0.0050 - 175ms/epoch - 10ms/step
Epoch 279/800
17/17 - 0s - loss: 0.0483 - mae: 0.0483 - mse: 0.0044 - 176ms/epoch - 10ms/step
Epoch 280/800
17/17 - 0s - loss: 0.0517 - mae: 0.0517 - mse: 0.0047 - 176ms/epoch - 10ms/step
Epoch 281/800
17/17 - 0s - loss: 0.0492 - mae: 0.0492 - mse: 0.0046 - 175ms/epoch - 10ms/step
Epoch 282/800
17/17 - 0s - loss: 0.0526 - mae: 0.0526 - mse: 0.0048 - 176ms/epoch - 10ms/step
Epoch 283/800
17/17 - 0s - loss: 0.0513 - mae: 0.0513 - mse: 0.0047 - 176ms/epoch - 10ms/step
Epoch 284/800
17/17 - 0s - loss: 0.0489 - mae: 0.0489 - mse: 0.0044 - 176ms/epoch - 10ms/step
Epoch 285/800
17/17 - 0s - loss: 0.0497 - mae: 0.0497 - mse: 0.0045 - 175ms/epoch - 10ms/step
Epoch 286/800
17/17 - 0s - loss: 0.0613 - mae: 0.0613 - mse: 0.0066 - 175ms/epoch - 10ms/step
Epoch 287/800
17/17 - 0s - loss: 0.0465 - mae: 0.0465 - mse: 0.0040 - 178ms/epoch - 10ms/step
Epoch 288/800
17/17 - 0s - loss: 0.0483 - mae: 0.0483 - mse: 0.0043 - 176ms/epoch - 10ms/step
Epoch 289/800
17/17 - 0s - loss: 0.0469 - mae: 0.0469 - mse: 0.0041 - 177ms/epoch - 10ms/step
Epoch 290/800
17/17 - 0s - loss: 0.0496 - mae: 0.0496 - mse: 0.0043 - 175ms/epoch - 10ms/step
Epoch 291/800
17/17 - 0s - loss: 0.0531 - mae: 0.0531 - mse: 0.0049 - 175ms/epoch - 10ms/step
Epoch 292/800
17/17 - 0s - loss: 0.0555 - mae: 0.0555 - mse: 0.0053 - 175ms/epoch - 10ms/step
Epoch 293/800
17/17 - 0s - loss: 0.0503 - mae: 0.0503 - mse: 0.0044 - 175ms/epoch - 10ms/step
Epoch 294/800
17/17 - 0s - loss: 0.0473 - mae: 0.0473 - mse: 0.0041 - 175ms/epoch - 10ms/step
Epoch 295/800
17/17 - 0s - loss: 0.0526 - mae: 0.0526 - mse: 0.0047 - 175ms/epoch - 10ms/step
Epoch 296/800
17/17 - 0s - loss: 0.0487 - mae: 0.0487 - mse: 0.0043 - 175ms/epoch - 10ms/step
Epoch 297/800
17/17 - 0s - loss: 0.0513 - mae: 0.0513 - mse: 0.0047 - 175ms/epoch - 10ms/step
Epoch 298/800
17/17 - 0s - loss: 0.0556 - mae: 0.0556 - mse: 0.0058 - 175ms/epoch - 10ms/step
Epoch 299/800
17/17 - 0s - loss: 0.0532 - mae: 0.0532 - mse: 0.0052 - 175ms/epoch - 10ms/step
Epoch 300/800
17/17 - 0s - loss: 0.0472 - mae: 0.0472 - mse: 0.0043 - 176ms/epoch - 10ms/step
Epoch 301/800
17/17 - 0s - loss: 0.0547 - mae: 0.0547 - mse: 0.0054 - 176ms/epoch - 10ms/step
Epoch 302/800
17/17 - 0s - loss: 0.0603 - mae: 0.0603 - mse: 0.0060 - 176ms/epoch - 10ms/step
Epoch 303/800
17/17 - 0s - loss: 0.0468 - mae: 0.0468 - mse: 0.0039 - 176ms/epoch - 10ms/step
Epoch 304/800
17/17 - 0s - loss: 0.0455 - mae: 0.0455 - mse: 0.0039 - 176ms/epoch - 10ms/step
Epoch 305/800
17/17 - 0s - loss: 0.0435 - mae: 0.0435 - mse: 0.0035 - 175ms/epoch - 10ms/step
Epoch 306/800
17/17 - 0s - loss: 0.0401 - mae: 0.0401 - mse: 0.0030 - 175ms/epoch - 10ms/step
Epoch 307/800
17/17 - 0s - loss: 0.0445 - mae: 0.0445 - mse: 0.0036 - 175ms/epoch - 10ms/step
Epoch 308/800
17/17 - 0s - loss: 0.0575 - mae: 0.0575 - mse: 0.0057 - 176ms/epoch - 10ms/step
Epoch 309/800
17/17 - 0s - loss: 0.0532 - mae: 0.0532 - mse: 0.0049 - 175ms/epoch - 10ms/step
Epoch 310/800
17/17 - 0s - loss: 0.0481 - mae: 0.0481 - mse: 0.0041 - 175ms/epoch - 10ms/step
Epoch 311/800
17/17 - 0s - loss: 0.0505 - mae: 0.0505 - mse: 0.0045 - 175ms/epoch - 10ms/step
Epoch 312/800
17/17 - 0s - loss: 0.0434 - mae: 0.0434 - mse: 0.0034 - 176ms/epoch - 10ms/step
Epoch 313/800
17/17 - 0s - loss: 0.0494 - mae: 0.0494 - mse: 0.0043 - 175ms/epoch - 10ms/step
Epoch 314/800
17/17 - 0s - loss: 0.0465 - mae: 0.0465 - mse: 0.0038 - 175ms/epoch - 10ms/step
Epoch 315/800
17/17 - 0s - loss: 0.0440 - mae: 0.0440 - mse: 0.0035 - 175ms/epoch - 10ms/step
Epoch 316/800
17/17 - 0s - loss: 0.0518 - mae: 0.0518 - mse: 0.0047 - 175ms/epoch - 10ms/step
Epoch 317/800
17/17 - 0s - loss: 0.0492 - mae: 0.0492 - mse: 0.0045 - 176ms/epoch - 10ms/step
Epoch 318/800
17/17 - 0s - loss: 0.0458 - mae: 0.0458 - mse: 0.0036 - 176ms/epoch - 10ms/step
Epoch 319/800
17/17 - 0s - loss: 0.0493 - mae: 0.0493 - mse: 0.0046 - 176ms/epoch - 10ms/step
Epoch 320/800
17/17 - 0s - loss: 0.0602 - mae: 0.0602 - mse: 0.0059 - 175ms/epoch - 10ms/step
Epoch 321/800
17/17 - 0s - loss: 0.0498 - mae: 0.0498 - mse: 0.0042 - 175ms/epoch - 10ms/step
Epoch 322/800
17/17 - 0s - loss: 0.0464 - mae: 0.0464 - mse: 0.0037 - 175ms/epoch - 10ms/step
Epoch 323/800
17/17 - 0s - loss: 0.0434 - mae: 0.0434 - mse: 0.0033 - 175ms/epoch - 10ms/step
Epoch 324/800
17/17 - 0s - loss: 0.0366 - mae: 0.0366 - mse: 0.0025 - 176ms/epoch - 10ms/step
Epoch 325/800
17/17 - 0s - loss: 0.0391 - mae: 0.0391 - mse: 0.0028 - 175ms/epoch - 10ms/step
Epoch 326/800
17/17 - 0s - loss: 0.0421 - mae: 0.0421 - mse: 0.0031 - 176ms/epoch - 10ms/step
Epoch 327/800
17/17 - 0s - loss: 0.0398 - mae: 0.0398 - mse: 0.0028 - 175ms/epoch - 10ms/step
Epoch 328/800
17/17 - 0s - loss: 0.0447 - mae: 0.0447 - mse: 0.0035 - 176ms/epoch - 10ms/step
Epoch 329/800
17/17 - 0s - loss: 0.0390 - mae: 0.0390 - mse: 0.0027 - 176ms/epoch - 10ms/step
Epoch 330/800
17/17 - 0s - loss: 0.0411 - mae: 0.0411 - mse: 0.0030 - 175ms/epoch - 10ms/step
Epoch 331/800
17/17 - 0s - loss: 0.0456 - mae: 0.0456 - mse: 0.0036 - 175ms/epoch - 10ms/step
Epoch 332/800
17/17 - 0s - loss: 0.0468 - mae: 0.0468 - mse: 0.0037 - 175ms/epoch - 10ms/step
Epoch 333/800
17/17 - 0s - loss: 0.0374 - mae: 0.0374 - mse: 0.0026 - 175ms/epoch - 10ms/step
Epoch 334/800
17/17 - 0s - loss: 0.0468 - mae: 0.0468 - mse: 0.0037 - 176ms/epoch - 10ms/step
Epoch 335/800
17/17 - 0s - loss: 0.0439 - mae: 0.0439 - mse: 0.0035 - 176ms/epoch - 10ms/step
Epoch 336/800
17/17 - 0s - loss: 0.0389 - mae: 0.0389 - mse: 0.0027 - 175ms/epoch - 10ms/step
Epoch 337/800
17/17 - 0s - loss: 0.0436 - mae: 0.0436 - mse: 0.0033 - 175ms/epoch - 10ms/step
Epoch 338/800
17/17 - 0s - loss: 0.0376 - mae: 0.0376 - mse: 0.0026 - 176ms/epoch - 10ms/step
Epoch 339/800
17/17 - 0s - loss: 0.0438 - mae: 0.0438 - mse: 0.0033 - 176ms/epoch - 10ms/step
Epoch 340/800
17/17 - 0s - loss: 0.0375 - mae: 0.0375 - mse: 0.0024 - 175ms/epoch - 10ms/step
Epoch 341/800
17/17 - 0s - loss: 0.0362 - mae: 0.0362 - mse: 0.0025 - 175ms/epoch - 10ms/step
Epoch 342/800
17/17 - 0s - loss: 0.0376 - mae: 0.0376 - mse: 0.0025 - 175ms/epoch - 10ms/step
Epoch 343/800
17/17 - 0s - loss: 0.0374 - mae: 0.0374 - mse: 0.0025 - 176ms/epoch - 10ms/step
Epoch 344/800
17/17 - 0s - loss: 0.0393 - mae: 0.0393 - mse: 0.0027 - 176ms/epoch - 10ms/step
Epoch 345/800
17/17 - 0s - loss: 0.0458 - mae: 0.0458 - mse: 0.0036 - 176ms/epoch - 10ms/step
Epoch 346/800
17/17 - 0s - loss: 0.0446 - mae: 0.0446 - mse: 0.0033 - 176ms/epoch - 10ms/step
Epoch 347/800
17/17 - 0s - loss: 0.0535 - mae: 0.0535 - mse: 0.0046 - 176ms/epoch - 10ms/step
Epoch 348/800
17/17 - 0s - loss: 0.0423 - mae: 0.0423 - mse: 0.0030 - 176ms/epoch - 10ms/step
Epoch 349/800
17/17 - 0s - loss: 0.0351 - mae: 0.0351 - mse: 0.0023 - 175ms/epoch - 10ms/step
Epoch 350/800
17/17 - 0s - loss: 0.0357 - mae: 0.0357 - mse: 0.0023 - 176ms/epoch - 10ms/step
Epoch 351/800
17/17 - 0s - loss: 0.0346 - mae: 0.0346 - mse: 0.0022 - 175ms/epoch - 10ms/step
Epoch 352/800
17/17 - 0s - loss: 0.0411 - mae: 0.0411 - mse: 0.0033 - 176ms/epoch - 10ms/step
Epoch 353/800
17/17 - 0s - loss: 0.0446 - mae: 0.0446 - mse: 0.0033 - 175ms/epoch - 10ms/step
Epoch 354/800
17/17 - 0s - loss: 0.0383 - mae: 0.0383 - mse: 0.0026 - 175ms/epoch - 10ms/step
Epoch 355/800
17/17 - 0s - loss: 0.0325 - mae: 0.0325 - mse: 0.0019 - 175ms/epoch - 10ms/step
Epoch 356/800
17/17 - 0s - loss: 0.0350 - mae: 0.0350 - mse: 0.0022 - 176ms/epoch - 10ms/step
Epoch 357/800
17/17 - 0s - loss: 0.0347 - mae: 0.0347 - mse: 0.0022 - 176ms/epoch - 10ms/step
Epoch 358/800
17/17 - 0s - loss: 0.0385 - mae: 0.0385 - mse: 0.0026 - 175ms/epoch - 10ms/step
Epoch 359/800
17/17 - 0s - loss: 0.0429 - mae: 0.0429 - mse: 0.0030 - 176ms/epoch - 10ms/step
Epoch 360/800
17/17 - 0s - loss: 0.0424 - mae: 0.0424 - mse: 0.0030 - 175ms/epoch - 10ms/step
Epoch 361/800
17/17 - 0s - loss: 0.0368 - mae: 0.0368 - mse: 0.0024 - 175ms/epoch - 10ms/step
Epoch 362/800
17/17 - 0s - loss: 0.0362 - mae: 0.0362 - mse: 0.0024 - 175ms/epoch - 10ms/step
Epoch 363/800
17/17 - 0s - loss: 0.0406 - mae: 0.0406 - mse: 0.0028 - 176ms/epoch - 10ms/step
Epoch 364/800
17/17 - 0s - loss: 0.0394 - mae: 0.0394 - mse: 0.0027 - 176ms/epoch - 10ms/step
Epoch 365/800
17/17 - 0s - loss: 0.0361 - mae: 0.0361 - mse: 0.0023 - 175ms/epoch - 10ms/step
Epoch 366/800
17/17 - 0s - loss: 0.0329 - mae: 0.0329 - mse: 0.0020 - 175ms/epoch - 10ms/step
Epoch 367/800
17/17 - 0s - loss: 0.0416 - mae: 0.0416 - mse: 0.0030 - 176ms/epoch - 10ms/step
Epoch 368/800
17/17 - 0s - loss: 0.0391 - mae: 0.0391 - mse: 0.0027 - 176ms/epoch - 10ms/step
Epoch 369/800
17/17 - 0s - loss: 0.0426 - mae: 0.0426 - mse: 0.0031 - 176ms/epoch - 10ms/step
Epoch 370/800
17/17 - 0s - loss: 0.0401 - mae: 0.0401 - mse: 0.0028 - 179ms/epoch - 11ms/step
Epoch 371/800
17/17 - 0s - loss: 0.0379 - mae: 0.0379 - mse: 0.0026 - 176ms/epoch - 10ms/step
Epoch 372/800
17/17 - 0s - loss: 0.0414 - mae: 0.0414 - mse: 0.0030 - 175ms/epoch - 10ms/step
Epoch 373/800
17/17 - 0s - loss: 0.0403 - mae: 0.0403 - mse: 0.0029 - 175ms/epoch - 10ms/step
Epoch 374/800
17/17 - 0s - loss: 0.0394 - mae: 0.0394 - mse: 0.0029 - 176ms/epoch - 10ms/step
Epoch 375/800
17/17 - 0s - loss: 0.0378 - mae: 0.0378 - mse: 0.0025 - 175ms/epoch - 10ms/step
Epoch 376/800
17/17 - 0s - loss: 0.0448 - mae: 0.0448 - mse: 0.0033 - 176ms/epoch - 10ms/step
Epoch 377/800
17/17 - 0s - loss: 0.0412 - mae: 0.0412 - mse: 0.0030 - 175ms/epoch - 10ms/step
Epoch 378/800
17/17 - 0s - loss: 0.0350 - mae: 0.0350 - mse: 0.0022 - 176ms/epoch - 10ms/step
Epoch 379/800
17/17 - 0s - loss: 0.0358 - mae: 0.0358 - mse: 0.0023 - 175ms/epoch - 10ms/step
Epoch 380/800
17/17 - 0s - loss: 0.0364 - mae: 0.0364 - mse: 0.0024 - 176ms/epoch - 10ms/step
Epoch 381/800
17/17 - 0s - loss: 0.0366 - mae: 0.0366 - mse: 0.0023 - 175ms/epoch - 10ms/step
Epoch 382/800
17/17 - 0s - loss: 0.0436 - mae: 0.0436 - mse: 0.0032 - 175ms/epoch - 10ms/step
Epoch 383/800
17/17 - 0s - loss: 0.0403 - mae: 0.0403 - mse: 0.0028 - 176ms/epoch - 10ms/step
Epoch 384/800
17/17 - 0s - loss: 0.0379 - mae: 0.0379 - mse: 0.0024 - 176ms/epoch - 10ms/step
Epoch 385/800
17/17 - 0s - loss: 0.0427 - mae: 0.0427 - mse: 0.0031 - 175ms/epoch - 10ms/step
Epoch 386/800
17/17 - 0s - loss: 0.0363 - mae: 0.0363 - mse: 0.0022 - 175ms/epoch - 10ms/step
Epoch 387/800
17/17 - 0s - loss: 0.0308 - mae: 0.0308 - mse: 0.0017 - 175ms/epoch - 10ms/step
Epoch 388/800
17/17 - 0s - loss: 0.0314 - mae: 0.0314 - mse: 0.0017 - 176ms/epoch - 10ms/step
Epoch 389/800
17/17 - 0s - loss: 0.0362 - mae: 0.0362 - mse: 0.0022 - 177ms/epoch - 10ms/step
Epoch 390/800
17/17 - 0s - loss: 0.0312 - mae: 0.0312 - mse: 0.0017 - 175ms/epoch - 10ms/step
Epoch 391/800
17/17 - 0s - loss: 0.0290 - mae: 0.0290 - mse: 0.0015 - 175ms/epoch - 10ms/step
Epoch 392/800
17/17 - 0s - loss: 0.0309 - mae: 0.0309 - mse: 0.0018 - 176ms/epoch - 10ms/step
Epoch 393/800
17/17 - 0s - loss: 0.0307 - mae: 0.0307 - mse: 0.0016 - 175ms/epoch - 10ms/step
Epoch 394/800
17/17 - 0s - loss: 0.0341 - mae: 0.0341 - mse: 0.0020 - 175ms/epoch - 10ms/step
Epoch 395/800
17/17 - 0s - loss: 0.0351 - mae: 0.0351 - mse: 0.0022 - 175ms/epoch - 10ms/step
Epoch 396/800
17/17 - 0s - loss: 0.0370 - mae: 0.0370 - mse: 0.0023 - 176ms/epoch - 10ms/step
Epoch 397/800
17/17 - 0s - loss: 0.0330 - mae: 0.0330 - mse: 0.0019 - 175ms/epoch - 10ms/step
Epoch 398/800
17/17 - 0s - loss: 0.0312 - mae: 0.0312 - mse: 0.0017 - 176ms/epoch - 10ms/step
Epoch 399/800
17/17 - 0s - loss: 0.0354 - mae: 0.0354 - mse: 0.0021 - 176ms/epoch - 10ms/step
Epoch 400/800
17/17 - 0s - loss: 0.0406 - mae: 0.0406 - mse: 0.0029 - 176ms/epoch - 10ms/step
Epoch 401/800
17/17 - 0s - loss: 0.0383 - mae: 0.0383 - mse: 0.0025 - 176ms/epoch - 10ms/step
Epoch 402/800
17/17 - 0s - loss: 0.0339 - mae: 0.0339 - mse: 0.0021 - 176ms/epoch - 10ms/step
Epoch 403/800
17/17 - 0s - loss: 0.0333 - mae: 0.0333 - mse: 0.0020 - 175ms/epoch - 10ms/step
Epoch 404/800
17/17 - 0s - loss: 0.0315 - mae: 0.0315 - mse: 0.0017 - 176ms/epoch - 10ms/step
Epoch 405/800
17/17 - 0s - loss: 0.0311 - mae: 0.0311 - mse: 0.0017 - 176ms/epoch - 10ms/step
Epoch 406/800
17/17 - 0s - loss: 0.0325 - mae: 0.0325 - mse: 0.0019 - 175ms/epoch - 10ms/step
Epoch 407/800
17/17 - 0s - loss: 0.0368 - mae: 0.0368 - mse: 0.0023 - 176ms/epoch - 10ms/step
Epoch 408/800
17/17 - 0s - loss: 0.0340 - mae: 0.0340 - mse: 0.0020 - 175ms/epoch - 10ms/step
Epoch 409/800
17/17 - 0s - loss: 0.0330 - mae: 0.0330 - mse: 0.0019 - 175ms/epoch - 10ms/step
Epoch 410/800
17/17 - 0s - loss: 0.0322 - mae: 0.0322 - mse: 0.0019 - 179ms/epoch - 11ms/step
Epoch 411/800
17/17 - 0s - loss: 0.0314 - mae: 0.0314 - mse: 0.0017 - 176ms/epoch - 10ms/step
Epoch 412/800
17/17 - 0s - loss: 0.0334 - mae: 0.0334 - mse: 0.0019 - 176ms/epoch - 10ms/step
Epoch 413/800
17/17 - 0s - loss: 0.0323 - mae: 0.0323 - mse: 0.0019 - 176ms/epoch - 10ms/step
Epoch 414/800
17/17 - 0s - loss: 0.0352 - mae: 0.0352 - mse: 0.0022 - 176ms/epoch - 10ms/step
Epoch 415/800
17/17 - 0s - loss: 0.0318 - mae: 0.0318 - mse: 0.0017 - 176ms/epoch - 10ms/step
Epoch 416/800
17/17 - 0s - loss: 0.0312 - mae: 0.0312 - mse: 0.0017 - 176ms/epoch - 10ms/step
Epoch 417/800
17/17 - 0s - loss: 0.0358 - mae: 0.0358 - mse: 0.0022 - 175ms/epoch - 10ms/step
Epoch 418/800
17/17 - 0s - loss: 0.0369 - mae: 0.0369 - mse: 0.0025 - 175ms/epoch - 10ms/step
Epoch 419/800
17/17 - 0s - loss: 0.0353 - mae: 0.0353 - mse: 0.0022 - 175ms/epoch - 10ms/step
Epoch 420/800
17/17 - 0s - loss: 0.0322 - mae: 0.0322 - mse: 0.0018 - 175ms/epoch - 10ms/step
Epoch 421/800
17/17 - 0s - loss: 0.0326 - mae: 0.0326 - mse: 0.0018 - 175ms/epoch - 10ms/step
Epoch 422/800
17/17 - 0s - loss: 0.0319 - mae: 0.0319 - mse: 0.0018 - 176ms/epoch - 10ms/step
Epoch 423/800
17/17 - 0s - loss: 0.0373 - mae: 0.0373 - mse: 0.0024 - 175ms/epoch - 10ms/step
Epoch 424/800
17/17 - 0s - loss: 0.0396 - mae: 0.0396 - mse: 0.0027 - 176ms/epoch - 10ms/step
Epoch 425/800
17/17 - 0s - loss: 0.0332 - mae: 0.0332 - mse: 0.0019 - 175ms/epoch - 10ms/step
Epoch 426/800
17/17 - 0s - loss: 0.0317 - mae: 0.0317 - mse: 0.0017 - 175ms/epoch - 10ms/step
Epoch 427/800
17/17 - 0s - loss: 0.0312 - mae: 0.0312 - mse: 0.0018 - 175ms/epoch - 10ms/step
Epoch 428/800
17/17 - 0s - loss: 0.0350 - mae: 0.0350 - mse: 0.0020 - 176ms/epoch - 10ms/step
Epoch 429/800
17/17 - 0s - loss: 0.0263 - mae: 0.0263 - mse: 0.0013 - 175ms/epoch - 10ms/step
Epoch 430/800
17/17 - 0s - loss: 0.0290 - mae: 0.0290 - mse: 0.0015 - 176ms/epoch - 10ms/step
Epoch 431/800
17/17 - 0s - loss: 0.0283 - mae: 0.0283 - mse: 0.0014 - 175ms/epoch - 10ms/step
Epoch 432/800
17/17 - 0s - loss: 0.0292 - mae: 0.0292 - mse: 0.0015 - 175ms/epoch - 10ms/step
Epoch 433/800
17/17 - 0s - loss: 0.0332 - mae: 0.0332 - mse: 0.0018 - 175ms/epoch - 10ms/step
Epoch 434/800
17/17 - 0s - loss: 0.0304 - mae: 0.0304 - mse: 0.0016 - 176ms/epoch - 10ms/step
Epoch 435/800
17/17 - 0s - loss: 0.0293 - mae: 0.0293 - mse: 0.0015 - 176ms/epoch - 10ms/step
Epoch 436/800
17/17 - 0s - loss: 0.0313 - mae: 0.0313 - mse: 0.0016 - 175ms/epoch - 10ms/step
Epoch 437/800
17/17 - 0s - loss: 0.0299 - mae: 0.0299 - mse: 0.0016 - 175ms/epoch - 10ms/step
Epoch 438/800
17/17 - 0s - loss: 0.0331 - mae: 0.0331 - mse: 0.0019 - 176ms/epoch - 10ms/step
Epoch 439/800
17/17 - 0s - loss: 0.0260 - mae: 0.0260 - mse: 0.0012 - 176ms/epoch - 10ms/step
Epoch 440/800
17/17 - 0s - loss: 0.0298 - mae: 0.0298 - mse: 0.0016 - 176ms/epoch - 10ms/step
Epoch 441/800
17/17 - 0s - loss: 0.0297 - mae: 0.0297 - mse: 0.0015 - 175ms/epoch - 10ms/step
Epoch 442/800
17/17 - 0s - loss: 0.0294 - mae: 0.0294 - mse: 0.0015 - 175ms/epoch - 10ms/step
Epoch 443/800
17/17 - 0s - loss: 0.0283 - mae: 0.0283 - mse: 0.0014 - 176ms/epoch - 10ms/step
Epoch 444/800
17/17 - 0s - loss: 0.0306 - mae: 0.0306 - mse: 0.0017 - 176ms/epoch - 10ms/step
Epoch 445/800
17/17 - 0s - loss: 0.0271 - mae: 0.0271 - mse: 0.0014 - 176ms/epoch - 10ms/step
Epoch 446/800
17/17 - 0s - loss: 0.0278 - mae: 0.0278 - mse: 0.0014 - 176ms/epoch - 10ms/step
Epoch 447/800
17/17 - 0s - loss: 0.0277 - mae: 0.0277 - mse: 0.0013 - 176ms/epoch - 10ms/step
Epoch 448/800
17/17 - 0s - loss: 0.0276 - mae: 0.0276 - mse: 0.0014 - 175ms/epoch - 10ms/step
Epoch 449/800
17/17 - 0s - loss: 0.0337 - mae: 0.0337 - mse: 0.0019 - 176ms/epoch - 10ms/step
Epoch 450/800
17/17 - 0s - loss: 0.0308 - mae: 0.0308 - mse: 0.0017 - 177ms/epoch - 10ms/step
Epoch 451/800
17/17 - 0s - loss: 0.0288 - mae: 0.0288 - mse: 0.0014 - 177ms/epoch - 10ms/step
Epoch 452/800
17/17 - 0s - loss: 0.0299 - mae: 0.0299 - mse: 0.0016 - 176ms/epoch - 10ms/step
Epoch 453/800
17/17 - 0s - loss: 0.0326 - mae: 0.0326 - mse: 0.0018 - 176ms/epoch - 10ms/step
Epoch 454/800
17/17 - 0s - loss: 0.0292 - mae: 0.0292 - mse: 0.0015 - 176ms/epoch - 10ms/step
Epoch 455/800
17/17 - 0s - loss: 0.0260 - mae: 0.0260 - mse: 0.0013 - 176ms/epoch - 10ms/step
Epoch 456/800
17/17 - 0s - loss: 0.0254 - mae: 0.0254 - mse: 0.0012 - 176ms/epoch - 10ms/step
Epoch 457/800
17/17 - 0s - loss: 0.0275 - mae: 0.0275 - mse: 0.0013 - 176ms/epoch - 10ms/step
Epoch 458/800
17/17 - 0s - loss: 0.0261 - mae: 0.0261 - mse: 0.0013 - 176ms/epoch - 10ms/step
Epoch 459/800
17/17 - 0s - loss: 0.0287 - mae: 0.0287 - mse: 0.0015 - 176ms/epoch - 10ms/step
Epoch 460/800
17/17 - 0s - loss: 0.0316 - mae: 0.0316 - mse: 0.0017 - 176ms/epoch - 10ms/step
Epoch 461/800
17/17 - 0s - loss: 0.0314 - mae: 0.0314 - mse: 0.0017 - 176ms/epoch - 10ms/step
Epoch 462/800
17/17 - 0s - loss: 0.0301 - mae: 0.0301 - mse: 0.0016 - 176ms/epoch - 10ms/step
Epoch 463/800
17/17 - 0s - loss: 0.0250 - mae: 0.0250 - mse: 0.0012 - 176ms/epoch - 10ms/step
Epoch 464/800
17/17 - 0s - loss: 0.0282 - mae: 0.0282 - mse: 0.0014 - 176ms/epoch - 10ms/step
Epoch 465/800
17/17 - 0s - loss: 0.0321 - mae: 0.0321 - mse: 0.0019 - 176ms/epoch - 10ms/step
Epoch 466/800
17/17 - 0s - loss: 0.0247 - mae: 0.0247 - mse: 0.0011 - 176ms/epoch - 10ms/step
Epoch 467/800
17/17 - 0s - loss: 0.0275 - mae: 0.0275 - mse: 0.0013 - 176ms/epoch - 10ms/step
Epoch 468/800
17/17 - 0s - loss: 0.0263 - mae: 0.0263 - mse: 0.0013 - 176ms/epoch - 10ms/step
Epoch 469/800
17/17 - 0s - loss: 0.0275 - mae: 0.0275 - mse: 0.0014 - 176ms/epoch - 10ms/step
Epoch 470/800
17/17 - 0s - loss: 0.0318 - mae: 0.0318 - mse: 0.0018 - 176ms/epoch - 10ms/step
Epoch 471/800
17/17 - 0s - loss: 0.0309 - mae: 0.0309 - mse: 0.0017 - 176ms/epoch - 10ms/step
Epoch 472/800
17/17 - 0s - loss: 0.0271 - mae: 0.0271 - mse: 0.0013 - 175ms/epoch - 10ms/step
Epoch 473/800
17/17 - 0s - loss: 0.0283 - mae: 0.0283 - mse: 0.0014 - 176ms/epoch - 10ms/step
Epoch 474/800
17/17 - 0s - loss: 0.0282 - mae: 0.0282 - mse: 0.0014 - 175ms/epoch - 10ms/step
Epoch 475/800
17/17 - 0s - loss: 0.0232 - mae: 0.0232 - mse: 0.0010 - 175ms/epoch - 10ms/step
Epoch 476/800
17/17 - 0s - loss: 0.0280 - mae: 0.0280 - mse: 0.0014 - 175ms/epoch - 10ms/step
Epoch 477/800
17/17 - 0s - loss: 0.0263 - mae: 0.0263 - mse: 0.0012 - 175ms/epoch - 10ms/step
Epoch 478/800
17/17 - 0s - loss: 0.0275 - mae: 0.0275 - mse: 0.0013 - 175ms/epoch - 10ms/step
Epoch 479/800
17/17 - 0s - loss: 0.0225 - mae: 0.0225 - mse: 9.4005e-04 - 176ms/epoch - 10ms/step
Epoch 480/800
17/17 - 0s - loss: 0.0250 - mae: 0.0250 - mse: 0.0011 - 176ms/epoch - 10ms/step
Epoch 481/800
17/17 - 0s - loss: 0.0223 - mae: 0.0223 - mse: 9.7106e-04 - 175ms/epoch - 10ms/step
Epoch 482/800
17/17 - 0s - loss: 0.0272 - mae: 0.0272 - mse: 0.0013 - 176ms/epoch - 10ms/step
Epoch 483/800
17/17 - 0s - loss: 0.0255 - mae: 0.0255 - mse: 0.0012 - 176ms/epoch - 10ms/step
Epoch 484/800
17/17 - 0s - loss: 0.0218 - mae: 0.0218 - mse: 9.1520e-04 - 175ms/epoch - 10ms/step
Epoch 485/800
17/17 - 0s - loss: 0.0218 - mae: 0.0218 - mse: 9.0011e-04 - 175ms/epoch - 10ms/step
Epoch 486/800
17/17 - 0s - loss: 0.0222 - mae: 0.0222 - mse: 9.3295e-04 - 175ms/epoch - 10ms/step
Epoch 487/800
17/17 - 0s - loss: 0.0220 - mae: 0.0220 - mse: 9.7088e-04 - 176ms/epoch - 10ms/step
Epoch 488/800
17/17 - 0s - loss: 0.0274 - mae: 0.0274 - mse: 0.0013 - 176ms/epoch - 10ms/step
Epoch 489/800
17/17 - 0s - loss: 0.0290 - mae: 0.0290 - mse: 0.0015 - 176ms/epoch - 10ms/step
Epoch 490/800
17/17 - 0s - loss: 0.0242 - mae: 0.0242 - mse: 0.0010 - 175ms/epoch - 10ms/step
Epoch 491/800
17/17 - 0s - loss: 0.0248 - mae: 0.0248 - mse: 0.0011 - 175ms/epoch - 10ms/step
Epoch 492/800
17/17 - 0s - loss: 0.0257 - mae: 0.0257 - mse: 0.0012 - 176ms/epoch - 10ms/step
Epoch 493/800
17/17 - 0s - loss: 0.0256 - mae: 0.0256 - mse: 0.0011 - 176ms/epoch - 10ms/step
Epoch 494/800
17/17 - 0s - loss: 0.0244 - mae: 0.0244 - mse: 0.0011 - 176ms/epoch - 10ms/step
Epoch 495/800
17/17 - 0s - loss: 0.0244 - mae: 0.0244 - mse: 0.0011 - 175ms/epoch - 10ms/step
Epoch 496/800
17/17 - 0s - loss: 0.0239 - mae: 0.0239 - mse: 0.0010 - 176ms/epoch - 10ms/step
Epoch 497/800
17/17 - 0s - loss: 0.0197 - mae: 0.0197 - mse: 7.7060e-04 - 176ms/epoch - 10ms/step
Epoch 498/800
17/17 - 0s - loss: 0.0257 - mae: 0.0257 - mse: 0.0012 - 175ms/epoch - 10ms/step
Epoch 499/800
17/17 - 0s - loss: 0.0228 - mae: 0.0228 - mse: 9.8185e-04 - 177ms/epoch - 10ms/step
Epoch 500/800
17/17 - 0s - loss: 0.0231 - mae: 0.0231 - mse: 9.9243e-04 - 175ms/epoch - 10ms/step
Epoch 501/800
17/17 - 0s - loss: 0.0216 - mae: 0.0216 - mse: 9.1478e-04 - 175ms/epoch - 10ms/step
Epoch 502/800
17/17 - 0s - loss: 0.0220 - mae: 0.0220 - mse: 9.0808e-04 - 176ms/epoch - 10ms/step
Epoch 503/800
17/17 - 0s - loss: 0.0204 - mae: 0.0204 - mse: 7.7870e-04 - 176ms/epoch - 10ms/step
Epoch 504/800
17/17 - 0s - loss: 0.0231 - mae: 0.0231 - mse: 0.0010 - 176ms/epoch - 10ms/step
Epoch 505/800
17/17 - 0s - loss: 0.0239 - mae: 0.0239 - mse: 0.0011 - 176ms/epoch - 10ms/step
Epoch 506/800
17/17 - 0s - loss: 0.0256 - mae: 0.0256 - mse: 0.0011 - 176ms/epoch - 10ms/step
Epoch 507/800
17/17 - 0s - loss: 0.0225 - mae: 0.0225 - mse: 8.9755e-04 - 176ms/epoch - 10ms/step
Epoch 508/800
17/17 - 0s - loss: 0.0266 - mae: 0.0266 - mse: 0.0012 - 175ms/epoch - 10ms/step
Epoch 509/800
17/17 - 0s - loss: 0.0236 - mae: 0.0236 - mse: 0.0010 - 176ms/epoch - 10ms/step
Epoch 510/800
17/17 - 0s - loss: 0.0260 - mae: 0.0260 - mse: 0.0012 - 175ms/epoch - 10ms/step
Epoch 511/800
17/17 - 0s - loss: 0.0266 - mae: 0.0266 - mse: 0.0012 - 175ms/epoch - 10ms/step
Epoch 512/800
17/17 - 0s - loss: 0.0265 - mae: 0.0265 - mse: 0.0012 - 175ms/epoch - 10ms/step
Epoch 513/800
17/17 - 0s - loss: 0.0260 - mae: 0.0260 - mse: 0.0013 - 176ms/epoch - 10ms/step
Epoch 514/800
17/17 - 0s - loss: 0.0259 - mae: 0.0259 - mse: 0.0012 - 176ms/epoch - 10ms/step
Epoch 515/800
17/17 - 0s - loss: 0.0234 - mae: 0.0234 - mse: 0.0010 - 176ms/epoch - 10ms/step
Epoch 516/800
17/17 - 0s - loss: 0.0241 - mae: 0.0241 - mse: 0.0011 - 176ms/epoch - 10ms/step
Epoch 517/800
17/17 - 0s - loss: 0.0235 - mae: 0.0235 - mse: 9.8435e-04 - 175ms/epoch - 10ms/step
Epoch 518/800
17/17 - 0s - loss: 0.0236 - mae: 0.0236 - mse: 0.0010 - 176ms/epoch - 10ms/step
Epoch 519/800
17/17 - 0s - loss: 0.0205 - mae: 0.0205 - mse: 7.8015e-04 - 175ms/epoch - 10ms/step
Epoch 520/800
17/17 - 0s - loss: 0.0220 - mae: 0.0220 - mse: 9.1505e-04 - 176ms/epoch - 10ms/step
Epoch 521/800
17/17 - 0s - loss: 0.0262 - mae: 0.0262 - mse: 0.0012 - 175ms/epoch - 10ms/step
Epoch 522/800
17/17 - 0s - loss: 0.0221 - mae: 0.0221 - mse: 9.0548e-04 - 176ms/epoch - 10ms/step
Epoch 523/800
17/17 - 0s - loss: 0.0206 - mae: 0.0206 - mse: 7.9525e-04 - 176ms/epoch - 10ms/step
Epoch 524/800
17/17 - 0s - loss: 0.0220 - mae: 0.0220 - mse: 8.9567e-04 - 175ms/epoch - 10ms/step
Epoch 525/800
17/17 - 0s - loss: 0.0211 - mae: 0.0211 - mse: 8.3250e-04 - 176ms/epoch - 10ms/step
Epoch 526/800
17/17 - 0s - loss: 0.0220 - mae: 0.0220 - mse: 9.2233e-04 - 176ms/epoch - 10ms/step
Epoch 527/800
17/17 - 0s - loss: 0.0201 - mae: 0.0201 - mse: 7.5959e-04 - 176ms/epoch - 10ms/step
Epoch 528/800
17/17 - 0s - loss: 0.0211 - mae: 0.0211 - mse: 8.3071e-04 - 175ms/epoch - 10ms/step
Epoch 529/800
17/17 - 0s - loss: 0.0180 - mae: 0.0180 - mse: 6.7009e-04 - 175ms/epoch - 10ms/step
Epoch 530/800
17/17 - 0s - loss: 0.0197 - mae: 0.0197 - mse: 7.2194e-04 - 175ms/epoch - 10ms/step
Epoch 531/800
17/17 - 0s - loss: 0.0213 - mae: 0.0213 - mse: 8.4383e-04 - 177ms/epoch - 10ms/step
Epoch 532/800
17/17 - 0s - loss: 0.0201 - mae: 0.0201 - mse: 7.6214e-04 - 176ms/epoch - 10ms/step
Epoch 533/800
17/17 - 0s - loss: 0.0232 - mae: 0.0232 - mse: 9.4578e-04 - 175ms/epoch - 10ms/step
Epoch 534/800
17/17 - 0s - loss: 0.0234 - mae: 0.0234 - mse: 0.0011 - 176ms/epoch - 10ms/step
Epoch 535/800
17/17 - 0s - loss: 0.0216 - mae: 0.0216 - mse: 8.8891e-04 - 176ms/epoch - 10ms/step
Epoch 536/800
17/17 - 0s - loss: 0.0231 - mae: 0.0231 - mse: 9.2976e-04 - 176ms/epoch - 10ms/step
Epoch 537/800
17/17 - 0s - loss: 0.0231 - mae: 0.0231 - mse: 9.8935e-04 - 175ms/epoch - 10ms/step
Epoch 538/800
17/17 - 0s - loss: 0.0229 - mae: 0.0229 - mse: 9.1634e-04 - 175ms/epoch - 10ms/step
Epoch 539/800
17/17 - 0s - loss: 0.0210 - mae: 0.0210 - mse: 8.1259e-04 - 176ms/epoch - 10ms/step
Epoch 540/800
17/17 - 0s - loss: 0.0212 - mae: 0.0212 - mse: 8.5471e-04 - 176ms/epoch - 10ms/step
Epoch 541/800
17/17 - 0s - loss: 0.0226 - mae: 0.0226 - mse: 9.0341e-04 - 176ms/epoch - 10ms/step
Epoch 542/800
17/17 - 0s - loss: 0.0204 - mae: 0.0204 - mse: 8.1021e-04 - 175ms/epoch - 10ms/step
Epoch 543/800
17/17 - 0s - loss: 0.0202 - mae: 0.0202 - mse: 7.9862e-04 - 176ms/epoch - 10ms/step
Epoch 544/800
17/17 - 0s - loss: 0.0200 - mae: 0.0200 - mse: 7.1853e-04 - 175ms/epoch - 10ms/step
Epoch 545/800
17/17 - 0s - loss: 0.0231 - mae: 0.0231 - mse: 9.5888e-04 - 176ms/epoch - 10ms/step
Epoch 546/800
17/17 - 0s - loss: 0.0223 - mae: 0.0223 - mse: 8.9569e-04 - 176ms/epoch - 10ms/step
Epoch 547/800
17/17 - 0s - loss: 0.0226 - mae: 0.0226 - mse: 8.9862e-04 - 176ms/epoch - 10ms/step
Epoch 548/800
17/17 - 0s - loss: 0.0207 - mae: 0.0207 - mse: 8.3167e-04 - 175ms/epoch - 10ms/step
Epoch 549/800
17/17 - 0s - loss: 0.0203 - mae: 0.0203 - mse: 7.9282e-04 - 176ms/epoch - 10ms/step
Epoch 550/800
17/17 - 0s - loss: 0.0220 - mae: 0.0220 - mse: 8.7793e-04 - 175ms/epoch - 10ms/step
Epoch 551/800
17/17 - 0s - loss: 0.0197 - mae: 0.0197 - mse: 7.3143e-04 - 176ms/epoch - 10ms/step
Epoch 552/800
17/17 - 0s - loss: 0.0217 - mae: 0.0217 - mse: 8.5455e-04 - 176ms/epoch - 10ms/step
Epoch 553/800
17/17 - 0s - loss: 0.0176 - mae: 0.0176 - mse: 6.0720e-04 - 176ms/epoch - 10ms/step
Epoch 554/800
17/17 - 0s - loss: 0.0187 - mae: 0.0187 - mse: 7.0590e-04 - 177ms/epoch - 10ms/step
Epoch 555/800
17/17 - 0s - loss: 0.0173 - mae: 0.0173 - mse: 5.9188e-04 - 176ms/epoch - 10ms/step
Epoch 556/800
17/17 - 0s - loss: 0.0197 - mae: 0.0197 - mse: 7.0479e-04 - 175ms/epoch - 10ms/step
Epoch 557/800
17/17 - 0s - loss: 0.0208 - mae: 0.0208 - mse: 8.5360e-04 - 175ms/epoch - 10ms/step
Epoch 558/800
17/17 - 0s - loss: 0.0173 - mae: 0.0173 - mse: 5.9756e-04 - 175ms/epoch - 10ms/step
Epoch 559/800
17/17 - 0s - loss: 0.0176 - mae: 0.0176 - mse: 6.2187e-04 - 176ms/epoch - 10ms/step
Epoch 560/800
17/17 - 0s - loss: 0.0207 - mae: 0.0207 - mse: 8.3239e-04 - 176ms/epoch - 10ms/step
Epoch 561/800
17/17 - 0s - loss: 0.0193 - mae: 0.0193 - mse: 7.1774e-04 - 175ms/epoch - 10ms/step
Epoch 562/800
17/17 - 0s - loss: 0.0210 - mae: 0.0210 - mse: 8.1334e-04 - 175ms/epoch - 10ms/step
Epoch 563/800
17/17 - 0s - loss: 0.0244 - mae: 0.0244 - mse: 0.0010 - 175ms/epoch - 10ms/step
Epoch 564/800
17/17 - 0s - loss: 0.0201 - mae: 0.0201 - mse: 7.5566e-04 - 176ms/epoch - 10ms/step
Epoch 565/800
17/17 - 0s - loss: 0.0217 - mae: 0.0217 - mse: 8.6635e-04 - 175ms/epoch - 10ms/step
Epoch 566/800
17/17 - 0s - loss: 0.0197 - mae: 0.0197 - mse: 7.7761e-04 - 175ms/epoch - 10ms/step
Epoch 567/800
17/17 - 0s - loss: 0.0169 - mae: 0.0169 - mse: 5.9169e-04 - 175ms/epoch - 10ms/step
Epoch 568/800
17/17 - 0s - loss: 0.0188 - mae: 0.0188 - mse: 6.7085e-04 - 175ms/epoch - 10ms/step
Epoch 569/800
17/17 - 0s - loss: 0.0159 - mae: 0.0159 - mse: 5.2890e-04 - 176ms/epoch - 10ms/step
Epoch 570/800
17/17 - 0s - loss: 0.0187 - mae: 0.0187 - mse: 6.6382e-04 - 176ms/epoch - 10ms/step
Epoch 571/800
17/17 - 0s - loss: 0.0187 - mae: 0.0187 - mse: 6.7585e-04 - 176ms/epoch - 10ms/step
Epoch 572/800
17/17 - 0s - loss: 0.0199 - mae: 0.0199 - mse: 7.3180e-04 - 176ms/epoch - 10ms/step
Epoch 573/800
17/17 - 0s - loss: 0.0232 - mae: 0.0232 - mse: 9.1940e-04 - 175ms/epoch - 10ms/step
Epoch 574/800
17/17 - 0s - loss: 0.0187 - mae: 0.0187 - mse: 6.8317e-04 - 176ms/epoch - 10ms/step
Epoch 575/800
17/17 - 0s - loss: 0.0183 - mae: 0.0183 - mse: 6.5707e-04 - 176ms/epoch - 10ms/step
Epoch 576/800
17/17 - 0s - loss: 0.0176 - mae: 0.0176 - mse: 6.2750e-04 - 176ms/epoch - 10ms/step
Epoch 577/800
17/17 - 0s - loss: 0.0181 - mae: 0.0181 - mse: 6.1573e-04 - 176ms/epoch - 10ms/step
Epoch 578/800
17/17 - 0s - loss: 0.0196 - mae: 0.0196 - mse: 6.9078e-04 - 177ms/epoch - 10ms/step
Epoch 579/800
17/17 - 0s - loss: 0.0170 - mae: 0.0170 - mse: 5.9437e-04 - 176ms/epoch - 10ms/step
Epoch 580/800
17/17 - 0s - loss: 0.0164 - mae: 0.0164 - mse: 5.4202e-04 - 176ms/epoch - 10ms/step
Epoch 581/800
17/17 - 0s - loss: 0.0146 - mae: 0.0146 - mse: 4.5182e-04 - 176ms/epoch - 10ms/step
Epoch 582/800
17/17 - 0s - loss: 0.0167 - mae: 0.0167 - mse: 5.7173e-04 - 176ms/epoch - 10ms/step
Epoch 583/800
17/17 - 0s - loss: 0.0186 - mae: 0.0186 - mse: 6.3096e-04 - 175ms/epoch - 10ms/step
Epoch 584/800
17/17 - 0s - loss: 0.0166 - mae: 0.0166 - mse: 5.1819e-04 - 175ms/epoch - 10ms/step
Epoch 585/800
17/17 - 0s - loss: 0.0159 - mae: 0.0159 - mse: 5.2584e-04 - 176ms/epoch - 10ms/step
Epoch 586/800
17/17 - 0s - loss: 0.0165 - mae: 0.0165 - mse: 5.5224e-04 - 176ms/epoch - 10ms/step
Epoch 587/800
17/17 - 0s - loss: 0.0163 - mae: 0.0163 - mse: 5.2484e-04 - 176ms/epoch - 10ms/step
Epoch 588/800
17/17 - 0s - loss: 0.0170 - mae: 0.0170 - mse: 5.6404e-04 - 176ms/epoch - 10ms/step
Epoch 589/800
17/17 - 0s - loss: 0.0167 - mae: 0.0167 - mse: 5.5882e-04 - 175ms/epoch - 10ms/step
Epoch 590/800
17/17 - 0s - loss: 0.0163 - mae: 0.0163 - mse: 5.5189e-04 - 176ms/epoch - 10ms/step
Epoch 591/800
17/17 - 0s - loss: 0.0168 - mae: 0.0168 - mse: 5.6558e-04 - 175ms/epoch - 10ms/step
Epoch 592/800
17/17 - 0s - loss: 0.0157 - mae: 0.0157 - mse: 5.0367e-04 - 175ms/epoch - 10ms/step
Epoch 593/800
17/17 - 0s - loss: 0.0153 - mae: 0.0153 - mse: 4.8998e-04 - 175ms/epoch - 10ms/step
Epoch 594/800
17/17 - 0s - loss: 0.0146 - mae: 0.0146 - mse: 4.4263e-04 - 175ms/epoch - 10ms/step
Epoch 595/800
17/17 - 0s - loss: 0.0166 - mae: 0.0166 - mse: 5.3963e-04 - 176ms/epoch - 10ms/step
Epoch 596/800
17/17 - 0s - loss: 0.0169 - mae: 0.0169 - mse: 5.7939e-04 - 175ms/epoch - 10ms/step
Epoch 597/800
17/17 - 0s - loss: 0.0178 - mae: 0.0178 - mse: 6.1940e-04 - 175ms/epoch - 10ms/step
Epoch 598/800
17/17 - 0s - loss: 0.0155 - mae: 0.0155 - mse: 5.1671e-04 - 175ms/epoch - 10ms/step
Epoch 599/800
17/17 - 0s - loss: 0.0145 - mae: 0.0145 - mse: 4.3744e-04 - 176ms/epoch - 10ms/step
Epoch 600/800
17/17 - 0s - loss: 0.0168 - mae: 0.0168 - mse: 5.5313e-04 - 175ms/epoch - 10ms/step
Epoch 601/800
17/17 - 0s - loss: 0.0155 - mae: 0.0155 - mse: 4.7876e-04 - 175ms/epoch - 10ms/step
Epoch 602/800
17/17 - 0s - loss: 0.0156 - mae: 0.0156 - mse: 4.9529e-04 - 175ms/epoch - 10ms/step
Epoch 603/800
17/17 - 0s - loss: 0.0148 - mae: 0.0148 - mse: 4.4187e-04 - 175ms/epoch - 10ms/step
Epoch 604/800
17/17 - 0s - loss: 0.0144 - mae: 0.0144 - mse: 4.3977e-04 - 176ms/epoch - 10ms/step
Epoch 605/800
17/17 - 0s - loss: 0.0152 - mae: 0.0152 - mse: 5.0466e-04 - 175ms/epoch - 10ms/step
Epoch 606/800
17/17 - 0s - loss: 0.0140 - mae: 0.0140 - mse: 4.1388e-04 - 176ms/epoch - 10ms/step
Epoch 607/800
17/17 - 0s - loss: 0.0182 - mae: 0.0182 - mse: 6.7614e-04 - 175ms/epoch - 10ms/step
Epoch 608/800
17/17 - 0s - loss: 0.0176 - mae: 0.0176 - mse: 5.8956e-04 - 175ms/epoch - 10ms/step
Epoch 609/800
17/17 - 0s - loss: 0.0173 - mae: 0.0173 - mse: 5.8186e-04 - 176ms/epoch - 10ms/step
Epoch 610/800
17/17 - 0s - loss: 0.0144 - mae: 0.0144 - mse: 4.4980e-04 - 175ms/epoch - 10ms/step
Epoch 611/800
17/17 - 0s - loss: 0.0141 - mae: 0.0141 - mse: 4.3644e-04 - 175ms/epoch - 10ms/step
Epoch 612/800
17/17 - 0s - loss: 0.0151 - mae: 0.0151 - mse: 4.8213e-04 - 175ms/epoch - 10ms/step
Epoch 613/800
17/17 - 0s - loss: 0.0151 - mae: 0.0151 - mse: 4.5580e-04 - 177ms/epoch - 10ms/step
Epoch 614/800
17/17 - 0s - loss: 0.0151 - mae: 0.0151 - mse: 4.7240e-04 - 176ms/epoch - 10ms/step
Epoch 615/800
17/17 - 0s - loss: 0.0160 - mae: 0.0160 - mse: 5.1536e-04 - 175ms/epoch - 10ms/step
Epoch 616/800
17/17 - 0s - loss: 0.0151 - mae: 0.0151 - mse: 4.7241e-04 - 175ms/epoch - 10ms/step
Epoch 617/800
17/17 - 0s - loss: 0.0145 - mae: 0.0145 - mse: 4.4665e-04 - 175ms/epoch - 10ms/step
Epoch 618/800
17/17 - 0s - loss: 0.0157 - mae: 0.0157 - mse: 4.9933e-04 - 175ms/epoch - 10ms/step
Epoch 619/800
17/17 - 0s - loss: 0.0139 - mae: 0.0139 - mse: 4.1224e-04 - 175ms/epoch - 10ms/step
Epoch 620/800
17/17 - 0s - loss: 0.0136 - mae: 0.0136 - mse: 3.9373e-04 - 175ms/epoch - 10ms/step
Epoch 621/800
17/17 - 0s - loss: 0.0137 - mae: 0.0137 - mse: 4.1076e-04 - 175ms/epoch - 10ms/step
Epoch 622/800
17/17 - 0s - loss: 0.0153 - mae: 0.0153 - mse: 4.7793e-04 - 175ms/epoch - 10ms/step
Epoch 623/800
17/17 - 0s - loss: 0.0171 - mae: 0.0171 - mse: 5.6062e-04 - 175ms/epoch - 10ms/step
Epoch 624/800
17/17 - 0s - loss: 0.0170 - mae: 0.0170 - mse: 5.7282e-04 - 175ms/epoch - 10ms/step
Epoch 625/800
17/17 - 0s - loss: 0.0147 - mae: 0.0147 - mse: 4.5137e-04 - 176ms/epoch - 10ms/step
Epoch 626/800
17/17 - 0s - loss: 0.0136 - mae: 0.0136 - mse: 4.0489e-04 - 176ms/epoch - 10ms/step
Epoch 627/800
17/17 - 0s - loss: 0.0131 - mae: 0.0131 - mse: 3.6994e-04 - 175ms/epoch - 10ms/step
Epoch 628/800
17/17 - 0s - loss: 0.0127 - mae: 0.0127 - mse: 3.7475e-04 - 175ms/epoch - 10ms/step
Epoch 629/800
17/17 - 0s - loss: 0.0131 - mae: 0.0131 - mse: 3.9699e-04 - 175ms/epoch - 10ms/step
Epoch 630/800
17/17 - 0s - loss: 0.0178 - mae: 0.0178 - mse: 6.0134e-04 - 176ms/epoch - 10ms/step
Epoch 631/800
17/17 - 0s - loss: 0.0160 - mae: 0.0160 - mse: 4.8873e-04 - 175ms/epoch - 10ms/step
Epoch 632/800
17/17 - 0s - loss: 0.0149 - mae: 0.0149 - mse: 4.6070e-04 - 175ms/epoch - 10ms/step
Epoch 633/800
17/17 - 0s - loss: 0.0144 - mae: 0.0144 - mse: 4.1620e-04 - 175ms/epoch - 10ms/step
Epoch 634/800
17/17 - 0s - loss: 0.0130 - mae: 0.0130 - mse: 3.8497e-04 - 175ms/epoch - 10ms/step
Epoch 635/800
17/17 - 0s - loss: 0.0134 - mae: 0.0134 - mse: 3.8705e-04 - 176ms/epoch - 10ms/step
Epoch 636/800
17/17 - 0s - loss: 0.0126 - mae: 0.0126 - mse: 3.3508e-04 - 176ms/epoch - 10ms/step
Epoch 637/800
17/17 - 0s - loss: 0.0124 - mae: 0.0124 - mse: 3.6204e-04 - 176ms/epoch - 10ms/step
Epoch 638/800
17/17 - 0s - loss: 0.0124 - mae: 0.0124 - mse: 3.5635e-04 - 175ms/epoch - 10ms/step
Epoch 639/800
17/17 - 0s - loss: 0.0147 - mae: 0.0147 - mse: 4.3784e-04 - 175ms/epoch - 10ms/step
Epoch 640/800
17/17 - 0s - loss: 0.0153 - mae: 0.0153 - mse: 4.6576e-04 - 175ms/epoch - 10ms/step
Epoch 641/800
17/17 - 0s - loss: 0.0130 - mae: 0.0130 - mse: 3.7103e-04 - 175ms/epoch - 10ms/step
Epoch 642/800
17/17 - 0s - loss: 0.0127 - mae: 0.0127 - mse: 3.6550e-04 - 175ms/epoch - 10ms/step
Epoch 643/800
17/17 - 0s - loss: 0.0111 - mae: 0.0111 - mse: 3.1470e-04 - 175ms/epoch - 10ms/step
Epoch 644/800
17/17 - 0s - loss: 0.0118 - mae: 0.0118 - mse: 3.2635e-04 - 175ms/epoch - 10ms/step
Epoch 645/800
17/17 - 0s - loss: 0.0126 - mae: 0.0126 - mse: 3.7750e-04 - 175ms/epoch - 10ms/step
Epoch 646/800
17/17 - 0s - loss: 0.0112 - mae: 0.0112 - mse: 3.0413e-04 - 175ms/epoch - 10ms/step
Epoch 647/800
17/17 - 0s - loss: 0.0122 - mae: 0.0122 - mse: 3.5700e-04 - 176ms/epoch - 10ms/step
Epoch 648/800
17/17 - 0s - loss: 0.0138 - mae: 0.0138 - mse: 4.0742e-04 - 175ms/epoch - 10ms/step
Epoch 649/800
17/17 - 0s - loss: 0.0115 - mae: 0.0115 - mse: 3.2486e-04 - 175ms/epoch - 10ms/step
Epoch 650/800
17/17 - 0s - loss: 0.0108 - mae: 0.0108 - mse: 2.9418e-04 - 175ms/epoch - 10ms/step
Epoch 651/800
17/17 - 0s - loss: 0.0114 - mae: 0.0114 - mse: 3.0478e-04 - 176ms/epoch - 10ms/step
Epoch 652/800
17/17 - 0s - loss: 0.0136 - mae: 0.0136 - mse: 3.9534e-04 - 176ms/epoch - 10ms/step
Epoch 653/800
17/17 - 0s - loss: 0.0114 - mae: 0.0114 - mse: 2.9862e-04 - 175ms/epoch - 10ms/step
Epoch 654/800
17/17 - 0s - loss: 0.0110 - mae: 0.0110 - mse: 3.2734e-04 - 176ms/epoch - 10ms/step
Epoch 655/800
17/17 - 0s - loss: 0.0119 - mae: 0.0119 - mse: 3.3019e-04 - 176ms/epoch - 10ms/step
Epoch 656/800
17/17 - 0s - loss: 0.0126 - mae: 0.0126 - mse: 3.5680e-04 - 176ms/epoch - 10ms/step
Epoch 657/800
17/17 - 0s - loss: 0.0125 - mae: 0.0125 - mse: 3.4280e-04 - 175ms/epoch - 10ms/step
Epoch 658/800
17/17 - 0s - loss: 0.0112 - mae: 0.0112 - mse: 3.1275e-04 - 176ms/epoch - 10ms/step
Epoch 659/800
17/17 - 0s - loss: 0.0131 - mae: 0.0131 - mse: 3.7517e-04 - 175ms/epoch - 10ms/step
Epoch 660/800
17/17 - 0s - loss: 0.0116 - mae: 0.0116 - mse: 3.4638e-04 - 176ms/epoch - 10ms/step
Epoch 661/800
17/17 - 0s - loss: 0.0123 - mae: 0.0123 - mse: 3.5684e-04 - 175ms/epoch - 10ms/step
Epoch 662/800
17/17 - 0s - loss: 0.0106 - mae: 0.0106 - mse: 2.8969e-04 - 176ms/epoch - 10ms/step
Epoch 663/800
17/17 - 0s - loss: 0.0106 - mae: 0.0106 - mse: 2.8603e-04 - 176ms/epoch - 10ms/step
Epoch 664/800
17/17 - 0s - loss: 0.0106 - mae: 0.0106 - mse: 2.8725e-04 - 176ms/epoch - 10ms/step
Epoch 665/800
17/17 - 0s - loss: 0.0116 - mae: 0.0116 - mse: 3.1232e-04 - 175ms/epoch - 10ms/step
Epoch 666/800
17/17 - 0s - loss: 0.0103 - mae: 0.0103 - mse: 2.7946e-04 - 175ms/epoch - 10ms/step
Epoch 667/800
17/17 - 0s - loss: 0.0105 - mae: 0.0105 - mse: 3.0414e-04 - 175ms/epoch - 10ms/step
Epoch 668/800
17/17 - 0s - loss: 0.0095 - mae: 0.0095 - mse: 2.4205e-04 - 176ms/epoch - 10ms/step
Epoch 669/800
17/17 - 0s - loss: 0.0101 - mae: 0.0101 - mse: 2.8331e-04 - 176ms/epoch - 10ms/step
Epoch 670/800
17/17 - 0s - loss: 0.0105 - mae: 0.0105 - mse: 2.9017e-04 - 175ms/epoch - 10ms/step
Epoch 671/800
17/17 - 0s - loss: 0.0094 - mae: 0.0094 - mse: 2.4893e-04 - 175ms/epoch - 10ms/step
Epoch 672/800
17/17 - 0s - loss: 0.0097 - mae: 0.0097 - mse: 2.5505e-04 - 175ms/epoch - 10ms/step
Epoch 673/800
17/17 - 0s - loss: 0.0085 - mae: 0.0085 - mse: 2.3431e-04 - 175ms/epoch - 10ms/step
Epoch 674/800
17/17 - 0s - loss: 0.0104 - mae: 0.0104 - mse: 2.7525e-04 - 176ms/epoch - 10ms/step
Epoch 675/800
17/17 - 0s - loss: 0.0122 - mae: 0.0122 - mse: 3.2794e-04 - 176ms/epoch - 10ms/step
Epoch 676/800
17/17 - 0s - loss: 0.0101 - mae: 0.0101 - mse: 2.7653e-04 - 175ms/epoch - 10ms/step
Epoch 677/800
17/17 - 0s - loss: 0.0098 - mae: 0.0098 - mse: 2.6530e-04 - 175ms/epoch - 10ms/step
Epoch 678/800
17/17 - 0s - loss: 0.0094 - mae: 0.0094 - mse: 2.5960e-04 - 176ms/epoch - 10ms/step
Epoch 679/800
17/17 - 0s - loss: 0.0090 - mae: 0.0090 - mse: 2.3110e-04 - 176ms/epoch - 10ms/step
Epoch 680/800
17/17 - 0s - loss: 0.0091 - mae: 0.0091 - mse: 2.4014e-04 - 175ms/epoch - 10ms/step
Epoch 681/800
17/17 - 0s - loss: 0.0106 - mae: 0.0106 - mse: 2.9023e-04 - 175ms/epoch - 10ms/step
Epoch 682/800
17/17 - 0s - loss: 0.0094 - mae: 0.0094 - mse: 2.6674e-04 - 175ms/epoch - 10ms/step
Epoch 683/800
17/17 - 0s - loss: 0.0092 - mae: 0.0092 - mse: 2.5343e-04 - 175ms/epoch - 10ms/step
Epoch 684/800
17/17 - 0s - loss: 0.0085 - mae: 0.0085 - mse: 2.2580e-04 - 175ms/epoch - 10ms/step
Epoch 685/800
17/17 - 0s - loss: 0.0093 - mae: 0.0093 - mse: 2.5203e-04 - 175ms/epoch - 10ms/step
Epoch 686/800
17/17 - 0s - loss: 0.0111 - mae: 0.0111 - mse: 3.0814e-04 - 175ms/epoch - 10ms/step
Epoch 687/800
17/17 - 0s - loss: 0.0106 - mae: 0.0106 - mse: 2.7885e-04 - 175ms/epoch - 10ms/step
Epoch 688/800
17/17 - 0s - loss: 0.0085 - mae: 0.0085 - mse: 2.2653e-04 - 175ms/epoch - 10ms/step
Epoch 689/800
17/17 - 0s - loss: 0.0095 - mae: 0.0095 - mse: 2.4668e-04 - 175ms/epoch - 10ms/step
Epoch 690/800
17/17 - 0s - loss: 0.0102 - mae: 0.0102 - mse: 2.6574e-04 - 176ms/epoch - 10ms/step
Epoch 691/800
17/17 - 0s - loss: 0.0085 - mae: 0.0085 - mse: 2.2940e-04 - 175ms/epoch - 10ms/step
Epoch 692/800
17/17 - 0s - loss: 0.0086 - mae: 0.0086 - mse: 2.2657e-04 - 176ms/epoch - 10ms/step
Epoch 693/800
17/17 - 0s - loss: 0.0095 - mae: 0.0095 - mse: 2.5844e-04 - 175ms/epoch - 10ms/step
Epoch 694/800
17/17 - 0s - loss: 0.0096 - mae: 0.0096 - mse: 2.5303e-04 - 177ms/epoch - 10ms/step
Epoch 695/800
17/17 - 0s - loss: 0.0092 - mae: 0.0092 - mse: 2.3946e-04 - 176ms/epoch - 10ms/step
Epoch 696/800
17/17 - 0s - loss: 0.0091 - mae: 0.0091 - mse: 2.4908e-04 - 175ms/epoch - 10ms/step
Epoch 697/800
17/17 - 0s - loss: 0.0091 - mae: 0.0091 - mse: 2.4956e-04 - 175ms/epoch - 10ms/step
Epoch 698/800
17/17 - 0s - loss: 0.0082 - mae: 0.0082 - mse: 2.1666e-04 - 175ms/epoch - 10ms/step
Epoch 699/800
17/17 - 0s - loss: 0.0082 - mae: 0.0082 - mse: 2.1042e-04 - 176ms/epoch - 10ms/step
Epoch 700/800
17/17 - 0s - loss: 0.0079 - mae: 0.0079 - mse: 2.1288e-04 - 176ms/epoch - 10ms/step
Epoch 701/800
17/17 - 0s - loss: 0.0077 - mae: 0.0077 - mse: 2.2092e-04 - 175ms/epoch - 10ms/step
Epoch 702/800
17/17 - 0s - loss: 0.0082 - mae: 0.0082 - mse: 2.1408e-04 - 176ms/epoch - 10ms/step
Epoch 703/800
17/17 - 0s - loss: 0.0079 - mae: 0.0079 - mse: 2.1072e-04 - 175ms/epoch - 10ms/step
Epoch 704/800
17/17 - 0s - loss: 0.0078 - mae: 0.0078 - mse: 2.0808e-04 - 175ms/epoch - 10ms/step
Epoch 705/800
17/17 - 0s - loss: 0.0075 - mae: 0.0075 - mse: 2.0556e-04 - 175ms/epoch - 10ms/step
Epoch 706/800
17/17 - 0s - loss: 0.0081 - mae: 0.0081 - mse: 2.3404e-04 - 176ms/epoch - 10ms/step
Epoch 707/800
17/17 - 0s - loss: 0.0077 - mae: 0.0077 - mse: 1.9808e-04 - 175ms/epoch - 10ms/step
Epoch 708/800
17/17 - 0s - loss: 0.0078 - mae: 0.0078 - mse: 2.1076e-04 - 176ms/epoch - 10ms/step
Epoch 709/800
17/17 - 0s - loss: 0.0084 - mae: 0.0084 - mse: 2.2561e-04 - 175ms/epoch - 10ms/step
Epoch 710/800
17/17 - 0s - loss: 0.0083 - mae: 0.0083 - mse: 2.2342e-04 - 175ms/epoch - 10ms/step
Epoch 711/800
17/17 - 0s - loss: 0.0083 - mae: 0.0083 - mse: 2.2681e-04 - 175ms/epoch - 10ms/step
Epoch 712/800
17/17 - 0s - loss: 0.0072 - mae: 0.0072 - mse: 2.0015e-04 - 176ms/epoch - 10ms/step
Epoch 713/800
17/17 - 0s - loss: 0.0078 - mae: 0.0078 - mse: 2.0521e-04 - 175ms/epoch - 10ms/step
Epoch 714/800
17/17 - 0s - loss: 0.0071 - mae: 0.0071 - mse: 1.9198e-04 - 175ms/epoch - 10ms/step
Epoch 715/800
17/17 - 0s - loss: 0.0064 - mae: 0.0064 - mse: 1.8141e-04 - 175ms/epoch - 10ms/step
Epoch 716/800
17/17 - 0s - loss: 0.0069 - mae: 0.0069 - mse: 2.0026e-04 - 175ms/epoch - 10ms/step
Epoch 717/800
17/17 - 0s - loss: 0.0060 - mae: 0.0060 - mse: 1.8132e-04 - 175ms/epoch - 10ms/step
Epoch 718/800
17/17 - 0s - loss: 0.0053 - mae: 0.0053 - mse: 1.6362e-04 - 176ms/epoch - 10ms/step
Epoch 719/800
17/17 - 0s - loss: 0.0054 - mae: 0.0054 - mse: 1.6589e-04 - 176ms/epoch - 10ms/step
Epoch 720/800
17/17 - 0s - loss: 0.0059 - mae: 0.0059 - mse: 1.7716e-04 - 176ms/epoch - 10ms/step
Epoch 721/800
17/17 - 0s - loss: 0.0059 - mae: 0.0059 - mse: 1.7237e-04 - 176ms/epoch - 10ms/step
Epoch 722/800
17/17 - 0s - loss: 0.0061 - mae: 0.0061 - mse: 1.7678e-04 - 175ms/epoch - 10ms/step
Epoch 723/800
17/17 - 0s - loss: 0.0064 - mae: 0.0064 - mse: 1.7933e-04 - 175ms/epoch - 10ms/step
Epoch 724/800
17/17 - 0s - loss: 0.0067 - mae: 0.0067 - mse: 1.8796e-04 - 175ms/epoch - 10ms/step
Epoch 725/800
17/17 - 0s - loss: 0.0067 - mae: 0.0067 - mse: 1.8163e-04 - 175ms/epoch - 10ms/step
Epoch 726/800
17/17 - 0s - loss: 0.0065 - mae: 0.0065 - mse: 1.8704e-04 - 175ms/epoch - 10ms/step
Epoch 727/800
17/17 - 0s - loss: 0.0063 - mae: 0.0063 - mse: 1.8249e-04 - 175ms/epoch - 10ms/step
Epoch 728/800
17/17 - 0s - loss: 0.0061 - mae: 0.0061 - mse: 1.7740e-04 - 175ms/epoch - 10ms/step
Epoch 729/800
17/17 - 0s - loss: 0.0060 - mae: 0.0060 - mse: 1.7060e-04 - 175ms/epoch - 10ms/step
Epoch 730/800
17/17 - 0s - loss: 0.0057 - mae: 0.0057 - mse: 1.6345e-04 - 175ms/epoch - 10ms/step
Epoch 731/800
17/17 - 0s - loss: 0.0055 - mae: 0.0055 - mse: 1.6748e-04 - 175ms/epoch - 10ms/step
Epoch 732/800
17/17 - 0s - loss: 0.0056 - mae: 0.0056 - mse: 1.6979e-04 - 176ms/epoch - 10ms/step
Epoch 733/800
17/17 - 0s - loss: 0.0052 - mae: 0.0052 - mse: 1.6246e-04 - 175ms/epoch - 10ms/step
Epoch 734/800
17/17 - 0s - loss: 0.0054 - mae: 0.0054 - mse: 1.6658e-04 - 175ms/epoch - 10ms/step
Epoch 735/800
17/17 - 0s - loss: 0.0054 - mae: 0.0054 - mse: 1.5958e-04 - 175ms/epoch - 10ms/step
Epoch 736/800
17/17 - 0s - loss: 0.0054 - mae: 0.0054 - mse: 1.5582e-04 - 175ms/epoch - 10ms/step
Epoch 737/800
17/17 - 0s - loss: 0.0051 - mae: 0.0051 - mse: 1.6258e-04 - 176ms/epoch - 10ms/step
Epoch 738/800
17/17 - 0s - loss: 0.0044 - mae: 0.0044 - mse: 1.5507e-04 - 175ms/epoch - 10ms/step
Epoch 739/800
17/17 - 0s - loss: 0.0045 - mae: 0.0045 - mse: 1.5438e-04 - 176ms/epoch - 10ms/step
Epoch 740/800
17/17 - 0s - loss: 0.0045 - mae: 0.0045 - mse: 1.4544e-04 - 175ms/epoch - 10ms/step
Epoch 741/800
17/17 - 0s - loss: 0.0045 - mae: 0.0045 - mse: 1.5866e-04 - 175ms/epoch - 10ms/step
Epoch 742/800
17/17 - 0s - loss: 0.0043 - mae: 0.0043 - mse: 1.4969e-04 - 176ms/epoch - 10ms/step
Epoch 743/800
17/17 - 0s - loss: 0.0046 - mae: 0.0046 - mse: 1.5716e-04 - 177ms/epoch - 10ms/step
Epoch 744/800
17/17 - 0s - loss: 0.0041 - mae: 0.0041 - mse: 1.4257e-04 - 176ms/epoch - 10ms/step
Epoch 745/800
17/17 - 0s - loss: 0.0046 - mae: 0.0046 - mse: 1.5043e-04 - 175ms/epoch - 10ms/step
Epoch 746/800
17/17 - 0s - loss: 0.0045 - mae: 0.0045 - mse: 1.4754e-04 - 176ms/epoch - 10ms/step
Epoch 747/800
17/17 - 0s - loss: 0.0047 - mae: 0.0047 - mse: 1.5428e-04 - 176ms/epoch - 10ms/step
Epoch 748/800
17/17 - 0s - loss: 0.0048 - mae: 0.0048 - mse: 1.5786e-04 - 175ms/epoch - 10ms/step
Epoch 749/800
17/17 - 0s - loss: 0.0043 - mae: 0.0043 - mse: 1.4624e-04 - 175ms/epoch - 10ms/step
Epoch 750/800
17/17 - 0s - loss: 0.0042 - mae: 0.0042 - mse: 1.4765e-04 - 176ms/epoch - 10ms/step
Epoch 751/800
17/17 - 0s - loss: 0.0038 - mae: 0.0038 - mse: 1.4717e-04 - 176ms/epoch - 10ms/step
Epoch 752/800
17/17 - 0s - loss: 0.0034 - mae: 0.0034 - mse: 1.4088e-04 - 175ms/epoch - 10ms/step
Epoch 753/800
17/17 - 0s - loss: 0.0037 - mae: 0.0037 - mse: 1.4535e-04 - 175ms/epoch - 10ms/step
Epoch 754/800
17/17 - 0s - loss: 0.0036 - mae: 0.0036 - mse: 1.4191e-04 - 175ms/epoch - 10ms/step
Epoch 755/800
17/17 - 0s - loss: 0.0036 - mae: 0.0036 - mse: 1.4043e-04 - 175ms/epoch - 10ms/step
Epoch 756/800
17/17 - 0s - loss: 0.0036 - mae: 0.0036 - mse: 1.3972e-04 - 176ms/epoch - 10ms/step
Epoch 757/800
17/17 - 0s - loss: 0.0035 - mae: 0.0035 - mse: 1.4049e-04 - 175ms/epoch - 10ms/step
Epoch 758/800
17/17 - 0s - loss: 0.0036 - mae: 0.0036 - mse: 1.4430e-04 - 175ms/epoch - 10ms/step
Epoch 759/800
17/17 - 0s - loss: 0.0034 - mae: 0.0034 - mse: 1.4011e-04 - 175ms/epoch - 10ms/step
Epoch 760/800
17/17 - 0s - loss: 0.0033 - mae: 0.0033 - mse: 1.3749e-04 - 175ms/epoch - 10ms/step
Epoch 761/800
17/17 - 0s - loss: 0.0034 - mae: 0.0034 - mse: 1.4376e-04 - 175ms/epoch - 10ms/step
Epoch 762/800
17/17 - 0s - loss: 0.0030 - mae: 0.0030 - mse: 1.3802e-04 - 175ms/epoch - 10ms/step
Epoch 763/800
17/17 - 0s - loss: 0.0029 - mae: 0.0029 - mse: 1.3833e-04 - 175ms/epoch - 10ms/step
Epoch 764/800
17/17 - 0s - loss: 0.0029 - mae: 0.0029 - mse: 1.3686e-04 - 175ms/epoch - 10ms/step
Epoch 765/800
17/17 - 0s - loss: 0.0029 - mae: 0.0029 - mse: 1.3622e-04 - 176ms/epoch - 10ms/step
Epoch 766/800
17/17 - 0s - loss: 0.0029 - mae: 0.0029 - mse: 1.3752e-04 - 175ms/epoch - 10ms/step
Epoch 767/800
17/17 - 0s - loss: 0.0027 - mae: 0.0027 - mse: 1.3492e-04 - 175ms/epoch - 10ms/step
Epoch 768/800
17/17 - 0s - loss: 0.0026 - mae: 0.0026 - mse: 1.3634e-04 - 175ms/epoch - 10ms/step
Epoch 769/800
17/17 - 0s - loss: 0.0025 - mae: 0.0025 - mse: 1.3401e-04 - 176ms/epoch - 10ms/step
Epoch 770/800
17/17 - 0s - loss: 0.0027 - mae: 0.0027 - mse: 1.3571e-04 - 175ms/epoch - 10ms/step
Epoch 771/800
17/17 - 0s - loss: 0.0026 - mae: 0.0026 - mse: 1.3434e-04 - 175ms/epoch - 10ms/step
Epoch 772/800
17/17 - 0s - loss: 0.0025 - mae: 0.0025 - mse: 1.3643e-04 - 175ms/epoch - 10ms/step
Epoch 773/800
17/17 - 0s - loss: 0.0025 - mae: 0.0025 - mse: 1.3524e-04 - 178ms/epoch - 10ms/step
Epoch 774/800
17/17 - 0s - loss: 0.0026 - mae: 0.0026 - mse: 1.3647e-04 - 176ms/epoch - 10ms/step
Epoch 775/800
17/17 - 0s - loss: 0.0026 - mae: 0.0026 - mse: 1.3433e-04 - 175ms/epoch - 10ms/step
Epoch 776/800
17/17 - 0s - loss: 0.0025 - mae: 0.0025 - mse: 1.3463e-04 - 176ms/epoch - 10ms/step
Epoch 777/800
17/17 - 0s - loss: 0.0025 - mae: 0.0025 - mse: 1.3391e-04 - 176ms/epoch - 10ms/step
Epoch 778/800
17/17 - 0s - loss: 0.0024 - mae: 0.0024 - mse: 1.3290e-04 - 175ms/epoch - 10ms/step
Epoch 779/800
17/17 - 0s - loss: 0.0025 - mae: 0.0025 - mse: 1.3211e-04 - 176ms/epoch - 10ms/step
Epoch 780/800
17/17 - 0s - loss: 0.0027 - mae: 0.0027 - mse: 1.3670e-04 - 175ms/epoch - 10ms/step
Epoch 781/800
17/17 - 0s - loss: 0.0026 - mae: 0.0026 - mse: 1.3380e-04 - 175ms/epoch - 10ms/step
Epoch 782/800
17/17 - 0s - loss: 0.0026 - mae: 0.0026 - mse: 1.3483e-04 - 176ms/epoch - 10ms/step
Epoch 783/800
17/17 - 0s - loss: 0.0027 - mae: 0.0027 - mse: 1.3527e-04 - 176ms/epoch - 10ms/step
Epoch 784/800
17/17 - 0s - loss: 0.0025 - mae: 0.0025 - mse: 1.3574e-04 - 176ms/epoch - 10ms/step
Epoch 785/800
17/17 - 0s - loss: 0.0027 - mae: 0.0027 - mse: 1.3514e-04 - 175ms/epoch - 10ms/step
Epoch 786/800
17/17 - 0s - loss: 0.0027 - mae: 0.0027 - mse: 1.3480e-04 - 176ms/epoch - 10ms/step
Epoch 787/800
17/17 - 0s - loss: 0.0026 - mae: 0.0026 - mse: 1.3663e-04 - 175ms/epoch - 10ms/step
Epoch 788/800
17/17 - 0s - loss: 0.0025 - mae: 0.0025 - mse: 1.3405e-04 - 176ms/epoch - 10ms/step
Epoch 789/800
17/17 - 0s - loss: 0.0024 - mae: 0.0024 - mse: 1.3535e-04 - 175ms/epoch - 10ms/step
Epoch 790/800
17/17 - 0s - loss: 0.0025 - mae: 0.0025 - mse: 1.3452e-04 - 176ms/epoch - 10ms/step
Epoch 791/800
17/17 - 0s - loss: 0.0025 - mae: 0.0025 - mse: 1.3515e-04 - 176ms/epoch - 10ms/step
Epoch 792/800
17/17 - 0s - loss: 0.0024 - mae: 0.0024 - mse: 1.3222e-04 - 176ms/epoch - 10ms/step
Epoch 793/800
17/17 - 0s - loss: 0.0027 - mae: 0.0027 - mse: 1.3238e-04 - 175ms/epoch - 10ms/step
Epoch 794/800
17/17 - 0s - loss: 0.0025 - mae: 0.0025 - mse: 1.3361e-04 - 175ms/epoch - 10ms/step
Epoch 795/800
17/17 - 0s - loss: 0.0024 - mae: 0.0024 - mse: 1.3452e-04 - 175ms/epoch - 10ms/step
Epoch 796/800
17/17 - 0s - loss: 0.0024 - mae: 0.0024 - mse: 1.3447e-04 - 176ms/epoch - 10ms/step
Epoch 797/800
17/17 - 0s - loss: 0.0025 - mae: 0.0025 - mse: 1.3423e-04 - 175ms/epoch - 10ms/step
Epoch 798/800
17/17 - 0s - loss: 0.0024 - mae: 0.0024 - mse: 1.3285e-04 - 176ms/epoch - 10ms/step
Epoch 799/800
17/17 - 0s - loss: 0.0026 - mae: 0.0026 - mse: 1.3485e-04 - 176ms/epoch - 10ms/step
Epoch 800/800
17/17 - 0s - loss: 0.0027 - mae: 0.0027 - mse: 1.3641e-04 - 176ms/epoch - 10ms/step
Training finished in 148.72 seconds.
1/9 [==>...........................] - ETA: 6s9/9 [==============================] - ETA: 0s9/9 [==============================] - 1s 7ms/step
Fold 1 MAE: 0.1086

--- Starting Fold 2/5 ---
INFO:kgcnn.model.utils:Updated model kwargs: '{'name': 'coGN', 'inputs': {'offset': {'shape': (None, 3), 'name': 'offset', 'dtype': 'float32', 'ragged': True}, 'cell_translation': None, 'affine_matrix': None, 'voronoi_ridge_area': None, 'atomic_number': {'shape': (None,), 'name': 'atomic_number', 'dtype': 'int32', 'ragged': True}, 'frac_coords': None, 'coords': None, 'multiplicity': {'shape': (None,), 'name': 'multiplicity', 'dtype': 'int32', 'ragged': True}, 'lattice_matrix': None, 'edge_indices': {'shape': (None, 2), 'name': 'edge_indices', 'dtype': 'int32', 'ragged': True}, 'line_graph_edge_indices': None}, 'input_block_cfg': {'node_size': 128, 'edge_size': 128, 'atomic_mass': True, 'atomic_radius': True, 'electronegativity': True, 'ionization_energy': True, 'oxidation_states': True, 'edge_embedding_args': {'bins_distance': 32, 'max_distance': 8.0, 'distance_log_base': 1.0, 'bins_voronoi_area': None, 'max_voronoi_area': None}}, 'processing_blocks_cfg': [{'edge_mlp': {'units': [128, 128, 128, 128, 128], 'activation': ['swish', 'swish', 'swish', 'swish', 'swish']}, 'node_mlp': {'units': [128], 'activation': ['swish']}, 'global_mlp': None, 'nested_blocks_cfgs': None, 'aggregate_edges_local': 'sum', 'aggregate_edges_global': None, 'aggregate_nodes': None, 'return_updated_edges': False, 'return_updated_nodes': True, 'return_updated_globals': True, 'edge_attention_mlp_local': {'units': [32, 1], 'activation': ['swish', 'swish']}, 'edge_attention_mlp_global': {'units': [32, 1], 'activation': ['swish', 'swish']}, 'node_attention_mlp': {'units': [32, 1], 'activation': ['swish', 'swish']}, 'edge_gate': None, 'node_gate': None, 'global_gate': None, 'residual_node_update': True, 'residual_edge_update': False, 'residual_global_update': False, 'update_edges_input': [True, True, True, False], 'update_nodes_input': [True, False, False], 'update_global_input': [False, True, False], 'multiplicity_readout': False}, {'edge_mlp': {'units': [128, 128, 128, 128, 128], 'activation': ['swish', 'swish', 'swish', 'swish', 'swish']}, 'node_mlp': {'units': [128], 'activation': ['swish']}, 'global_mlp': None, 'nested_blocks_cfgs': None, 'aggregate_edges_local': 'sum', 'aggregate_edges_global': None, 'aggregate_nodes': None, 'return_updated_edges': False, 'return_updated_nodes': True, 'return_updated_globals': True, 'edge_attention_mlp_local': {'units': [32, 1], 'activation': ['swish', 'swish']}, 'edge_attention_mlp_global': {'units': [32, 1], 'activation': ['swish', 'swish']}, 'node_attention_mlp': {'units': [32, 1], 'activation': ['swish', 'swish']}, 'edge_gate': None, 'node_gate': None, 'global_gate': None, 'residual_node_update': True, 'residual_edge_update': False, 'residual_global_update': False, 'update_edges_input': [True, True, True, False], 'update_nodes_input': [True, False, False], 'update_global_input': [False, True, False], 'multiplicity_readout': False}, {'edge_mlp': {'units': [128, 128, 128, 128, 128], 'activation': ['swish', 'swish', 'swish', 'swish', 'swish']}, 'node_mlp': {'units': [128], 'activation': ['swish']}, 'global_mlp': None, 'nested_blocks_cfgs': None, 'aggregate_edges_local': 'sum', 'aggregate_edges_global': None, 'aggregate_nodes': None, 'return_updated_edges': False, 'return_updated_nodes': True, 'return_updated_globals': True, 'edge_attention_mlp_local': {'units': [32, 1], 'activation': ['swish', 'swish']}, 'edge_attention_mlp_global': {'units': [32, 1], 'activation': ['swish', 'swish']}, 'node_attention_mlp': {'units': [32, 1], 'activation': ['swish', 'swish']}, 'edge_gate': None, 'node_gate': None, 'global_gate': None, 'residual_node_update': True, 'residual_edge_update': False, 'residual_global_update': False, 'update_edges_input': [True, True, True, False], 'update_nodes_input': [True, False, False], 'update_global_input': [False, True, False], 'multiplicity_readout': False}, {'edge_mlp': {'units': [128, 128, 128, 128, 128], 'activation': ['swish', 'swish', 'swish', 'swish', 'swish']}, 'node_mlp': {'units': [128], 'activation': ['swish']}, 'global_mlp': None, 'nested_blocks_cfgs': None, 'aggregate_edges_local': 'sum', 'aggregate_edges_global': None, 'aggregate_nodes': None, 'return_updated_edges': False, 'return_updated_nodes': True, 'return_updated_globals': True, 'edge_attention_mlp_local': {'units': [32, 1], 'activation': ['swish', 'swish']}, 'edge_attention_mlp_global': {'units': [32, 1], 'activation': ['swish', 'swish']}, 'node_attention_mlp': {'units': [32, 1], 'activation': ['swish', 'swish']}, 'edge_gate': None, 'node_gate': None, 'global_gate': None, 'residual_node_update': True, 'residual_edge_update': False, 'residual_global_update': False, 'update_edges_input': [True, True, True, False], 'update_nodes_input': [True, False, False], 'update_global_input': [False, True, False], 'multiplicity_readout': False}, {'edge_mlp': {'units': [128, 128, 128, 128, 128], 'activation': ['swish', 'swish', 'swish', 'swish', 'swish']}, 'node_mlp': {'units': [128], 'activation': ['swish']}, 'global_mlp': None, 'nested_blocks_cfgs': None, 'aggregate_edges_local': 'sum', 'aggregate_edges_global': None, 'aggregate_nodes': None, 'return_updated_edges': False, 'return_updated_nodes': True, 'return_updated_globals': True, 'edge_attention_mlp_local': {'units': [32, 1], 'activation': ['swish', 'swish']}, 'edge_attention_mlp_global': {'units': [32, 1], 'activation': ['swish', 'swish']}, 'node_attention_mlp': {'units': [32, 1], 'activation': ['swish', 'swish']}, 'edge_gate': None, 'node_gate': None, 'global_gate': None, 'residual_node_update': True, 'residual_edge_update': False, 'residual_global_update': False, 'update_edges_input': [True, True, True, False], 'update_nodes_input': [True, False, False], 'update_global_input': [False, True, False], 'multiplicity_readout': False}], 'output_block_cfg': {'edge_mlp': None, 'node_mlp': None, 'global_mlp': {'units': [1], 'activation': ['linear']}, 'nested_blocks_cfgs': None, 'aggregate_edges_local': 'sum', 'aggregate_edges_global': None, 'aggregate_nodes': 'mean', 'return_updated_edges': False, 'return_updated_nodes': True, 'return_updated_globals': True, 'edge_attention_mlp_local': {'units': [32, 1], 'activation': ['swish', 'swish']}, 'edge_attention_mlp_global': {'units': [32, 1], 'activation': ['swish', 'swish']}, 'node_attention_mlp': {'units': [32, 1], 'activation': ['swish', 'swish']}, 'edge_gate': None, 'node_gate': None, 'global_gate': None, 'residual_node_update': False, 'residual_edge_update': False, 'residual_global_update': False, 'update_edges_input': [True, True, True, False], 'update_nodes_input': [True, False, False], 'update_global_input': [False, True, False], 'multiplicity_readout': True}}'.
/gpfs/scratch/acad/htforft/rgouvea/other_datasets/processed_datasets/.venv/lib/python3.9/site-packages/kgcnn/crystal/periodic_table/periodic_table.py:30: FutureWarning: A value is trying to be set on a copy of a DataFrame or Series through chained assignment using an inplace method.
The behavior will change in pandas 3.0. This inplace method will never work because the intermediate object on which we are setting values always behaves as a copy.

For example, when doing 'df[col].method(value, inplace=True)', try using 'df.method({col: value}, inplace=True)' or df[col] = df[col].method(value) instead, to perform the operation inplace on the original object.


  self.data['AtomicRadius'].fillna(imputation_atomic_radius, inplace=True)
/gpfs/scratch/acad/htforft/rgouvea/other_datasets/processed_datasets/.venv/lib/python3.9/site-packages/kgcnn/crystal/periodic_table/periodic_table.py:32: FutureWarning: A value is trying to be set on a copy of a DataFrame or Series through chained assignment using an inplace method.
The behavior will change in pandas 3.0. This inplace method will never work because the intermediate object on which we are setting values always behaves as a copy.

For example, when doing 'df[col].method(value, inplace=True)', try using 'df.method({col: value}, inplace=True)' or df[col] = df[col].method(value) instead, to perform the operation inplace on the original object.


  self.data['Electronegativity'].fillna(imputation_electronegativity, inplace=True)
/gpfs/scratch/acad/htforft/rgouvea/other_datasets/processed_datasets/.venv/lib/python3.9/site-packages/kgcnn/crystal/periodic_table/periodic_table.py:33: FutureWarning: A value is trying to be set on a copy of a DataFrame or Series through chained assignment using an inplace method.
The behavior will change in pandas 3.0. This inplace method will never work because the intermediate object on which we are setting values always behaves as a copy.

For example, when doing 'df[col].method(value, inplace=True)', try using 'df.method({col: value}, inplace=True)' or df[col] = df[col].method(value) instead, to perform the operation inplace on the original object.


  self.data['IonizationEnergy'].fillna(imputation_ionization_energy, inplace=True)
[<KerasTensor: type_spec=RaggedTensorSpec(TensorShape([None, None, 3]), tf.float32, 1, tf.int64) (created by layer 'offset')>, <KerasTensor: type_spec=RaggedTensorSpec(TensorShape([None, None]), tf.int32, 1, tf.int64) (created by layer 'atomic_number')>, <KerasTensor: type_spec=RaggedTensorSpec(TensorShape([None, None]), tf.int32, 1, tf.int64) (created by layer 'multiplicity')>, <KerasTensor: type_spec=RaggedTensorSpec(TensorShape([None, None, 2]), tf.int32, 1, tf.int64) (created by layer 'edge_indices')>]
Training on 1045 samples...
Epoch 1/800
/gpfs/scratch/acad/htforft/rgouvea/other_datasets/processed_datasets/.venv/lib/python3.9/site-packages/tensorflow/python/framework/indexed_slices.py:444: UserWarning: Converting sparse IndexedSlices(IndexedSlices(indices=Tensor("gradient_tape/coGN/sequential_graph_network_6/graph_network_34/gather_embedding_selection_47/Reshape_1:0", shape=(None,), dtype=int32), values=Tensor("gradient_tape/coGN/sequential_graph_network_6/graph_network_34/gather_embedding_selection_47/Reshape:0", shape=(None, 128), dtype=float32), dense_shape=Tensor("gradient_tape/coGN/sequential_graph_network_6/graph_network_34/gather_embedding_selection_47/Cast:0", shape=(2,), dtype=int32))) to a dense Tensor of unknown shape. This may consume a large amount of memory.
  warnings.warn(
/gpfs/scratch/acad/htforft/rgouvea/other_datasets/processed_datasets/.venv/lib/python3.9/site-packages/tensorflow/python/framework/indexed_slices.py:444: UserWarning: Converting sparse IndexedSlices(IndexedSlices(indices=Tensor("gradient_tape/coGN/sequential_graph_network_6/graph_network_34/gather_embedding_selection_47/Reshape_3:0", shape=(None,), dtype=int32), values=Tensor("gradient_tape/coGN/sequential_graph_network_6/graph_network_34/gather_embedding_selection_47/Reshape_2:0", shape=(None, 128), dtype=float32), dense_shape=Tensor("gradient_tape/coGN/sequential_graph_network_6/graph_network_34/gather_embedding_selection_47/Cast_1:0", shape=(2,), dtype=int32))) to a dense Tensor of unknown shape. This may consume a large amount of memory.
  warnings.warn(
/gpfs/scratch/acad/htforft/rgouvea/other_datasets/processed_datasets/.venv/lib/python3.9/site-packages/tensorflow/python/framework/indexed_slices.py:444: UserWarning: Converting sparse IndexedSlices(IndexedSlices(indices=Tensor("gradient_tape/coGN/sequential_graph_network_6/graph_network_33/gather_embedding_selection_46/Reshape_1:0", shape=(None,), dtype=int32), values=Tensor("gradient_tape/coGN/sequential_graph_network_6/graph_network_33/gather_embedding_selection_46/Reshape:0", shape=(None, 128), dtype=float32), dense_shape=Tensor("gradient_tape/coGN/sequential_graph_network_6/graph_network_33/gather_embedding_selection_46/Cast:0", shape=(2,), dtype=int32))) to a dense Tensor of unknown shape. This may consume a large amount of memory.
  warnings.warn(
/gpfs/scratch/acad/htforft/rgouvea/other_datasets/processed_datasets/.venv/lib/python3.9/site-packages/tensorflow/python/framework/indexed_slices.py:444: UserWarning: Converting sparse IndexedSlices(IndexedSlices(indices=Tensor("gradient_tape/coGN/sequential_graph_network_6/graph_network_33/gather_embedding_selection_46/Reshape_3:0", shape=(None,), dtype=int32), values=Tensor("gradient_tape/coGN/sequential_graph_network_6/graph_network_33/gather_embedding_selection_46/Reshape_2:0", shape=(None, 128), dtype=float32), dense_shape=Tensor("gradient_tape/coGN/sequential_graph_network_6/graph_network_33/gather_embedding_selection_46/Cast_1:0", shape=(2,), dtype=int32))) to a dense Tensor of unknown shape. This may consume a large amount of memory.
  warnings.warn(
/gpfs/scratch/acad/htforft/rgouvea/other_datasets/processed_datasets/.venv/lib/python3.9/site-packages/tensorflow/python/framework/indexed_slices.py:444: UserWarning: Converting sparse IndexedSlices(IndexedSlices(indices=Tensor("gradient_tape/coGN/sequential_graph_network_6/graph_network_32/gather_embedding_selection_45/Reshape_1:0", shape=(None,), dtype=int32), values=Tensor("gradient_tape/coGN/sequential_graph_network_6/graph_network_32/gather_embedding_selection_45/Reshape:0", shape=(None, 128), dtype=float32), dense_shape=Tensor("gradient_tape/coGN/sequential_graph_network_6/graph_network_32/gather_embedding_selection_45/Cast:0", shape=(2,), dtype=int32))) to a dense Tensor of unknown shape. This may consume a large amount of memory.
  warnings.warn(
/gpfs/scratch/acad/htforft/rgouvea/other_datasets/processed_datasets/.venv/lib/python3.9/site-packages/tensorflow/python/framework/indexed_slices.py:444: UserWarning: Converting sparse IndexedSlices(IndexedSlices(indices=Tensor("gradient_tape/coGN/sequential_graph_network_6/graph_network_32/gather_embedding_selection_45/Reshape_3:0", shape=(None,), dtype=int32), values=Tensor("gradient_tape/coGN/sequential_graph_network_6/graph_network_32/gather_embedding_selection_45/Reshape_2:0", shape=(None, 128), dtype=float32), dense_shape=Tensor("gradient_tape/coGN/sequential_graph_network_6/graph_network_32/gather_embedding_selection_45/Cast_1:0", shape=(2,), dtype=int32))) to a dense Tensor of unknown shape. This may consume a large amount of memory.
  warnings.warn(
/gpfs/scratch/acad/htforft/rgouvea/other_datasets/processed_datasets/.venv/lib/python3.9/site-packages/tensorflow/python/framework/indexed_slices.py:444: UserWarning: Converting sparse IndexedSlices(IndexedSlices(indices=Tensor("gradient_tape/coGN/sequential_graph_network_6/graph_network_31/gather_embedding_selection_44/Reshape_1:0", shape=(None,), dtype=int32), values=Tensor("gradient_tape/coGN/sequential_graph_network_6/graph_network_31/gather_embedding_selection_44/Reshape:0", shape=(None, 128), dtype=float32), dense_shape=Tensor("gradient_tape/coGN/sequential_graph_network_6/graph_network_31/gather_embedding_selection_44/Cast:0", shape=(2,), dtype=int32))) to a dense Tensor of unknown shape. This may consume a large amount of memory.
  warnings.warn(
/gpfs/scratch/acad/htforft/rgouvea/other_datasets/processed_datasets/.venv/lib/python3.9/site-packages/tensorflow/python/framework/indexed_slices.py:444: UserWarning: Converting sparse IndexedSlices(IndexedSlices(indices=Tensor("gradient_tape/coGN/sequential_graph_network_6/graph_network_31/gather_embedding_selection_44/Reshape_3:0", shape=(None,), dtype=int32), values=Tensor("gradient_tape/coGN/sequential_graph_network_6/graph_network_31/gather_embedding_selection_44/Reshape_2:0", shape=(None, 128), dtype=float32), dense_shape=Tensor("gradient_tape/coGN/sequential_graph_network_6/graph_network_31/gather_embedding_selection_44/Cast_1:0", shape=(2,), dtype=int32))) to a dense Tensor of unknown shape. This may consume a large amount of memory.
  warnings.warn(
/gpfs/scratch/acad/htforft/rgouvea/other_datasets/processed_datasets/.venv/lib/python3.9/site-packages/tensorflow/python/framework/indexed_slices.py:444: UserWarning: Converting sparse IndexedSlices(IndexedSlices(indices=Tensor("gradient_tape/coGN/sequential_graph_network_6/graph_network_30/gather_embedding_selection_43/Reshape_1:0", shape=(None,), dtype=int32), values=Tensor("gradient_tape/coGN/sequential_graph_network_6/graph_network_30/gather_embedding_selection_43/Reshape:0", shape=(None, 128), dtype=float32), dense_shape=Tensor("gradient_tape/coGN/sequential_graph_network_6/graph_network_30/gather_embedding_selection_43/Cast:0", shape=(2,), dtype=int32))) to a dense Tensor of unknown shape. This may consume a large amount of memory.
  warnings.warn(
/gpfs/scratch/acad/htforft/rgouvea/other_datasets/processed_datasets/.venv/lib/python3.9/site-packages/tensorflow/python/framework/indexed_slices.py:444: UserWarning: Converting sparse IndexedSlices(IndexedSlices(indices=Tensor("gradient_tape/coGN/sequential_graph_network_6/graph_network_30/gather_embedding_selection_43/Reshape_3:0", shape=(None,), dtype=int32), values=Tensor("gradient_tape/coGN/sequential_graph_network_6/graph_network_30/gather_embedding_selection_43/Reshape_2:0", shape=(None, 128), dtype=float32), dense_shape=Tensor("gradient_tape/coGN/sequential_graph_network_6/graph_network_30/gather_embedding_selection_43/Cast_1:0", shape=(2,), dtype=int32))) to a dense Tensor of unknown shape. This may consume a large amount of memory.
  warnings.warn(
17/17 - 3s - loss: 0.9219 - mae: 0.9219 - mse: 1.2974 - 3s/epoch - 174ms/step
Epoch 2/800
17/17 - 0s - loss: 0.6983 - mae: 0.6983 - mse: 0.7563 - 176ms/epoch - 10ms/step
Epoch 3/800
17/17 - 0s - loss: 0.6678 - mae: 0.6678 - mse: 0.6964 - 175ms/epoch - 10ms/step
Epoch 4/800
17/17 - 0s - loss: 0.5064 - mae: 0.5064 - mse: 0.4143 - 175ms/epoch - 10ms/step
Epoch 5/800
17/17 - 0s - loss: 0.4161 - mae: 0.4161 - mse: 0.2969 - 175ms/epoch - 10ms/step
Epoch 6/800
17/17 - 0s - loss: 0.3918 - mae: 0.3918 - mse: 0.2708 - 175ms/epoch - 10ms/step
Epoch 7/800
17/17 - 0s - loss: 0.3476 - mae: 0.3476 - mse: 0.2142 - 175ms/epoch - 10ms/step
Epoch 8/800
17/17 - 0s - loss: 0.3781 - mae: 0.3781 - mse: 0.2390 - 175ms/epoch - 10ms/step
Epoch 9/800
17/17 - 0s - loss: 0.3071 - mae: 0.3071 - mse: 0.1812 - 175ms/epoch - 10ms/step
Epoch 10/800
17/17 - 0s - loss: 0.2889 - mae: 0.2889 - mse: 0.1561 - 175ms/epoch - 10ms/step
Epoch 11/800
17/17 - 0s - loss: 0.3072 - mae: 0.3072 - mse: 0.1730 - 175ms/epoch - 10ms/step
Epoch 12/800
17/17 - 0s - loss: 0.2801 - mae: 0.2801 - mse: 0.1519 - 176ms/epoch - 10ms/step
Epoch 13/800
17/17 - 0s - loss: 0.2499 - mae: 0.2499 - mse: 0.1293 - 175ms/epoch - 10ms/step
Epoch 14/800
17/17 - 0s - loss: 0.2774 - mae: 0.2774 - mse: 0.1422 - 176ms/epoch - 10ms/step
Epoch 15/800
17/17 - 0s - loss: 0.2379 - mae: 0.2379 - mse: 0.1167 - 175ms/epoch - 10ms/step
Epoch 16/800
17/17 - 0s - loss: 0.2154 - mae: 0.2154 - mse: 0.0952 - 175ms/epoch - 10ms/step
Epoch 17/800
17/17 - 0s - loss: 0.2110 - mae: 0.2110 - mse: 0.0918 - 175ms/epoch - 10ms/step
Epoch 18/800
17/17 - 0s - loss: 0.1968 - mae: 0.1968 - mse: 0.0821 - 175ms/epoch - 10ms/step
Epoch 19/800
17/17 - 0s - loss: 0.2704 - mae: 0.2704 - mse: 0.1277 - 175ms/epoch - 10ms/step
Epoch 20/800
17/17 - 0s - loss: 0.2188 - mae: 0.2188 - mse: 0.0939 - 175ms/epoch - 10ms/step
Epoch 21/800
17/17 - 0s - loss: 0.2086 - mae: 0.2086 - mse: 0.0839 - 175ms/epoch - 10ms/step
Epoch 22/800
17/17 - 0s - loss: 0.2355 - mae: 0.2355 - mse: 0.1085 - 175ms/epoch - 10ms/step
Epoch 23/800
17/17 - 0s - loss: 0.2243 - mae: 0.2243 - mse: 0.0924 - 175ms/epoch - 10ms/step
Epoch 24/800
17/17 - 0s - loss: 0.1949 - mae: 0.1949 - mse: 0.0720 - 175ms/epoch - 10ms/step
Epoch 25/800
17/17 - 0s - loss: 0.1897 - mae: 0.1897 - mse: 0.0702 - 175ms/epoch - 10ms/step
Epoch 26/800
17/17 - 0s - loss: 0.1853 - mae: 0.1853 - mse: 0.0672 - 175ms/epoch - 10ms/step
Epoch 27/800
17/17 - 0s - loss: 0.1854 - mae: 0.1854 - mse: 0.0659 - 175ms/epoch - 10ms/step
Epoch 28/800
17/17 - 0s - loss: 0.1700 - mae: 0.1700 - mse: 0.0524 - 175ms/epoch - 10ms/step
Epoch 29/800
17/17 - 0s - loss: 0.1688 - mae: 0.1688 - mse: 0.0521 - 175ms/epoch - 10ms/step
Epoch 30/800
17/17 - 0s - loss: 0.1643 - mae: 0.1643 - mse: 0.0505 - 175ms/epoch - 10ms/step
Epoch 31/800
17/17 - 0s - loss: 0.1787 - mae: 0.1787 - mse: 0.0557 - 175ms/epoch - 10ms/step
Epoch 32/800
17/17 - 0s - loss: 0.1772 - mae: 0.1772 - mse: 0.0600 - 175ms/epoch - 10ms/step
Epoch 33/800
17/17 - 0s - loss: 0.1562 - mae: 0.1562 - mse: 0.0453 - 176ms/epoch - 10ms/step
Epoch 34/800
17/17 - 0s - loss: 0.1557 - mae: 0.1557 - mse: 0.0441 - 175ms/epoch - 10ms/step
Epoch 35/800
17/17 - 0s - loss: 0.1591 - mae: 0.1591 - mse: 0.0452 - 175ms/epoch - 10ms/step
Epoch 36/800
17/17 - 0s - loss: 0.1608 - mae: 0.1608 - mse: 0.0445 - 175ms/epoch - 10ms/step
Epoch 37/800
17/17 - 0s - loss: 0.1552 - mae: 0.1552 - mse: 0.0428 - 175ms/epoch - 10ms/step
Epoch 38/800
17/17 - 0s - loss: 0.1469 - mae: 0.1469 - mse: 0.0377 - 175ms/epoch - 10ms/step
Epoch 39/800
17/17 - 0s - loss: 0.1469 - mae: 0.1469 - mse: 0.0381 - 175ms/epoch - 10ms/step
Epoch 40/800
17/17 - 0s - loss: 0.1483 - mae: 0.1483 - mse: 0.0380 - 176ms/epoch - 10ms/step
Epoch 41/800
17/17 - 0s - loss: 0.1680 - mae: 0.1680 - mse: 0.0466 - 175ms/epoch - 10ms/step
Epoch 42/800
17/17 - 0s - loss: 0.1501 - mae: 0.1501 - mse: 0.0406 - 175ms/epoch - 10ms/step
Epoch 43/800
17/17 - 0s - loss: 0.1576 - mae: 0.1576 - mse: 0.0407 - 175ms/epoch - 10ms/step
Epoch 44/800
17/17 - 0s - loss: 0.1763 - mae: 0.1763 - mse: 0.0521 - 175ms/epoch - 10ms/step
Epoch 45/800
17/17 - 0s - loss: 0.1594 - mae: 0.1594 - mse: 0.0452 - 175ms/epoch - 10ms/step
Epoch 46/800
17/17 - 0s - loss: 0.1645 - mae: 0.1645 - mse: 0.0512 - 175ms/epoch - 10ms/step
Epoch 47/800
17/17 - 0s - loss: 0.1407 - mae: 0.1407 - mse: 0.0361 - 175ms/epoch - 10ms/step
Epoch 48/800
17/17 - 0s - loss: 0.1422 - mae: 0.1422 - mse: 0.0351 - 175ms/epoch - 10ms/step
Epoch 49/800
17/17 - 0s - loss: 0.1357 - mae: 0.1357 - mse: 0.0312 - 175ms/epoch - 10ms/step
Epoch 50/800
17/17 - 0s - loss: 0.1312 - mae: 0.1312 - mse: 0.0311 - 175ms/epoch - 10ms/step
Epoch 51/800
17/17 - 0s - loss: 0.1477 - mae: 0.1477 - mse: 0.0395 - 175ms/epoch - 10ms/step
Epoch 52/800
17/17 - 0s - loss: 0.1490 - mae: 0.1490 - mse: 0.0390 - 175ms/epoch - 10ms/step
Epoch 53/800
17/17 - 0s - loss: 0.1494 - mae: 0.1494 - mse: 0.0380 - 175ms/epoch - 10ms/step
Epoch 54/800
17/17 - 0s - loss: 0.1418 - mae: 0.1418 - mse: 0.0354 - 175ms/epoch - 10ms/step
Epoch 55/800
17/17 - 0s - loss: 0.1288 - mae: 0.1288 - mse: 0.0295 - 175ms/epoch - 10ms/step
Epoch 56/800
17/17 - 0s - loss: 0.1252 - mae: 0.1252 - mse: 0.0287 - 175ms/epoch - 10ms/step
Epoch 57/800
17/17 - 0s - loss: 0.1274 - mae: 0.1274 - mse: 0.0275 - 175ms/epoch - 10ms/step
Epoch 58/800
17/17 - 0s - loss: 0.1359 - mae: 0.1359 - mse: 0.0328 - 175ms/epoch - 10ms/step
Epoch 59/800
17/17 - 0s - loss: 0.1374 - mae: 0.1374 - mse: 0.0319 - 175ms/epoch - 10ms/step
Epoch 60/800
17/17 - 0s - loss: 0.1385 - mae: 0.1385 - mse: 0.0330 - 175ms/epoch - 10ms/step
Epoch 61/800
17/17 - 0s - loss: 0.1422 - mae: 0.1422 - mse: 0.0355 - 175ms/epoch - 10ms/step
Epoch 62/800
17/17 - 0s - loss: 0.1212 - mae: 0.1212 - mse: 0.0257 - 175ms/epoch - 10ms/step
Epoch 63/800
17/17 - 0s - loss: 0.1253 - mae: 0.1253 - mse: 0.0278 - 175ms/epoch - 10ms/step
Epoch 64/800
17/17 - 0s - loss: 0.1297 - mae: 0.1297 - mse: 0.0285 - 176ms/epoch - 10ms/step
Epoch 65/800
17/17 - 0s - loss: 0.1259 - mae: 0.1259 - mse: 0.0272 - 176ms/epoch - 10ms/step
Epoch 66/800
17/17 - 0s - loss: 0.1250 - mae: 0.1250 - mse: 0.0277 - 175ms/epoch - 10ms/step
Epoch 67/800
17/17 - 0s - loss: 0.1226 - mae: 0.1226 - mse: 0.0263 - 175ms/epoch - 10ms/step
Epoch 68/800
17/17 - 0s - loss: 0.1156 - mae: 0.1156 - mse: 0.0234 - 175ms/epoch - 10ms/step
Epoch 69/800
17/17 - 0s - loss: 0.1326 - mae: 0.1326 - mse: 0.0298 - 175ms/epoch - 10ms/step
Epoch 70/800
17/17 - 0s - loss: 0.1191 - mae: 0.1191 - mse: 0.0246 - 175ms/epoch - 10ms/step
Epoch 71/800
17/17 - 0s - loss: 0.1307 - mae: 0.1307 - mse: 0.0291 - 175ms/epoch - 10ms/step
Epoch 72/800
17/17 - 0s - loss: 0.1117 - mae: 0.1117 - mse: 0.0223 - 175ms/epoch - 10ms/step
Epoch 73/800
17/17 - 0s - loss: 0.1310 - mae: 0.1310 - mse: 0.0288 - 175ms/epoch - 10ms/step
Epoch 74/800
17/17 - 0s - loss: 0.1184 - mae: 0.1184 - mse: 0.0247 - 175ms/epoch - 10ms/step
Epoch 75/800
17/17 - 0s - loss: 0.1218 - mae: 0.1218 - mse: 0.0248 - 175ms/epoch - 10ms/step
Epoch 76/800
17/17 - 0s - loss: 0.1109 - mae: 0.1109 - mse: 0.0222 - 175ms/epoch - 10ms/step
Epoch 77/800
17/17 - 0s - loss: 0.1053 - mae: 0.1053 - mse: 0.0201 - 175ms/epoch - 10ms/step
Epoch 78/800
17/17 - 0s - loss: 0.1168 - mae: 0.1168 - mse: 0.0235 - 175ms/epoch - 10ms/step
Epoch 79/800
17/17 - 0s - loss: 0.1189 - mae: 0.1189 - mse: 0.0245 - 175ms/epoch - 10ms/step
Epoch 80/800
17/17 - 0s - loss: 0.1316 - mae: 0.1316 - mse: 0.0303 - 175ms/epoch - 10ms/step
Epoch 81/800
17/17 - 0s - loss: 0.1177 - mae: 0.1177 - mse: 0.0232 - 175ms/epoch - 10ms/step
Epoch 82/800
17/17 - 0s - loss: 0.1078 - mae: 0.1078 - mse: 0.0203 - 175ms/epoch - 10ms/step
Epoch 83/800
17/17 - 0s - loss: 0.1229 - mae: 0.1229 - mse: 0.0262 - 175ms/epoch - 10ms/step
Epoch 84/800
17/17 - 0s - loss: 0.1174 - mae: 0.1174 - mse: 0.0242 - 175ms/epoch - 10ms/step
Epoch 85/800
17/17 - 0s - loss: 0.1192 - mae: 0.1192 - mse: 0.0247 - 175ms/epoch - 10ms/step
Epoch 86/800
17/17 - 0s - loss: 0.0998 - mae: 0.0998 - mse: 0.0176 - 175ms/epoch - 10ms/step
Epoch 87/800
17/17 - 0s - loss: 0.1052 - mae: 0.1052 - mse: 0.0185 - 175ms/epoch - 10ms/step
Epoch 88/800
17/17 - 0s - loss: 0.0976 - mae: 0.0976 - mse: 0.0167 - 175ms/epoch - 10ms/step
Epoch 89/800
17/17 - 0s - loss: 0.1144 - mae: 0.1144 - mse: 0.0230 - 175ms/epoch - 10ms/step
Epoch 90/800
17/17 - 0s - loss: 0.1068 - mae: 0.1068 - mse: 0.0206 - 175ms/epoch - 10ms/step
Epoch 91/800
17/17 - 0s - loss: 0.1223 - mae: 0.1223 - mse: 0.0251 - 175ms/epoch - 10ms/step
Epoch 92/800
17/17 - 0s - loss: 0.1251 - mae: 0.1251 - mse: 0.0261 - 175ms/epoch - 10ms/step
Epoch 93/800
17/17 - 0s - loss: 0.1080 - mae: 0.1080 - mse: 0.0216 - 175ms/epoch - 10ms/step
Epoch 94/800
17/17 - 0s - loss: 0.1133 - mae: 0.1133 - mse: 0.0224 - 175ms/epoch - 10ms/step
Epoch 95/800
17/17 - 0s - loss: 0.1113 - mae: 0.1113 - mse: 0.0216 - 177ms/epoch - 10ms/step
Epoch 96/800
17/17 - 0s - loss: 0.1052 - mae: 0.1052 - mse: 0.0197 - 176ms/epoch - 10ms/step
Epoch 97/800
17/17 - 0s - loss: 0.1029 - mae: 0.1029 - mse: 0.0183 - 175ms/epoch - 10ms/step
Epoch 98/800
17/17 - 0s - loss: 0.1044 - mae: 0.1044 - mse: 0.0194 - 175ms/epoch - 10ms/step
Epoch 99/800
17/17 - 0s - loss: 0.1074 - mae: 0.1074 - mse: 0.0207 - 175ms/epoch - 10ms/step
Epoch 100/800
17/17 - 0s - loss: 0.1045 - mae: 0.1045 - mse: 0.0200 - 175ms/epoch - 10ms/step
Epoch 101/800
17/17 - 0s - loss: 0.1053 - mae: 0.1053 - mse: 0.0199 - 175ms/epoch - 10ms/step
Epoch 102/800
17/17 - 0s - loss: 0.1039 - mae: 0.1039 - mse: 0.0188 - 175ms/epoch - 10ms/step
Epoch 103/800
17/17 - 0s - loss: 0.1060 - mae: 0.1060 - mse: 0.0194 - 175ms/epoch - 10ms/step
Epoch 104/800
17/17 - 0s - loss: 0.1106 - mae: 0.1106 - mse: 0.0213 - 175ms/epoch - 10ms/step
Epoch 105/800
17/17 - 0s - loss: 0.1057 - mae: 0.1057 - mse: 0.0192 - 175ms/epoch - 10ms/step
Epoch 106/800
17/17 - 0s - loss: 0.0992 - mae: 0.0992 - mse: 0.0174 - 175ms/epoch - 10ms/step
Epoch 107/800
17/17 - 0s - loss: 0.0967 - mae: 0.0967 - mse: 0.0163 - 175ms/epoch - 10ms/step
Epoch 108/800
17/17 - 0s - loss: 0.0950 - mae: 0.0950 - mse: 0.0162 - 175ms/epoch - 10ms/step
Epoch 109/800
17/17 - 0s - loss: 0.1040 - mae: 0.1040 - mse: 0.0190 - 175ms/epoch - 10ms/step
Epoch 110/800
17/17 - 0s - loss: 0.0968 - mae: 0.0968 - mse: 0.0160 - 175ms/epoch - 10ms/step
Epoch 111/800
17/17 - 0s - loss: 0.0961 - mae: 0.0961 - mse: 0.0168 - 175ms/epoch - 10ms/step
Epoch 112/800
17/17 - 0s - loss: 0.1034 - mae: 0.1034 - mse: 0.0186 - 176ms/epoch - 10ms/step
Epoch 113/800
17/17 - 0s - loss: 0.1002 - mae: 0.1002 - mse: 0.0179 - 175ms/epoch - 10ms/step
Epoch 114/800
17/17 - 0s - loss: 0.0950 - mae: 0.0950 - mse: 0.0160 - 175ms/epoch - 10ms/step
Epoch 115/800
17/17 - 0s - loss: 0.0911 - mae: 0.0911 - mse: 0.0156 - 175ms/epoch - 10ms/step
Epoch 116/800
17/17 - 0s - loss: 0.1007 - mae: 0.1007 - mse: 0.0185 - 175ms/epoch - 10ms/step
Epoch 117/800
17/17 - 0s - loss: 0.1002 - mae: 0.1002 - mse: 0.0181 - 175ms/epoch - 10ms/step
Epoch 118/800
17/17 - 0s - loss: 0.0976 - mae: 0.0976 - mse: 0.0166 - 175ms/epoch - 10ms/step
Epoch 119/800
17/17 - 0s - loss: 0.0960 - mae: 0.0960 - mse: 0.0172 - 175ms/epoch - 10ms/step
Epoch 120/800
17/17 - 0s - loss: 0.0926 - mae: 0.0926 - mse: 0.0159 - 175ms/epoch - 10ms/step
Epoch 121/800
17/17 - 0s - loss: 0.0921 - mae: 0.0921 - mse: 0.0156 - 175ms/epoch - 10ms/step
Epoch 122/800
17/17 - 0s - loss: 0.0997 - mae: 0.0997 - mse: 0.0175 - 175ms/epoch - 10ms/step
Epoch 123/800
17/17 - 0s - loss: 0.1022 - mae: 0.1022 - mse: 0.0184 - 175ms/epoch - 10ms/step
Epoch 124/800
17/17 - 0s - loss: 0.1079 - mae: 0.1079 - mse: 0.0196 - 175ms/epoch - 10ms/step
Epoch 125/800
17/17 - 0s - loss: 0.0884 - mae: 0.0884 - mse: 0.0138 - 175ms/epoch - 10ms/step
Epoch 126/800
17/17 - 0s - loss: 0.0972 - mae: 0.0972 - mse: 0.0166 - 175ms/epoch - 10ms/step
Epoch 127/800
17/17 - 0s - loss: 0.1008 - mae: 0.1008 - mse: 0.0173 - 175ms/epoch - 10ms/step
Epoch 128/800
17/17 - 0s - loss: 0.0932 - mae: 0.0932 - mse: 0.0156 - 175ms/epoch - 10ms/step
Epoch 129/800
17/17 - 0s - loss: 0.0889 - mae: 0.0889 - mse: 0.0142 - 175ms/epoch - 10ms/step
Epoch 130/800
17/17 - 0s - loss: 0.0945 - mae: 0.0945 - mse: 0.0157 - 175ms/epoch - 10ms/step
Epoch 131/800
17/17 - 0s - loss: 0.0937 - mae: 0.0937 - mse: 0.0155 - 175ms/epoch - 10ms/step
Epoch 132/800
17/17 - 0s - loss: 0.0826 - mae: 0.0826 - mse: 0.0124 - 175ms/epoch - 10ms/step
Epoch 133/800
17/17 - 0s - loss: 0.0808 - mae: 0.0808 - mse: 0.0121 - 176ms/epoch - 10ms/step
Epoch 134/800
17/17 - 0s - loss: 0.0914 - mae: 0.0914 - mse: 0.0150 - 175ms/epoch - 10ms/step
Epoch 135/800
17/17 - 0s - loss: 0.0891 - mae: 0.0891 - mse: 0.0145 - 175ms/epoch - 10ms/step
Epoch 136/800
17/17 - 0s - loss: 0.0933 - mae: 0.0933 - mse: 0.0150 - 175ms/epoch - 10ms/step
Epoch 137/800
17/17 - 0s - loss: 0.0951 - mae: 0.0951 - mse: 0.0165 - 175ms/epoch - 10ms/step
Epoch 138/800
17/17 - 0s - loss: 0.0867 - mae: 0.0867 - mse: 0.0139 - 175ms/epoch - 10ms/step
Epoch 139/800
17/17 - 0s - loss: 0.0893 - mae: 0.0893 - mse: 0.0143 - 175ms/epoch - 10ms/step
Epoch 140/800
17/17 - 0s - loss: 0.0925 - mae: 0.0925 - mse: 0.0155 - 175ms/epoch - 10ms/step
Epoch 141/800
17/17 - 0s - loss: 0.0938 - mae: 0.0938 - mse: 0.0156 - 175ms/epoch - 10ms/step
Epoch 142/800
17/17 - 0s - loss: 0.0876 - mae: 0.0876 - mse: 0.0137 - 175ms/epoch - 10ms/step
Epoch 143/800
17/17 - 0s - loss: 0.0865 - mae: 0.0865 - mse: 0.0136 - 175ms/epoch - 10ms/step
Epoch 144/800
17/17 - 0s - loss: 0.1168 - mae: 0.1168 - mse: 0.0223 - 175ms/epoch - 10ms/step
Epoch 145/800
17/17 - 0s - loss: 0.1006 - mae: 0.1006 - mse: 0.0174 - 175ms/epoch - 10ms/step
Epoch 146/800
17/17 - 0s - loss: 0.0941 - mae: 0.0941 - mse: 0.0154 - 175ms/epoch - 10ms/step
Epoch 147/800
17/17 - 0s - loss: 0.0978 - mae: 0.0978 - mse: 0.0170 - 175ms/epoch - 10ms/step
Epoch 148/800
17/17 - 0s - loss: 0.0971 - mae: 0.0971 - mse: 0.0176 - 175ms/epoch - 10ms/step
Epoch 149/800
17/17 - 0s - loss: 0.0825 - mae: 0.0825 - mse: 0.0124 - 175ms/epoch - 10ms/step
Epoch 150/800
17/17 - 0s - loss: 0.0806 - mae: 0.0806 - mse: 0.0116 - 176ms/epoch - 10ms/step
Epoch 151/800
17/17 - 0s - loss: 0.0863 - mae: 0.0863 - mse: 0.0129 - 175ms/epoch - 10ms/step
Epoch 152/800
17/17 - 0s - loss: 0.0904 - mae: 0.0904 - mse: 0.0144 - 175ms/epoch - 10ms/step
Epoch 153/800
17/17 - 0s - loss: 0.0896 - mae: 0.0896 - mse: 0.0142 - 175ms/epoch - 10ms/step
Epoch 154/800
17/17 - 0s - loss: 0.0783 - mae: 0.0783 - mse: 0.0117 - 176ms/epoch - 10ms/step
Epoch 155/800
17/17 - 0s - loss: 0.0788 - mae: 0.0788 - mse: 0.0115 - 175ms/epoch - 10ms/step
Epoch 156/800
17/17 - 0s - loss: 0.0877 - mae: 0.0877 - mse: 0.0138 - 175ms/epoch - 10ms/step
Epoch 157/800
17/17 - 0s - loss: 0.0842 - mae: 0.0842 - mse: 0.0124 - 175ms/epoch - 10ms/step
Epoch 158/800
17/17 - 0s - loss: 0.0896 - mae: 0.0896 - mse: 0.0138 - 175ms/epoch - 10ms/step
Epoch 159/800
17/17 - 0s - loss: 0.0930 - mae: 0.0930 - mse: 0.0147 - 175ms/epoch - 10ms/step
Epoch 160/800
17/17 - 0s - loss: 0.0901 - mae: 0.0901 - mse: 0.0142 - 175ms/epoch - 10ms/step
Epoch 161/800
17/17 - 0s - loss: 0.0814 - mae: 0.0814 - mse: 0.0121 - 176ms/epoch - 10ms/step
Epoch 162/800
17/17 - 0s - loss: 0.0762 - mae: 0.0762 - mse: 0.0111 - 175ms/epoch - 10ms/step
Epoch 163/800
17/17 - 0s - loss: 0.0763 - mae: 0.0763 - mse: 0.0106 - 176ms/epoch - 10ms/step
Epoch 164/800
17/17 - 0s - loss: 0.0748 - mae: 0.0748 - mse: 0.0101 - 175ms/epoch - 10ms/step
Epoch 165/800
17/17 - 0s - loss: 0.0856 - mae: 0.0856 - mse: 0.0125 - 175ms/epoch - 10ms/step
Epoch 166/800
17/17 - 0s - loss: 0.0786 - mae: 0.0786 - mse: 0.0108 - 175ms/epoch - 10ms/step
Epoch 167/800
17/17 - 0s - loss: 0.0805 - mae: 0.0805 - mse: 0.0121 - 176ms/epoch - 10ms/step
Epoch 168/800
17/17 - 0s - loss: 0.0669 - mae: 0.0669 - mse: 0.0088 - 175ms/epoch - 10ms/step
Epoch 169/800
17/17 - 0s - loss: 0.0831 - mae: 0.0831 - mse: 0.0117 - 175ms/epoch - 10ms/step
Epoch 170/800
17/17 - 0s - loss: 0.0875 - mae: 0.0875 - mse: 0.0140 - 175ms/epoch - 10ms/step
Epoch 171/800
17/17 - 0s - loss: 0.0766 - mae: 0.0766 - mse: 0.0103 - 175ms/epoch - 10ms/step
Epoch 172/800
17/17 - 0s - loss: 0.0807 - mae: 0.0807 - mse: 0.0113 - 175ms/epoch - 10ms/step
Epoch 173/800
17/17 - 0s - loss: 0.0761 - mae: 0.0761 - mse: 0.0104 - 175ms/epoch - 10ms/step
Epoch 174/800
17/17 - 0s - loss: 0.0800 - mae: 0.0800 - mse: 0.0115 - 175ms/epoch - 10ms/step
Epoch 175/800
17/17 - 0s - loss: 0.0811 - mae: 0.0811 - mse: 0.0113 - 175ms/epoch - 10ms/step
Epoch 176/800
17/17 - 0s - loss: 0.0818 - mae: 0.0818 - mse: 0.0120 - 175ms/epoch - 10ms/step
Epoch 177/800
17/17 - 0s - loss: 0.0796 - mae: 0.0796 - mse: 0.0109 - 177ms/epoch - 10ms/step
Epoch 178/800
17/17 - 0s - loss: 0.0789 - mae: 0.0789 - mse: 0.0118 - 175ms/epoch - 10ms/step
Epoch 179/800
17/17 - 0s - loss: 0.0703 - mae: 0.0703 - mse: 0.0092 - 175ms/epoch - 10ms/step
Epoch 180/800
17/17 - 0s - loss: 0.0786 - mae: 0.0786 - mse: 0.0107 - 175ms/epoch - 10ms/step
Epoch 181/800
17/17 - 0s - loss: 0.0820 - mae: 0.0820 - mse: 0.0114 - 175ms/epoch - 10ms/step
Epoch 182/800
17/17 - 0s - loss: 0.0796 - mae: 0.0796 - mse: 0.0114 - 175ms/epoch - 10ms/step
Epoch 183/800
17/17 - 0s - loss: 0.0742 - mae: 0.0742 - mse: 0.0106 - 176ms/epoch - 10ms/step
Epoch 184/800
17/17 - 0s - loss: 0.0702 - mae: 0.0702 - mse: 0.0095 - 175ms/epoch - 10ms/step
Epoch 185/800
17/17 - 0s - loss: 0.0693 - mae: 0.0693 - mse: 0.0088 - 175ms/epoch - 10ms/step
Epoch 186/800
17/17 - 0s - loss: 0.0737 - mae: 0.0737 - mse: 0.0098 - 175ms/epoch - 10ms/step
Epoch 187/800
17/17 - 0s - loss: 0.0794 - mae: 0.0794 - mse: 0.0114 - 175ms/epoch - 10ms/step
Epoch 188/800
17/17 - 0s - loss: 0.0693 - mae: 0.0693 - mse: 0.0089 - 175ms/epoch - 10ms/step
Epoch 189/800
17/17 - 0s - loss: 0.0657 - mae: 0.0657 - mse: 0.0078 - 175ms/epoch - 10ms/step
Epoch 190/800
17/17 - 0s - loss: 0.0689 - mae: 0.0689 - mse: 0.0086 - 175ms/epoch - 10ms/step
Epoch 191/800
17/17 - 0s - loss: 0.0754 - mae: 0.0754 - mse: 0.0106 - 175ms/epoch - 10ms/step
Epoch 192/800
17/17 - 0s - loss: 0.0867 - mae: 0.0867 - mse: 0.0130 - 175ms/epoch - 10ms/step
Epoch 193/800
17/17 - 0s - loss: 0.0866 - mae: 0.0866 - mse: 0.0126 - 175ms/epoch - 10ms/step
Epoch 194/800
17/17 - 0s - loss: 0.0761 - mae: 0.0761 - mse: 0.0104 - 175ms/epoch - 10ms/step
Epoch 195/800
17/17 - 0s - loss: 0.0683 - mae: 0.0683 - mse: 0.0083 - 175ms/epoch - 10ms/step
Epoch 196/800
17/17 - 0s - loss: 0.0682 - mae: 0.0682 - mse: 0.0087 - 175ms/epoch - 10ms/step
Epoch 197/800
17/17 - 0s - loss: 0.0703 - mae: 0.0703 - mse: 0.0091 - 175ms/epoch - 10ms/step
Epoch 198/800
17/17 - 0s - loss: 0.0692 - mae: 0.0692 - mse: 0.0084 - 175ms/epoch - 10ms/step
Epoch 199/800
17/17 - 0s - loss: 0.0631 - mae: 0.0631 - mse: 0.0075 - 175ms/epoch - 10ms/step
Epoch 200/800
17/17 - 0s - loss: 0.0702 - mae: 0.0702 - mse: 0.0091 - 175ms/epoch - 10ms/step
Epoch 201/800
17/17 - 0s - loss: 0.0802 - mae: 0.0802 - mse: 0.0111 - 175ms/epoch - 10ms/step
Epoch 202/800
17/17 - 0s - loss: 0.0767 - mae: 0.0767 - mse: 0.0106 - 176ms/epoch - 10ms/step
Epoch 203/800
17/17 - 0s - loss: 0.0890 - mae: 0.0890 - mse: 0.0139 - 175ms/epoch - 10ms/step
Epoch 204/800
17/17 - 0s - loss: 0.0764 - mae: 0.0764 - mse: 0.0101 - 175ms/epoch - 10ms/step
Epoch 205/800
17/17 - 0s - loss: 0.0685 - mae: 0.0685 - mse: 0.0083 - 176ms/epoch - 10ms/step
Epoch 206/800
17/17 - 0s - loss: 0.0659 - mae: 0.0659 - mse: 0.0077 - 176ms/epoch - 10ms/step
Epoch 207/800
17/17 - 0s - loss: 0.0683 - mae: 0.0683 - mse: 0.0084 - 175ms/epoch - 10ms/step
Epoch 208/800
17/17 - 0s - loss: 0.0759 - mae: 0.0759 - mse: 0.0100 - 175ms/epoch - 10ms/step
Epoch 209/800
17/17 - 0s - loss: 0.0730 - mae: 0.0730 - mse: 0.0098 - 175ms/epoch - 10ms/step
Epoch 210/800
17/17 - 0s - loss: 0.0710 - mae: 0.0710 - mse: 0.0092 - 176ms/epoch - 10ms/step
Epoch 211/800
17/17 - 0s - loss: 0.0786 - mae: 0.0786 - mse: 0.0114 - 175ms/epoch - 10ms/step
Epoch 212/800
17/17 - 0s - loss: 0.0742 - mae: 0.0742 - mse: 0.0099 - 178ms/epoch - 10ms/step
Epoch 213/800
17/17 - 0s - loss: 0.0654 - mae: 0.0654 - mse: 0.0081 - 175ms/epoch - 10ms/step
Epoch 214/800
17/17 - 0s - loss: 0.0714 - mae: 0.0714 - mse: 0.0092 - 175ms/epoch - 10ms/step
Epoch 215/800
17/17 - 0s - loss: 0.0757 - mae: 0.0757 - mse: 0.0103 - 175ms/epoch - 10ms/step
Epoch 216/800
17/17 - 0s - loss: 0.0770 - mae: 0.0770 - mse: 0.0102 - 175ms/epoch - 10ms/step
Epoch 217/800
17/17 - 0s - loss: 0.0706 - mae: 0.0706 - mse: 0.0089 - 175ms/epoch - 10ms/step
Epoch 218/800
17/17 - 0s - loss: 0.0700 - mae: 0.0700 - mse: 0.0091 - 175ms/epoch - 10ms/step
Epoch 219/800
17/17 - 0s - loss: 0.0741 - mae: 0.0741 - mse: 0.0094 - 175ms/epoch - 10ms/step
Epoch 220/800
17/17 - 0s - loss: 0.0776 - mae: 0.0776 - mse: 0.0103 - 175ms/epoch - 10ms/step
Epoch 221/800
17/17 - 0s - loss: 0.0678 - mae: 0.0678 - mse: 0.0081 - 175ms/epoch - 10ms/step
Epoch 222/800
17/17 - 0s - loss: 0.0613 - mae: 0.0613 - mse: 0.0071 - 176ms/epoch - 10ms/step
Epoch 223/800
17/17 - 0s - loss: 0.0636 - mae: 0.0636 - mse: 0.0074 - 175ms/epoch - 10ms/step
Epoch 224/800
17/17 - 0s - loss: 0.0620 - mae: 0.0620 - mse: 0.0068 - 175ms/epoch - 10ms/step
Epoch 225/800
17/17 - 0s - loss: 0.0594 - mae: 0.0594 - mse: 0.0066 - 175ms/epoch - 10ms/step
Epoch 226/800
17/17 - 0s - loss: 0.0635 - mae: 0.0635 - mse: 0.0075 - 175ms/epoch - 10ms/step
Epoch 227/800
17/17 - 0s - loss: 0.0633 - mae: 0.0633 - mse: 0.0078 - 175ms/epoch - 10ms/step
Epoch 228/800
17/17 - 0s - loss: 0.0592 - mae: 0.0592 - mse: 0.0062 - 175ms/epoch - 10ms/step
Epoch 229/800
17/17 - 0s - loss: 0.0606 - mae: 0.0606 - mse: 0.0070 - 176ms/epoch - 10ms/step
Epoch 230/800
17/17 - 0s - loss: 0.0578 - mae: 0.0578 - mse: 0.0064 - 176ms/epoch - 10ms/step
Epoch 231/800
17/17 - 0s - loss: 0.0587 - mae: 0.0587 - mse: 0.0066 - 175ms/epoch - 10ms/step
Epoch 232/800
17/17 - 0s - loss: 0.0574 - mae: 0.0574 - mse: 0.0062 - 175ms/epoch - 10ms/step
Epoch 233/800
17/17 - 0s - loss: 0.0639 - mae: 0.0639 - mse: 0.0072 - 175ms/epoch - 10ms/step
Epoch 234/800
17/17 - 0s - loss: 0.0592 - mae: 0.0592 - mse: 0.0068 - 175ms/epoch - 10ms/step
Epoch 235/800
17/17 - 0s - loss: 0.0616 - mae: 0.0616 - mse: 0.0068 - 175ms/epoch - 10ms/step
Epoch 236/800
17/17 - 0s - loss: 0.0682 - mae: 0.0682 - mse: 0.0084 - 177ms/epoch - 10ms/step
Epoch 237/800
17/17 - 0s - loss: 0.0585 - mae: 0.0585 - mse: 0.0063 - 175ms/epoch - 10ms/step
Epoch 238/800
17/17 - 0s - loss: 0.0550 - mae: 0.0550 - mse: 0.0057 - 175ms/epoch - 10ms/step
Epoch 239/800
17/17 - 0s - loss: 0.0561 - mae: 0.0561 - mse: 0.0059 - 175ms/epoch - 10ms/step
Epoch 240/800
17/17 - 0s - loss: 0.0547 - mae: 0.0547 - mse: 0.0056 - 176ms/epoch - 10ms/step
Epoch 241/800
17/17 - 0s - loss: 0.0630 - mae: 0.0630 - mse: 0.0071 - 175ms/epoch - 10ms/step
Epoch 242/800
17/17 - 0s - loss: 0.0715 - mae: 0.0715 - mse: 0.0092 - 175ms/epoch - 10ms/step
Epoch 243/800
17/17 - 0s - loss: 0.0657 - mae: 0.0657 - mse: 0.0081 - 175ms/epoch - 10ms/step
Epoch 244/800
17/17 - 0s - loss: 0.0653 - mae: 0.0653 - mse: 0.0077 - 175ms/epoch - 10ms/step
Epoch 245/800
17/17 - 0s - loss: 0.0534 - mae: 0.0534 - mse: 0.0055 - 175ms/epoch - 10ms/step
Epoch 246/800
17/17 - 0s - loss: 0.0566 - mae: 0.0566 - mse: 0.0063 - 175ms/epoch - 10ms/step
Epoch 247/800
17/17 - 0s - loss: 0.0623 - mae: 0.0623 - mse: 0.0071 - 175ms/epoch - 10ms/step
Epoch 248/800
17/17 - 0s - loss: 0.0609 - mae: 0.0609 - mse: 0.0066 - 175ms/epoch - 10ms/step
Epoch 249/800
17/17 - 0s - loss: 0.0600 - mae: 0.0600 - mse: 0.0064 - 175ms/epoch - 10ms/step
Epoch 250/800
17/17 - 0s - loss: 0.0572 - mae: 0.0572 - mse: 0.0060 - 175ms/epoch - 10ms/step
Epoch 251/800
17/17 - 0s - loss: 0.0587 - mae: 0.0587 - mse: 0.0064 - 175ms/epoch - 10ms/step
Epoch 252/800
17/17 - 0s - loss: 0.0527 - mae: 0.0527 - mse: 0.0053 - 175ms/epoch - 10ms/step
Epoch 253/800
17/17 - 0s - loss: 0.0525 - mae: 0.0525 - mse: 0.0051 - 175ms/epoch - 10ms/step
Epoch 254/800
17/17 - 0s - loss: 0.0479 - mae: 0.0479 - mse: 0.0043 - 177ms/epoch - 10ms/step
Epoch 255/800
17/17 - 0s - loss: 0.0532 - mae: 0.0532 - mse: 0.0054 - 176ms/epoch - 10ms/step
Epoch 256/800
17/17 - 0s - loss: 0.0587 - mae: 0.0587 - mse: 0.0061 - 175ms/epoch - 10ms/step
Epoch 257/800
17/17 - 0s - loss: 0.0579 - mae: 0.0579 - mse: 0.0064 - 175ms/epoch - 10ms/step
Epoch 258/800
17/17 - 0s - loss: 0.0628 - mae: 0.0628 - mse: 0.0070 - 176ms/epoch - 10ms/step
Epoch 259/800
17/17 - 0s - loss: 0.0532 - mae: 0.0532 - mse: 0.0054 - 176ms/epoch - 10ms/step
Epoch 260/800
17/17 - 0s - loss: 0.0651 - mae: 0.0651 - mse: 0.0075 - 176ms/epoch - 10ms/step
Epoch 261/800
17/17 - 0s - loss: 0.0566 - mae: 0.0566 - mse: 0.0058 - 175ms/epoch - 10ms/step
Epoch 262/800
17/17 - 0s - loss: 0.0570 - mae: 0.0570 - mse: 0.0056 - 176ms/epoch - 10ms/step
Epoch 263/800
17/17 - 0s - loss: 0.0580 - mae: 0.0580 - mse: 0.0059 - 175ms/epoch - 10ms/step
Epoch 264/800
17/17 - 0s - loss: 0.0505 - mae: 0.0505 - mse: 0.0049 - 175ms/epoch - 10ms/step
Epoch 265/800
17/17 - 0s - loss: 0.0492 - mae: 0.0492 - mse: 0.0047 - 175ms/epoch - 10ms/step
Epoch 266/800
17/17 - 0s - loss: 0.0501 - mae: 0.0501 - mse: 0.0050 - 176ms/epoch - 10ms/step
Epoch 267/800
17/17 - 0s - loss: 0.0569 - mae: 0.0569 - mse: 0.0059 - 175ms/epoch - 10ms/step
Epoch 268/800
17/17 - 0s - loss: 0.0553 - mae: 0.0553 - mse: 0.0056 - 176ms/epoch - 10ms/step
Epoch 269/800
17/17 - 0s - loss: 0.0548 - mae: 0.0548 - mse: 0.0054 - 176ms/epoch - 10ms/step
Epoch 270/800
17/17 - 0s - loss: 0.0592 - mae: 0.0592 - mse: 0.0061 - 176ms/epoch - 10ms/step
Epoch 271/800
17/17 - 0s - loss: 0.0573 - mae: 0.0573 - mse: 0.0060 - 175ms/epoch - 10ms/step
Epoch 272/800
17/17 - 0s - loss: 0.0533 - mae: 0.0533 - mse: 0.0053 - 175ms/epoch - 10ms/step
Epoch 273/800
17/17 - 0s - loss: 0.0589 - mae: 0.0589 - mse: 0.0060 - 176ms/epoch - 10ms/step
Epoch 274/800
17/17 - 0s - loss: 0.0607 - mae: 0.0607 - mse: 0.0065 - 175ms/epoch - 10ms/step
Epoch 275/800
17/17 - 0s - loss: 0.0674 - mae: 0.0674 - mse: 0.0085 - 175ms/epoch - 10ms/step
Epoch 276/800
17/17 - 0s - loss: 0.0715 - mae: 0.0715 - mse: 0.0091 - 176ms/epoch - 10ms/step
Epoch 277/800
17/17 - 0s - loss: 0.0640 - mae: 0.0640 - mse: 0.0074 - 176ms/epoch - 10ms/step
Epoch 278/800
17/17 - 0s - loss: 0.0601 - mae: 0.0601 - mse: 0.0063 - 175ms/epoch - 10ms/step
Epoch 279/800
17/17 - 0s - loss: 0.0493 - mae: 0.0493 - mse: 0.0047 - 175ms/epoch - 10ms/step
Epoch 280/800
17/17 - 0s - loss: 0.0531 - mae: 0.0531 - mse: 0.0053 - 175ms/epoch - 10ms/step
Epoch 281/800
17/17 - 0s - loss: 0.0608 - mae: 0.0608 - mse: 0.0064 - 175ms/epoch - 10ms/step
Epoch 282/800
17/17 - 0s - loss: 0.0692 - mae: 0.0692 - mse: 0.0079 - 175ms/epoch - 10ms/step
Epoch 283/800
17/17 - 0s - loss: 0.0612 - mae: 0.0612 - mse: 0.0066 - 175ms/epoch - 10ms/step
Epoch 284/800
17/17 - 0s - loss: 0.0606 - mae: 0.0606 - mse: 0.0065 - 175ms/epoch - 10ms/step
Epoch 285/800
17/17 - 0s - loss: 0.0577 - mae: 0.0577 - mse: 0.0060 - 175ms/epoch - 10ms/step
Epoch 286/800
17/17 - 0s - loss: 0.0549 - mae: 0.0549 - mse: 0.0056 - 175ms/epoch - 10ms/step
Epoch 287/800
17/17 - 0s - loss: 0.0519 - mae: 0.0519 - mse: 0.0052 - 176ms/epoch - 10ms/step
Epoch 288/800
17/17 - 0s - loss: 0.0506 - mae: 0.0506 - mse: 0.0048 - 175ms/epoch - 10ms/step
Epoch 289/800
17/17 - 0s - loss: 0.0522 - mae: 0.0522 - mse: 0.0050 - 175ms/epoch - 10ms/step
Epoch 290/800
17/17 - 0s - loss: 0.0469 - mae: 0.0469 - mse: 0.0042 - 175ms/epoch - 10ms/step
Epoch 291/800
17/17 - 0s - loss: 0.0500 - mae: 0.0500 - mse: 0.0048 - 176ms/epoch - 10ms/step
Epoch 292/800
17/17 - 0s - loss: 0.0600 - mae: 0.0600 - mse: 0.0063 - 175ms/epoch - 10ms/step
Epoch 293/800
17/17 - 0s - loss: 0.0638 - mae: 0.0638 - mse: 0.0072 - 175ms/epoch - 10ms/step
Epoch 294/800
17/17 - 0s - loss: 0.0528 - mae: 0.0528 - mse: 0.0051 - 175ms/epoch - 10ms/step
Epoch 295/800
17/17 - 0s - loss: 0.0507 - mae: 0.0507 - mse: 0.0049 - 176ms/epoch - 10ms/step
Epoch 296/800
17/17 - 0s - loss: 0.0574 - mae: 0.0574 - mse: 0.0057 - 175ms/epoch - 10ms/step
Epoch 297/800
17/17 - 0s - loss: 0.0600 - mae: 0.0600 - mse: 0.0063 - 175ms/epoch - 10ms/step
Epoch 298/800
17/17 - 0s - loss: 0.0547 - mae: 0.0547 - mse: 0.0054 - 175ms/epoch - 10ms/step
Epoch 299/800
17/17 - 0s - loss: 0.0517 - mae: 0.0517 - mse: 0.0048 - 175ms/epoch - 10ms/step
Epoch 300/800
17/17 - 0s - loss: 0.0520 - mae: 0.0520 - mse: 0.0051 - 175ms/epoch - 10ms/step
Epoch 301/800
17/17 - 0s - loss: 0.0511 - mae: 0.0511 - mse: 0.0049 - 175ms/epoch - 10ms/step
Epoch 302/800
17/17 - 0s - loss: 0.0493 - mae: 0.0493 - mse: 0.0044 - 175ms/epoch - 10ms/step
Epoch 303/800
17/17 - 0s - loss: 0.0511 - mae: 0.0511 - mse: 0.0048 - 175ms/epoch - 10ms/step
Epoch 304/800
17/17 - 0s - loss: 0.0463 - mae: 0.0463 - mse: 0.0041 - 175ms/epoch - 10ms/step
Epoch 305/800
17/17 - 0s - loss: 0.0427 - mae: 0.0427 - mse: 0.0035 - 175ms/epoch - 10ms/step
Epoch 306/800
17/17 - 0s - loss: 0.0435 - mae: 0.0435 - mse: 0.0036 - 176ms/epoch - 10ms/step
Epoch 307/800
17/17 - 0s - loss: 0.0452 - mae: 0.0452 - mse: 0.0040 - 175ms/epoch - 10ms/step
Epoch 308/800
17/17 - 0s - loss: 0.0571 - mae: 0.0571 - mse: 0.0057 - 175ms/epoch - 10ms/step
Epoch 309/800
17/17 - 0s - loss: 0.0544 - mae: 0.0544 - mse: 0.0052 - 175ms/epoch - 10ms/step
Epoch 310/800
17/17 - 0s - loss: 0.0534 - mae: 0.0534 - mse: 0.0052 - 175ms/epoch - 10ms/step
Epoch 311/800
17/17 - 0s - loss: 0.0473 - mae: 0.0473 - mse: 0.0043 - 175ms/epoch - 10ms/step
Epoch 312/800
17/17 - 0s - loss: 0.0477 - mae: 0.0477 - mse: 0.0043 - 175ms/epoch - 10ms/step
Epoch 313/800
17/17 - 0s - loss: 0.0470 - mae: 0.0470 - mse: 0.0042 - 175ms/epoch - 10ms/step
Epoch 314/800
17/17 - 0s - loss: 0.0474 - mae: 0.0474 - mse: 0.0044 - 175ms/epoch - 10ms/step
Epoch 315/800
17/17 - 0s - loss: 0.0484 - mae: 0.0484 - mse: 0.0044 - 177ms/epoch - 10ms/step
Epoch 316/800
17/17 - 0s - loss: 0.0452 - mae: 0.0452 - mse: 0.0040 - 175ms/epoch - 10ms/step
Epoch 317/800
17/17 - 0s - loss: 0.0439 - mae: 0.0439 - mse: 0.0036 - 175ms/epoch - 10ms/step
Epoch 318/800
17/17 - 0s - loss: 0.0480 - mae: 0.0480 - mse: 0.0043 - 175ms/epoch - 10ms/step
Epoch 319/800
17/17 - 0s - loss: 0.0460 - mae: 0.0460 - mse: 0.0038 - 175ms/epoch - 10ms/step
Epoch 320/800
17/17 - 0s - loss: 0.0459 - mae: 0.0459 - mse: 0.0040 - 175ms/epoch - 10ms/step
Epoch 321/800
17/17 - 0s - loss: 0.0404 - mae: 0.0404 - mse: 0.0032 - 175ms/epoch - 10ms/step
Epoch 322/800
17/17 - 0s - loss: 0.0470 - mae: 0.0470 - mse: 0.0040 - 175ms/epoch - 10ms/step
Epoch 323/800
17/17 - 0s - loss: 0.0470 - mae: 0.0470 - mse: 0.0041 - 175ms/epoch - 10ms/step
Epoch 324/800
17/17 - 0s - loss: 0.0427 - mae: 0.0427 - mse: 0.0033 - 175ms/epoch - 10ms/step
Epoch 325/800
17/17 - 0s - loss: 0.0426 - mae: 0.0426 - mse: 0.0035 - 175ms/epoch - 10ms/step
Epoch 326/800
17/17 - 0s - loss: 0.0433 - mae: 0.0433 - mse: 0.0035 - 175ms/epoch - 10ms/step
Epoch 327/800
17/17 - 0s - loss: 0.0430 - mae: 0.0430 - mse: 0.0035 - 175ms/epoch - 10ms/step
Epoch 328/800
17/17 - 0s - loss: 0.0489 - mae: 0.0489 - mse: 0.0044 - 175ms/epoch - 10ms/step
Epoch 329/800
17/17 - 0s - loss: 0.0483 - mae: 0.0483 - mse: 0.0042 - 176ms/epoch - 10ms/step
Epoch 330/800
17/17 - 0s - loss: 0.0439 - mae: 0.0439 - mse: 0.0036 - 176ms/epoch - 10ms/step
Epoch 331/800
17/17 - 0s - loss: 0.0490 - mae: 0.0490 - mse: 0.0045 - 176ms/epoch - 10ms/step
Epoch 332/800
17/17 - 0s - loss: 0.0433 - mae: 0.0433 - mse: 0.0034 - 176ms/epoch - 10ms/step
Epoch 333/800
17/17 - 0s - loss: 0.0449 - mae: 0.0449 - mse: 0.0037 - 175ms/epoch - 10ms/step
Epoch 334/800
17/17 - 0s - loss: 0.0537 - mae: 0.0537 - mse: 0.0048 - 175ms/epoch - 10ms/step
Epoch 335/800
17/17 - 0s - loss: 0.0458 - mae: 0.0458 - mse: 0.0039 - 177ms/epoch - 10ms/step
Epoch 336/800
17/17 - 0s - loss: 0.0434 - mae: 0.0434 - mse: 0.0039 - 175ms/epoch - 10ms/step
Epoch 337/800
17/17 - 0s - loss: 0.0430 - mae: 0.0430 - mse: 0.0036 - 175ms/epoch - 10ms/step
Epoch 338/800
17/17 - 0s - loss: 0.0416 - mae: 0.0416 - mse: 0.0033 - 175ms/epoch - 10ms/step
Epoch 339/800
17/17 - 0s - loss: 0.0468 - mae: 0.0468 - mse: 0.0040 - 175ms/epoch - 10ms/step
Epoch 340/800
17/17 - 0s - loss: 0.0434 - mae: 0.0434 - mse: 0.0036 - 176ms/epoch - 10ms/step
Epoch 341/800
17/17 - 0s - loss: 0.0416 - mae: 0.0416 - mse: 0.0034 - 175ms/epoch - 10ms/step
Epoch 342/800
17/17 - 0s - loss: 0.0433 - mae: 0.0433 - mse: 0.0037 - 175ms/epoch - 10ms/step
Epoch 343/800
17/17 - 0s - loss: 0.0423 - mae: 0.0423 - mse: 0.0036 - 175ms/epoch - 10ms/step
Epoch 344/800
17/17 - 0s - loss: 0.0498 - mae: 0.0498 - mse: 0.0044 - 175ms/epoch - 10ms/step
Epoch 345/800
17/17 - 0s - loss: 0.0462 - mae: 0.0462 - mse: 0.0038 - 175ms/epoch - 10ms/step
Epoch 346/800
17/17 - 0s - loss: 0.0509 - mae: 0.0509 - mse: 0.0046 - 175ms/epoch - 10ms/step
Epoch 347/800
17/17 - 0s - loss: 0.0482 - mae: 0.0482 - mse: 0.0039 - 175ms/epoch - 10ms/step
Epoch 348/800
17/17 - 0s - loss: 0.0421 - mae: 0.0421 - mse: 0.0035 - 175ms/epoch - 10ms/step
Epoch 349/800
17/17 - 0s - loss: 0.0407 - mae: 0.0407 - mse: 0.0031 - 175ms/epoch - 10ms/step
Epoch 350/800
17/17 - 0s - loss: 0.0432 - mae: 0.0432 - mse: 0.0035 - 175ms/epoch - 10ms/step
Epoch 351/800
17/17 - 0s - loss: 0.0396 - mae: 0.0396 - mse: 0.0029 - 175ms/epoch - 10ms/step
Epoch 352/800
17/17 - 0s - loss: 0.0379 - mae: 0.0379 - mse: 0.0027 - 175ms/epoch - 10ms/step
Epoch 353/800
17/17 - 0s - loss: 0.0468 - mae: 0.0468 - mse: 0.0040 - 175ms/epoch - 10ms/step
Epoch 354/800
17/17 - 0s - loss: 0.0493 - mae: 0.0493 - mse: 0.0048 - 175ms/epoch - 10ms/step
Epoch 355/800
17/17 - 0s - loss: 0.0409 - mae: 0.0409 - mse: 0.0032 - 175ms/epoch - 10ms/step
Epoch 356/800
17/17 - 0s - loss: 0.0368 - mae: 0.0368 - mse: 0.0028 - 175ms/epoch - 10ms/step
Epoch 357/800
17/17 - 0s - loss: 0.0378 - mae: 0.0378 - mse: 0.0028 - 175ms/epoch - 10ms/step
Epoch 358/800
17/17 - 0s - loss: 0.0376 - mae: 0.0376 - mse: 0.0028 - 175ms/epoch - 10ms/step
Epoch 359/800
17/17 - 0s - loss: 0.0418 - mae: 0.0418 - mse: 0.0033 - 175ms/epoch - 10ms/step
Epoch 360/800
17/17 - 0s - loss: 0.0432 - mae: 0.0432 - mse: 0.0035 - 175ms/epoch - 10ms/step
Epoch 361/800
17/17 - 0s - loss: 0.0427 - mae: 0.0427 - mse: 0.0032 - 175ms/epoch - 10ms/step
Epoch 362/800
17/17 - 0s - loss: 0.0424 - mae: 0.0424 - mse: 0.0033 - 175ms/epoch - 10ms/step
Epoch 363/800
17/17 - 0s - loss: 0.0464 - mae: 0.0464 - mse: 0.0038 - 175ms/epoch - 10ms/step
Epoch 364/800
17/17 - 0s - loss: 0.0405 - mae: 0.0405 - mse: 0.0033 - 175ms/epoch - 10ms/step
Epoch 365/800
17/17 - 0s - loss: 0.0409 - mae: 0.0409 - mse: 0.0030 - 175ms/epoch - 10ms/step
Epoch 366/800
17/17 - 0s - loss: 0.0458 - mae: 0.0458 - mse: 0.0040 - 175ms/epoch - 10ms/step
Epoch 367/800
17/17 - 0s - loss: 0.0400 - mae: 0.0400 - mse: 0.0031 - 175ms/epoch - 10ms/step
Epoch 368/800
17/17 - 0s - loss: 0.0385 - mae: 0.0385 - mse: 0.0028 - 176ms/epoch - 10ms/step
Epoch 369/800
17/17 - 0s - loss: 0.0380 - mae: 0.0380 - mse: 0.0028 - 175ms/epoch - 10ms/step
Epoch 370/800
17/17 - 0s - loss: 0.0388 - mae: 0.0388 - mse: 0.0028 - 176ms/epoch - 10ms/step
Epoch 371/800
17/17 - 0s - loss: 0.0402 - mae: 0.0402 - mse: 0.0029 - 175ms/epoch - 10ms/step
Epoch 372/800
17/17 - 0s - loss: 0.0409 - mae: 0.0409 - mse: 0.0031 - 175ms/epoch - 10ms/step
Epoch 373/800
17/17 - 0s - loss: 0.0431 - mae: 0.0431 - mse: 0.0033 - 175ms/epoch - 10ms/step
Epoch 374/800
17/17 - 0s - loss: 0.0371 - mae: 0.0371 - mse: 0.0026 - 175ms/epoch - 10ms/step
Epoch 375/800
17/17 - 0s - loss: 0.0396 - mae: 0.0396 - mse: 0.0030 - 179ms/epoch - 11ms/step
Epoch 376/800
17/17 - 0s - loss: 0.0365 - mae: 0.0365 - mse: 0.0026 - 176ms/epoch - 10ms/step
Epoch 377/800
17/17 - 0s - loss: 0.0369 - mae: 0.0369 - mse: 0.0026 - 175ms/epoch - 10ms/step
Epoch 378/800
17/17 - 0s - loss: 0.0442 - mae: 0.0442 - mse: 0.0035 - 175ms/epoch - 10ms/step
Epoch 379/800
17/17 - 0s - loss: 0.0450 - mae: 0.0450 - mse: 0.0036 - 175ms/epoch - 10ms/step
Epoch 380/800
17/17 - 0s - loss: 0.0395 - mae: 0.0395 - mse: 0.0029 - 175ms/epoch - 10ms/step
Epoch 381/800
17/17 - 0s - loss: 0.0368 - mae: 0.0368 - mse: 0.0026 - 175ms/epoch - 10ms/step
Epoch 382/800
17/17 - 0s - loss: 0.0337 - mae: 0.0337 - mse: 0.0023 - 175ms/epoch - 10ms/step
Epoch 383/800
17/17 - 0s - loss: 0.0339 - mae: 0.0339 - mse: 0.0022 - 175ms/epoch - 10ms/step
Epoch 384/800
17/17 - 0s - loss: 0.0398 - mae: 0.0398 - mse: 0.0029 - 175ms/epoch - 10ms/step
Epoch 385/800
17/17 - 0s - loss: 0.0395 - mae: 0.0395 - mse: 0.0030 - 175ms/epoch - 10ms/step
Epoch 386/800
17/17 - 0s - loss: 0.0392 - mae: 0.0392 - mse: 0.0030 - 176ms/epoch - 10ms/step
Epoch 387/800
17/17 - 0s - loss: 0.0430 - mae: 0.0430 - mse: 0.0033 - 175ms/epoch - 10ms/step
Epoch 388/800
17/17 - 0s - loss: 0.0387 - mae: 0.0387 - mse: 0.0028 - 175ms/epoch - 10ms/step
Epoch 389/800
17/17 - 0s - loss: 0.0384 - mae: 0.0384 - mse: 0.0027 - 175ms/epoch - 10ms/step
Epoch 390/800
17/17 - 0s - loss: 0.0402 - mae: 0.0402 - mse: 0.0031 - 175ms/epoch - 10ms/step
Epoch 391/800
17/17 - 0s - loss: 0.0354 - mae: 0.0354 - mse: 0.0024 - 175ms/epoch - 10ms/step
Epoch 392/800
17/17 - 0s - loss: 0.0346 - mae: 0.0346 - mse: 0.0024 - 175ms/epoch - 10ms/step
Epoch 393/800
17/17 - 0s - loss: 0.0388 - mae: 0.0388 - mse: 0.0028 - 175ms/epoch - 10ms/step
Epoch 394/800
17/17 - 0s - loss: 0.0373 - mae: 0.0373 - mse: 0.0026 - 176ms/epoch - 10ms/step
Epoch 395/800
17/17 - 0s - loss: 0.0382 - mae: 0.0382 - mse: 0.0027 - 176ms/epoch - 10ms/step
Epoch 396/800
17/17 - 0s - loss: 0.0408 - mae: 0.0408 - mse: 0.0030 - 175ms/epoch - 10ms/step
Epoch 397/800
17/17 - 0s - loss: 0.0347 - mae: 0.0347 - mse: 0.0023 - 175ms/epoch - 10ms/step
Epoch 398/800
17/17 - 0s - loss: 0.0378 - mae: 0.0378 - mse: 0.0026 - 175ms/epoch - 10ms/step
Epoch 399/800
17/17 - 0s - loss: 0.0388 - mae: 0.0388 - mse: 0.0027 - 175ms/epoch - 10ms/step
Epoch 400/800
17/17 - 0s - loss: 0.0357 - mae: 0.0357 - mse: 0.0023 - 175ms/epoch - 10ms/step
Epoch 401/800
17/17 - 0s - loss: 0.0371 - mae: 0.0371 - mse: 0.0026 - 175ms/epoch - 10ms/step
Epoch 402/800
17/17 - 0s - loss: 0.0362 - mae: 0.0362 - mse: 0.0025 - 175ms/epoch - 10ms/step
Epoch 403/800
17/17 - 0s - loss: 0.0343 - mae: 0.0343 - mse: 0.0023 - 175ms/epoch - 10ms/step
Epoch 404/800
17/17 - 0s - loss: 0.0364 - mae: 0.0364 - mse: 0.0025 - 175ms/epoch - 10ms/step
Epoch 405/800
17/17 - 0s - loss: 0.0334 - mae: 0.0334 - mse: 0.0022 - 175ms/epoch - 10ms/step
Epoch 406/800
17/17 - 0s - loss: 0.0347 - mae: 0.0347 - mse: 0.0022 - 175ms/epoch - 10ms/step
Epoch 407/800
17/17 - 0s - loss: 0.0443 - mae: 0.0443 - mse: 0.0034 - 175ms/epoch - 10ms/step
Epoch 408/800
17/17 - 0s - loss: 0.0416 - mae: 0.0416 - mse: 0.0031 - 175ms/epoch - 10ms/step
Epoch 409/800
17/17 - 0s - loss: 0.0345 - mae: 0.0345 - mse: 0.0023 - 175ms/epoch - 10ms/step
Epoch 410/800
17/17 - 0s - loss: 0.0318 - mae: 0.0318 - mse: 0.0020 - 175ms/epoch - 10ms/step
Epoch 411/800
17/17 - 0s - loss: 0.0318 - mae: 0.0318 - mse: 0.0019 - 175ms/epoch - 10ms/step
Epoch 412/800
17/17 - 0s - loss: 0.0384 - mae: 0.0384 - mse: 0.0026 - 175ms/epoch - 10ms/step
Epoch 413/800
17/17 - 0s - loss: 0.0351 - mae: 0.0351 - mse: 0.0024 - 176ms/epoch - 10ms/step
Epoch 414/800
17/17 - 0s - loss: 0.0314 - mae: 0.0314 - mse: 0.0020 - 175ms/epoch - 10ms/step
Epoch 415/800
17/17 - 0s - loss: 0.0334 - mae: 0.0334 - mse: 0.0021 - 175ms/epoch - 10ms/step
Epoch 416/800
17/17 - 0s - loss: 0.0332 - mae: 0.0332 - mse: 0.0021 - 175ms/epoch - 10ms/step
Epoch 417/800
17/17 - 0s - loss: 0.0332 - mae: 0.0332 - mse: 0.0022 - 175ms/epoch - 10ms/step
Epoch 418/800
17/17 - 0s - loss: 0.0350 - mae: 0.0350 - mse: 0.0023 - 175ms/epoch - 10ms/step
Epoch 419/800
17/17 - 0s - loss: 0.0419 - mae: 0.0419 - mse: 0.0031 - 175ms/epoch - 10ms/step
Epoch 420/800
17/17 - 0s - loss: 0.0398 - mae: 0.0398 - mse: 0.0029 - 175ms/epoch - 10ms/step
Epoch 421/800
17/17 - 0s - loss: 0.0412 - mae: 0.0412 - mse: 0.0030 - 176ms/epoch - 10ms/step
Epoch 422/800
17/17 - 0s - loss: 0.0339 - mae: 0.0339 - mse: 0.0021 - 176ms/epoch - 10ms/step
Epoch 423/800
17/17 - 0s - loss: 0.0393 - mae: 0.0393 - mse: 0.0028 - 176ms/epoch - 10ms/step
Epoch 424/800
17/17 - 0s - loss: 0.0455 - mae: 0.0455 - mse: 0.0036 - 175ms/epoch - 10ms/step
Epoch 425/800
17/17 - 0s - loss: 0.0389 - mae: 0.0389 - mse: 0.0028 - 176ms/epoch - 10ms/step
Epoch 426/800
17/17 - 0s - loss: 0.0347 - mae: 0.0347 - mse: 0.0023 - 176ms/epoch - 10ms/step
Epoch 427/800
17/17 - 0s - loss: 0.0325 - mae: 0.0325 - mse: 0.0020 - 175ms/epoch - 10ms/step
Epoch 428/800
17/17 - 0s - loss: 0.0325 - mae: 0.0325 - mse: 0.0021 - 175ms/epoch - 10ms/step
Epoch 429/800
17/17 - 0s - loss: 0.0344 - mae: 0.0344 - mse: 0.0022 - 176ms/epoch - 10ms/step
Epoch 430/800
17/17 - 0s - loss: 0.0329 - mae: 0.0329 - mse: 0.0022 - 175ms/epoch - 10ms/step
Epoch 431/800
17/17 - 0s - loss: 0.0410 - mae: 0.0410 - mse: 0.0029 - 175ms/epoch - 10ms/step
Epoch 432/800
17/17 - 0s - loss: 0.0421 - mae: 0.0421 - mse: 0.0030 - 175ms/epoch - 10ms/step
Epoch 433/800
17/17 - 0s - loss: 0.0338 - mae: 0.0338 - mse: 0.0021 - 176ms/epoch - 10ms/step
Epoch 434/800
17/17 - 0s - loss: 0.0361 - mae: 0.0361 - mse: 0.0024 - 175ms/epoch - 10ms/step
Epoch 435/800
17/17 - 0s - loss: 0.0335 - mae: 0.0335 - mse: 0.0022 - 175ms/epoch - 10ms/step
Epoch 436/800
17/17 - 0s - loss: 0.0310 - mae: 0.0310 - mse: 0.0018 - 175ms/epoch - 10ms/step
Epoch 437/800
17/17 - 0s - loss: 0.0366 - mae: 0.0366 - mse: 0.0025 - 175ms/epoch - 10ms/step
Epoch 438/800
17/17 - 0s - loss: 0.0333 - mae: 0.0333 - mse: 0.0021 - 175ms/epoch - 10ms/step
Epoch 439/800
17/17 - 0s - loss: 0.0323 - mae: 0.0323 - mse: 0.0019 - 175ms/epoch - 10ms/step
Epoch 440/800
17/17 - 0s - loss: 0.0371 - mae: 0.0371 - mse: 0.0025 - 175ms/epoch - 10ms/step
Epoch 441/800
17/17 - 0s - loss: 0.0314 - mae: 0.0314 - mse: 0.0020 - 175ms/epoch - 10ms/step
Epoch 442/800
17/17 - 0s - loss: 0.0268 - mae: 0.0268 - mse: 0.0015 - 175ms/epoch - 10ms/step
Epoch 443/800
17/17 - 0s - loss: 0.0278 - mae: 0.0278 - mse: 0.0016 - 175ms/epoch - 10ms/step
Epoch 444/800
17/17 - 0s - loss: 0.0298 - mae: 0.0298 - mse: 0.0017 - 175ms/epoch - 10ms/step
Epoch 445/800
17/17 - 0s - loss: 0.0269 - mae: 0.0269 - mse: 0.0015 - 175ms/epoch - 10ms/step
Epoch 446/800
17/17 - 0s - loss: 0.0355 - mae: 0.0355 - mse: 0.0023 - 175ms/epoch - 10ms/step
Epoch 447/800
17/17 - 0s - loss: 0.0394 - mae: 0.0394 - mse: 0.0029 - 175ms/epoch - 10ms/step
Epoch 448/800
17/17 - 0s - loss: 0.0300 - mae: 0.0300 - mse: 0.0019 - 175ms/epoch - 10ms/step
Epoch 449/800
17/17 - 0s - loss: 0.0321 - mae: 0.0321 - mse: 0.0019 - 175ms/epoch - 10ms/step
Epoch 450/800
17/17 - 0s - loss: 0.0353 - mae: 0.0353 - mse: 0.0023 - 175ms/epoch - 10ms/step
Epoch 451/800
17/17 - 0s - loss: 0.0338 - mae: 0.0338 - mse: 0.0023 - 175ms/epoch - 10ms/step
Epoch 452/800
17/17 - 0s - loss: 0.0364 - mae: 0.0364 - mse: 0.0024 - 175ms/epoch - 10ms/step
Epoch 453/800
17/17 - 0s - loss: 0.0324 - mae: 0.0324 - mse: 0.0020 - 175ms/epoch - 10ms/step
Epoch 454/800
17/17 - 0s - loss: 0.0307 - mae: 0.0307 - mse: 0.0017 - 175ms/epoch - 10ms/step
Epoch 455/800
17/17 - 0s - loss: 0.0325 - mae: 0.0325 - mse: 0.0020 - 175ms/epoch - 10ms/step
Epoch 456/800
17/17 - 0s - loss: 0.0284 - mae: 0.0284 - mse: 0.0016 - 175ms/epoch - 10ms/step
Epoch 457/800
17/17 - 0s - loss: 0.0264 - mae: 0.0264 - mse: 0.0014 - 175ms/epoch - 10ms/step
Epoch 458/800
17/17 - 0s - loss: 0.0308 - mae: 0.0308 - mse: 0.0017 - 175ms/epoch - 10ms/step
Epoch 459/800
17/17 - 0s - loss: 0.0291 - mae: 0.0291 - mse: 0.0017 - 176ms/epoch - 10ms/step
Epoch 460/800
17/17 - 0s - loss: 0.0280 - mae: 0.0280 - mse: 0.0016 - 175ms/epoch - 10ms/step
Epoch 461/800
17/17 - 0s - loss: 0.0341 - mae: 0.0341 - mse: 0.0022 - 175ms/epoch - 10ms/step
Epoch 462/800
17/17 - 0s - loss: 0.0349 - mae: 0.0349 - mse: 0.0022 - 175ms/epoch - 10ms/step
Epoch 463/800
17/17 - 0s - loss: 0.0302 - mae: 0.0302 - mse: 0.0018 - 175ms/epoch - 10ms/step
Epoch 464/800
17/17 - 0s - loss: 0.0321 - mae: 0.0321 - mse: 0.0019 - 175ms/epoch - 10ms/step
Epoch 465/800
17/17 - 0s - loss: 0.0303 - mae: 0.0303 - mse: 0.0018 - 175ms/epoch - 10ms/step
Epoch 466/800
17/17 - 0s - loss: 0.0267 - mae: 0.0267 - mse: 0.0014 - 175ms/epoch - 10ms/step
Epoch 467/800
17/17 - 0s - loss: 0.0300 - mae: 0.0300 - mse: 0.0017 - 175ms/epoch - 10ms/step
Epoch 468/800
17/17 - 0s - loss: 0.0291 - mae: 0.0291 - mse: 0.0017 - 175ms/epoch - 10ms/step
Epoch 469/800
17/17 - 0s - loss: 0.0272 - mae: 0.0272 - mse: 0.0016 - 175ms/epoch - 10ms/step
Epoch 470/800
17/17 - 0s - loss: 0.0282 - mae: 0.0282 - mse: 0.0015 - 175ms/epoch - 10ms/step
Epoch 471/800
17/17 - 0s - loss: 0.0283 - mae: 0.0283 - mse: 0.0016 - 175ms/epoch - 10ms/step
Epoch 472/800
17/17 - 0s - loss: 0.0283 - mae: 0.0283 - mse: 0.0015 - 175ms/epoch - 10ms/step
Epoch 473/800
17/17 - 0s - loss: 0.0260 - mae: 0.0260 - mse: 0.0014 - 175ms/epoch - 10ms/step
Epoch 474/800
17/17 - 0s - loss: 0.0244 - mae: 0.0244 - mse: 0.0013 - 175ms/epoch - 10ms/step
Epoch 475/800
17/17 - 0s - loss: 0.0259 - mae: 0.0259 - mse: 0.0014 - 175ms/epoch - 10ms/step
Epoch 476/800
17/17 - 0s - loss: 0.0291 - mae: 0.0291 - mse: 0.0016 - 175ms/epoch - 10ms/step
Epoch 477/800
17/17 - 0s - loss: 0.0290 - mae: 0.0290 - mse: 0.0016 - 175ms/epoch - 10ms/step
Epoch 478/800
17/17 - 0s - loss: 0.0305 - mae: 0.0305 - mse: 0.0017 - 175ms/epoch - 10ms/step
Epoch 479/800
17/17 - 0s - loss: 0.0310 - mae: 0.0310 - mse: 0.0017 - 175ms/epoch - 10ms/step
Epoch 480/800
17/17 - 0s - loss: 0.0284 - mae: 0.0284 - mse: 0.0016 - 176ms/epoch - 10ms/step
Epoch 481/800
17/17 - 0s - loss: 0.0303 - mae: 0.0303 - mse: 0.0017 - 175ms/epoch - 10ms/step
Epoch 482/800
17/17 - 0s - loss: 0.0275 - mae: 0.0275 - mse: 0.0015 - 175ms/epoch - 10ms/step
Epoch 483/800
17/17 - 0s - loss: 0.0307 - mae: 0.0307 - mse: 0.0017 - 175ms/epoch - 10ms/step
Epoch 484/800
17/17 - 0s - loss: 0.0298 - mae: 0.0298 - mse: 0.0018 - 176ms/epoch - 10ms/step
Epoch 485/800
17/17 - 0s - loss: 0.0281 - mae: 0.0281 - mse: 0.0016 - 175ms/epoch - 10ms/step
Epoch 486/800
17/17 - 0s - loss: 0.0253 - mae: 0.0253 - mse: 0.0013 - 175ms/epoch - 10ms/step
Epoch 487/800
17/17 - 0s - loss: 0.0291 - mae: 0.0291 - mse: 0.0016 - 175ms/epoch - 10ms/step
Epoch 488/800
17/17 - 0s - loss: 0.0270 - mae: 0.0270 - mse: 0.0015 - 175ms/epoch - 10ms/step
Epoch 489/800
17/17 - 0s - loss: 0.0279 - mae: 0.0279 - mse: 0.0015 - 175ms/epoch - 10ms/step
Epoch 490/800
17/17 - 0s - loss: 0.0266 - mae: 0.0266 - mse: 0.0014 - 175ms/epoch - 10ms/step
Epoch 491/800
17/17 - 0s - loss: 0.0238 - mae: 0.0238 - mse: 0.0012 - 176ms/epoch - 10ms/step
Epoch 492/800
17/17 - 0s - loss: 0.0266 - mae: 0.0266 - mse: 0.0015 - 175ms/epoch - 10ms/step
Epoch 493/800
17/17 - 0s - loss: 0.0287 - mae: 0.0287 - mse: 0.0015 - 175ms/epoch - 10ms/step
Epoch 494/800
17/17 - 0s - loss: 0.0273 - mae: 0.0273 - mse: 0.0014 - 176ms/epoch - 10ms/step
Epoch 495/800
17/17 - 0s - loss: 0.0305 - mae: 0.0305 - mse: 0.0018 - 175ms/epoch - 10ms/step
Epoch 496/800
17/17 - 0s - loss: 0.0319 - mae: 0.0319 - mse: 0.0019 - 176ms/epoch - 10ms/step
Epoch 497/800
17/17 - 0s - loss: 0.0277 - mae: 0.0277 - mse: 0.0015 - 175ms/epoch - 10ms/step
Epoch 498/800
17/17 - 0s - loss: 0.0319 - mae: 0.0319 - mse: 0.0018 - 175ms/epoch - 10ms/step
Epoch 499/800
17/17 - 0s - loss: 0.0308 - mae: 0.0308 - mse: 0.0017 - 175ms/epoch - 10ms/step
Epoch 500/800
17/17 - 0s - loss: 0.0285 - mae: 0.0285 - mse: 0.0015 - 175ms/epoch - 10ms/step
Epoch 501/800
17/17 - 0s - loss: 0.0313 - mae: 0.0313 - mse: 0.0018 - 175ms/epoch - 10ms/step
Epoch 502/800
17/17 - 0s - loss: 0.0286 - mae: 0.0286 - mse: 0.0016 - 175ms/epoch - 10ms/step
Epoch 503/800
17/17 - 0s - loss: 0.0273 - mae: 0.0273 - mse: 0.0015 - 176ms/epoch - 10ms/step
Epoch 504/800
17/17 - 0s - loss: 0.0279 - mae: 0.0279 - mse: 0.0015 - 176ms/epoch - 10ms/step
Epoch 505/800
17/17 - 0s - loss: 0.0258 - mae: 0.0258 - mse: 0.0014 - 175ms/epoch - 10ms/step
Epoch 506/800
17/17 - 0s - loss: 0.0245 - mae: 0.0245 - mse: 0.0013 - 175ms/epoch - 10ms/step
Epoch 507/800
17/17 - 0s - loss: 0.0248 - mae: 0.0248 - mse: 0.0013 - 175ms/epoch - 10ms/step
Epoch 508/800
17/17 - 0s - loss: 0.0257 - mae: 0.0257 - mse: 0.0013 - 175ms/epoch - 10ms/step
Epoch 509/800
17/17 - 0s - loss: 0.0273 - mae: 0.0273 - mse: 0.0014 - 175ms/epoch - 10ms/step
Epoch 510/800
17/17 - 0s - loss: 0.0244 - mae: 0.0244 - mse: 0.0012 - 175ms/epoch - 10ms/step
Epoch 511/800
17/17 - 0s - loss: 0.0250 - mae: 0.0250 - mse: 0.0013 - 175ms/epoch - 10ms/step
Epoch 512/800
17/17 - 0s - loss: 0.0256 - mae: 0.0256 - mse: 0.0013 - 175ms/epoch - 10ms/step
Epoch 513/800
17/17 - 0s - loss: 0.0234 - mae: 0.0234 - mse: 0.0012 - 175ms/epoch - 10ms/step
Epoch 514/800
17/17 - 0s - loss: 0.0225 - mae: 0.0225 - mse: 0.0011 - 175ms/epoch - 10ms/step
Epoch 515/800
17/17 - 0s - loss: 0.0221 - mae: 0.0221 - mse: 0.0011 - 175ms/epoch - 10ms/step
Epoch 516/800
17/17 - 0s - loss: 0.0240 - mae: 0.0240 - mse: 0.0012 - 175ms/epoch - 10ms/step
Epoch 517/800
17/17 - 0s - loss: 0.0232 - mae: 0.0232 - mse: 0.0011 - 175ms/epoch - 10ms/step
Epoch 518/800
17/17 - 0s - loss: 0.0228 - mae: 0.0228 - mse: 0.0011 - 175ms/epoch - 10ms/step
Epoch 519/800
17/17 - 0s - loss: 0.0232 - mae: 0.0232 - mse: 0.0010 - 175ms/epoch - 10ms/step
Epoch 520/800
17/17 - 0s - loss: 0.0218 - mae: 0.0218 - mse: 0.0010 - 175ms/epoch - 10ms/step
Epoch 521/800
17/17 - 0s - loss: 0.0254 - mae: 0.0254 - mse: 0.0013 - 175ms/epoch - 10ms/step
Epoch 522/800
17/17 - 0s - loss: 0.0254 - mae: 0.0254 - mse: 0.0013 - 175ms/epoch - 10ms/step
Epoch 523/800
17/17 - 0s - loss: 0.0264 - mae: 0.0264 - mse: 0.0013 - 175ms/epoch - 10ms/step
Epoch 524/800
17/17 - 0s - loss: 0.0268 - mae: 0.0268 - mse: 0.0014 - 175ms/epoch - 10ms/step
Epoch 525/800
17/17 - 0s - loss: 0.0263 - mae: 0.0263 - mse: 0.0014 - 175ms/epoch - 10ms/step
Epoch 526/800
17/17 - 0s - loss: 0.0251 - mae: 0.0251 - mse: 0.0013 - 175ms/epoch - 10ms/step
Epoch 527/800
17/17 - 0s - loss: 0.0242 - mae: 0.0242 - mse: 0.0012 - 175ms/epoch - 10ms/step
Epoch 528/800
17/17 - 0s - loss: 0.0229 - mae: 0.0229 - mse: 0.0011 - 175ms/epoch - 10ms/step
Epoch 529/800
17/17 - 0s - loss: 0.0270 - mae: 0.0270 - mse: 0.0015 - 175ms/epoch - 10ms/step
Epoch 530/800
17/17 - 0s - loss: 0.0253 - mae: 0.0253 - mse: 0.0012 - 175ms/epoch - 10ms/step
Epoch 531/800
17/17 - 0s - loss: 0.0248 - mae: 0.0248 - mse: 0.0013 - 175ms/epoch - 10ms/step
Epoch 532/800
17/17 - 0s - loss: 0.0222 - mae: 0.0222 - mse: 0.0010 - 175ms/epoch - 10ms/step
Epoch 533/800
17/17 - 0s - loss: 0.0222 - mae: 0.0222 - mse: 0.0011 - 175ms/epoch - 10ms/step
Epoch 534/800
17/17 - 0s - loss: 0.0229 - mae: 0.0229 - mse: 0.0011 - 175ms/epoch - 10ms/step
Epoch 535/800
17/17 - 0s - loss: 0.0213 - mae: 0.0213 - mse: 0.0010 - 176ms/epoch - 10ms/step
Epoch 536/800
17/17 - 0s - loss: 0.0202 - mae: 0.0202 - mse: 9.2771e-04 - 175ms/epoch - 10ms/step
Epoch 537/800
17/17 - 0s - loss: 0.0245 - mae: 0.0245 - mse: 0.0013 - 176ms/epoch - 10ms/step
Epoch 538/800
17/17 - 0s - loss: 0.0215 - mae: 0.0215 - mse: 0.0010 - 176ms/epoch - 10ms/step
Epoch 539/800
17/17 - 0s - loss: 0.0236 - mae: 0.0236 - mse: 0.0012 - 175ms/epoch - 10ms/step
Epoch 540/800
17/17 - 0s - loss: 0.0218 - mae: 0.0218 - mse: 0.0010 - 175ms/epoch - 10ms/step
Epoch 541/800
17/17 - 0s - loss: 0.0208 - mae: 0.0208 - mse: 9.3168e-04 - 175ms/epoch - 10ms/step
Epoch 542/800
17/17 - 0s - loss: 0.0190 - mae: 0.0190 - mse: 8.3396e-04 - 175ms/epoch - 10ms/step
Epoch 543/800
17/17 - 0s - loss: 0.0226 - mae: 0.0226 - mse: 0.0011 - 175ms/epoch - 10ms/step
Epoch 544/800
17/17 - 0s - loss: 0.0228 - mae: 0.0228 - mse: 0.0011 - 175ms/epoch - 10ms/step
Epoch 545/800
17/17 - 0s - loss: 0.0209 - mae: 0.0209 - mse: 9.8729e-04 - 175ms/epoch - 10ms/step
Epoch 546/800
17/17 - 0s - loss: 0.0201 - mae: 0.0201 - mse: 9.5130e-04 - 176ms/epoch - 10ms/step
Epoch 547/800
17/17 - 0s - loss: 0.0194 - mae: 0.0194 - mse: 9.0884e-04 - 175ms/epoch - 10ms/step
Epoch 548/800
17/17 - 0s - loss: 0.0217 - mae: 0.0217 - mse: 0.0010 - 175ms/epoch - 10ms/step
Epoch 549/800
17/17 - 0s - loss: 0.0211 - mae: 0.0211 - mse: 0.0010 - 175ms/epoch - 10ms/step
Epoch 550/800
17/17 - 0s - loss: 0.0229 - mae: 0.0229 - mse: 0.0011 - 175ms/epoch - 10ms/step
Epoch 551/800
17/17 - 0s - loss: 0.0244 - mae: 0.0244 - mse: 0.0012 - 175ms/epoch - 10ms/step
Epoch 552/800
17/17 - 0s - loss: 0.0234 - mae: 0.0234 - mse: 0.0012 - 175ms/epoch - 10ms/step
Epoch 553/800
17/17 - 0s - loss: 0.0217 - mae: 0.0217 - mse: 9.7206e-04 - 175ms/epoch - 10ms/step
Epoch 554/800
17/17 - 0s - loss: 0.0216 - mae: 0.0216 - mse: 0.0010 - 175ms/epoch - 10ms/step
Epoch 555/800
17/17 - 0s - loss: 0.0208 - mae: 0.0208 - mse: 9.2769e-04 - 175ms/epoch - 10ms/step
Epoch 556/800
17/17 - 0s - loss: 0.0246 - mae: 0.0246 - mse: 0.0012 - 175ms/epoch - 10ms/step
Epoch 557/800
17/17 - 0s - loss: 0.0257 - mae: 0.0257 - mse: 0.0013 - 175ms/epoch - 10ms/step
Epoch 558/800
17/17 - 0s - loss: 0.0226 - mae: 0.0226 - mse: 0.0011 - 175ms/epoch - 10ms/step
Epoch 559/800
17/17 - 0s - loss: 0.0193 - mae: 0.0193 - mse: 8.7967e-04 - 176ms/epoch - 10ms/step
Epoch 560/800
17/17 - 0s - loss: 0.0201 - mae: 0.0201 - mse: 8.9783e-04 - 176ms/epoch - 10ms/step
Epoch 561/800
17/17 - 0s - loss: 0.0213 - mae: 0.0213 - mse: 9.8961e-04 - 175ms/epoch - 10ms/step
Epoch 562/800
17/17 - 0s - loss: 0.0193 - mae: 0.0193 - mse: 8.3999e-04 - 175ms/epoch - 10ms/step
Epoch 563/800
17/17 - 0s - loss: 0.0188 - mae: 0.0188 - mse: 8.6369e-04 - 175ms/epoch - 10ms/step
Epoch 564/800
17/17 - 0s - loss: 0.0203 - mae: 0.0203 - mse: 9.0689e-04 - 175ms/epoch - 10ms/step
Epoch 565/800
17/17 - 0s - loss: 0.0195 - mae: 0.0195 - mse: 8.8389e-04 - 175ms/epoch - 10ms/step
Epoch 566/800
17/17 - 0s - loss: 0.0226 - mae: 0.0226 - mse: 0.0010 - 175ms/epoch - 10ms/step
Epoch 567/800
17/17 - 0s - loss: 0.0219 - mae: 0.0219 - mse: 0.0011 - 175ms/epoch - 10ms/step
Epoch 568/800
17/17 - 0s - loss: 0.0192 - mae: 0.0192 - mse: 8.8361e-04 - 175ms/epoch - 10ms/step
Epoch 569/800
17/17 - 0s - loss: 0.0220 - mae: 0.0220 - mse: 0.0011 - 175ms/epoch - 10ms/step
Epoch 570/800
17/17 - 0s - loss: 0.0194 - mae: 0.0194 - mse: 9.0601e-04 - 175ms/epoch - 10ms/step
Epoch 571/800
17/17 - 0s - loss: 0.0205 - mae: 0.0205 - mse: 9.3872e-04 - 175ms/epoch - 10ms/step
Epoch 572/800
17/17 - 0s - loss: 0.0213 - mae: 0.0213 - mse: 0.0010 - 175ms/epoch - 10ms/step
Epoch 573/800
17/17 - 0s - loss: 0.0239 - mae: 0.0239 - mse: 0.0012 - 175ms/epoch - 10ms/step
Epoch 574/800
17/17 - 0s - loss: 0.0189 - mae: 0.0189 - mse: 8.4458e-04 - 175ms/epoch - 10ms/step
Epoch 575/800
17/17 - 0s - loss: 0.0181 - mae: 0.0181 - mse: 7.9950e-04 - 175ms/epoch - 10ms/step
Epoch 576/800
17/17 - 0s - loss: 0.0174 - mae: 0.0174 - mse: 7.4532e-04 - 175ms/epoch - 10ms/step
Epoch 577/800
17/17 - 0s - loss: 0.0163 - mae: 0.0163 - mse: 7.2300e-04 - 176ms/epoch - 10ms/step
Epoch 578/800
17/17 - 0s - loss: 0.0176 - mae: 0.0176 - mse: 7.6312e-04 - 175ms/epoch - 10ms/step
Epoch 579/800
17/17 - 0s - loss: 0.0221 - mae: 0.0221 - mse: 9.9989e-04 - 175ms/epoch - 10ms/step
Epoch 580/800
17/17 - 0s - loss: 0.0220 - mae: 0.0220 - mse: 9.8828e-04 - 175ms/epoch - 10ms/step
Epoch 581/800
17/17 - 0s - loss: 0.0197 - mae: 0.0197 - mse: 8.8479e-04 - 175ms/epoch - 10ms/step
Epoch 582/800
17/17 - 0s - loss: 0.0204 - mae: 0.0204 - mse: 9.3382e-04 - 175ms/epoch - 10ms/step
Epoch 583/800
17/17 - 0s - loss: 0.0171 - mae: 0.0171 - mse: 7.4222e-04 - 175ms/epoch - 10ms/step
Epoch 584/800
17/17 - 0s - loss: 0.0153 - mae: 0.0153 - mse: 6.6951e-04 - 175ms/epoch - 10ms/step
Epoch 585/800
17/17 - 0s - loss: 0.0175 - mae: 0.0175 - mse: 7.6165e-04 - 176ms/epoch - 10ms/step
Epoch 586/800
17/17 - 0s - loss: 0.0174 - mae: 0.0174 - mse: 7.4187e-04 - 175ms/epoch - 10ms/step
Epoch 587/800
17/17 - 0s - loss: 0.0191 - mae: 0.0191 - mse: 8.6431e-04 - 175ms/epoch - 10ms/step
Epoch 588/800
17/17 - 0s - loss: 0.0172 - mae: 0.0172 - mse: 7.3781e-04 - 175ms/epoch - 10ms/step
Epoch 589/800
17/17 - 0s - loss: 0.0160 - mae: 0.0160 - mse: 6.8214e-04 - 175ms/epoch - 10ms/step
Epoch 590/800
17/17 - 0s - loss: 0.0171 - mae: 0.0171 - mse: 7.3973e-04 - 177ms/epoch - 10ms/step
Epoch 591/800
17/17 - 0s - loss: 0.0189 - mae: 0.0189 - mse: 8.3569e-04 - 175ms/epoch - 10ms/step
Epoch 592/800
17/17 - 0s - loss: 0.0196 - mae: 0.0196 - mse: 8.6071e-04 - 175ms/epoch - 10ms/step
Epoch 593/800
17/17 - 0s - loss: 0.0189 - mae: 0.0189 - mse: 8.4330e-04 - 175ms/epoch - 10ms/step
Epoch 594/800
17/17 - 0s - loss: 0.0188 - mae: 0.0188 - mse: 8.2482e-04 - 175ms/epoch - 10ms/step
Epoch 595/800
17/17 - 0s - loss: 0.0158 - mae: 0.0158 - mse: 6.8526e-04 - 175ms/epoch - 10ms/step
Epoch 596/800
17/17 - 0s - loss: 0.0164 - mae: 0.0164 - mse: 7.0430e-04 - 175ms/epoch - 10ms/step
Epoch 597/800
17/17 - 0s - loss: 0.0179 - mae: 0.0179 - mse: 7.7135e-04 - 175ms/epoch - 10ms/step
Epoch 598/800
17/17 - 0s - loss: 0.0191 - mae: 0.0191 - mse: 8.4318e-04 - 175ms/epoch - 10ms/step
Epoch 599/800
17/17 - 0s - loss: 0.0178 - mae: 0.0178 - mse: 7.4518e-04 - 175ms/epoch - 10ms/step
Epoch 600/800
17/17 - 0s - loss: 0.0170 - mae: 0.0170 - mse: 7.2276e-04 - 175ms/epoch - 10ms/step
Epoch 601/800
17/17 - 0s - loss: 0.0174 - mae: 0.0174 - mse: 7.5615e-04 - 176ms/epoch - 10ms/step
Epoch 602/800
17/17 - 0s - loss: 0.0163 - mae: 0.0163 - mse: 7.5307e-04 - 176ms/epoch - 10ms/step
Epoch 603/800
17/17 - 0s - loss: 0.0186 - mae: 0.0186 - mse: 7.7463e-04 - 175ms/epoch - 10ms/step
Epoch 604/800
17/17 - 0s - loss: 0.0190 - mae: 0.0190 - mse: 8.9982e-04 - 175ms/epoch - 10ms/step
Epoch 605/800
17/17 - 0s - loss: 0.0182 - mae: 0.0182 - mse: 7.6866e-04 - 175ms/epoch - 10ms/step
Epoch 606/800
17/17 - 0s - loss: 0.0160 - mae: 0.0160 - mse: 7.2602e-04 - 175ms/epoch - 10ms/step
Epoch 607/800
17/17 - 0s - loss: 0.0150 - mae: 0.0150 - mse: 6.5844e-04 - 176ms/epoch - 10ms/step
Epoch 608/800
17/17 - 0s - loss: 0.0173 - mae: 0.0173 - mse: 7.3424e-04 - 175ms/epoch - 10ms/step
Epoch 609/800
17/17 - 0s - loss: 0.0170 - mae: 0.0170 - mse: 7.1602e-04 - 175ms/epoch - 10ms/step
Epoch 610/800
17/17 - 0s - loss: 0.0162 - mae: 0.0162 - mse: 7.1162e-04 - 176ms/epoch - 10ms/step
Epoch 611/800
17/17 - 0s - loss: 0.0157 - mae: 0.0157 - mse: 7.1875e-04 - 175ms/epoch - 10ms/step
Epoch 612/800
17/17 - 0s - loss: 0.0152 - mae: 0.0152 - mse: 6.6459e-04 - 176ms/epoch - 10ms/step
Epoch 613/800
17/17 - 0s - loss: 0.0160 - mae: 0.0160 - mse: 6.7130e-04 - 175ms/epoch - 10ms/step
Epoch 614/800
17/17 - 0s - loss: 0.0163 - mae: 0.0163 - mse: 7.1954e-04 - 175ms/epoch - 10ms/step
Epoch 615/800
17/17 - 0s - loss: 0.0162 - mae: 0.0162 - mse: 7.0883e-04 - 175ms/epoch - 10ms/step
Epoch 616/800
17/17 - 0s - loss: 0.0170 - mae: 0.0170 - mse: 7.4198e-04 - 175ms/epoch - 10ms/step
Epoch 617/800
17/17 - 0s - loss: 0.0197 - mae: 0.0197 - mse: 9.0644e-04 - 175ms/epoch - 10ms/step
Epoch 618/800
17/17 - 0s - loss: 0.0181 - mae: 0.0181 - mse: 8.4145e-04 - 175ms/epoch - 10ms/step
Epoch 619/800
17/17 - 0s - loss: 0.0168 - mae: 0.0168 - mse: 7.0739e-04 - 175ms/epoch - 10ms/step
Epoch 620/800
17/17 - 0s - loss: 0.0143 - mae: 0.0143 - mse: 6.1379e-04 - 175ms/epoch - 10ms/step
Epoch 621/800
17/17 - 0s - loss: 0.0152 - mae: 0.0152 - mse: 6.6519e-04 - 175ms/epoch - 10ms/step
Epoch 622/800
17/17 - 0s - loss: 0.0149 - mae: 0.0149 - mse: 6.5659e-04 - 175ms/epoch - 10ms/step
Epoch 623/800
17/17 - 0s - loss: 0.0161 - mae: 0.0161 - mse: 6.6724e-04 - 176ms/epoch - 10ms/step
Epoch 624/800
17/17 - 0s - loss: 0.0168 - mae: 0.0168 - mse: 7.3096e-04 - 175ms/epoch - 10ms/step
Epoch 625/800
17/17 - 0s - loss: 0.0177 - mae: 0.0177 - mse: 7.9577e-04 - 176ms/epoch - 10ms/step
Epoch 626/800
17/17 - 0s - loss: 0.0166 - mae: 0.0166 - mse: 7.4114e-04 - 175ms/epoch - 10ms/step
Epoch 627/800
17/17 - 0s - loss: 0.0177 - mae: 0.0177 - mse: 7.8270e-04 - 175ms/epoch - 10ms/step
Epoch 628/800
17/17 - 0s - loss: 0.0143 - mae: 0.0143 - mse: 6.2688e-04 - 175ms/epoch - 10ms/step
Epoch 629/800
17/17 - 0s - loss: 0.0146 - mae: 0.0146 - mse: 5.9794e-04 - 175ms/epoch - 10ms/step
Epoch 630/800
17/17 - 0s - loss: 0.0144 - mae: 0.0144 - mse: 6.5840e-04 - 175ms/epoch - 10ms/step
Epoch 631/800
17/17 - 0s - loss: 0.0138 - mae: 0.0138 - mse: 5.7052e-04 - 175ms/epoch - 10ms/step
Epoch 632/800
17/17 - 0s - loss: 0.0136 - mae: 0.0136 - mse: 5.9289e-04 - 175ms/epoch - 10ms/step
Epoch 633/800
17/17 - 0s - loss: 0.0145 - mae: 0.0145 - mse: 6.4538e-04 - 175ms/epoch - 10ms/step
Epoch 634/800
17/17 - 0s - loss: 0.0138 - mae: 0.0138 - mse: 5.9719e-04 - 175ms/epoch - 10ms/step
Epoch 635/800
17/17 - 0s - loss: 0.0156 - mae: 0.0156 - mse: 6.9266e-04 - 175ms/epoch - 10ms/step
Epoch 636/800
17/17 - 0s - loss: 0.0143 - mae: 0.0143 - mse: 6.5723e-04 - 175ms/epoch - 10ms/step
Epoch 637/800
17/17 - 0s - loss: 0.0165 - mae: 0.0165 - mse: 7.3976e-04 - 175ms/epoch - 10ms/step
Epoch 638/800
17/17 - 0s - loss: 0.0156 - mae: 0.0156 - mse: 6.7380e-04 - 175ms/epoch - 10ms/step
Epoch 639/800
17/17 - 0s - loss: 0.0163 - mae: 0.0163 - mse: 6.6992e-04 - 175ms/epoch - 10ms/step
Epoch 640/800
17/17 - 0s - loss: 0.0173 - mae: 0.0173 - mse: 7.4665e-04 - 175ms/epoch - 10ms/step
Epoch 641/800
17/17 - 0s - loss: 0.0144 - mae: 0.0144 - mse: 6.1523e-04 - 175ms/epoch - 10ms/step
Epoch 642/800
17/17 - 0s - loss: 0.0168 - mae: 0.0168 - mse: 7.1170e-04 - 175ms/epoch - 10ms/step
Epoch 643/800
17/17 - 0s - loss: 0.0162 - mae: 0.0162 - mse: 6.9198e-04 - 175ms/epoch - 10ms/step
Epoch 644/800
17/17 - 0s - loss: 0.0143 - mae: 0.0143 - mse: 5.9083e-04 - 175ms/epoch - 10ms/step
Epoch 645/800
17/17 - 0s - loss: 0.0139 - mae: 0.0139 - mse: 6.0148e-04 - 176ms/epoch - 10ms/step
Epoch 646/800
17/17 - 0s - loss: 0.0155 - mae: 0.0155 - mse: 7.2185e-04 - 176ms/epoch - 10ms/step
Epoch 647/800
17/17 - 0s - loss: 0.0164 - mae: 0.0164 - mse: 7.5908e-04 - 175ms/epoch - 10ms/step
Epoch 648/800
17/17 - 0s - loss: 0.0141 - mae: 0.0141 - mse: 6.0106e-04 - 175ms/epoch - 10ms/step
Epoch 649/800
17/17 - 0s - loss: 0.0155 - mae: 0.0155 - mse: 6.4973e-04 - 175ms/epoch - 10ms/step
Epoch 650/800
17/17 - 0s - loss: 0.0163 - mae: 0.0163 - mse: 7.1779e-04 - 175ms/epoch - 10ms/step
Epoch 651/800
17/17 - 0s - loss: 0.0149 - mae: 0.0149 - mse: 6.3411e-04 - 175ms/epoch - 10ms/step
Epoch 652/800
17/17 - 0s - loss: 0.0134 - mae: 0.0134 - mse: 5.7309e-04 - 175ms/epoch - 10ms/step
Epoch 653/800
17/17 - 0s - loss: 0.0116 - mae: 0.0116 - mse: 5.3249e-04 - 176ms/epoch - 10ms/step
Epoch 654/800
17/17 - 0s - loss: 0.0121 - mae: 0.0121 - mse: 5.2981e-04 - 175ms/epoch - 10ms/step
Epoch 655/800
17/17 - 0s - loss: 0.0120 - mae: 0.0120 - mse: 5.3279e-04 - 175ms/epoch - 10ms/step
Epoch 656/800
17/17 - 0s - loss: 0.0114 - mae: 0.0114 - mse: 5.0119e-04 - 175ms/epoch - 10ms/step
Epoch 657/800
17/17 - 0s - loss: 0.0112 - mae: 0.0112 - mse: 4.9489e-04 - 175ms/epoch - 10ms/step
Epoch 658/800
17/17 - 0s - loss: 0.0120 - mae: 0.0120 - mse: 5.1494e-04 - 175ms/epoch - 10ms/step
Epoch 659/800
17/17 - 0s - loss: 0.0135 - mae: 0.0135 - mse: 5.7127e-04 - 176ms/epoch - 10ms/step
Epoch 660/800
17/17 - 0s - loss: 0.0145 - mae: 0.0145 - mse: 6.1926e-04 - 176ms/epoch - 10ms/step
Epoch 661/800
17/17 - 0s - loss: 0.0125 - mae: 0.0125 - mse: 5.5923e-04 - 175ms/epoch - 10ms/step
Epoch 662/800
17/17 - 0s - loss: 0.0121 - mae: 0.0121 - mse: 5.3091e-04 - 175ms/epoch - 10ms/step
Epoch 663/800
17/17 - 0s - loss: 0.0114 - mae: 0.0114 - mse: 4.9989e-04 - 175ms/epoch - 10ms/step
Epoch 664/800
17/17 - 0s - loss: 0.0137 - mae: 0.0137 - mse: 6.0390e-04 - 175ms/epoch - 10ms/step
Epoch 665/800
17/17 - 0s - loss: 0.0134 - mae: 0.0134 - mse: 5.5620e-04 - 175ms/epoch - 10ms/step
Epoch 666/800
17/17 - 0s - loss: 0.0132 - mae: 0.0132 - mse: 5.7481e-04 - 177ms/epoch - 10ms/step
Epoch 667/800
17/17 - 0s - loss: 0.0126 - mae: 0.0126 - mse: 5.2305e-04 - 176ms/epoch - 10ms/step
Epoch 668/800
17/17 - 0s - loss: 0.0120 - mae: 0.0120 - mse: 5.0847e-04 - 175ms/epoch - 10ms/step
Epoch 669/800
17/17 - 0s - loss: 0.0106 - mae: 0.0106 - mse: 4.8718e-04 - 175ms/epoch - 10ms/step
Epoch 670/800
17/17 - 0s - loss: 0.0125 - mae: 0.0125 - mse: 5.1280e-04 - 175ms/epoch - 10ms/step
Epoch 671/800
17/17 - 0s - loss: 0.0129 - mae: 0.0129 - mse: 5.3606e-04 - 175ms/epoch - 10ms/step
Epoch 672/800
17/17 - 0s - loss: 0.0113 - mae: 0.0113 - mse: 5.1107e-04 - 175ms/epoch - 10ms/step
Epoch 673/800
17/17 - 0s - loss: 0.0116 - mae: 0.0116 - mse: 5.2067e-04 - 175ms/epoch - 10ms/step
Epoch 674/800
17/17 - 0s - loss: 0.0116 - mae: 0.0116 - mse: 4.8976e-04 - 175ms/epoch - 10ms/step
Epoch 675/800
17/17 - 0s - loss: 0.0116 - mae: 0.0116 - mse: 4.9346e-04 - 175ms/epoch - 10ms/step
Epoch 676/800
17/17 - 0s - loss: 0.0128 - mae: 0.0128 - mse: 5.5434e-04 - 175ms/epoch - 10ms/step
Epoch 677/800
17/17 - 0s - loss: 0.0127 - mae: 0.0127 - mse: 5.4574e-04 - 175ms/epoch - 10ms/step
Epoch 678/800
17/17 - 0s - loss: 0.0110 - mae: 0.0110 - mse: 4.8724e-04 - 175ms/epoch - 10ms/step
Epoch 679/800
17/17 - 0s - loss: 0.0105 - mae: 0.0105 - mse: 4.6198e-04 - 175ms/epoch - 10ms/step
Epoch 680/800
17/17 - 0s - loss: 0.0104 - mae: 0.0104 - mse: 4.7159e-04 - 175ms/epoch - 10ms/step
Epoch 681/800
17/17 - 0s - loss: 0.0116 - mae: 0.0116 - mse: 4.9783e-04 - 175ms/epoch - 10ms/step
Epoch 682/800
17/17 - 0s - loss: 0.0100 - mae: 0.0100 - mse: 4.5543e-04 - 175ms/epoch - 10ms/step
Epoch 683/800
17/17 - 0s - loss: 0.0101 - mae: 0.0101 - mse: 4.7031e-04 - 175ms/epoch - 10ms/step
Epoch 684/800
17/17 - 0s - loss: 0.0115 - mae: 0.0115 - mse: 5.0303e-04 - 176ms/epoch - 10ms/step
Epoch 685/800
17/17 - 0s - loss: 0.0115 - mae: 0.0115 - mse: 4.9524e-04 - 175ms/epoch - 10ms/step
Epoch 686/800
17/17 - 0s - loss: 0.0103 - mae: 0.0103 - mse: 4.6457e-04 - 175ms/epoch - 10ms/step
Epoch 687/800
17/17 - 0s - loss: 0.0098 - mae: 0.0098 - mse: 4.5297e-04 - 175ms/epoch - 10ms/step
Epoch 688/800
17/17 - 0s - loss: 0.0096 - mae: 0.0096 - mse: 4.4365e-04 - 175ms/epoch - 10ms/step
Epoch 689/800
17/17 - 0s - loss: 0.0093 - mae: 0.0093 - mse: 4.6169e-04 - 175ms/epoch - 10ms/step
Epoch 690/800
17/17 - 0s - loss: 0.0097 - mae: 0.0097 - mse: 4.6016e-04 - 175ms/epoch - 10ms/step
Epoch 691/800
17/17 - 0s - loss: 0.0097 - mae: 0.0097 - mse: 4.5291e-04 - 175ms/epoch - 10ms/step
Epoch 692/800
17/17 - 0s - loss: 0.0104 - mae: 0.0104 - mse: 4.7586e-04 - 175ms/epoch - 10ms/step
Epoch 693/800
17/17 - 0s - loss: 0.0102 - mae: 0.0102 - mse: 4.7219e-04 - 175ms/epoch - 10ms/step
Epoch 694/800
17/17 - 0s - loss: 0.0096 - mae: 0.0096 - mse: 4.4312e-04 - 175ms/epoch - 10ms/step
Epoch 695/800
17/17 - 0s - loss: 0.0107 - mae: 0.0107 - mse: 4.6420e-04 - 175ms/epoch - 10ms/step
Epoch 696/800
17/17 - 0s - loss: 0.0117 - mae: 0.0117 - mse: 4.8210e-04 - 175ms/epoch - 10ms/step
Epoch 697/800
17/17 - 0s - loss: 0.0096 - mae: 0.0096 - mse: 4.4852e-04 - 175ms/epoch - 10ms/step
Epoch 698/800
17/17 - 0s - loss: 0.0093 - mae: 0.0093 - mse: 4.4600e-04 - 175ms/epoch - 10ms/step
Epoch 699/800
17/17 - 0s - loss: 0.0096 - mae: 0.0096 - mse: 4.6085e-04 - 175ms/epoch - 10ms/step
Epoch 700/800
17/17 - 0s - loss: 0.0097 - mae: 0.0097 - mse: 4.5370e-04 - 176ms/epoch - 10ms/step
Epoch 701/800
17/17 - 0s - loss: 0.0090 - mae: 0.0090 - mse: 4.3415e-04 - 175ms/epoch - 10ms/step
Epoch 702/800
17/17 - 0s - loss: 0.0108 - mae: 0.0108 - mse: 4.6397e-04 - 175ms/epoch - 10ms/step
Epoch 703/800
17/17 - 0s - loss: 0.0113 - mae: 0.0113 - mse: 5.0185e-04 - 175ms/epoch - 10ms/step
Epoch 704/800
17/17 - 0s - loss: 0.0102 - mae: 0.0102 - mse: 4.6054e-04 - 175ms/epoch - 10ms/step
Epoch 705/800
17/17 - 0s - loss: 0.0099 - mae: 0.0099 - mse: 4.6682e-04 - 175ms/epoch - 10ms/step
Epoch 706/800
17/17 - 0s - loss: 0.0099 - mae: 0.0099 - mse: 4.7018e-04 - 175ms/epoch - 10ms/step
Epoch 707/800
17/17 - 0s - loss: 0.0088 - mae: 0.0088 - mse: 4.1607e-04 - 175ms/epoch - 10ms/step
Epoch 708/800
17/17 - 0s - loss: 0.0085 - mae: 0.0085 - mse: 4.1741e-04 - 175ms/epoch - 10ms/step
Epoch 709/800
17/17 - 0s - loss: 0.0081 - mae: 0.0081 - mse: 4.0108e-04 - 175ms/epoch - 10ms/step
Epoch 710/800
17/17 - 0s - loss: 0.0079 - mae: 0.0079 - mse: 4.0717e-04 - 175ms/epoch - 10ms/step
Epoch 711/800
17/17 - 0s - loss: 0.0076 - mae: 0.0076 - mse: 4.0119e-04 - 175ms/epoch - 10ms/step
Epoch 712/800
17/17 - 0s - loss: 0.0075 - mae: 0.0075 - mse: 4.0505e-04 - 175ms/epoch - 10ms/step
Epoch 713/800
17/17 - 0s - loss: 0.0084 - mae: 0.0084 - mse: 4.2437e-04 - 175ms/epoch - 10ms/step
Epoch 714/800
17/17 - 0s - loss: 0.0083 - mae: 0.0083 - mse: 4.0052e-04 - 175ms/epoch - 10ms/step
Epoch 715/800
17/17 - 0s - loss: 0.0087 - mae: 0.0087 - mse: 4.1556e-04 - 175ms/epoch - 10ms/step
Epoch 716/800
17/17 - 0s - loss: 0.0084 - mae: 0.0084 - mse: 4.1405e-04 - 175ms/epoch - 10ms/step
Epoch 717/800
17/17 - 0s - loss: 0.0081 - mae: 0.0081 - mse: 4.0090e-04 - 175ms/epoch - 10ms/step
Epoch 718/800
17/17 - 0s - loss: 0.0084 - mae: 0.0084 - mse: 4.1292e-04 - 175ms/epoch - 10ms/step
Epoch 719/800
17/17 - 0s - loss: 0.0081 - mae: 0.0081 - mse: 4.2648e-04 - 175ms/epoch - 10ms/step
Epoch 720/800
17/17 - 0s - loss: 0.0080 - mae: 0.0080 - mse: 4.0988e-04 - 175ms/epoch - 10ms/step
Epoch 721/800
17/17 - 0s - loss: 0.0084 - mae: 0.0084 - mse: 4.1310e-04 - 175ms/epoch - 10ms/step
Epoch 722/800
17/17 - 0s - loss: 0.0080 - mae: 0.0080 - mse: 3.9461e-04 - 175ms/epoch - 10ms/step
Epoch 723/800
17/17 - 0s - loss: 0.0074 - mae: 0.0074 - mse: 3.8525e-04 - 175ms/epoch - 10ms/step
Epoch 724/800
17/17 - 0s - loss: 0.0072 - mae: 0.0072 - mse: 3.9253e-04 - 176ms/epoch - 10ms/step
Epoch 725/800
17/17 - 0s - loss: 0.0077 - mae: 0.0077 - mse: 3.8259e-04 - 176ms/epoch - 10ms/step
Epoch 726/800
17/17 - 0s - loss: 0.0082 - mae: 0.0082 - mse: 4.1685e-04 - 175ms/epoch - 10ms/step
Epoch 727/800
17/17 - 0s - loss: 0.0068 - mae: 0.0068 - mse: 3.8457e-04 - 175ms/epoch - 10ms/step
Epoch 728/800
17/17 - 0s - loss: 0.0073 - mae: 0.0073 - mse: 4.0629e-04 - 175ms/epoch - 10ms/step
Epoch 729/800
17/17 - 0s - loss: 0.0077 - mae: 0.0077 - mse: 4.1073e-04 - 175ms/epoch - 10ms/step
Epoch 730/800
17/17 - 0s - loss: 0.0073 - mae: 0.0073 - mse: 3.8826e-04 - 175ms/epoch - 10ms/step
Epoch 731/800
17/17 - 0s - loss: 0.0067 - mae: 0.0067 - mse: 3.7415e-04 - 175ms/epoch - 10ms/step
Epoch 732/800
17/17 - 0s - loss: 0.0068 - mae: 0.0068 - mse: 3.7720e-04 - 175ms/epoch - 10ms/step
Epoch 733/800
17/17 - 0s - loss: 0.0068 - mae: 0.0068 - mse: 3.8052e-04 - 175ms/epoch - 10ms/step
Epoch 734/800
17/17 - 0s - loss: 0.0065 - mae: 0.0065 - mse: 3.7023e-04 - 175ms/epoch - 10ms/step
Epoch 735/800
17/17 - 0s - loss: 0.0068 - mae: 0.0068 - mse: 3.7803e-04 - 175ms/epoch - 10ms/step
Epoch 736/800
17/17 - 0s - loss: 0.0065 - mae: 0.0065 - mse: 3.7979e-04 - 175ms/epoch - 10ms/step
Epoch 737/800
17/17 - 0s - loss: 0.0066 - mae: 0.0066 - mse: 3.8040e-04 - 175ms/epoch - 10ms/step
Epoch 738/800
17/17 - 0s - loss: 0.0064 - mae: 0.0064 - mse: 3.7584e-04 - 176ms/epoch - 10ms/step
Epoch 739/800
17/17 - 0s - loss: 0.0063 - mae: 0.0063 - mse: 3.8282e-04 - 175ms/epoch - 10ms/step
Epoch 740/800
17/17 - 0s - loss: 0.0062 - mae: 0.0062 - mse: 3.8343e-04 - 175ms/epoch - 10ms/step
Epoch 741/800
17/17 - 0s - loss: 0.0060 - mae: 0.0060 - mse: 3.7284e-04 - 175ms/epoch - 10ms/step
Epoch 742/800
17/17 - 0s - loss: 0.0059 - mae: 0.0059 - mse: 3.7589e-04 - 175ms/epoch - 10ms/step
Epoch 743/800
17/17 - 0s - loss: 0.0056 - mae: 0.0056 - mse: 3.7637e-04 - 175ms/epoch - 10ms/step
Epoch 744/800
17/17 - 0s - loss: 0.0057 - mae: 0.0057 - mse: 3.7147e-04 - 175ms/epoch - 10ms/step
Epoch 745/800
17/17 - 0s - loss: 0.0054 - mae: 0.0054 - mse: 3.6807e-04 - 175ms/epoch - 10ms/step
Epoch 746/800
17/17 - 0s - loss: 0.0057 - mae: 0.0057 - mse: 3.7523e-04 - 175ms/epoch - 10ms/step
Epoch 747/800
17/17 - 0s - loss: 0.0054 - mae: 0.0054 - mse: 3.6331e-04 - 175ms/epoch - 10ms/step
Epoch 748/800
17/17 - 0s - loss: 0.0055 - mae: 0.0055 - mse: 3.6993e-04 - 177ms/epoch - 10ms/step
Epoch 749/800
17/17 - 0s - loss: 0.0052 - mae: 0.0052 - mse: 3.6728e-04 - 176ms/epoch - 10ms/step
Epoch 750/800
17/17 - 0s - loss: 0.0055 - mae: 0.0055 - mse: 3.6640e-04 - 175ms/epoch - 10ms/step
Epoch 751/800
17/17 - 0s - loss: 0.0053 - mae: 0.0053 - mse: 3.6113e-04 - 175ms/epoch - 10ms/step
Epoch 752/800
17/17 - 0s - loss: 0.0055 - mae: 0.0055 - mse: 3.6709e-04 - 175ms/epoch - 10ms/step
Epoch 753/800
17/17 - 0s - loss: 0.0051 - mae: 0.0051 - mse: 3.6427e-04 - 175ms/epoch - 10ms/step
Epoch 754/800
17/17 - 0s - loss: 0.0049 - mae: 0.0049 - mse: 3.5477e-04 - 175ms/epoch - 10ms/step
Epoch 755/800
17/17 - 0s - loss: 0.0053 - mae: 0.0053 - mse: 3.6225e-04 - 176ms/epoch - 10ms/step
Epoch 756/800
17/17 - 0s - loss: 0.0052 - mae: 0.0052 - mse: 3.6109e-04 - 175ms/epoch - 10ms/step
Epoch 757/800
17/17 - 0s - loss: 0.0050 - mae: 0.0050 - mse: 3.6582e-04 - 175ms/epoch - 10ms/step
Epoch 758/800
17/17 - 0s - loss: 0.0051 - mae: 0.0051 - mse: 3.6103e-04 - 175ms/epoch - 10ms/step
Epoch 759/800
17/17 - 0s - loss: 0.0051 - mae: 0.0051 - mse: 3.6323e-04 - 175ms/epoch - 10ms/step
Epoch 760/800
17/17 - 0s - loss: 0.0047 - mae: 0.0047 - mse: 3.6387e-04 - 175ms/epoch - 10ms/step
Epoch 761/800
17/17 - 0s - loss: 0.0046 - mae: 0.0046 - mse: 3.6183e-04 - 175ms/epoch - 10ms/step
Epoch 762/800
17/17 - 0s - loss: 0.0046 - mae: 0.0046 - mse: 3.5854e-04 - 175ms/epoch - 10ms/step
Epoch 763/800
17/17 - 0s - loss: 0.0045 - mae: 0.0045 - mse: 3.5713e-04 - 175ms/epoch - 10ms/step
Epoch 764/800
17/17 - 0s - loss: 0.0045 - mae: 0.0045 - mse: 3.5786e-04 - 175ms/epoch - 10ms/step
Epoch 765/800
17/17 - 0s - loss: 0.0044 - mae: 0.0044 - mse: 3.5716e-04 - 175ms/epoch - 10ms/step
Epoch 766/800
17/17 - 0s - loss: 0.0042 - mae: 0.0042 - mse: 3.5522e-04 - 175ms/epoch - 10ms/step
Epoch 767/800
17/17 - 0s - loss: 0.0040 - mae: 0.0040 - mse: 3.5627e-04 - 175ms/epoch - 10ms/step
Epoch 768/800
17/17 - 0s - loss: 0.0042 - mae: 0.0042 - mse: 3.5823e-04 - 175ms/epoch - 10ms/step
Epoch 769/800
17/17 - 0s - loss: 0.0042 - mae: 0.0042 - mse: 3.5194e-04 - 175ms/epoch - 10ms/step
Epoch 770/800
17/17 - 0s - loss: 0.0042 - mae: 0.0042 - mse: 3.5647e-04 - 175ms/epoch - 10ms/step
Epoch 771/800
17/17 - 0s - loss: 0.0040 - mae: 0.0040 - mse: 3.5643e-04 - 175ms/epoch - 10ms/step
Epoch 772/800
17/17 - 0s - loss: 0.0039 - mae: 0.0039 - mse: 3.5836e-04 - 175ms/epoch - 10ms/step
Epoch 773/800
17/17 - 0s - loss: 0.0041 - mae: 0.0041 - mse: 3.5658e-04 - 175ms/epoch - 10ms/step
Epoch 774/800
17/17 - 0s - loss: 0.0040 - mae: 0.0040 - mse: 3.5464e-04 - 175ms/epoch - 10ms/step
Epoch 775/800
17/17 - 0s - loss: 0.0039 - mae: 0.0039 - mse: 3.5416e-04 - 176ms/epoch - 10ms/step
Epoch 776/800
17/17 - 0s - loss: 0.0039 - mae: 0.0039 - mse: 3.5258e-04 - 175ms/epoch - 10ms/step
Epoch 777/800
17/17 - 0s - loss: 0.0039 - mae: 0.0039 - mse: 3.5807e-04 - 175ms/epoch - 10ms/step
Epoch 778/800
17/17 - 0s - loss: 0.0042 - mae: 0.0042 - mse: 3.5806e-04 - 177ms/epoch - 10ms/step
Epoch 779/800
17/17 - 0s - loss: 0.0038 - mae: 0.0038 - mse: 3.5446e-04 - 175ms/epoch - 10ms/step
Epoch 780/800
17/17 - 0s - loss: 0.0040 - mae: 0.0040 - mse: 3.5487e-04 - 175ms/epoch - 10ms/step
Epoch 781/800
17/17 - 0s - loss: 0.0039 - mae: 0.0039 - mse: 3.5489e-04 - 175ms/epoch - 10ms/step
Epoch 782/800
17/17 - 0s - loss: 0.0038 - mae: 0.0038 - mse: 3.5228e-04 - 175ms/epoch - 10ms/step
Epoch 783/800
17/17 - 0s - loss: 0.0038 - mae: 0.0038 - mse: 3.5397e-04 - 175ms/epoch - 10ms/step
Epoch 784/800
17/17 - 0s - loss: 0.0038 - mae: 0.0038 - mse: 3.5337e-04 - 175ms/epoch - 10ms/step
Epoch 785/800
17/17 - 0s - loss: 0.0038 - mae: 0.0038 - mse: 3.5564e-04 - 175ms/epoch - 10ms/step
Epoch 786/800
17/17 - 0s - loss: 0.0040 - mae: 0.0040 - mse: 3.5359e-04 - 175ms/epoch - 10ms/step
Epoch 787/800
17/17 - 0s - loss: 0.0039 - mae: 0.0039 - mse: 3.5611e-04 - 175ms/epoch - 10ms/step
Epoch 788/800
17/17 - 0s - loss: 0.0040 - mae: 0.0040 - mse: 3.5728e-04 - 175ms/epoch - 10ms/step
Epoch 789/800
17/17 - 0s - loss: 0.0036 - mae: 0.0036 - mse: 3.5445e-04 - 175ms/epoch - 10ms/step
Epoch 790/800
17/17 - 0s - loss: 0.0037 - mae: 0.0037 - mse: 3.5588e-04 - 175ms/epoch - 10ms/step
Epoch 791/800
17/17 - 0s - loss: 0.0039 - mae: 0.0039 - mse: 3.5753e-04 - 175ms/epoch - 10ms/step
Epoch 792/800
17/17 - 0s - loss: 0.0037 - mae: 0.0037 - mse: 3.5126e-04 - 175ms/epoch - 10ms/step
Epoch 793/800
17/17 - 0s - loss: 0.0038 - mae: 0.0038 - mse: 3.5272e-04 - 175ms/epoch - 10ms/step
Epoch 794/800
17/17 - 0s - loss: 0.0038 - mae: 0.0038 - mse: 3.5156e-04 - 175ms/epoch - 10ms/step
Epoch 795/800
17/17 - 0s - loss: 0.0041 - mae: 0.0041 - mse: 3.5994e-04 - 175ms/epoch - 10ms/step
Epoch 796/800
17/17 - 0s - loss: 0.0039 - mae: 0.0039 - mse: 3.5813e-04 - 175ms/epoch - 10ms/step
Epoch 797/800
17/17 - 0s - loss: 0.0037 - mae: 0.0037 - mse: 3.5507e-04 - 175ms/epoch - 10ms/step
Epoch 798/800
17/17 - 0s - loss: 0.0039 - mae: 0.0039 - mse: 3.5585e-04 - 175ms/epoch - 10ms/step
Epoch 799/800
17/17 - 0s - loss: 0.0040 - mae: 0.0040 - mse: 3.5596e-04 - 176ms/epoch - 10ms/step
Epoch 800/800
17/17 - 0s - loss: 0.0039 - mae: 0.0039 - mse: 3.5288e-04 - 175ms/epoch - 10ms/step
Training finished in 148.34 seconds.
1/9 [==>...........................] - ETA: 6s9/9 [==============================] - ETA: 0s9/9 [==============================] - 1s 7ms/step
Fold 2 MAE: 0.1400

--- Starting Fold 3/5 ---
INFO:kgcnn.model.utils:Updated model kwargs: '{'name': 'coGN', 'inputs': {'offset': {'shape': (None, 3), 'name': 'offset', 'dtype': 'float32', 'ragged': True}, 'cell_translation': None, 'affine_matrix': None, 'voronoi_ridge_area': None, 'atomic_number': {'shape': (None,), 'name': 'atomic_number', 'dtype': 'int32', 'ragged': True}, 'frac_coords': None, 'coords': None, 'multiplicity': {'shape': (None,), 'name': 'multiplicity', 'dtype': 'int32', 'ragged': True}, 'lattice_matrix': None, 'edge_indices': {'shape': (None, 2), 'name': 'edge_indices', 'dtype': 'int32', 'ragged': True}, 'line_graph_edge_indices': None}, 'input_block_cfg': {'node_size': 128, 'edge_size': 128, 'atomic_mass': True, 'atomic_radius': True, 'electronegativity': True, 'ionization_energy': True, 'oxidation_states': True, 'edge_embedding_args': {'bins_distance': 32, 'max_distance': 8.0, 'distance_log_base': 1.0, 'bins_voronoi_area': None, 'max_voronoi_area': None}}, 'processing_blocks_cfg': [{'edge_mlp': {'units': [128, 128, 128, 128, 128], 'activation': ['swish', 'swish', 'swish', 'swish', 'swish']}, 'node_mlp': {'units': [128], 'activation': ['swish']}, 'global_mlp': None, 'nested_blocks_cfgs': None, 'aggregate_edges_local': 'sum', 'aggregate_edges_global': None, 'aggregate_nodes': None, 'return_updated_edges': False, 'return_updated_nodes': True, 'return_updated_globals': True, 'edge_attention_mlp_local': {'units': [32, 1], 'activation': ['swish', 'swish']}, 'edge_attention_mlp_global': {'units': [32, 1], 'activation': ['swish', 'swish']}, 'node_attention_mlp': {'units': [32, 1], 'activation': ['swish', 'swish']}, 'edge_gate': None, 'node_gate': None, 'global_gate': None, 'residual_node_update': True, 'residual_edge_update': False, 'residual_global_update': False, 'update_edges_input': [True, True, True, False], 'update_nodes_input': [True, False, False], 'update_global_input': [False, True, False], 'multiplicity_readout': False}, {'edge_mlp': {'units': [128, 128, 128, 128, 128], 'activation': ['swish', 'swish', 'swish', 'swish', 'swish']}, 'node_mlp': {'units': [128], 'activation': ['swish']}, 'global_mlp': None, 'nested_blocks_cfgs': None, 'aggregate_edges_local': 'sum', 'aggregate_edges_global': None, 'aggregate_nodes': None, 'return_updated_edges': False, 'return_updated_nodes': True, 'return_updated_globals': True, 'edge_attention_mlp_local': {'units': [32, 1], 'activation': ['swish', 'swish']}, 'edge_attention_mlp_global': {'units': [32, 1], 'activation': ['swish', 'swish']}, 'node_attention_mlp': {'units': [32, 1], 'activation': ['swish', 'swish']}, 'edge_gate': None, 'node_gate': None, 'global_gate': None, 'residual_node_update': True, 'residual_edge_update': False, 'residual_global_update': False, 'update_edges_input': [True, True, True, False], 'update_nodes_input': [True, False, False], 'update_global_input': [False, True, False], 'multiplicity_readout': False}, {'edge_mlp': {'units': [128, 128, 128, 128, 128], 'activation': ['swish', 'swish', 'swish', 'swish', 'swish']}, 'node_mlp': {'units': [128], 'activation': ['swish']}, 'global_mlp': None, 'nested_blocks_cfgs': None, 'aggregate_edges_local': 'sum', 'aggregate_edges_global': None, 'aggregate_nodes': None, 'return_updated_edges': False, 'return_updated_nodes': True, 'return_updated_globals': True, 'edge_attention_mlp_local': {'units': [32, 1], 'activation': ['swish', 'swish']}, 'edge_attention_mlp_global': {'units': [32, 1], 'activation': ['swish', 'swish']}, 'node_attention_mlp': {'units': [32, 1], 'activation': ['swish', 'swish']}, 'edge_gate': None, 'node_gate': None, 'global_gate': None, 'residual_node_update': True, 'residual_edge_update': False, 'residual_global_update': False, 'update_edges_input': [True, True, True, False], 'update_nodes_input': [True, False, False], 'update_global_input': [False, True, False], 'multiplicity_readout': False}, {'edge_mlp': {'units': [128, 128, 128, 128, 128], 'activation': ['swish', 'swish', 'swish', 'swish', 'swish']}, 'node_mlp': {'units': [128], 'activation': ['swish']}, 'global_mlp': None, 'nested_blocks_cfgs': None, 'aggregate_edges_local': 'sum', 'aggregate_edges_global': None, 'aggregate_nodes': None, 'return_updated_edges': False, 'return_updated_nodes': True, 'return_updated_globals': True, 'edge_attention_mlp_local': {'units': [32, 1], 'activation': ['swish', 'swish']}, 'edge_attention_mlp_global': {'units': [32, 1], 'activation': ['swish', 'swish']}, 'node_attention_mlp': {'units': [32, 1], 'activation': ['swish', 'swish']}, 'edge_gate': None, 'node_gate': None, 'global_gate': None, 'residual_node_update': True, 'residual_edge_update': False, 'residual_global_update': False, 'update_edges_input': [True, True, True, False], 'update_nodes_input': [True, False, False], 'update_global_input': [False, True, False], 'multiplicity_readout': False}, {'edge_mlp': {'units': [128, 128, 128, 128, 128], 'activation': ['swish', 'swish', 'swish', 'swish', 'swish']}, 'node_mlp': {'units': [128], 'activation': ['swish']}, 'global_mlp': None, 'nested_blocks_cfgs': None, 'aggregate_edges_local': 'sum', 'aggregate_edges_global': None, 'aggregate_nodes': None, 'return_updated_edges': False, 'return_updated_nodes': True, 'return_updated_globals': True, 'edge_attention_mlp_local': {'units': [32, 1], 'activation': ['swish', 'swish']}, 'edge_attention_mlp_global': {'units': [32, 1], 'activation': ['swish', 'swish']}, 'node_attention_mlp': {'units': [32, 1], 'activation': ['swish', 'swish']}, 'edge_gate': None, 'node_gate': None, 'global_gate': None, 'residual_node_update': True, 'residual_edge_update': False, 'residual_global_update': False, 'update_edges_input': [True, True, True, False], 'update_nodes_input': [True, False, False], 'update_global_input': [False, True, False], 'multiplicity_readout': False}], 'output_block_cfg': {'edge_mlp': None, 'node_mlp': None, 'global_mlp': {'units': [1], 'activation': ['linear']}, 'nested_blocks_cfgs': None, 'aggregate_edges_local': 'sum', 'aggregate_edges_global': None, 'aggregate_nodes': 'mean', 'return_updated_edges': False, 'return_updated_nodes': True, 'return_updated_globals': True, 'edge_attention_mlp_local': {'units': [32, 1], 'activation': ['swish', 'swish']}, 'edge_attention_mlp_global': {'units': [32, 1], 'activation': ['swish', 'swish']}, 'node_attention_mlp': {'units': [32, 1], 'activation': ['swish', 'swish']}, 'edge_gate': None, 'node_gate': None, 'global_gate': None, 'residual_node_update': False, 'residual_edge_update': False, 'residual_global_update': False, 'update_edges_input': [True, True, True, False], 'update_nodes_input': [True, False, False], 'update_global_input': [False, True, False], 'multiplicity_readout': True}}'.
/gpfs/scratch/acad/htforft/rgouvea/other_datasets/processed_datasets/.venv/lib/python3.9/site-packages/kgcnn/crystal/periodic_table/periodic_table.py:30: FutureWarning: A value is trying to be set on a copy of a DataFrame or Series through chained assignment using an inplace method.
The behavior will change in pandas 3.0. This inplace method will never work because the intermediate object on which we are setting values always behaves as a copy.

For example, when doing 'df[col].method(value, inplace=True)', try using 'df.method({col: value}, inplace=True)' or df[col] = df[col].method(value) instead, to perform the operation inplace on the original object.


  self.data['AtomicRadius'].fillna(imputation_atomic_radius, inplace=True)
/gpfs/scratch/acad/htforft/rgouvea/other_datasets/processed_datasets/.venv/lib/python3.9/site-packages/kgcnn/crystal/periodic_table/periodic_table.py:32: FutureWarning: A value is trying to be set on a copy of a DataFrame or Series through chained assignment using an inplace method.
The behavior will change in pandas 3.0. This inplace method will never work because the intermediate object on which we are setting values always behaves as a copy.

For example, when doing 'df[col].method(value, inplace=True)', try using 'df.method({col: value}, inplace=True)' or df[col] = df[col].method(value) instead, to perform the operation inplace on the original object.


  self.data['Electronegativity'].fillna(imputation_electronegativity, inplace=True)
/gpfs/scratch/acad/htforft/rgouvea/other_datasets/processed_datasets/.venv/lib/python3.9/site-packages/kgcnn/crystal/periodic_table/periodic_table.py:33: FutureWarning: A value is trying to be set on a copy of a DataFrame or Series through chained assignment using an inplace method.
The behavior will change in pandas 3.0. This inplace method will never work because the intermediate object on which we are setting values always behaves as a copy.

For example, when doing 'df[col].method(value, inplace=True)', try using 'df.method({col: value}, inplace=True)' or df[col] = df[col].method(value) instead, to perform the operation inplace on the original object.


  self.data['IonizationEnergy'].fillna(imputation_ionization_energy, inplace=True)
[<KerasTensor: type_spec=RaggedTensorSpec(TensorShape([None, None, 3]), tf.float32, 1, tf.int64) (created by layer 'offset')>, <KerasTensor: type_spec=RaggedTensorSpec(TensorShape([None, None]), tf.int32, 1, tf.int64) (created by layer 'atomic_number')>, <KerasTensor: type_spec=RaggedTensorSpec(TensorShape([None, None]), tf.int32, 1, tf.int64) (created by layer 'multiplicity')>, <KerasTensor: type_spec=RaggedTensorSpec(TensorShape([None, None, 2]), tf.int32, 1, tf.int64) (created by layer 'edge_indices')>]
Training on 1045 samples...
Epoch 1/800
/gpfs/scratch/acad/htforft/rgouvea/other_datasets/processed_datasets/.venv/lib/python3.9/site-packages/tensorflow/python/framework/indexed_slices.py:444: UserWarning: Converting sparse IndexedSlices(IndexedSlices(indices=Tensor("gradient_tape/coGN/sequential_graph_network_7/graph_network_39/gather_embedding_selection_54/Reshape_1:0", shape=(None,), dtype=int32), values=Tensor("gradient_tape/coGN/sequential_graph_network_7/graph_network_39/gather_embedding_selection_54/Reshape:0", shape=(None, 128), dtype=float32), dense_shape=Tensor("gradient_tape/coGN/sequential_graph_network_7/graph_network_39/gather_embedding_selection_54/Cast:0", shape=(2,), dtype=int32))) to a dense Tensor of unknown shape. This may consume a large amount of memory.
  warnings.warn(
/gpfs/scratch/acad/htforft/rgouvea/other_datasets/processed_datasets/.venv/lib/python3.9/site-packages/tensorflow/python/framework/indexed_slices.py:444: UserWarning: Converting sparse IndexedSlices(IndexedSlices(indices=Tensor("gradient_tape/coGN/sequential_graph_network_7/graph_network_39/gather_embedding_selection_54/Reshape_3:0", shape=(None,), dtype=int32), values=Tensor("gradient_tape/coGN/sequential_graph_network_7/graph_network_39/gather_embedding_selection_54/Reshape_2:0", shape=(None, 128), dtype=float32), dense_shape=Tensor("gradient_tape/coGN/sequential_graph_network_7/graph_network_39/gather_embedding_selection_54/Cast_1:0", shape=(2,), dtype=int32))) to a dense Tensor of unknown shape. This may consume a large amount of memory.
  warnings.warn(
/gpfs/scratch/acad/htforft/rgouvea/other_datasets/processed_datasets/.venv/lib/python3.9/site-packages/tensorflow/python/framework/indexed_slices.py:444: UserWarning: Converting sparse IndexedSlices(IndexedSlices(indices=Tensor("gradient_tape/coGN/sequential_graph_network_7/graph_network_38/gather_embedding_selection_53/Reshape_1:0", shape=(None,), dtype=int32), values=Tensor("gradient_tape/coGN/sequential_graph_network_7/graph_network_38/gather_embedding_selection_53/Reshape:0", shape=(None, 128), dtype=float32), dense_shape=Tensor("gradient_tape/coGN/sequential_graph_network_7/graph_network_38/gather_embedding_selection_53/Cast:0", shape=(2,), dtype=int32))) to a dense Tensor of unknown shape. This may consume a large amount of memory.
  warnings.warn(
/gpfs/scratch/acad/htforft/rgouvea/other_datasets/processed_datasets/.venv/lib/python3.9/site-packages/tensorflow/python/framework/indexed_slices.py:444: UserWarning: Converting sparse IndexedSlices(IndexedSlices(indices=Tensor("gradient_tape/coGN/sequential_graph_network_7/graph_network_38/gather_embedding_selection_53/Reshape_3:0", shape=(None,), dtype=int32), values=Tensor("gradient_tape/coGN/sequential_graph_network_7/graph_network_38/gather_embedding_selection_53/Reshape_2:0", shape=(None, 128), dtype=float32), dense_shape=Tensor("gradient_tape/coGN/sequential_graph_network_7/graph_network_38/gather_embedding_selection_53/Cast_1:0", shape=(2,), dtype=int32))) to a dense Tensor of unknown shape. This may consume a large amount of memory.
  warnings.warn(
/gpfs/scratch/acad/htforft/rgouvea/other_datasets/processed_datasets/.venv/lib/python3.9/site-packages/tensorflow/python/framework/indexed_slices.py:444: UserWarning: Converting sparse IndexedSlices(IndexedSlices(indices=Tensor("gradient_tape/coGN/sequential_graph_network_7/graph_network_37/gather_embedding_selection_52/Reshape_1:0", shape=(None,), dtype=int32), values=Tensor("gradient_tape/coGN/sequential_graph_network_7/graph_network_37/gather_embedding_selection_52/Reshape:0", shape=(None, 128), dtype=float32), dense_shape=Tensor("gradient_tape/coGN/sequential_graph_network_7/graph_network_37/gather_embedding_selection_52/Cast:0", shape=(2,), dtype=int32))) to a dense Tensor of unknown shape. This may consume a large amount of memory.
  warnings.warn(
/gpfs/scratch/acad/htforft/rgouvea/other_datasets/processed_datasets/.venv/lib/python3.9/site-packages/tensorflow/python/framework/indexed_slices.py:444: UserWarning: Converting sparse IndexedSlices(IndexedSlices(indices=Tensor("gradient_tape/coGN/sequential_graph_network_7/graph_network_37/gather_embedding_selection_52/Reshape_3:0", shape=(None,), dtype=int32), values=Tensor("gradient_tape/coGN/sequential_graph_network_7/graph_network_37/gather_embedding_selection_52/Reshape_2:0", shape=(None, 128), dtype=float32), dense_shape=Tensor("gradient_tape/coGN/sequential_graph_network_7/graph_network_37/gather_embedding_selection_52/Cast_1:0", shape=(2,), dtype=int32))) to a dense Tensor of unknown shape. This may consume a large amount of memory.
  warnings.warn(
/gpfs/scratch/acad/htforft/rgouvea/other_datasets/processed_datasets/.venv/lib/python3.9/site-packages/tensorflow/python/framework/indexed_slices.py:444: UserWarning: Converting sparse IndexedSlices(IndexedSlices(indices=Tensor("gradient_tape/coGN/sequential_graph_network_7/graph_network_36/gather_embedding_selection_51/Reshape_1:0", shape=(None,), dtype=int32), values=Tensor("gradient_tape/coGN/sequential_graph_network_7/graph_network_36/gather_embedding_selection_51/Reshape:0", shape=(None, 128), dtype=float32), dense_shape=Tensor("gradient_tape/coGN/sequential_graph_network_7/graph_network_36/gather_embedding_selection_51/Cast:0", shape=(2,), dtype=int32))) to a dense Tensor of unknown shape. This may consume a large amount of memory.
  warnings.warn(
/gpfs/scratch/acad/htforft/rgouvea/other_datasets/processed_datasets/.venv/lib/python3.9/site-packages/tensorflow/python/framework/indexed_slices.py:444: UserWarning: Converting sparse IndexedSlices(IndexedSlices(indices=Tensor("gradient_tape/coGN/sequential_graph_network_7/graph_network_36/gather_embedding_selection_51/Reshape_3:0", shape=(None,), dtype=int32), values=Tensor("gradient_tape/coGN/sequential_graph_network_7/graph_network_36/gather_embedding_selection_51/Reshape_2:0", shape=(None, 128), dtype=float32), dense_shape=Tensor("gradient_tape/coGN/sequential_graph_network_7/graph_network_36/gather_embedding_selection_51/Cast_1:0", shape=(2,), dtype=int32))) to a dense Tensor of unknown shape. This may consume a large amount of memory.
  warnings.warn(
/gpfs/scratch/acad/htforft/rgouvea/other_datasets/processed_datasets/.venv/lib/python3.9/site-packages/tensorflow/python/framework/indexed_slices.py:444: UserWarning: Converting sparse IndexedSlices(IndexedSlices(indices=Tensor("gradient_tape/coGN/sequential_graph_network_7/graph_network_35/gather_embedding_selection_50/Reshape_1:0", shape=(None,), dtype=int32), values=Tensor("gradient_tape/coGN/sequential_graph_network_7/graph_network_35/gather_embedding_selection_50/Reshape:0", shape=(None, 128), dtype=float32), dense_shape=Tensor("gradient_tape/coGN/sequential_graph_network_7/graph_network_35/gather_embedding_selection_50/Cast:0", shape=(2,), dtype=int32))) to a dense Tensor of unknown shape. This may consume a large amount of memory.
  warnings.warn(
/gpfs/scratch/acad/htforft/rgouvea/other_datasets/processed_datasets/.venv/lib/python3.9/site-packages/tensorflow/python/framework/indexed_slices.py:444: UserWarning: Converting sparse IndexedSlices(IndexedSlices(indices=Tensor("gradient_tape/coGN/sequential_graph_network_7/graph_network_35/gather_embedding_selection_50/Reshape_3:0", shape=(None,), dtype=int32), values=Tensor("gradient_tape/coGN/sequential_graph_network_7/graph_network_35/gather_embedding_selection_50/Reshape_2:0", shape=(None, 128), dtype=float32), dense_shape=Tensor("gradient_tape/coGN/sequential_graph_network_7/graph_network_35/gather_embedding_selection_50/Cast_1:0", shape=(2,), dtype=int32))) to a dense Tensor of unknown shape. This may consume a large amount of memory.
  warnings.warn(
17/17 - 3s - loss: 0.9967 - mae: 0.9967 - mse: 1.6765 - 3s/epoch - 173ms/step
Epoch 2/800
17/17 - 0s - loss: 0.7024 - mae: 0.7024 - mse: 0.7636 - 176ms/epoch - 10ms/step
Epoch 3/800
17/17 - 0s - loss: 0.5843 - mae: 0.5843 - mse: 0.5436 - 176ms/epoch - 10ms/step
Epoch 4/800
17/17 - 0s - loss: 0.5145 - mae: 0.5145 - mse: 0.4401 - 176ms/epoch - 10ms/step
Epoch 5/800
17/17 - 0s - loss: 0.4396 - mae: 0.4396 - mse: 0.3210 - 176ms/epoch - 10ms/step
Epoch 6/800
17/17 - 0s - loss: 0.4068 - mae: 0.4068 - mse: 0.2787 - 176ms/epoch - 10ms/step
Epoch 7/800
17/17 - 0s - loss: 0.3540 - mae: 0.3540 - mse: 0.2319 - 176ms/epoch - 10ms/step
Epoch 8/800
17/17 - 0s - loss: 0.3670 - mae: 0.3670 - mse: 0.2447 - 175ms/epoch - 10ms/step
Epoch 9/800
17/17 - 0s - loss: 0.3587 - mae: 0.3587 - mse: 0.2253 - 176ms/epoch - 10ms/step
Epoch 10/800
17/17 - 0s - loss: 0.3196 - mae: 0.3196 - mse: 0.1895 - 176ms/epoch - 10ms/step
Epoch 11/800
17/17 - 0s - loss: 0.3109 - mae: 0.3109 - mse: 0.1815 - 176ms/epoch - 10ms/step
Epoch 12/800
17/17 - 0s - loss: 0.2892 - mae: 0.2892 - mse: 0.1723 - 176ms/epoch - 10ms/step
Epoch 13/800
17/17 - 0s - loss: 0.3048 - mae: 0.3048 - mse: 0.1803 - 175ms/epoch - 10ms/step
Epoch 14/800
17/17 - 0s - loss: 0.2749 - mae: 0.2749 - mse: 0.1687 - 176ms/epoch - 10ms/step
Epoch 15/800
17/17 - 0s - loss: 0.3081 - mae: 0.3081 - mse: 0.1809 - 176ms/epoch - 10ms/step
Epoch 16/800
17/17 - 0s - loss: 0.3529 - mae: 0.3529 - mse: 0.2136 - 175ms/epoch - 10ms/step
Epoch 17/800
17/17 - 0s - loss: 0.2988 - mae: 0.2988 - mse: 0.1686 - 175ms/epoch - 10ms/step
Epoch 18/800
17/17 - 0s - loss: 0.2622 - mae: 0.2622 - mse: 0.1475 - 176ms/epoch - 10ms/step
Epoch 19/800
17/17 - 0s - loss: 0.2546 - mae: 0.2546 - mse: 0.1372 - 176ms/epoch - 10ms/step
Epoch 20/800
17/17 - 0s - loss: 0.2257 - mae: 0.2257 - mse: 0.1280 - 176ms/epoch - 10ms/step
Epoch 21/800
17/17 - 0s - loss: 0.2402 - mae: 0.2402 - mse: 0.1368 - 176ms/epoch - 10ms/step
Epoch 22/800
17/17 - 0s - loss: 0.2261 - mae: 0.2261 - mse: 0.1186 - 176ms/epoch - 10ms/step
Epoch 23/800
17/17 - 0s - loss: 0.2319 - mae: 0.2319 - mse: 0.1122 - 176ms/epoch - 10ms/step
Epoch 24/800
17/17 - 0s - loss: 0.2404 - mae: 0.2404 - mse: 0.1240 - 176ms/epoch - 10ms/step
Epoch 25/800
17/17 - 0s - loss: 0.2057 - mae: 0.2057 - mse: 0.0962 - 176ms/epoch - 10ms/step
Epoch 26/800
17/17 - 0s - loss: 0.2057 - mae: 0.2057 - mse: 0.0891 - 176ms/epoch - 10ms/step
Epoch 27/800
17/17 - 0s - loss: 0.2009 - mae: 0.2009 - mse: 0.0802 - 175ms/epoch - 10ms/step
Epoch 28/800
17/17 - 0s - loss: 0.1868 - mae: 0.1868 - mse: 0.0691 - 175ms/epoch - 10ms/step
Epoch 29/800
17/17 - 0s - loss: 0.1919 - mae: 0.1919 - mse: 0.0663 - 175ms/epoch - 10ms/step
Epoch 30/800
17/17 - 0s - loss: 0.1876 - mae: 0.1876 - mse: 0.0625 - 176ms/epoch - 10ms/step
Epoch 31/800
17/17 - 0s - loss: 0.1902 - mae: 0.1902 - mse: 0.0650 - 176ms/epoch - 10ms/step
Epoch 32/800
17/17 - 0s - loss: 0.2108 - mae: 0.2108 - mse: 0.0739 - 175ms/epoch - 10ms/step
Epoch 33/800
17/17 - 0s - loss: 0.1662 - mae: 0.1662 - mse: 0.0494 - 175ms/epoch - 10ms/step
Epoch 34/800
17/17 - 0s - loss: 0.1757 - mae: 0.1757 - mse: 0.0598 - 176ms/epoch - 10ms/step
Epoch 35/800
17/17 - 0s - loss: 0.1670 - mae: 0.1670 - mse: 0.0491 - 176ms/epoch - 10ms/step
Epoch 36/800
17/17 - 0s - loss: 0.1645 - mae: 0.1645 - mse: 0.0488 - 176ms/epoch - 10ms/step
Epoch 37/800
17/17 - 0s - loss: 0.1662 - mae: 0.1662 - mse: 0.0481 - 175ms/epoch - 10ms/step
Epoch 38/800
17/17 - 0s - loss: 0.1665 - mae: 0.1665 - mse: 0.0469 - 176ms/epoch - 10ms/step
Epoch 39/800
17/17 - 0s - loss: 0.1648 - mae: 0.1648 - mse: 0.0474 - 176ms/epoch - 10ms/step
Epoch 40/800
17/17 - 0s - loss: 0.1672 - mae: 0.1672 - mse: 0.0491 - 176ms/epoch - 10ms/step
Epoch 41/800
17/17 - 0s - loss: 0.1936 - mae: 0.1936 - mse: 0.0593 - 175ms/epoch - 10ms/step
Epoch 42/800
17/17 - 0s - loss: 0.1680 - mae: 0.1680 - mse: 0.0491 - 176ms/epoch - 10ms/step
Epoch 43/800
17/17 - 0s - loss: 0.1521 - mae: 0.1521 - mse: 0.0408 - 176ms/epoch - 10ms/step
Epoch 44/800
17/17 - 0s - loss: 0.1537 - mae: 0.1537 - mse: 0.0408 - 175ms/epoch - 10ms/step
Epoch 45/800
17/17 - 0s - loss: 0.1395 - mae: 0.1395 - mse: 0.0350 - 175ms/epoch - 10ms/step
Epoch 46/800
17/17 - 0s - loss: 0.1363 - mae: 0.1363 - mse: 0.0325 - 175ms/epoch - 10ms/step
Epoch 47/800
17/17 - 0s - loss: 0.1458 - mae: 0.1458 - mse: 0.0371 - 176ms/epoch - 10ms/step
Epoch 48/800
17/17 - 0s - loss: 0.1370 - mae: 0.1370 - mse: 0.0329 - 176ms/epoch - 10ms/step
Epoch 49/800
17/17 - 0s - loss: 0.1432 - mae: 0.1432 - mse: 0.0354 - 176ms/epoch - 10ms/step
Epoch 50/800
17/17 - 0s - loss: 0.1389 - mae: 0.1389 - mse: 0.0328 - 175ms/epoch - 10ms/step
Epoch 51/800
17/17 - 0s - loss: 0.1405 - mae: 0.1405 - mse: 0.0344 - 176ms/epoch - 10ms/step
Epoch 52/800
17/17 - 0s - loss: 0.1629 - mae: 0.1629 - mse: 0.0464 - 175ms/epoch - 10ms/step
Epoch 53/800
17/17 - 0s - loss: 0.1665 - mae: 0.1665 - mse: 0.0447 - 175ms/epoch - 10ms/step
Epoch 54/800
17/17 - 0s - loss: 0.1327 - mae: 0.1327 - mse: 0.0309 - 175ms/epoch - 10ms/step
Epoch 55/800
17/17 - 0s - loss: 0.1368 - mae: 0.1368 - mse: 0.0333 - 176ms/epoch - 10ms/step
Epoch 56/800
17/17 - 0s - loss: 0.1250 - mae: 0.1250 - mse: 0.0273 - 175ms/epoch - 10ms/step
Epoch 57/800
17/17 - 0s - loss: 0.1309 - mae: 0.1309 - mse: 0.0293 - 175ms/epoch - 10ms/step
Epoch 58/800
17/17 - 0s - loss: 0.1353 - mae: 0.1353 - mse: 0.0312 - 176ms/epoch - 10ms/step
Epoch 59/800
17/17 - 0s - loss: 0.1359 - mae: 0.1359 - mse: 0.0310 - 175ms/epoch - 10ms/step
Epoch 60/800
17/17 - 0s - loss: 0.1289 - mae: 0.1289 - mse: 0.0295 - 175ms/epoch - 10ms/step
Epoch 61/800
17/17 - 0s - loss: 0.1386 - mae: 0.1386 - mse: 0.0337 - 175ms/epoch - 10ms/step
Epoch 62/800
17/17 - 0s - loss: 0.1275 - mae: 0.1275 - mse: 0.0284 - 175ms/epoch - 10ms/step
Epoch 63/800
17/17 - 0s - loss: 0.1290 - mae: 0.1290 - mse: 0.0288 - 175ms/epoch - 10ms/step
Epoch 64/800
17/17 - 0s - loss: 0.1483 - mae: 0.1483 - mse: 0.0387 - 175ms/epoch - 10ms/step
Epoch 65/800
17/17 - 0s - loss: 0.1347 - mae: 0.1347 - mse: 0.0316 - 175ms/epoch - 10ms/step
Epoch 66/800
17/17 - 0s - loss: 0.1255 - mae: 0.1255 - mse: 0.0270 - 176ms/epoch - 10ms/step
Epoch 67/800
17/17 - 0s - loss: 0.1224 - mae: 0.1224 - mse: 0.0261 - 175ms/epoch - 10ms/step
Epoch 68/800
17/17 - 0s - loss: 0.1116 - mae: 0.1116 - mse: 0.0219 - 175ms/epoch - 10ms/step
Epoch 69/800
17/17 - 0s - loss: 0.1350 - mae: 0.1350 - mse: 0.0311 - 175ms/epoch - 10ms/step
Epoch 70/800
17/17 - 0s - loss: 0.1509 - mae: 0.1509 - mse: 0.0374 - 177ms/epoch - 10ms/step
Epoch 71/800
17/17 - 0s - loss: 0.1238 - mae: 0.1238 - mse: 0.0264 - 176ms/epoch - 10ms/step
Epoch 72/800
17/17 - 0s - loss: 0.1410 - mae: 0.1410 - mse: 0.0362 - 175ms/epoch - 10ms/step
Epoch 73/800
17/17 - 0s - loss: 0.1319 - mae: 0.1319 - mse: 0.0298 - 175ms/epoch - 10ms/step
Epoch 74/800
17/17 - 0s - loss: 0.1151 - mae: 0.1151 - mse: 0.0233 - 175ms/epoch - 10ms/step
Epoch 75/800
17/17 - 0s - loss: 0.1208 - mae: 0.1208 - mse: 0.0249 - 176ms/epoch - 10ms/step
Epoch 76/800
17/17 - 0s - loss: 0.1083 - mae: 0.1083 - mse: 0.0210 - 175ms/epoch - 10ms/step
Epoch 77/800
17/17 - 0s - loss: 0.1222 - mae: 0.1222 - mse: 0.0257 - 176ms/epoch - 10ms/step
Epoch 78/800
17/17 - 0s - loss: 0.1151 - mae: 0.1151 - mse: 0.0227 - 176ms/epoch - 10ms/step
Epoch 79/800
17/17 - 0s - loss: 0.1182 - mae: 0.1182 - mse: 0.0246 - 176ms/epoch - 10ms/step
Epoch 80/800
17/17 - 0s - loss: 0.1271 - mae: 0.1271 - mse: 0.0274 - 175ms/epoch - 10ms/step
Epoch 81/800
17/17 - 0s - loss: 0.1150 - mae: 0.1150 - mse: 0.0228 - 175ms/epoch - 10ms/step
Epoch 82/800
17/17 - 0s - loss: 0.1063 - mae: 0.1063 - mse: 0.0199 - 175ms/epoch - 10ms/step
Epoch 83/800
17/17 - 0s - loss: 0.1211 - mae: 0.1211 - mse: 0.0264 - 175ms/epoch - 10ms/step
Epoch 84/800
17/17 - 0s - loss: 0.1161 - mae: 0.1161 - mse: 0.0233 - 176ms/epoch - 10ms/step
Epoch 85/800
17/17 - 0s - loss: 0.1161 - mae: 0.1161 - mse: 0.0236 - 175ms/epoch - 10ms/step
Epoch 86/800
17/17 - 0s - loss: 0.1087 - mae: 0.1087 - mse: 0.0209 - 175ms/epoch - 10ms/step
Epoch 87/800
17/17 - 0s - loss: 0.1020 - mae: 0.1020 - mse: 0.0184 - 175ms/epoch - 10ms/step
Epoch 88/800
17/17 - 0s - loss: 0.1110 - mae: 0.1110 - mse: 0.0211 - 176ms/epoch - 10ms/step
Epoch 89/800
17/17 - 0s - loss: 0.1119 - mae: 0.1119 - mse: 0.0216 - 176ms/epoch - 10ms/step
Epoch 90/800
17/17 - 0s - loss: 0.1245 - mae: 0.1245 - mse: 0.0259 - 176ms/epoch - 10ms/step
Epoch 91/800
17/17 - 0s - loss: 0.1288 - mae: 0.1288 - mse: 0.0286 - 175ms/epoch - 10ms/step
Epoch 92/800
17/17 - 0s - loss: 0.1016 - mae: 0.1016 - mse: 0.0184 - 176ms/epoch - 10ms/step
Epoch 93/800
17/17 - 0s - loss: 0.1018 - mae: 0.1018 - mse: 0.0180 - 176ms/epoch - 10ms/step
Epoch 94/800
17/17 - 0s - loss: 0.1000 - mae: 0.1000 - mse: 0.0178 - 176ms/epoch - 10ms/step
Epoch 95/800
17/17 - 0s - loss: 0.1056 - mae: 0.1056 - mse: 0.0193 - 176ms/epoch - 10ms/step
Epoch 96/800
17/17 - 0s - loss: 0.1190 - mae: 0.1190 - mse: 0.0238 - 176ms/epoch - 10ms/step
Epoch 97/800
17/17 - 0s - loss: 0.1022 - mae: 0.1022 - mse: 0.0190 - 176ms/epoch - 10ms/step
Epoch 98/800
17/17 - 0s - loss: 0.1038 - mae: 0.1038 - mse: 0.0186 - 176ms/epoch - 10ms/step
Epoch 99/800
17/17 - 0s - loss: 0.0985 - mae: 0.0985 - mse: 0.0174 - 175ms/epoch - 10ms/step
Epoch 100/800
17/17 - 0s - loss: 0.1122 - mae: 0.1122 - mse: 0.0211 - 175ms/epoch - 10ms/step
Epoch 101/800
17/17 - 0s - loss: 0.1135 - mae: 0.1135 - mse: 0.0215 - 176ms/epoch - 10ms/step
Epoch 102/800
17/17 - 0s - loss: 0.1029 - mae: 0.1029 - mse: 0.0182 - 176ms/epoch - 10ms/step
Epoch 103/800
17/17 - 0s - loss: 0.1256 - mae: 0.1256 - mse: 0.0269 - 175ms/epoch - 10ms/step
Epoch 104/800
17/17 - 0s - loss: 0.1024 - mae: 0.1024 - mse: 0.0184 - 176ms/epoch - 10ms/step
Epoch 105/800
17/17 - 0s - loss: 0.1057 - mae: 0.1057 - mse: 0.0194 - 176ms/epoch - 10ms/step
Epoch 106/800
17/17 - 0s - loss: 0.1251 - mae: 0.1251 - mse: 0.0255 - 176ms/epoch - 10ms/step
Epoch 107/800
17/17 - 0s - loss: 0.0978 - mae: 0.0978 - mse: 0.0171 - 175ms/epoch - 10ms/step
Epoch 108/800
17/17 - 0s - loss: 0.1088 - mae: 0.1088 - mse: 0.0212 - 175ms/epoch - 10ms/step
Epoch 109/800
17/17 - 0s - loss: 0.0937 - mae: 0.0937 - mse: 0.0156 - 175ms/epoch - 10ms/step
Epoch 110/800
17/17 - 0s - loss: 0.0989 - mae: 0.0989 - mse: 0.0172 - 175ms/epoch - 10ms/step
Epoch 111/800
17/17 - 0s - loss: 0.1008 - mae: 0.1008 - mse: 0.0178 - 176ms/epoch - 10ms/step
Epoch 112/800
17/17 - 0s - loss: 0.0985 - mae: 0.0985 - mse: 0.0166 - 176ms/epoch - 10ms/step
Epoch 113/800
17/17 - 0s - loss: 0.0909 - mae: 0.0909 - mse: 0.0144 - 175ms/epoch - 10ms/step
Epoch 114/800
17/17 - 0s - loss: 0.0978 - mae: 0.0978 - mse: 0.0166 - 176ms/epoch - 10ms/step
Epoch 115/800
17/17 - 0s - loss: 0.0904 - mae: 0.0904 - mse: 0.0147 - 175ms/epoch - 10ms/step
Epoch 116/800
17/17 - 0s - loss: 0.0949 - mae: 0.0949 - mse: 0.0158 - 175ms/epoch - 10ms/step
Epoch 117/800
17/17 - 0s - loss: 0.0986 - mae: 0.0986 - mse: 0.0173 - 175ms/epoch - 10ms/step
Epoch 118/800
17/17 - 0s - loss: 0.0998 - mae: 0.0998 - mse: 0.0182 - 175ms/epoch - 10ms/step
Epoch 119/800
17/17 - 0s - loss: 0.0917 - mae: 0.0917 - mse: 0.0152 - 176ms/epoch - 10ms/step
Epoch 120/800
17/17 - 0s - loss: 0.0953 - mae: 0.0953 - mse: 0.0154 - 175ms/epoch - 10ms/step
Epoch 121/800
17/17 - 0s - loss: 0.0959 - mae: 0.0959 - mse: 0.0158 - 176ms/epoch - 10ms/step
Epoch 122/800
17/17 - 0s - loss: 0.0912 - mae: 0.0912 - mse: 0.0156 - 176ms/epoch - 10ms/step
Epoch 123/800
17/17 - 0s - loss: 0.0875 - mae: 0.0875 - mse: 0.0137 - 175ms/epoch - 10ms/step
Epoch 124/800
17/17 - 0s - loss: 0.0878 - mae: 0.0878 - mse: 0.0144 - 175ms/epoch - 10ms/step
Epoch 125/800
17/17 - 0s - loss: 0.0878 - mae: 0.0878 - mse: 0.0143 - 176ms/epoch - 10ms/step
Epoch 126/800
17/17 - 0s - loss: 0.0924 - mae: 0.0924 - mse: 0.0154 - 176ms/epoch - 10ms/step
Epoch 127/800
17/17 - 0s - loss: 0.0931 - mae: 0.0931 - mse: 0.0153 - 175ms/epoch - 10ms/step
Epoch 128/800
17/17 - 0s - loss: 0.0906 - mae: 0.0906 - mse: 0.0143 - 176ms/epoch - 10ms/step
Epoch 129/800
17/17 - 0s - loss: 0.0895 - mae: 0.0895 - mse: 0.0143 - 175ms/epoch - 10ms/step
Epoch 130/800
17/17 - 0s - loss: 0.0937 - mae: 0.0937 - mse: 0.0152 - 176ms/epoch - 10ms/step
Epoch 131/800
17/17 - 0s - loss: 0.0911 - mae: 0.0911 - mse: 0.0151 - 175ms/epoch - 10ms/step
Epoch 132/800
17/17 - 0s - loss: 0.0966 - mae: 0.0966 - mse: 0.0165 - 175ms/epoch - 10ms/step
Epoch 133/800
17/17 - 0s - loss: 0.0932 - mae: 0.0932 - mse: 0.0155 - 177ms/epoch - 10ms/step
Epoch 134/800
17/17 - 0s - loss: 0.1029 - mae: 0.1029 - mse: 0.0181 - 176ms/epoch - 10ms/step
Epoch 135/800
17/17 - 0s - loss: 0.1007 - mae: 0.1007 - mse: 0.0174 - 176ms/epoch - 10ms/step
Epoch 136/800
17/17 - 0s - loss: 0.0978 - mae: 0.0978 - mse: 0.0164 - 176ms/epoch - 10ms/step
Epoch 137/800
17/17 - 0s - loss: 0.0926 - mae: 0.0926 - mse: 0.0153 - 175ms/epoch - 10ms/step
Epoch 138/800
17/17 - 0s - loss: 0.0813 - mae: 0.0813 - mse: 0.0122 - 176ms/epoch - 10ms/step
Epoch 139/800
17/17 - 0s - loss: 0.0890 - mae: 0.0890 - mse: 0.0137 - 176ms/epoch - 10ms/step
Epoch 140/800
17/17 - 0s - loss: 0.0833 - mae: 0.0833 - mse: 0.0123 - 176ms/epoch - 10ms/step
Epoch 141/800
17/17 - 0s - loss: 0.0890 - mae: 0.0890 - mse: 0.0133 - 176ms/epoch - 10ms/step
Epoch 142/800
17/17 - 0s - loss: 0.0882 - mae: 0.0882 - mse: 0.0135 - 175ms/epoch - 10ms/step
Epoch 143/800
17/17 - 0s - loss: 0.0943 - mae: 0.0943 - mse: 0.0144 - 175ms/epoch - 10ms/step
Epoch 144/800
17/17 - 0s - loss: 0.0885 - mae: 0.0885 - mse: 0.0138 - 176ms/epoch - 10ms/step
Epoch 145/800
17/17 - 0s - loss: 0.0857 - mae: 0.0857 - mse: 0.0128 - 175ms/epoch - 10ms/step
Epoch 146/800
17/17 - 0s - loss: 0.0842 - mae: 0.0842 - mse: 0.0126 - 175ms/epoch - 10ms/step
Epoch 147/800
17/17 - 0s - loss: 0.0831 - mae: 0.0831 - mse: 0.0125 - 176ms/epoch - 10ms/step
Epoch 148/800
17/17 - 0s - loss: 0.0846 - mae: 0.0846 - mse: 0.0132 - 176ms/epoch - 10ms/step
Epoch 149/800
17/17 - 0s - loss: 0.0807 - mae: 0.0807 - mse: 0.0116 - 176ms/epoch - 10ms/step
Epoch 150/800
17/17 - 0s - loss: 0.0808 - mae: 0.0808 - mse: 0.0121 - 176ms/epoch - 10ms/step
Epoch 151/800
17/17 - 0s - loss: 0.0830 - mae: 0.0830 - mse: 0.0118 - 177ms/epoch - 10ms/step
Epoch 152/800
17/17 - 0s - loss: 0.0961 - mae: 0.0961 - mse: 0.0159 - 176ms/epoch - 10ms/step
Epoch 153/800
17/17 - 0s - loss: 0.0846 - mae: 0.0846 - mse: 0.0130 - 176ms/epoch - 10ms/step
Epoch 154/800
17/17 - 0s - loss: 0.0808 - mae: 0.0808 - mse: 0.0117 - 175ms/epoch - 10ms/step
Epoch 155/800
17/17 - 0s - loss: 0.0802 - mae: 0.0802 - mse: 0.0115 - 175ms/epoch - 10ms/step
Epoch 156/800
17/17 - 0s - loss: 0.0837 - mae: 0.0837 - mse: 0.0126 - 175ms/epoch - 10ms/step
Epoch 157/800
17/17 - 0s - loss: 0.0889 - mae: 0.0889 - mse: 0.0139 - 175ms/epoch - 10ms/step
Epoch 158/800
17/17 - 0s - loss: 0.0841 - mae: 0.0841 - mse: 0.0125 - 176ms/epoch - 10ms/step
Epoch 159/800
17/17 - 0s - loss: 0.0873 - mae: 0.0873 - mse: 0.0132 - 176ms/epoch - 10ms/step
Epoch 160/800
17/17 - 0s - loss: 0.0756 - mae: 0.0756 - mse: 0.0100 - 176ms/epoch - 10ms/step
Epoch 161/800
17/17 - 0s - loss: 0.0771 - mae: 0.0771 - mse: 0.0104 - 176ms/epoch - 10ms/step
Epoch 162/800
17/17 - 0s - loss: 0.0764 - mae: 0.0764 - mse: 0.0106 - 175ms/epoch - 10ms/step
Epoch 163/800
17/17 - 0s - loss: 0.0742 - mae: 0.0742 - mse: 0.0099 - 176ms/epoch - 10ms/step
Epoch 164/800
17/17 - 0s - loss: 0.0763 - mae: 0.0763 - mse: 0.0107 - 176ms/epoch - 10ms/step
Epoch 165/800
17/17 - 0s - loss: 0.0815 - mae: 0.0815 - mse: 0.0121 - 176ms/epoch - 10ms/step
Epoch 166/800
17/17 - 0s - loss: 0.0773 - mae: 0.0773 - mse: 0.0106 - 175ms/epoch - 10ms/step
Epoch 167/800
17/17 - 0s - loss: 0.0846 - mae: 0.0846 - mse: 0.0131 - 175ms/epoch - 10ms/step
Epoch 168/800
17/17 - 0s - loss: 0.1115 - mae: 0.1115 - mse: 0.0198 - 176ms/epoch - 10ms/step
Epoch 169/800
17/17 - 0s - loss: 0.0937 - mae: 0.0937 - mse: 0.0150 - 176ms/epoch - 10ms/step
Epoch 170/800
17/17 - 0s - loss: 0.1001 - mae: 0.1001 - mse: 0.0165 - 175ms/epoch - 10ms/step
Epoch 171/800
17/17 - 0s - loss: 0.0920 - mae: 0.0920 - mse: 0.0146 - 175ms/epoch - 10ms/step
Epoch 172/800
17/17 - 0s - loss: 0.0800 - mae: 0.0800 - mse: 0.0115 - 176ms/epoch - 10ms/step
Epoch 173/800
17/17 - 0s - loss: 0.0928 - mae: 0.0928 - mse: 0.0144 - 175ms/epoch - 10ms/step
Epoch 174/800
17/17 - 0s - loss: 0.0947 - mae: 0.0947 - mse: 0.0152 - 175ms/epoch - 10ms/step
Epoch 175/800
17/17 - 0s - loss: 0.0805 - mae: 0.0805 - mse: 0.0111 - 175ms/epoch - 10ms/step
Epoch 176/800
17/17 - 0s - loss: 0.0824 - mae: 0.0824 - mse: 0.0117 - 175ms/epoch - 10ms/step
Epoch 177/800
17/17 - 0s - loss: 0.0702 - mae: 0.0702 - mse: 0.0088 - 176ms/epoch - 10ms/step
Epoch 178/800
17/17 - 0s - loss: 0.0730 - mae: 0.0730 - mse: 0.0099 - 175ms/epoch - 10ms/step
Epoch 179/800
17/17 - 0s - loss: 0.0919 - mae: 0.0919 - mse: 0.0138 - 175ms/epoch - 10ms/step
Epoch 180/800
17/17 - 0s - loss: 0.0918 - mae: 0.0918 - mse: 0.0141 - 176ms/epoch - 10ms/step
Epoch 181/800
17/17 - 0s - loss: 0.0758 - mae: 0.0758 - mse: 0.0102 - 175ms/epoch - 10ms/step
Epoch 182/800
17/17 - 0s - loss: 0.0712 - mae: 0.0712 - mse: 0.0090 - 176ms/epoch - 10ms/step
Epoch 183/800
17/17 - 0s - loss: 0.0737 - mae: 0.0737 - mse: 0.0097 - 176ms/epoch - 10ms/step
Epoch 184/800
17/17 - 0s - loss: 0.0672 - mae: 0.0672 - mse: 0.0086 - 176ms/epoch - 10ms/step
Epoch 185/800
17/17 - 0s - loss: 0.0762 - mae: 0.0762 - mse: 0.0102 - 176ms/epoch - 10ms/step
Epoch 186/800
17/17 - 0s - loss: 0.0724 - mae: 0.0724 - mse: 0.0092 - 175ms/epoch - 10ms/step
Epoch 187/800
17/17 - 0s - loss: 0.0736 - mae: 0.0736 - mse: 0.0100 - 175ms/epoch - 10ms/step
Epoch 188/800
17/17 - 0s - loss: 0.0777 - mae: 0.0777 - mse: 0.0108 - 176ms/epoch - 10ms/step
Epoch 189/800
17/17 - 0s - loss: 0.0838 - mae: 0.0838 - mse: 0.0121 - 176ms/epoch - 10ms/step
Epoch 190/800
17/17 - 0s - loss: 0.0760 - mae: 0.0760 - mse: 0.0100 - 175ms/epoch - 10ms/step
Epoch 191/800
17/17 - 0s - loss: 0.0708 - mae: 0.0708 - mse: 0.0090 - 175ms/epoch - 10ms/step
Epoch 192/800
17/17 - 0s - loss: 0.0651 - mae: 0.0651 - mse: 0.0080 - 176ms/epoch - 10ms/step
Epoch 193/800
17/17 - 0s - loss: 0.0685 - mae: 0.0685 - mse: 0.0086 - 176ms/epoch - 10ms/step
Epoch 194/800
17/17 - 0s - loss: 0.0674 - mae: 0.0674 - mse: 0.0085 - 176ms/epoch - 10ms/step
Epoch 195/800
17/17 - 0s - loss: 0.0650 - mae: 0.0650 - mse: 0.0078 - 175ms/epoch - 10ms/step
Epoch 196/800
17/17 - 0s - loss: 0.0771 - mae: 0.0771 - mse: 0.0100 - 175ms/epoch - 10ms/step
Epoch 197/800
17/17 - 0s - loss: 0.0716 - mae: 0.0716 - mse: 0.0091 - 176ms/epoch - 10ms/step
Epoch 198/800
17/17 - 0s - loss: 0.0844 - mae: 0.0844 - mse: 0.0124 - 175ms/epoch - 10ms/step
Epoch 199/800
17/17 - 0s - loss: 0.0705 - mae: 0.0705 - mse: 0.0089 - 176ms/epoch - 10ms/step
Epoch 200/800
17/17 - 0s - loss: 0.0734 - mae: 0.0734 - mse: 0.0093 - 176ms/epoch - 10ms/step
Epoch 201/800
17/17 - 0s - loss: 0.0808 - mae: 0.0808 - mse: 0.0115 - 175ms/epoch - 10ms/step
Epoch 202/800
17/17 - 0s - loss: 0.0748 - mae: 0.0748 - mse: 0.0095 - 176ms/epoch - 10ms/step
Epoch 203/800
17/17 - 0s - loss: 0.0704 - mae: 0.0704 - mse: 0.0087 - 175ms/epoch - 10ms/step
Epoch 204/800
17/17 - 0s - loss: 0.0700 - mae: 0.0700 - mse: 0.0086 - 175ms/epoch - 10ms/step
Epoch 205/800
17/17 - 0s - loss: 0.0772 - mae: 0.0772 - mse: 0.0104 - 176ms/epoch - 10ms/step
Epoch 206/800
17/17 - 0s - loss: 0.0760 - mae: 0.0760 - mse: 0.0097 - 176ms/epoch - 10ms/step
Epoch 207/800
17/17 - 0s - loss: 0.0636 - mae: 0.0636 - mse: 0.0071 - 175ms/epoch - 10ms/step
Epoch 208/800
17/17 - 0s - loss: 0.0742 - mae: 0.0742 - mse: 0.0096 - 175ms/epoch - 10ms/step
Epoch 209/800
17/17 - 0s - loss: 0.0627 - mae: 0.0627 - mse: 0.0071 - 175ms/epoch - 10ms/step
Epoch 210/800
17/17 - 0s - loss: 0.0629 - mae: 0.0629 - mse: 0.0073 - 175ms/epoch - 10ms/step
Epoch 211/800
17/17 - 0s - loss: 0.0570 - mae: 0.0570 - mse: 0.0062 - 175ms/epoch - 10ms/step
Epoch 212/800
17/17 - 0s - loss: 0.0617 - mae: 0.0617 - mse: 0.0068 - 176ms/epoch - 10ms/step
Epoch 213/800
17/17 - 0s - loss: 0.0626 - mae: 0.0626 - mse: 0.0069 - 176ms/epoch - 10ms/step
Epoch 214/800
17/17 - 0s - loss: 0.0604 - mae: 0.0604 - mse: 0.0067 - 176ms/epoch - 10ms/step
Epoch 215/800
17/17 - 0s - loss: 0.0592 - mae: 0.0592 - mse: 0.0065 - 176ms/epoch - 10ms/step
Epoch 216/800
17/17 - 0s - loss: 0.0566 - mae: 0.0566 - mse: 0.0056 - 175ms/epoch - 10ms/step
Epoch 217/800
17/17 - 0s - loss: 0.0701 - mae: 0.0701 - mse: 0.0088 - 176ms/epoch - 10ms/step
Epoch 218/800
17/17 - 0s - loss: 0.0649 - mae: 0.0649 - mse: 0.0076 - 175ms/epoch - 10ms/step
Epoch 219/800
17/17 - 0s - loss: 0.0655 - mae: 0.0655 - mse: 0.0075 - 176ms/epoch - 10ms/step
Epoch 220/800
17/17 - 0s - loss: 0.0699 - mae: 0.0699 - mse: 0.0086 - 175ms/epoch - 10ms/step
Epoch 221/800
17/17 - 0s - loss: 0.0686 - mae: 0.0686 - mse: 0.0081 - 175ms/epoch - 10ms/step
Epoch 222/800
17/17 - 0s - loss: 0.0680 - mae: 0.0680 - mse: 0.0089 - 176ms/epoch - 10ms/step
Epoch 223/800
17/17 - 0s - loss: 0.0711 - mae: 0.0711 - mse: 0.0090 - 175ms/epoch - 10ms/step
Epoch 224/800
17/17 - 0s - loss: 0.0711 - mae: 0.0711 - mse: 0.0084 - 175ms/epoch - 10ms/step
Epoch 225/800
17/17 - 0s - loss: 0.0734 - mae: 0.0734 - mse: 0.0090 - 176ms/epoch - 10ms/step
Epoch 226/800
17/17 - 0s - loss: 0.0724 - mae: 0.0724 - mse: 0.0091 - 175ms/epoch - 10ms/step
Epoch 227/800
17/17 - 0s - loss: 0.0621 - mae: 0.0621 - mse: 0.0072 - 175ms/epoch - 10ms/step
Epoch 228/800
17/17 - 0s - loss: 0.0565 - mae: 0.0565 - mse: 0.0058 - 175ms/epoch - 10ms/step
Epoch 229/800
17/17 - 0s - loss: 0.0553 - mae: 0.0553 - mse: 0.0056 - 175ms/epoch - 10ms/step
Epoch 230/800
17/17 - 0s - loss: 0.0723 - mae: 0.0723 - mse: 0.0090 - 175ms/epoch - 10ms/step
Epoch 231/800
17/17 - 0s - loss: 0.0629 - mae: 0.0629 - mse: 0.0071 - 175ms/epoch - 10ms/step
Epoch 232/800
17/17 - 0s - loss: 0.0664 - mae: 0.0664 - mse: 0.0081 - 175ms/epoch - 10ms/step
Epoch 233/800
17/17 - 0s - loss: 0.0697 - mae: 0.0697 - mse: 0.0090 - 177ms/epoch - 10ms/step
Epoch 234/800
17/17 - 0s - loss: 0.0672 - mae: 0.0672 - mse: 0.0078 - 176ms/epoch - 10ms/step
Epoch 235/800
17/17 - 0s - loss: 0.0601 - mae: 0.0601 - mse: 0.0065 - 175ms/epoch - 10ms/step
Epoch 236/800
17/17 - 0s - loss: 0.0581 - mae: 0.0581 - mse: 0.0057 - 175ms/epoch - 10ms/step
Epoch 237/800
17/17 - 0s - loss: 0.0537 - mae: 0.0537 - mse: 0.0053 - 175ms/epoch - 10ms/step
Epoch 238/800
17/17 - 0s - loss: 0.0558 - mae: 0.0558 - mse: 0.0060 - 176ms/epoch - 10ms/step
Epoch 239/800
17/17 - 0s - loss: 0.0678 - mae: 0.0678 - mse: 0.0078 - 175ms/epoch - 10ms/step
Epoch 240/800
17/17 - 0s - loss: 0.0631 - mae: 0.0631 - mse: 0.0066 - 175ms/epoch - 10ms/step
Epoch 241/800
17/17 - 0s - loss: 0.0576 - mae: 0.0576 - mse: 0.0059 - 175ms/epoch - 10ms/step
Epoch 242/800
17/17 - 0s - loss: 0.0546 - mae: 0.0546 - mse: 0.0053 - 175ms/epoch - 10ms/step
Epoch 243/800
17/17 - 0s - loss: 0.0579 - mae: 0.0579 - mse: 0.0057 - 176ms/epoch - 10ms/step
Epoch 244/800
17/17 - 0s - loss: 0.0554 - mae: 0.0554 - mse: 0.0053 - 175ms/epoch - 10ms/step
Epoch 245/800
17/17 - 0s - loss: 0.0604 - mae: 0.0604 - mse: 0.0063 - 176ms/epoch - 10ms/step
Epoch 246/800
17/17 - 0s - loss: 0.0567 - mae: 0.0567 - mse: 0.0057 - 175ms/epoch - 10ms/step
Epoch 247/800
17/17 - 0s - loss: 0.0652 - mae: 0.0652 - mse: 0.0073 - 175ms/epoch - 10ms/step
Epoch 248/800
17/17 - 0s - loss: 0.0583 - mae: 0.0583 - mse: 0.0061 - 176ms/epoch - 10ms/step
Epoch 249/800
17/17 - 0s - loss: 0.0573 - mae: 0.0573 - mse: 0.0058 - 175ms/epoch - 10ms/step
Epoch 250/800
17/17 - 0s - loss: 0.0630 - mae: 0.0630 - mse: 0.0069 - 176ms/epoch - 10ms/step
Epoch 251/800
17/17 - 0s - loss: 0.0643 - mae: 0.0643 - mse: 0.0069 - 176ms/epoch - 10ms/step
Epoch 252/800
17/17 - 0s - loss: 0.0620 - mae: 0.0620 - mse: 0.0067 - 175ms/epoch - 10ms/step
Epoch 253/800
17/17 - 0s - loss: 0.0610 - mae: 0.0610 - mse: 0.0068 - 175ms/epoch - 10ms/step
Epoch 254/800
17/17 - 0s - loss: 0.0473 - mae: 0.0473 - mse: 0.0040 - 176ms/epoch - 10ms/step
Epoch 255/800
17/17 - 0s - loss: 0.0548 - mae: 0.0548 - mse: 0.0055 - 175ms/epoch - 10ms/step
Epoch 256/800
17/17 - 0s - loss: 0.0520 - mae: 0.0520 - mse: 0.0051 - 175ms/epoch - 10ms/step
Epoch 257/800
17/17 - 0s - loss: 0.0611 - mae: 0.0611 - mse: 0.0066 - 175ms/epoch - 10ms/step
Epoch 258/800
17/17 - 0s - loss: 0.0618 - mae: 0.0618 - mse: 0.0064 - 176ms/epoch - 10ms/step
Epoch 259/800
17/17 - 0s - loss: 0.0525 - mae: 0.0525 - mse: 0.0053 - 175ms/epoch - 10ms/step
Epoch 260/800
17/17 - 0s - loss: 0.0538 - mae: 0.0538 - mse: 0.0052 - 175ms/epoch - 10ms/step
Epoch 261/800
17/17 - 0s - loss: 0.0583 - mae: 0.0583 - mse: 0.0059 - 176ms/epoch - 10ms/step
Epoch 262/800
17/17 - 0s - loss: 0.0615 - mae: 0.0615 - mse: 0.0066 - 175ms/epoch - 10ms/step
Epoch 263/800
17/17 - 0s - loss: 0.0586 - mae: 0.0586 - mse: 0.0060 - 175ms/epoch - 10ms/step
Epoch 264/800
17/17 - 0s - loss: 0.0633 - mae: 0.0633 - mse: 0.0067 - 175ms/epoch - 10ms/step
Epoch 265/800
17/17 - 0s - loss: 0.0658 - mae: 0.0658 - mse: 0.0073 - 176ms/epoch - 10ms/step
Epoch 266/800
17/17 - 0s - loss: 0.0649 - mae: 0.0649 - mse: 0.0072 - 175ms/epoch - 10ms/step
Epoch 267/800
17/17 - 0s - loss: 0.0532 - mae: 0.0532 - mse: 0.0050 - 175ms/epoch - 10ms/step
Epoch 268/800
17/17 - 0s - loss: 0.0513 - mae: 0.0513 - mse: 0.0049 - 176ms/epoch - 10ms/step
Epoch 269/800
17/17 - 0s - loss: 0.0526 - mae: 0.0526 - mse: 0.0049 - 175ms/epoch - 10ms/step
Epoch 270/800
17/17 - 0s - loss: 0.0462 - mae: 0.0462 - mse: 0.0040 - 175ms/epoch - 10ms/step
Epoch 271/800
17/17 - 0s - loss: 0.0489 - mae: 0.0489 - mse: 0.0044 - 175ms/epoch - 10ms/step
Epoch 272/800
17/17 - 0s - loss: 0.0503 - mae: 0.0503 - mse: 0.0045 - 175ms/epoch - 10ms/step
Epoch 273/800
17/17 - 0s - loss: 0.0474 - mae: 0.0474 - mse: 0.0041 - 175ms/epoch - 10ms/step
Epoch 274/800
17/17 - 0s - loss: 0.0512 - mae: 0.0512 - mse: 0.0045 - 176ms/epoch - 10ms/step
Epoch 275/800
17/17 - 0s - loss: 0.0615 - mae: 0.0615 - mse: 0.0065 - 175ms/epoch - 10ms/step
Epoch 276/800
17/17 - 0s - loss: 0.0562 - mae: 0.0562 - mse: 0.0056 - 176ms/epoch - 10ms/step
Epoch 277/800
17/17 - 0s - loss: 0.0560 - mae: 0.0560 - mse: 0.0053 - 176ms/epoch - 10ms/step
Epoch 278/800
17/17 - 0s - loss: 0.0482 - mae: 0.0482 - mse: 0.0043 - 176ms/epoch - 10ms/step
Epoch 279/800
17/17 - 0s - loss: 0.0524 - mae: 0.0524 - mse: 0.0049 - 175ms/epoch - 10ms/step
Epoch 280/800
17/17 - 0s - loss: 0.0560 - mae: 0.0560 - mse: 0.0053 - 175ms/epoch - 10ms/step
Epoch 281/800
17/17 - 0s - loss: 0.0517 - mae: 0.0517 - mse: 0.0047 - 176ms/epoch - 10ms/step
Epoch 282/800
17/17 - 0s - loss: 0.0516 - mae: 0.0516 - mse: 0.0046 - 175ms/epoch - 10ms/step
Epoch 283/800
17/17 - 0s - loss: 0.0479 - mae: 0.0479 - mse: 0.0041 - 175ms/epoch - 10ms/step
Epoch 284/800
17/17 - 0s - loss: 0.0476 - mae: 0.0476 - mse: 0.0043 - 176ms/epoch - 10ms/step
Epoch 285/800
17/17 - 0s - loss: 0.0553 - mae: 0.0553 - mse: 0.0053 - 175ms/epoch - 10ms/step
Epoch 286/800
17/17 - 0s - loss: 0.0472 - mae: 0.0472 - mse: 0.0041 - 175ms/epoch - 10ms/step
Epoch 287/800
17/17 - 0s - loss: 0.0487 - mae: 0.0487 - mse: 0.0041 - 175ms/epoch - 10ms/step
Epoch 288/800
17/17 - 0s - loss: 0.0567 - mae: 0.0567 - mse: 0.0054 - 175ms/epoch - 10ms/step
Epoch 289/800
17/17 - 0s - loss: 0.0475 - mae: 0.0475 - mse: 0.0042 - 176ms/epoch - 10ms/step
Epoch 290/800
17/17 - 0s - loss: 0.0426 - mae: 0.0426 - mse: 0.0035 - 176ms/epoch - 10ms/step
Epoch 291/800
17/17 - 0s - loss: 0.0552 - mae: 0.0552 - mse: 0.0051 - 175ms/epoch - 10ms/step
Epoch 292/800
17/17 - 0s - loss: 0.0577 - mae: 0.0577 - mse: 0.0062 - 175ms/epoch - 10ms/step
Epoch 293/800
17/17 - 0s - loss: 0.0510 - mae: 0.0510 - mse: 0.0048 - 176ms/epoch - 10ms/step
Epoch 294/800
17/17 - 0s - loss: 0.0478 - mae: 0.0478 - mse: 0.0041 - 176ms/epoch - 10ms/step
Epoch 295/800
17/17 - 0s - loss: 0.0502 - mae: 0.0502 - mse: 0.0046 - 175ms/epoch - 10ms/step
Epoch 296/800
17/17 - 0s - loss: 0.0456 - mae: 0.0456 - mse: 0.0039 - 175ms/epoch - 10ms/step
Epoch 297/800
17/17 - 0s - loss: 0.0434 - mae: 0.0434 - mse: 0.0036 - 176ms/epoch - 10ms/step
Epoch 298/800
17/17 - 0s - loss: 0.0545 - mae: 0.0545 - mse: 0.0051 - 177ms/epoch - 10ms/step
Epoch 299/800
17/17 - 0s - loss: 0.0469 - mae: 0.0469 - mse: 0.0040 - 176ms/epoch - 10ms/step
Epoch 300/800
17/17 - 0s - loss: 0.0470 - mae: 0.0470 - mse: 0.0038 - 176ms/epoch - 10ms/step
Epoch 301/800
17/17 - 0s - loss: 0.0418 - mae: 0.0418 - mse: 0.0032 - 176ms/epoch - 10ms/step
Epoch 302/800
17/17 - 0s - loss: 0.0455 - mae: 0.0455 - mse: 0.0038 - 176ms/epoch - 10ms/step
Epoch 303/800
17/17 - 0s - loss: 0.0499 - mae: 0.0499 - mse: 0.0045 - 176ms/epoch - 10ms/step
Epoch 304/800
17/17 - 0s - loss: 0.0513 - mae: 0.0513 - mse: 0.0047 - 175ms/epoch - 10ms/step
Epoch 305/800
17/17 - 0s - loss: 0.0497 - mae: 0.0497 - mse: 0.0046 - 175ms/epoch - 10ms/step
Epoch 306/800
17/17 - 0s - loss: 0.0585 - mae: 0.0585 - mse: 0.0059 - 176ms/epoch - 10ms/step
Epoch 307/800
17/17 - 0s - loss: 0.0480 - mae: 0.0480 - mse: 0.0043 - 175ms/epoch - 10ms/step
Epoch 308/800
17/17 - 0s - loss: 0.0476 - mae: 0.0476 - mse: 0.0040 - 176ms/epoch - 10ms/step
Epoch 309/800
17/17 - 0s - loss: 0.0466 - mae: 0.0466 - mse: 0.0038 - 176ms/epoch - 10ms/step
Epoch 310/800
17/17 - 0s - loss: 0.0509 - mae: 0.0509 - mse: 0.0044 - 176ms/epoch - 10ms/step
Epoch 311/800
17/17 - 0s - loss: 0.0505 - mae: 0.0505 - mse: 0.0046 - 176ms/epoch - 10ms/step
Epoch 312/800
17/17 - 0s - loss: 0.0453 - mae: 0.0453 - mse: 0.0037 - 176ms/epoch - 10ms/step
Epoch 313/800
17/17 - 0s - loss: 0.0494 - mae: 0.0494 - mse: 0.0042 - 176ms/epoch - 10ms/step
Epoch 314/800
17/17 - 0s - loss: 0.0471 - mae: 0.0471 - mse: 0.0040 - 176ms/epoch - 10ms/step
Epoch 315/800
17/17 - 0s - loss: 0.0413 - mae: 0.0413 - mse: 0.0032 - 176ms/epoch - 10ms/step
Epoch 316/800
17/17 - 0s - loss: 0.0466 - mae: 0.0466 - mse: 0.0037 - 176ms/epoch - 10ms/step
Epoch 317/800
17/17 - 0s - loss: 0.0482 - mae: 0.0482 - mse: 0.0040 - 176ms/epoch - 10ms/step
Epoch 318/800
17/17 - 0s - loss: 0.0597 - mae: 0.0597 - mse: 0.0060 - 176ms/epoch - 10ms/step
Epoch 319/800
17/17 - 0s - loss: 0.0492 - mae: 0.0492 - mse: 0.0043 - 176ms/epoch - 10ms/step
Epoch 320/800
17/17 - 0s - loss: 0.0402 - mae: 0.0402 - mse: 0.0030 - 176ms/epoch - 10ms/step
Epoch 321/800
17/17 - 0s - loss: 0.0476 - mae: 0.0476 - mse: 0.0039 - 175ms/epoch - 10ms/step
Epoch 322/800
17/17 - 0s - loss: 0.0430 - mae: 0.0430 - mse: 0.0033 - 176ms/epoch - 10ms/step
Epoch 323/800
17/17 - 0s - loss: 0.0419 - mae: 0.0419 - mse: 0.0033 - 176ms/epoch - 10ms/step
Epoch 324/800
17/17 - 0s - loss: 0.0426 - mae: 0.0426 - mse: 0.0032 - 176ms/epoch - 10ms/step
Epoch 325/800
17/17 - 0s - loss: 0.0493 - mae: 0.0493 - mse: 0.0043 - 175ms/epoch - 10ms/step
Epoch 326/800
17/17 - 0s - loss: 0.0497 - mae: 0.0497 - mse: 0.0045 - 176ms/epoch - 10ms/step
Epoch 327/800
17/17 - 0s - loss: 0.0473 - mae: 0.0473 - mse: 0.0039 - 175ms/epoch - 10ms/step
Epoch 328/800
17/17 - 0s - loss: 0.0464 - mae: 0.0464 - mse: 0.0041 - 175ms/epoch - 10ms/step
Epoch 329/800
17/17 - 0s - loss: 0.0450 - mae: 0.0450 - mse: 0.0035 - 176ms/epoch - 10ms/step
Epoch 330/800
17/17 - 0s - loss: 0.0384 - mae: 0.0384 - mse: 0.0027 - 176ms/epoch - 10ms/step
Epoch 331/800
17/17 - 0s - loss: 0.0417 - mae: 0.0417 - mse: 0.0031 - 176ms/epoch - 10ms/step
Epoch 332/800
17/17 - 0s - loss: 0.0433 - mae: 0.0433 - mse: 0.0033 - 176ms/epoch - 10ms/step
Epoch 333/800
17/17 - 0s - loss: 0.0422 - mae: 0.0422 - mse: 0.0032 - 176ms/epoch - 10ms/step
Epoch 334/800
17/17 - 0s - loss: 0.0400 - mae: 0.0400 - mse: 0.0029 - 176ms/epoch - 10ms/step
Epoch 335/800
17/17 - 0s - loss: 0.0414 - mae: 0.0414 - mse: 0.0034 - 175ms/epoch - 10ms/step
Epoch 336/800
17/17 - 0s - loss: 0.0483 - mae: 0.0483 - mse: 0.0040 - 176ms/epoch - 10ms/step
Epoch 337/800
17/17 - 0s - loss: 0.0429 - mae: 0.0429 - mse: 0.0034 - 176ms/epoch - 10ms/step
Epoch 338/800
17/17 - 0s - loss: 0.0531 - mae: 0.0531 - mse: 0.0048 - 175ms/epoch - 10ms/step
Epoch 339/800
17/17 - 0s - loss: 0.0417 - mae: 0.0417 - mse: 0.0034 - 175ms/epoch - 10ms/step
Epoch 340/800
17/17 - 0s - loss: 0.0408 - mae: 0.0408 - mse: 0.0031 - 176ms/epoch - 10ms/step
Epoch 341/800
17/17 - 0s - loss: 0.0408 - mae: 0.0408 - mse: 0.0030 - 175ms/epoch - 10ms/step
Epoch 342/800
17/17 - 0s - loss: 0.0402 - mae: 0.0402 - mse: 0.0031 - 176ms/epoch - 10ms/step
Epoch 343/800
17/17 - 0s - loss: 0.0387 - mae: 0.0387 - mse: 0.0027 - 176ms/epoch - 10ms/step
Epoch 344/800
17/17 - 0s - loss: 0.0461 - mae: 0.0461 - mse: 0.0036 - 175ms/epoch - 10ms/step
Epoch 345/800
17/17 - 0s - loss: 0.0455 - mae: 0.0455 - mse: 0.0038 - 175ms/epoch - 10ms/step
Epoch 346/800
17/17 - 0s - loss: 0.0376 - mae: 0.0376 - mse: 0.0027 - 176ms/epoch - 10ms/step
Epoch 347/800
17/17 - 0s - loss: 0.0371 - mae: 0.0371 - mse: 0.0026 - 175ms/epoch - 10ms/step
Epoch 348/800
17/17 - 0s - loss: 0.0402 - mae: 0.0402 - mse: 0.0029 - 176ms/epoch - 10ms/step
Epoch 349/800
17/17 - 0s - loss: 0.0364 - mae: 0.0364 - mse: 0.0025 - 176ms/epoch - 10ms/step
Epoch 350/800
17/17 - 0s - loss: 0.0403 - mae: 0.0403 - mse: 0.0030 - 176ms/epoch - 10ms/step
Epoch 351/800
17/17 - 0s - loss: 0.0412 - mae: 0.0412 - mse: 0.0031 - 176ms/epoch - 10ms/step
Epoch 352/800
17/17 - 0s - loss: 0.0433 - mae: 0.0433 - mse: 0.0035 - 175ms/epoch - 10ms/step
Epoch 353/800
17/17 - 0s - loss: 0.0440 - mae: 0.0440 - mse: 0.0035 - 176ms/epoch - 10ms/step
Epoch 354/800
17/17 - 0s - loss: 0.0434 - mae: 0.0434 - mse: 0.0036 - 175ms/epoch - 10ms/step
Epoch 355/800
17/17 - 0s - loss: 0.0379 - mae: 0.0379 - mse: 0.0027 - 176ms/epoch - 10ms/step
Epoch 356/800
17/17 - 0s - loss: 0.0437 - mae: 0.0437 - mse: 0.0033 - 175ms/epoch - 10ms/step
Epoch 357/800
17/17 - 0s - loss: 0.0406 - mae: 0.0406 - mse: 0.0030 - 176ms/epoch - 10ms/step
Epoch 358/800
17/17 - 0s - loss: 0.0371 - mae: 0.0371 - mse: 0.0025 - 175ms/epoch - 10ms/step
Epoch 359/800
17/17 - 0s - loss: 0.0364 - mae: 0.0364 - mse: 0.0026 - 175ms/epoch - 10ms/step
Epoch 360/800
17/17 - 0s - loss: 0.0351 - mae: 0.0351 - mse: 0.0023 - 176ms/epoch - 10ms/step
Epoch 361/800
17/17 - 0s - loss: 0.0356 - mae: 0.0356 - mse: 0.0023 - 176ms/epoch - 10ms/step
Epoch 362/800
17/17 - 0s - loss: 0.0380 - mae: 0.0380 - mse: 0.0027 - 176ms/epoch - 10ms/step
Epoch 363/800
17/17 - 0s - loss: 0.0408 - mae: 0.0408 - mse: 0.0030 - 175ms/epoch - 10ms/step
Epoch 364/800
17/17 - 0s - loss: 0.0360 - mae: 0.0360 - mse: 0.0025 - 176ms/epoch - 10ms/step
Epoch 365/800
17/17 - 0s - loss: 0.0373 - mae: 0.0373 - mse: 0.0026 - 175ms/epoch - 10ms/step
Epoch 366/800
17/17 - 0s - loss: 0.0349 - mae: 0.0349 - mse: 0.0024 - 175ms/epoch - 10ms/step
Epoch 367/800
17/17 - 0s - loss: 0.0391 - mae: 0.0391 - mse: 0.0028 - 175ms/epoch - 10ms/step
Epoch 368/800
17/17 - 0s - loss: 0.0393 - mae: 0.0393 - mse: 0.0029 - 176ms/epoch - 10ms/step
Epoch 369/800
17/17 - 0s - loss: 0.0390 - mae: 0.0390 - mse: 0.0028 - 176ms/epoch - 10ms/step
Epoch 370/800
17/17 - 0s - loss: 0.0424 - mae: 0.0424 - mse: 0.0032 - 175ms/epoch - 10ms/step
Epoch 371/800
17/17 - 0s - loss: 0.0396 - mae: 0.0396 - mse: 0.0029 - 176ms/epoch - 10ms/step
Epoch 372/800
17/17 - 0s - loss: 0.0342 - mae: 0.0342 - mse: 0.0022 - 176ms/epoch - 10ms/step
Epoch 373/800
17/17 - 0s - loss: 0.0352 - mae: 0.0352 - mse: 0.0023 - 176ms/epoch - 10ms/step
Epoch 374/800
17/17 - 0s - loss: 0.0393 - mae: 0.0393 - mse: 0.0028 - 175ms/epoch - 10ms/step
Epoch 375/800
17/17 - 0s - loss: 0.0343 - mae: 0.0343 - mse: 0.0022 - 175ms/epoch - 10ms/step
Epoch 376/800
17/17 - 0s - loss: 0.0339 - mae: 0.0339 - mse: 0.0023 - 175ms/epoch - 10ms/step
Epoch 377/800
17/17 - 0s - loss: 0.0357 - mae: 0.0357 - mse: 0.0023 - 176ms/epoch - 10ms/step
Epoch 378/800
17/17 - 0s - loss: 0.0373 - mae: 0.0373 - mse: 0.0025 - 176ms/epoch - 10ms/step
Epoch 379/800
17/17 - 0s - loss: 0.0332 - mae: 0.0332 - mse: 0.0021 - 176ms/epoch - 10ms/step
Epoch 380/800
17/17 - 0s - loss: 0.0327 - mae: 0.0327 - mse: 0.0021 - 176ms/epoch - 10ms/step
Epoch 381/800
17/17 - 0s - loss: 0.0345 - mae: 0.0345 - mse: 0.0022 - 177ms/epoch - 10ms/step
Epoch 382/800
17/17 - 0s - loss: 0.0351 - mae: 0.0351 - mse: 0.0022 - 175ms/epoch - 10ms/step
Epoch 383/800
17/17 - 0s - loss: 0.0398 - mae: 0.0398 - mse: 0.0028 - 175ms/epoch - 10ms/step
Epoch 384/800
17/17 - 0s - loss: 0.0373 - mae: 0.0373 - mse: 0.0025 - 175ms/epoch - 10ms/step
Epoch 385/800
17/17 - 0s - loss: 0.0324 - mae: 0.0324 - mse: 0.0020 - 175ms/epoch - 10ms/step
Epoch 386/800
17/17 - 0s - loss: 0.0329 - mae: 0.0329 - mse: 0.0020 - 175ms/epoch - 10ms/step
Epoch 387/800
17/17 - 0s - loss: 0.0347 - mae: 0.0347 - mse: 0.0023 - 176ms/epoch - 10ms/step
Epoch 388/800
17/17 - 0s - loss: 0.0391 - mae: 0.0391 - mse: 0.0028 - 175ms/epoch - 10ms/step
Epoch 389/800
17/17 - 0s - loss: 0.0439 - mae: 0.0439 - mse: 0.0033 - 175ms/epoch - 10ms/step
Epoch 390/800
17/17 - 0s - loss: 0.0379 - mae: 0.0379 - mse: 0.0027 - 175ms/epoch - 10ms/step
Epoch 391/800
17/17 - 0s - loss: 0.0359 - mae: 0.0359 - mse: 0.0024 - 175ms/epoch - 10ms/step
Epoch 392/800
17/17 - 0s - loss: 0.0316 - mae: 0.0316 - mse: 0.0019 - 175ms/epoch - 10ms/step
Epoch 393/800
17/17 - 0s - loss: 0.0311 - mae: 0.0311 - mse: 0.0019 - 175ms/epoch - 10ms/step
Epoch 394/800
17/17 - 0s - loss: 0.0357 - mae: 0.0357 - mse: 0.0022 - 176ms/epoch - 10ms/step
Epoch 395/800
17/17 - 0s - loss: 0.0322 - mae: 0.0322 - mse: 0.0020 - 175ms/epoch - 10ms/step
Epoch 396/800
17/17 - 0s - loss: 0.0347 - mae: 0.0347 - mse: 0.0023 - 177ms/epoch - 10ms/step
Epoch 397/800
17/17 - 0s - loss: 0.0386 - mae: 0.0386 - mse: 0.0026 - 175ms/epoch - 10ms/step
Epoch 398/800
17/17 - 0s - loss: 0.0357 - mae: 0.0357 - mse: 0.0024 - 175ms/epoch - 10ms/step
Epoch 399/800
17/17 - 0s - loss: 0.0355 - mae: 0.0355 - mse: 0.0023 - 175ms/epoch - 10ms/step
Epoch 400/800
17/17 - 0s - loss: 0.0323 - mae: 0.0323 - mse: 0.0020 - 175ms/epoch - 10ms/step
Epoch 401/800
17/17 - 0s - loss: 0.0325 - mae: 0.0325 - mse: 0.0020 - 175ms/epoch - 10ms/step
Epoch 402/800
17/17 - 0s - loss: 0.0377 - mae: 0.0377 - mse: 0.0026 - 176ms/epoch - 10ms/step
Epoch 403/800
17/17 - 0s - loss: 0.0331 - mae: 0.0331 - mse: 0.0021 - 175ms/epoch - 10ms/step
Epoch 404/800
17/17 - 0s - loss: 0.0321 - mae: 0.0321 - mse: 0.0020 - 175ms/epoch - 10ms/step
Epoch 405/800
17/17 - 0s - loss: 0.0336 - mae: 0.0336 - mse: 0.0021 - 175ms/epoch - 10ms/step
Epoch 406/800
17/17 - 0s - loss: 0.0364 - mae: 0.0364 - mse: 0.0024 - 176ms/epoch - 10ms/step
Epoch 407/800
17/17 - 0s - loss: 0.0358 - mae: 0.0358 - mse: 0.0023 - 176ms/epoch - 10ms/step
Epoch 408/800
17/17 - 0s - loss: 0.0317 - mae: 0.0317 - mse: 0.0019 - 177ms/epoch - 10ms/step
Epoch 409/800
17/17 - 0s - loss: 0.0331 - mae: 0.0331 - mse: 0.0021 - 175ms/epoch - 10ms/step
Epoch 410/800
17/17 - 0s - loss: 0.0309 - mae: 0.0309 - mse: 0.0019 - 175ms/epoch - 10ms/step
Epoch 411/800
17/17 - 0s - loss: 0.0311 - mae: 0.0311 - mse: 0.0019 - 175ms/epoch - 10ms/step
Epoch 412/800
17/17 - 0s - loss: 0.0271 - mae: 0.0271 - mse: 0.0016 - 177ms/epoch - 10ms/step
Epoch 413/800
17/17 - 0s - loss: 0.0332 - mae: 0.0332 - mse: 0.0022 - 176ms/epoch - 10ms/step
Epoch 414/800
17/17 - 0s - loss: 0.0435 - mae: 0.0435 - mse: 0.0033 - 175ms/epoch - 10ms/step
Epoch 415/800
17/17 - 0s - loss: 0.0382 - mae: 0.0382 - mse: 0.0027 - 175ms/epoch - 10ms/step
Epoch 416/800
17/17 - 0s - loss: 0.0396 - mae: 0.0396 - mse: 0.0028 - 176ms/epoch - 10ms/step
Epoch 417/800
17/17 - 0s - loss: 0.0369 - mae: 0.0369 - mse: 0.0025 - 176ms/epoch - 10ms/step
Epoch 418/800
17/17 - 0s - loss: 0.0342 - mae: 0.0342 - mse: 0.0022 - 176ms/epoch - 10ms/step
Epoch 419/800
17/17 - 0s - loss: 0.0354 - mae: 0.0354 - mse: 0.0024 - 176ms/epoch - 10ms/step
Epoch 420/800
17/17 - 0s - loss: 0.0346 - mae: 0.0346 - mse: 0.0022 - 176ms/epoch - 10ms/step
Epoch 421/800
17/17 - 0s - loss: 0.0382 - mae: 0.0382 - mse: 0.0026 - 176ms/epoch - 10ms/step
Epoch 422/800
17/17 - 0s - loss: 0.0392 - mae: 0.0392 - mse: 0.0026 - 176ms/epoch - 10ms/step
Epoch 423/800
17/17 - 0s - loss: 0.0322 - mae: 0.0322 - mse: 0.0019 - 176ms/epoch - 10ms/step
Epoch 424/800
17/17 - 0s - loss: 0.0317 - mae: 0.0317 - mse: 0.0019 - 176ms/epoch - 10ms/step
Epoch 425/800
17/17 - 0s - loss: 0.0298 - mae: 0.0298 - mse: 0.0018 - 176ms/epoch - 10ms/step
Epoch 426/800
17/17 - 0s - loss: 0.0342 - mae: 0.0342 - mse: 0.0021 - 175ms/epoch - 10ms/step
Epoch 427/800
17/17 - 0s - loss: 0.0337 - mae: 0.0337 - mse: 0.0021 - 176ms/epoch - 10ms/step
Epoch 428/800
17/17 - 0s - loss: 0.0295 - mae: 0.0295 - mse: 0.0017 - 175ms/epoch - 10ms/step
Epoch 429/800
17/17 - 0s - loss: 0.0317 - mae: 0.0317 - mse: 0.0019 - 175ms/epoch - 10ms/step
Epoch 430/800
17/17 - 0s - loss: 0.0301 - mae: 0.0301 - mse: 0.0018 - 176ms/epoch - 10ms/step
Epoch 431/800
17/17 - 0s - loss: 0.0306 - mae: 0.0306 - mse: 0.0018 - 175ms/epoch - 10ms/step
Epoch 432/800
17/17 - 0s - loss: 0.0335 - mae: 0.0335 - mse: 0.0021 - 176ms/epoch - 10ms/step
Epoch 433/800
17/17 - 0s - loss: 0.0354 - mae: 0.0354 - mse: 0.0023 - 176ms/epoch - 10ms/step
Epoch 434/800
17/17 - 0s - loss: 0.0293 - mae: 0.0293 - mse: 0.0017 - 175ms/epoch - 10ms/step
Epoch 435/800
17/17 - 0s - loss: 0.0308 - mae: 0.0308 - mse: 0.0018 - 176ms/epoch - 10ms/step
Epoch 436/800
17/17 - 0s - loss: 0.0321 - mae: 0.0321 - mse: 0.0019 - 176ms/epoch - 10ms/step
Epoch 437/800
17/17 - 0s - loss: 0.0329 - mae: 0.0329 - mse: 0.0019 - 175ms/epoch - 10ms/step
Epoch 438/800
17/17 - 0s - loss: 0.0311 - mae: 0.0311 - mse: 0.0018 - 175ms/epoch - 10ms/step
Epoch 439/800
17/17 - 0s - loss: 0.0298 - mae: 0.0298 - mse: 0.0017 - 175ms/epoch - 10ms/step
Epoch 440/800
17/17 - 0s - loss: 0.0280 - mae: 0.0280 - mse: 0.0015 - 175ms/epoch - 10ms/step
Epoch 441/800
17/17 - 0s - loss: 0.0282 - mae: 0.0282 - mse: 0.0016 - 176ms/epoch - 10ms/step
Epoch 442/800
17/17 - 0s - loss: 0.0298 - mae: 0.0298 - mse: 0.0016 - 175ms/epoch - 10ms/step
Epoch 443/800
17/17 - 0s - loss: 0.0271 - mae: 0.0271 - mse: 0.0015 - 175ms/epoch - 10ms/step
Epoch 444/800
17/17 - 0s - loss: 0.0280 - mae: 0.0280 - mse: 0.0015 - 175ms/epoch - 10ms/step
Epoch 445/800
17/17 - 0s - loss: 0.0297 - mae: 0.0297 - mse: 0.0018 - 175ms/epoch - 10ms/step
Epoch 446/800
17/17 - 0s - loss: 0.0305 - mae: 0.0305 - mse: 0.0018 - 175ms/epoch - 10ms/step
Epoch 447/800
17/17 - 0s - loss: 0.0338 - mae: 0.0338 - mse: 0.0022 - 175ms/epoch - 10ms/step
Epoch 448/800
17/17 - 0s - loss: 0.0301 - mae: 0.0301 - mse: 0.0018 - 175ms/epoch - 10ms/step
Epoch 449/800
17/17 - 0s - loss: 0.0285 - mae: 0.0285 - mse: 0.0016 - 175ms/epoch - 10ms/step
Epoch 450/800
17/17 - 0s - loss: 0.0358 - mae: 0.0358 - mse: 0.0022 - 176ms/epoch - 10ms/step
Epoch 451/800
17/17 - 0s - loss: 0.0320 - mae: 0.0320 - mse: 0.0020 - 176ms/epoch - 10ms/step
Epoch 452/800
17/17 - 0s - loss: 0.0300 - mae: 0.0300 - mse: 0.0017 - 175ms/epoch - 10ms/step
Epoch 453/800
17/17 - 0s - loss: 0.0303 - mae: 0.0303 - mse: 0.0017 - 175ms/epoch - 10ms/step
Epoch 454/800
17/17 - 0s - loss: 0.0286 - mae: 0.0286 - mse: 0.0016 - 175ms/epoch - 10ms/step
Epoch 455/800
17/17 - 0s - loss: 0.0255 - mae: 0.0255 - mse: 0.0013 - 176ms/epoch - 10ms/step
Epoch 456/800
17/17 - 0s - loss: 0.0285 - mae: 0.0285 - mse: 0.0016 - 175ms/epoch - 10ms/step
Epoch 457/800
17/17 - 0s - loss: 0.0292 - mae: 0.0292 - mse: 0.0017 - 176ms/epoch - 10ms/step
Epoch 458/800
17/17 - 0s - loss: 0.0271 - mae: 0.0271 - mse: 0.0015 - 175ms/epoch - 10ms/step
Epoch 459/800
17/17 - 0s - loss: 0.0311 - mae: 0.0311 - mse: 0.0019 - 176ms/epoch - 10ms/step
Epoch 460/800
17/17 - 0s - loss: 0.0272 - mae: 0.0272 - mse: 0.0015 - 175ms/epoch - 10ms/step
Epoch 461/800
17/17 - 0s - loss: 0.0260 - mae: 0.0260 - mse: 0.0014 - 177ms/epoch - 10ms/step
Epoch 462/800
17/17 - 0s - loss: 0.0266 - mae: 0.0266 - mse: 0.0014 - 176ms/epoch - 10ms/step
Epoch 463/800
17/17 - 0s - loss: 0.0337 - mae: 0.0337 - mse: 0.0020 - 176ms/epoch - 10ms/step
Epoch 464/800
17/17 - 0s - loss: 0.0313 - mae: 0.0313 - mse: 0.0019 - 175ms/epoch - 10ms/step
Epoch 465/800
17/17 - 0s - loss: 0.0279 - mae: 0.0279 - mse: 0.0015 - 176ms/epoch - 10ms/step
Epoch 466/800
17/17 - 0s - loss: 0.0313 - mae: 0.0313 - mse: 0.0019 - 175ms/epoch - 10ms/step
Epoch 467/800
17/17 - 0s - loss: 0.0297 - mae: 0.0297 - mse: 0.0016 - 176ms/epoch - 10ms/step
Epoch 468/800
17/17 - 0s - loss: 0.0261 - mae: 0.0261 - mse: 0.0014 - 176ms/epoch - 10ms/step
Epoch 469/800
17/17 - 0s - loss: 0.0289 - mae: 0.0289 - mse: 0.0016 - 176ms/epoch - 10ms/step
Epoch 470/800
17/17 - 0s - loss: 0.0283 - mae: 0.0283 - mse: 0.0016 - 176ms/epoch - 10ms/step
Epoch 471/800
17/17 - 0s - loss: 0.0298 - mae: 0.0298 - mse: 0.0018 - 175ms/epoch - 10ms/step
Epoch 472/800
17/17 - 0s - loss: 0.0287 - mae: 0.0287 - mse: 0.0016 - 176ms/epoch - 10ms/step
Epoch 473/800
17/17 - 0s - loss: 0.0277 - mae: 0.0277 - mse: 0.0015 - 176ms/epoch - 10ms/step
Epoch 474/800
17/17 - 0s - loss: 0.0292 - mae: 0.0292 - mse: 0.0017 - 175ms/epoch - 10ms/step
Epoch 475/800
17/17 - 0s - loss: 0.0255 - mae: 0.0255 - mse: 0.0014 - 175ms/epoch - 10ms/step
Epoch 476/800
17/17 - 0s - loss: 0.0275 - mae: 0.0275 - mse: 0.0015 - 176ms/epoch - 10ms/step
Epoch 477/800
17/17 - 0s - loss: 0.0289 - mae: 0.0289 - mse: 0.0017 - 177ms/epoch - 10ms/step
Epoch 478/800
17/17 - 0s - loss: 0.0313 - mae: 0.0313 - mse: 0.0019 - 176ms/epoch - 10ms/step
Epoch 479/800
17/17 - 0s - loss: 0.0310 - mae: 0.0310 - mse: 0.0018 - 176ms/epoch - 10ms/step
Epoch 480/800
17/17 - 0s - loss: 0.0310 - mae: 0.0310 - mse: 0.0017 - 176ms/epoch - 10ms/step
Epoch 481/800
17/17 - 0s - loss: 0.0265 - mae: 0.0265 - mse: 0.0014 - 176ms/epoch - 10ms/step
Epoch 482/800
17/17 - 0s - loss: 0.0285 - mae: 0.0285 - mse: 0.0016 - 175ms/epoch - 10ms/step
Epoch 483/800
17/17 - 0s - loss: 0.0277 - mae: 0.0277 - mse: 0.0015 - 176ms/epoch - 10ms/step
Epoch 484/800
17/17 - 0s - loss: 0.0327 - mae: 0.0327 - mse: 0.0020 - 175ms/epoch - 10ms/step
Epoch 485/800
17/17 - 0s - loss: 0.0290 - mae: 0.0290 - mse: 0.0016 - 176ms/epoch - 10ms/step
Epoch 486/800
17/17 - 0s - loss: 0.0311 - mae: 0.0311 - mse: 0.0018 - 176ms/epoch - 10ms/step
Epoch 487/800
17/17 - 0s - loss: 0.0291 - mae: 0.0291 - mse: 0.0016 - 176ms/epoch - 10ms/step
Epoch 488/800
17/17 - 0s - loss: 0.0308 - mae: 0.0308 - mse: 0.0017 - 176ms/epoch - 10ms/step
Epoch 489/800
17/17 - 0s - loss: 0.0294 - mae: 0.0294 - mse: 0.0018 - 175ms/epoch - 10ms/step
Epoch 490/800
17/17 - 0s - loss: 0.0253 - mae: 0.0253 - mse: 0.0013 - 175ms/epoch - 10ms/step
Epoch 491/800
17/17 - 0s - loss: 0.0242 - mae: 0.0242 - mse: 0.0012 - 176ms/epoch - 10ms/step
Epoch 492/800
17/17 - 0s - loss: 0.0247 - mae: 0.0247 - mse: 0.0012 - 176ms/epoch - 10ms/step
Epoch 493/800
17/17 - 0s - loss: 0.0278 - mae: 0.0278 - mse: 0.0015 - 176ms/epoch - 10ms/step
Epoch 494/800
17/17 - 0s - loss: 0.0257 - mae: 0.0257 - mse: 0.0013 - 175ms/epoch - 10ms/step
Epoch 495/800
17/17 - 0s - loss: 0.0242 - mae: 0.0242 - mse: 0.0012 - 175ms/epoch - 10ms/step
Epoch 496/800
17/17 - 0s - loss: 0.0265 - mae: 0.0265 - mse: 0.0014 - 175ms/epoch - 10ms/step
Epoch 497/800
17/17 - 0s - loss: 0.0288 - mae: 0.0288 - mse: 0.0016 - 175ms/epoch - 10ms/step
Epoch 498/800
17/17 - 0s - loss: 0.0250 - mae: 0.0250 - mse: 0.0013 - 175ms/epoch - 10ms/step
Epoch 499/800
17/17 - 0s - loss: 0.0229 - mae: 0.0229 - mse: 0.0012 - 175ms/epoch - 10ms/step
Epoch 500/800
17/17 - 0s - loss: 0.0212 - mae: 0.0212 - mse: 0.0010 - 176ms/epoch - 10ms/step
Epoch 501/800
17/17 - 0s - loss: 0.0216 - mae: 0.0216 - mse: 0.0010 - 175ms/epoch - 10ms/step
Epoch 502/800
17/17 - 0s - loss: 0.0230 - mae: 0.0230 - mse: 0.0011 - 175ms/epoch - 10ms/step
Epoch 503/800
17/17 - 0s - loss: 0.0235 - mae: 0.0235 - mse: 0.0012 - 175ms/epoch - 10ms/step
Epoch 504/800
17/17 - 0s - loss: 0.0249 - mae: 0.0249 - mse: 0.0013 - 175ms/epoch - 10ms/step
Epoch 505/800
17/17 - 0s - loss: 0.0220 - mae: 0.0220 - mse: 0.0011 - 175ms/epoch - 10ms/step
Epoch 506/800
17/17 - 0s - loss: 0.0253 - mae: 0.0253 - mse: 0.0013 - 175ms/epoch - 10ms/step
Epoch 507/800
17/17 - 0s - loss: 0.0257 - mae: 0.0257 - mse: 0.0013 - 176ms/epoch - 10ms/step
Epoch 508/800
17/17 - 0s - loss: 0.0210 - mae: 0.0210 - mse: 0.0010 - 175ms/epoch - 10ms/step
Epoch 509/800
17/17 - 0s - loss: 0.0260 - mae: 0.0260 - mse: 0.0013 - 176ms/epoch - 10ms/step
Epoch 510/800
17/17 - 0s - loss: 0.0195 - mae: 0.0195 - mse: 8.9766e-04 - 176ms/epoch - 10ms/step
Epoch 511/800
17/17 - 0s - loss: 0.0218 - mae: 0.0218 - mse: 0.0010 - 175ms/epoch - 10ms/step
Epoch 512/800
17/17 - 0s - loss: 0.0227 - mae: 0.0227 - mse: 0.0012 - 175ms/epoch - 10ms/step
Epoch 513/800
17/17 - 0s - loss: 0.0233 - mae: 0.0233 - mse: 0.0011 - 175ms/epoch - 10ms/step
Epoch 514/800
17/17 - 0s - loss: 0.0220 - mae: 0.0220 - mse: 0.0011 - 175ms/epoch - 10ms/step
Epoch 515/800
17/17 - 0s - loss: 0.0220 - mae: 0.0220 - mse: 0.0011 - 175ms/epoch - 10ms/step
Epoch 516/800
17/17 - 0s - loss: 0.0215 - mae: 0.0215 - mse: 0.0010 - 175ms/epoch - 10ms/step
Epoch 517/800
17/17 - 0s - loss: 0.0216 - mae: 0.0216 - mse: 0.0010 - 176ms/epoch - 10ms/step
Epoch 518/800
17/17 - 0s - loss: 0.0271 - mae: 0.0271 - mse: 0.0014 - 176ms/epoch - 10ms/step
Epoch 519/800
17/17 - 0s - loss: 0.0287 - mae: 0.0287 - mse: 0.0015 - 176ms/epoch - 10ms/step
Epoch 520/800
17/17 - 0s - loss: 0.0282 - mae: 0.0282 - mse: 0.0015 - 175ms/epoch - 10ms/step
Epoch 521/800
17/17 - 0s - loss: 0.0260 - mae: 0.0260 - mse: 0.0013 - 175ms/epoch - 10ms/step
Epoch 522/800
17/17 - 0s - loss: 0.0222 - mae: 0.0222 - mse: 0.0011 - 176ms/epoch - 10ms/step
Epoch 523/800
17/17 - 0s - loss: 0.0212 - mae: 0.0212 - mse: 0.0010 - 176ms/epoch - 10ms/step
Epoch 524/800
17/17 - 0s - loss: 0.0255 - mae: 0.0255 - mse: 0.0013 - 175ms/epoch - 10ms/step
Epoch 525/800
17/17 - 0s - loss: 0.0257 - mae: 0.0257 - mse: 0.0013 - 176ms/epoch - 10ms/step
Epoch 526/800
17/17 - 0s - loss: 0.0242 - mae: 0.0242 - mse: 0.0013 - 176ms/epoch - 10ms/step
Epoch 527/800
17/17 - 0s - loss: 0.0212 - mae: 0.0212 - mse: 0.0010 - 175ms/epoch - 10ms/step
Epoch 528/800
17/17 - 0s - loss: 0.0220 - mae: 0.0220 - mse: 0.0011 - 175ms/epoch - 10ms/step
Epoch 529/800
17/17 - 0s - loss: 0.0200 - mae: 0.0200 - mse: 9.4912e-04 - 175ms/epoch - 10ms/step
Epoch 530/800
17/17 - 0s - loss: 0.0236 - mae: 0.0236 - mse: 0.0012 - 175ms/epoch - 10ms/step
Epoch 531/800
17/17 - 0s - loss: 0.0266 - mae: 0.0266 - mse: 0.0014 - 176ms/epoch - 10ms/step
Epoch 532/800
17/17 - 0s - loss: 0.0244 - mae: 0.0244 - mse: 0.0012 - 175ms/epoch - 10ms/step
Epoch 533/800
17/17 - 0s - loss: 0.0243 - mae: 0.0243 - mse: 0.0012 - 175ms/epoch - 10ms/step
Epoch 534/800
17/17 - 0s - loss: 0.0262 - mae: 0.0262 - mse: 0.0014 - 175ms/epoch - 10ms/step
Epoch 535/800
17/17 - 0s - loss: 0.0258 - mae: 0.0258 - mse: 0.0014 - 176ms/epoch - 10ms/step
Epoch 536/800
17/17 - 0s - loss: 0.0266 - mae: 0.0266 - mse: 0.0014 - 175ms/epoch - 10ms/step
Epoch 537/800
17/17 - 0s - loss: 0.0234 - mae: 0.0234 - mse: 0.0011 - 175ms/epoch - 10ms/step
Epoch 538/800
17/17 - 0s - loss: 0.0247 - mae: 0.0247 - mse: 0.0013 - 175ms/epoch - 10ms/step
Epoch 539/800
17/17 - 0s - loss: 0.0238 - mae: 0.0238 - mse: 0.0012 - 175ms/epoch - 10ms/step
Epoch 540/800
17/17 - 0s - loss: 0.0229 - mae: 0.0229 - mse: 0.0012 - 176ms/epoch - 10ms/step
Epoch 541/800
17/17 - 0s - loss: 0.0225 - mae: 0.0225 - mse: 0.0011 - 176ms/epoch - 10ms/step
Epoch 542/800
17/17 - 0s - loss: 0.0217 - mae: 0.0217 - mse: 0.0010 - 177ms/epoch - 10ms/step
Epoch 543/800
17/17 - 0s - loss: 0.0239 - mae: 0.0239 - mse: 0.0011 - 176ms/epoch - 10ms/step
Epoch 544/800
17/17 - 0s - loss: 0.0202 - mae: 0.0202 - mse: 9.4776e-04 - 176ms/epoch - 10ms/step
Epoch 545/800
17/17 - 0s - loss: 0.0244 - mae: 0.0244 - mse: 0.0012 - 175ms/epoch - 10ms/step
Epoch 546/800
17/17 - 0s - loss: 0.0235 - mae: 0.0235 - mse: 0.0012 - 176ms/epoch - 10ms/step
Epoch 547/800
17/17 - 0s - loss: 0.0219 - mae: 0.0219 - mse: 0.0010 - 175ms/epoch - 10ms/step
Epoch 548/800
17/17 - 0s - loss: 0.0211 - mae: 0.0211 - mse: 9.8875e-04 - 175ms/epoch - 10ms/step
Epoch 549/800
17/17 - 0s - loss: 0.0217 - mae: 0.0217 - mse: 9.8270e-04 - 176ms/epoch - 10ms/step
Epoch 550/800
17/17 - 0s - loss: 0.0217 - mae: 0.0217 - mse: 0.0011 - 175ms/epoch - 10ms/step
Epoch 551/800
17/17 - 0s - loss: 0.0226 - mae: 0.0226 - mse: 0.0012 - 176ms/epoch - 10ms/step
Epoch 552/800
17/17 - 0s - loss: 0.0243 - mae: 0.0243 - mse: 0.0013 - 176ms/epoch - 10ms/step
Epoch 553/800
17/17 - 0s - loss: 0.0223 - mae: 0.0223 - mse: 0.0011 - 176ms/epoch - 10ms/step
Epoch 554/800
17/17 - 0s - loss: 0.0221 - mae: 0.0221 - mse: 0.0011 - 176ms/epoch - 10ms/step
Epoch 555/800
17/17 - 0s - loss: 0.0214 - mae: 0.0214 - mse: 0.0010 - 175ms/epoch - 10ms/step
Epoch 556/800
17/17 - 0s - loss: 0.0221 - mae: 0.0221 - mse: 0.0011 - 175ms/epoch - 10ms/step
Epoch 557/800
17/17 - 0s - loss: 0.0206 - mae: 0.0206 - mse: 9.8942e-04 - 176ms/epoch - 10ms/step
Epoch 558/800
17/17 - 0s - loss: 0.0209 - mae: 0.0209 - mse: 0.0010 - 176ms/epoch - 10ms/step
Epoch 559/800
17/17 - 0s - loss: 0.0230 - mae: 0.0230 - mse: 0.0011 - 176ms/epoch - 10ms/step
Epoch 560/800
17/17 - 0s - loss: 0.0205 - mae: 0.0205 - mse: 9.5372e-04 - 175ms/epoch - 10ms/step
Epoch 561/800
17/17 - 0s - loss: 0.0224 - mae: 0.0224 - mse: 0.0011 - 175ms/epoch - 10ms/step
Epoch 562/800
17/17 - 0s - loss: 0.0219 - mae: 0.0219 - mse: 0.0011 - 175ms/epoch - 10ms/step
Epoch 563/800
17/17 - 0s - loss: 0.0191 - mae: 0.0191 - mse: 8.8470e-04 - 175ms/epoch - 10ms/step
Epoch 564/800
17/17 - 0s - loss: 0.0196 - mae: 0.0196 - mse: 9.2966e-04 - 175ms/epoch - 10ms/step
Epoch 565/800
17/17 - 0s - loss: 0.0204 - mae: 0.0204 - mse: 9.5244e-04 - 176ms/epoch - 10ms/step
Epoch 566/800
17/17 - 0s - loss: 0.0204 - mae: 0.0204 - mse: 9.6240e-04 - 176ms/epoch - 10ms/step
Epoch 567/800
17/17 - 0s - loss: 0.0189 - mae: 0.0189 - mse: 8.6008e-04 - 175ms/epoch - 10ms/step
Epoch 568/800
17/17 - 0s - loss: 0.0203 - mae: 0.0203 - mse: 9.4707e-04 - 175ms/epoch - 10ms/step
Epoch 569/800
17/17 - 0s - loss: 0.0183 - mae: 0.0183 - mse: 8.0157e-04 - 175ms/epoch - 10ms/step
Epoch 570/800
17/17 - 0s - loss: 0.0212 - mae: 0.0212 - mse: 9.7139e-04 - 175ms/epoch - 10ms/step
Epoch 571/800
17/17 - 0s - loss: 0.0206 - mae: 0.0206 - mse: 9.3445e-04 - 175ms/epoch - 10ms/step
Epoch 572/800
17/17 - 0s - loss: 0.0189 - mae: 0.0189 - mse: 8.6043e-04 - 176ms/epoch - 10ms/step
Epoch 573/800
17/17 - 0s - loss: 0.0177 - mae: 0.0177 - mse: 8.1256e-04 - 176ms/epoch - 10ms/step
Epoch 574/800
17/17 - 0s - loss: 0.0184 - mae: 0.0184 - mse: 8.6299e-04 - 175ms/epoch - 10ms/step
Epoch 575/800
17/17 - 0s - loss: 0.0190 - mae: 0.0190 - mse: 8.5962e-04 - 175ms/epoch - 10ms/step
Epoch 576/800
17/17 - 0s - loss: 0.0211 - mae: 0.0211 - mse: 9.7796e-04 - 175ms/epoch - 10ms/step
Epoch 577/800
17/17 - 0s - loss: 0.0178 - mae: 0.0178 - mse: 8.0443e-04 - 176ms/epoch - 10ms/step
Epoch 578/800
17/17 - 0s - loss: 0.0176 - mae: 0.0176 - mse: 7.7259e-04 - 175ms/epoch - 10ms/step
Epoch 579/800
17/17 - 0s - loss: 0.0192 - mae: 0.0192 - mse: 8.6749e-04 - 175ms/epoch - 10ms/step
Epoch 580/800
17/17 - 0s - loss: 0.0180 - mae: 0.0180 - mse: 8.2935e-04 - 175ms/epoch - 10ms/step
Epoch 581/800
17/17 - 0s - loss: 0.0176 - mae: 0.0176 - mse: 7.8441e-04 - 176ms/epoch - 10ms/step
Epoch 582/800
17/17 - 0s - loss: 0.0169 - mae: 0.0169 - mse: 7.4281e-04 - 176ms/epoch - 10ms/step
Epoch 583/800
17/17 - 0s - loss: 0.0190 - mae: 0.0190 - mse: 8.2022e-04 - 175ms/epoch - 10ms/step
Epoch 584/800
17/17 - 0s - loss: 0.0206 - mae: 0.0206 - mse: 9.8630e-04 - 176ms/epoch - 10ms/step
Epoch 585/800
17/17 - 0s - loss: 0.0197 - mae: 0.0197 - mse: 9.1215e-04 - 176ms/epoch - 10ms/step
Epoch 586/800
17/17 - 0s - loss: 0.0184 - mae: 0.0184 - mse: 8.4502e-04 - 175ms/epoch - 10ms/step
Epoch 587/800
17/17 - 0s - loss: 0.0202 - mae: 0.0202 - mse: 0.0010 - 175ms/epoch - 10ms/step
Epoch 588/800
17/17 - 0s - loss: 0.0184 - mae: 0.0184 - mse: 8.6204e-04 - 175ms/epoch - 10ms/step
Epoch 589/800
17/17 - 0s - loss: 0.0194 - mae: 0.0194 - mse: 9.0279e-04 - 175ms/epoch - 10ms/step
Epoch 590/800
17/17 - 0s - loss: 0.0193 - mae: 0.0193 - mse: 8.8580e-04 - 176ms/epoch - 10ms/step
Epoch 591/800
17/17 - 0s - loss: 0.0194 - mae: 0.0194 - mse: 8.9966e-04 - 175ms/epoch - 10ms/step
Epoch 592/800
17/17 - 0s - loss: 0.0183 - mae: 0.0183 - mse: 8.1816e-04 - 175ms/epoch - 10ms/step
Epoch 593/800
17/17 - 0s - loss: 0.0186 - mae: 0.0186 - mse: 8.9870e-04 - 176ms/epoch - 10ms/step
Epoch 594/800
17/17 - 0s - loss: 0.0176 - mae: 0.0176 - mse: 7.7823e-04 - 176ms/epoch - 10ms/step
Epoch 595/800
17/17 - 0s - loss: 0.0169 - mae: 0.0169 - mse: 7.3881e-04 - 176ms/epoch - 10ms/step
Epoch 596/800
17/17 - 0s - loss: 0.0159 - mae: 0.0159 - mse: 7.0610e-04 - 175ms/epoch - 10ms/step
Epoch 597/800
17/17 - 0s - loss: 0.0159 - mae: 0.0159 - mse: 6.9733e-04 - 176ms/epoch - 10ms/step
Epoch 598/800
17/17 - 0s - loss: 0.0153 - mae: 0.0153 - mse: 6.6535e-04 - 175ms/epoch - 10ms/step
Epoch 599/800
17/17 - 0s - loss: 0.0161 - mae: 0.0161 - mse: 6.8392e-04 - 175ms/epoch - 10ms/step
Epoch 600/800
17/17 - 0s - loss: 0.0159 - mae: 0.0159 - mse: 7.2518e-04 - 176ms/epoch - 10ms/step
Epoch 601/800
17/17 - 0s - loss: 0.0177 - mae: 0.0177 - mse: 8.2415e-04 - 176ms/epoch - 10ms/step
Epoch 602/800
17/17 - 0s - loss: 0.0183 - mae: 0.0183 - mse: 8.0781e-04 - 175ms/epoch - 10ms/step
Epoch 603/800
17/17 - 0s - loss: 0.0181 - mae: 0.0181 - mse: 7.9197e-04 - 175ms/epoch - 10ms/step
Epoch 604/800
17/17 - 0s - loss: 0.0175 - mae: 0.0175 - mse: 7.9187e-04 - 175ms/epoch - 10ms/step
Epoch 605/800
17/17 - 0s - loss: 0.0153 - mae: 0.0153 - mse: 6.4726e-04 - 176ms/epoch - 10ms/step
Epoch 606/800
17/17 - 0s - loss: 0.0170 - mae: 0.0170 - mse: 7.4990e-04 - 175ms/epoch - 10ms/step
Epoch 607/800
17/17 - 0s - loss: 0.0167 - mae: 0.0167 - mse: 7.3093e-04 - 175ms/epoch - 10ms/step
Epoch 608/800
17/17 - 0s - loss: 0.0155 - mae: 0.0155 - mse: 7.2547e-04 - 176ms/epoch - 10ms/step
Epoch 609/800
17/17 - 0s - loss: 0.0154 - mae: 0.0154 - mse: 7.0629e-04 - 177ms/epoch - 10ms/step
Epoch 610/800
17/17 - 0s - loss: 0.0151 - mae: 0.0151 - mse: 6.8345e-04 - 176ms/epoch - 10ms/step
Epoch 611/800
17/17 - 0s - loss: 0.0149 - mae: 0.0149 - mse: 6.7259e-04 - 175ms/epoch - 10ms/step
Epoch 612/800
17/17 - 0s - loss: 0.0191 - mae: 0.0191 - mse: 8.7583e-04 - 176ms/epoch - 10ms/step
Epoch 613/800
17/17 - 0s - loss: 0.0201 - mae: 0.0201 - mse: 9.3506e-04 - 175ms/epoch - 10ms/step
Epoch 614/800
17/17 - 0s - loss: 0.0218 - mae: 0.0218 - mse: 0.0010 - 176ms/epoch - 10ms/step
Epoch 615/800
17/17 - 0s - loss: 0.0192 - mae: 0.0192 - mse: 8.9487e-04 - 175ms/epoch - 10ms/step
Epoch 616/800
17/17 - 0s - loss: 0.0158 - mae: 0.0158 - mse: 6.9302e-04 - 175ms/epoch - 10ms/step
Epoch 617/800
17/17 - 0s - loss: 0.0145 - mae: 0.0145 - mse: 6.2637e-04 - 176ms/epoch - 10ms/step
Epoch 618/800
17/17 - 0s - loss: 0.0171 - mae: 0.0171 - mse: 7.6129e-04 - 175ms/epoch - 10ms/step
Epoch 619/800
17/17 - 0s - loss: 0.0166 - mae: 0.0166 - mse: 7.6258e-04 - 175ms/epoch - 10ms/step
Epoch 620/800
17/17 - 0s - loss: 0.0161 - mae: 0.0161 - mse: 6.9118e-04 - 175ms/epoch - 10ms/step
Epoch 621/800
17/17 - 0s - loss: 0.0166 - mae: 0.0166 - mse: 7.3530e-04 - 175ms/epoch - 10ms/step
Epoch 622/800
17/17 - 0s - loss: 0.0183 - mae: 0.0183 - mse: 8.2259e-04 - 175ms/epoch - 10ms/step
Epoch 623/800
17/17 - 0s - loss: 0.0155 - mae: 0.0155 - mse: 7.0780e-04 - 175ms/epoch - 10ms/step
Epoch 624/800
17/17 - 0s - loss: 0.0149 - mae: 0.0149 - mse: 6.5913e-04 - 175ms/epoch - 10ms/step
Epoch 625/800
17/17 - 0s - loss: 0.0154 - mae: 0.0154 - mse: 6.9752e-04 - 176ms/epoch - 10ms/step
Epoch 626/800
17/17 - 0s - loss: 0.0146 - mae: 0.0146 - mse: 6.2257e-04 - 176ms/epoch - 10ms/step
Epoch 627/800
17/17 - 0s - loss: 0.0145 - mae: 0.0145 - mse: 6.4730e-04 - 176ms/epoch - 10ms/step
Epoch 628/800
17/17 - 0s - loss: 0.0151 - mae: 0.0151 - mse: 6.3935e-04 - 176ms/epoch - 10ms/step
Epoch 629/800
17/17 - 0s - loss: 0.0150 - mae: 0.0150 - mse: 6.5215e-04 - 175ms/epoch - 10ms/step
Epoch 630/800
17/17 - 0s - loss: 0.0150 - mae: 0.0150 - mse: 6.6912e-04 - 176ms/epoch - 10ms/step
Epoch 631/800
17/17 - 0s - loss: 0.0171 - mae: 0.0171 - mse: 7.6065e-04 - 176ms/epoch - 10ms/step
Epoch 632/800
17/17 - 0s - loss: 0.0155 - mae: 0.0155 - mse: 6.9394e-04 - 175ms/epoch - 10ms/step
Epoch 633/800
17/17 - 0s - loss: 0.0144 - mae: 0.0144 - mse: 6.2542e-04 - 176ms/epoch - 10ms/step
Epoch 634/800
17/17 - 0s - loss: 0.0150 - mae: 0.0150 - mse: 6.5698e-04 - 175ms/epoch - 10ms/step
Epoch 635/800
17/17 - 0s - loss: 0.0137 - mae: 0.0137 - mse: 5.8889e-04 - 175ms/epoch - 10ms/step
Epoch 636/800
17/17 - 0s - loss: 0.0152 - mae: 0.0152 - mse: 6.5991e-04 - 176ms/epoch - 10ms/step
Epoch 637/800
17/17 - 0s - loss: 0.0141 - mae: 0.0141 - mse: 6.3336e-04 - 176ms/epoch - 10ms/step
Epoch 638/800
17/17 - 0s - loss: 0.0135 - mae: 0.0135 - mse: 6.1837e-04 - 176ms/epoch - 10ms/step
Epoch 639/800
17/17 - 0s - loss: 0.0147 - mae: 0.0147 - mse: 6.4320e-04 - 175ms/epoch - 10ms/step
Epoch 640/800
17/17 - 0s - loss: 0.0146 - mae: 0.0146 - mse: 6.2266e-04 - 177ms/epoch - 10ms/step
Epoch 641/800
17/17 - 0s - loss: 0.0141 - mae: 0.0141 - mse: 6.2874e-04 - 176ms/epoch - 10ms/step
Epoch 642/800
17/17 - 0s - loss: 0.0154 - mae: 0.0154 - mse: 6.4978e-04 - 176ms/epoch - 10ms/step
Epoch 643/800
17/17 - 0s - loss: 0.0156 - mae: 0.0156 - mse: 7.0870e-04 - 175ms/epoch - 10ms/step
Epoch 644/800
17/17 - 0s - loss: 0.0155 - mae: 0.0155 - mse: 6.9243e-04 - 175ms/epoch - 10ms/step
Epoch 645/800
17/17 - 0s - loss: 0.0133 - mae: 0.0133 - mse: 5.8694e-04 - 176ms/epoch - 10ms/step
Epoch 646/800
17/17 - 0s - loss: 0.0132 - mae: 0.0132 - mse: 5.7631e-04 - 175ms/epoch - 10ms/step
Epoch 647/800
17/17 - 0s - loss: 0.0156 - mae: 0.0156 - mse: 7.0416e-04 - 176ms/epoch - 10ms/step
Epoch 648/800
17/17 - 0s - loss: 0.0137 - mae: 0.0137 - mse: 5.8372e-04 - 175ms/epoch - 10ms/step
Epoch 649/800
17/17 - 0s - loss: 0.0119 - mae: 0.0119 - mse: 5.2342e-04 - 176ms/epoch - 10ms/step
Epoch 650/800
17/17 - 0s - loss: 0.0110 - mae: 0.0110 - mse: 4.9627e-04 - 175ms/epoch - 10ms/step
Epoch 651/800
17/17 - 0s - loss: 0.0117 - mae: 0.0117 - mse: 5.2680e-04 - 175ms/epoch - 10ms/step
Epoch 652/800
17/17 - 0s - loss: 0.0117 - mae: 0.0117 - mse: 5.3249e-04 - 175ms/epoch - 10ms/step
Epoch 653/800
17/17 - 0s - loss: 0.0141 - mae: 0.0141 - mse: 6.1542e-04 - 176ms/epoch - 10ms/step
Epoch 654/800
17/17 - 0s - loss: 0.0145 - mae: 0.0145 - mse: 6.6829e-04 - 175ms/epoch - 10ms/step
Epoch 655/800
17/17 - 0s - loss: 0.0150 - mae: 0.0150 - mse: 6.4800e-04 - 175ms/epoch - 10ms/step
Epoch 656/800
17/17 - 0s - loss: 0.0145 - mae: 0.0145 - mse: 6.3405e-04 - 175ms/epoch - 10ms/step
Epoch 657/800
17/17 - 0s - loss: 0.0131 - mae: 0.0131 - mse: 5.7150e-04 - 175ms/epoch - 10ms/step
Epoch 658/800
17/17 - 0s - loss: 0.0114 - mae: 0.0114 - mse: 5.2804e-04 - 175ms/epoch - 10ms/step
Epoch 659/800
17/17 - 0s - loss: 0.0123 - mae: 0.0123 - mse: 5.4327e-04 - 175ms/epoch - 10ms/step
Epoch 660/800
17/17 - 0s - loss: 0.0117 - mae: 0.0117 - mse: 5.2592e-04 - 175ms/epoch - 10ms/step
Epoch 661/800
17/17 - 0s - loss: 0.0117 - mae: 0.0117 - mse: 5.2632e-04 - 176ms/epoch - 10ms/step
Epoch 662/800
17/17 - 0s - loss: 0.0116 - mae: 0.0116 - mse: 5.7305e-04 - 176ms/epoch - 10ms/step
Epoch 663/800
17/17 - 0s - loss: 0.0129 - mae: 0.0129 - mse: 5.6493e-04 - 176ms/epoch - 10ms/step
Epoch 664/800
17/17 - 0s - loss: 0.0132 - mae: 0.0132 - mse: 5.8437e-04 - 175ms/epoch - 10ms/step
Epoch 665/800
17/17 - 0s - loss: 0.0126 - mae: 0.0126 - mse: 5.7113e-04 - 176ms/epoch - 10ms/step
Epoch 666/800
17/17 - 0s - loss: 0.0111 - mae: 0.0111 - mse: 5.2083e-04 - 176ms/epoch - 10ms/step
Epoch 667/800
17/17 - 0s - loss: 0.0117 - mae: 0.0117 - mse: 5.3133e-04 - 175ms/epoch - 10ms/step
Epoch 668/800
17/17 - 0s - loss: 0.0110 - mae: 0.0110 - mse: 4.9699e-04 - 175ms/epoch - 10ms/step
Epoch 669/800
17/17 - 0s - loss: 0.0117 - mae: 0.0117 - mse: 5.2504e-04 - 176ms/epoch - 10ms/step
Epoch 670/800
17/17 - 0s - loss: 0.0122 - mae: 0.0122 - mse: 5.2988e-04 - 175ms/epoch - 10ms/step
Epoch 671/800
17/17 - 0s - loss: 0.0125 - mae: 0.0125 - mse: 5.4227e-04 - 175ms/epoch - 10ms/step
Epoch 672/800
17/17 - 0s - loss: 0.0120 - mae: 0.0120 - mse: 5.3293e-04 - 176ms/epoch - 10ms/step
Epoch 673/800
17/17 - 0s - loss: 0.0108 - mae: 0.0108 - mse: 5.1994e-04 - 175ms/epoch - 10ms/step
Epoch 674/800
17/17 - 0s - loss: 0.0109 - mae: 0.0109 - mse: 5.1807e-04 - 175ms/epoch - 10ms/step
Epoch 675/800
17/17 - 0s - loss: 0.0120 - mae: 0.0120 - mse: 5.3378e-04 - 176ms/epoch - 10ms/step
Epoch 676/800
17/17 - 0s - loss: 0.0112 - mae: 0.0112 - mse: 4.9418e-04 - 175ms/epoch - 10ms/step
Epoch 677/800
17/17 - 0s - loss: 0.0112 - mae: 0.0112 - mse: 5.2396e-04 - 176ms/epoch - 10ms/step
Epoch 678/800
17/17 - 0s - loss: 0.0121 - mae: 0.0121 - mse: 5.2918e-04 - 175ms/epoch - 10ms/step
Epoch 679/800
17/17 - 0s - loss: 0.0102 - mae: 0.0102 - mse: 4.7704e-04 - 175ms/epoch - 10ms/step
Epoch 680/800
17/17 - 0s - loss: 0.0107 - mae: 0.0107 - mse: 5.1439e-04 - 175ms/epoch - 10ms/step
Epoch 681/800
17/17 - 0s - loss: 0.0105 - mae: 0.0105 - mse: 4.8784e-04 - 175ms/epoch - 10ms/step
Epoch 682/800
17/17 - 0s - loss: 0.0104 - mae: 0.0104 - mse: 4.9590e-04 - 176ms/epoch - 10ms/step
Epoch 683/800
17/17 - 0s - loss: 0.0113 - mae: 0.0113 - mse: 5.2021e-04 - 176ms/epoch - 10ms/step
Epoch 684/800
17/17 - 0s - loss: 0.0098 - mae: 0.0098 - mse: 4.8846e-04 - 176ms/epoch - 10ms/step
Epoch 685/800
17/17 - 0s - loss: 0.0114 - mae: 0.0114 - mse: 5.0794e-04 - 176ms/epoch - 10ms/step
Epoch 686/800
17/17 - 0s - loss: 0.0115 - mae: 0.0115 - mse: 5.0944e-04 - 175ms/epoch - 10ms/step
Epoch 687/800
17/17 - 0s - loss: 0.0101 - mae: 0.0101 - mse: 4.9814e-04 - 175ms/epoch - 10ms/step
Epoch 688/800
17/17 - 0s - loss: 0.0109 - mae: 0.0109 - mse: 4.9948e-04 - 175ms/epoch - 10ms/step
Epoch 689/800
17/17 - 0s - loss: 0.0105 - mae: 0.0105 - mse: 4.9721e-04 - 175ms/epoch - 10ms/step
Epoch 690/800
17/17 - 0s - loss: 0.0100 - mae: 0.0100 - mse: 4.8010e-04 - 175ms/epoch - 10ms/step
Epoch 691/800
17/17 - 0s - loss: 0.0095 - mae: 0.0095 - mse: 4.7489e-04 - 176ms/epoch - 10ms/step
Epoch 692/800
17/17 - 0s - loss: 0.0097 - mae: 0.0097 - mse: 4.5457e-04 - 175ms/epoch - 10ms/step
Epoch 693/800
17/17 - 0s - loss: 0.0091 - mae: 0.0091 - mse: 4.5005e-04 - 175ms/epoch - 10ms/step
Epoch 694/800
17/17 - 0s - loss: 0.0090 - mae: 0.0090 - mse: 4.6392e-04 - 175ms/epoch - 10ms/step
Epoch 695/800
17/17 - 0s - loss: 0.0087 - mae: 0.0087 - mse: 4.4677e-04 - 175ms/epoch - 10ms/step
Epoch 696/800
17/17 - 0s - loss: 0.0088 - mae: 0.0088 - mse: 4.5740e-04 - 175ms/epoch - 10ms/step
Epoch 697/800
17/17 - 0s - loss: 0.0113 - mae: 0.0113 - mse: 5.4309e-04 - 175ms/epoch - 10ms/step
Epoch 698/800
17/17 - 0s - loss: 0.0100 - mae: 0.0100 - mse: 4.8687e-04 - 176ms/epoch - 10ms/step
Epoch 699/800
17/17 - 0s - loss: 0.0093 - mae: 0.0093 - mse: 4.5116e-04 - 176ms/epoch - 10ms/step
Epoch 700/800
17/17 - 0s - loss: 0.0101 - mae: 0.0101 - mse: 4.8628e-04 - 175ms/epoch - 10ms/step
Epoch 701/800
17/17 - 0s - loss: 0.0085 - mae: 0.0085 - mse: 4.3826e-04 - 175ms/epoch - 10ms/step
Epoch 702/800
17/17 - 0s - loss: 0.0089 - mae: 0.0089 - mse: 4.4245e-04 - 175ms/epoch - 10ms/step
Epoch 703/800
17/17 - 0s - loss: 0.0090 - mae: 0.0090 - mse: 4.3260e-04 - 176ms/epoch - 10ms/step
Epoch 704/800
17/17 - 0s - loss: 0.0091 - mae: 0.0091 - mse: 4.6852e-04 - 175ms/epoch - 10ms/step
Epoch 705/800
17/17 - 0s - loss: 0.0101 - mae: 0.0101 - mse: 4.7848e-04 - 176ms/epoch - 10ms/step
Epoch 706/800
17/17 - 0s - loss: 0.0104 - mae: 0.0104 - mse: 4.9278e-04 - 176ms/epoch - 10ms/step
Epoch 707/800
17/17 - 0s - loss: 0.0087 - mae: 0.0087 - mse: 4.4611e-04 - 176ms/epoch - 10ms/step
Epoch 708/800
17/17 - 0s - loss: 0.0083 - mae: 0.0083 - mse: 4.4414e-04 - 175ms/epoch - 10ms/step
Epoch 709/800
17/17 - 0s - loss: 0.0083 - mae: 0.0083 - mse: 4.3625e-04 - 175ms/epoch - 10ms/step
Epoch 710/800
17/17 - 0s - loss: 0.0080 - mae: 0.0080 - mse: 4.3397e-04 - 175ms/epoch - 10ms/step
Epoch 711/800
17/17 - 0s - loss: 0.0076 - mae: 0.0076 - mse: 4.2201e-04 - 175ms/epoch - 10ms/step
Epoch 712/800
17/17 - 0s - loss: 0.0079 - mae: 0.0079 - mse: 4.2242e-04 - 175ms/epoch - 10ms/step
Epoch 713/800
17/17 - 0s - loss: 0.0081 - mae: 0.0081 - mse: 4.3332e-04 - 175ms/epoch - 10ms/step
Epoch 714/800
17/17 - 0s - loss: 0.0086 - mae: 0.0086 - mse: 4.4875e-04 - 175ms/epoch - 10ms/step
Epoch 715/800
17/17 - 0s - loss: 0.0078 - mae: 0.0078 - mse: 4.2248e-04 - 175ms/epoch - 10ms/step
Epoch 716/800
17/17 - 0s - loss: 0.0079 - mae: 0.0079 - mse: 4.3417e-04 - 175ms/epoch - 10ms/step
Epoch 717/800
17/17 - 0s - loss: 0.0074 - mae: 0.0074 - mse: 4.2541e-04 - 175ms/epoch - 10ms/step
Epoch 718/800
17/17 - 0s - loss: 0.0072 - mae: 0.0072 - mse: 4.1733e-04 - 175ms/epoch - 10ms/step
Epoch 719/800
17/17 - 0s - loss: 0.0068 - mae: 0.0068 - mse: 4.1532e-04 - 176ms/epoch - 10ms/step
Epoch 720/800
17/17 - 0s - loss: 0.0074 - mae: 0.0074 - mse: 4.2097e-04 - 175ms/epoch - 10ms/step
Epoch 721/800
17/17 - 0s - loss: 0.0085 - mae: 0.0085 - mse: 4.4242e-04 - 176ms/epoch - 10ms/step
Epoch 722/800
17/17 - 0s - loss: 0.0093 - mae: 0.0093 - mse: 4.5223e-04 - 176ms/epoch - 10ms/step
Epoch 723/800
17/17 - 0s - loss: 0.0084 - mae: 0.0084 - mse: 4.3782e-04 - 175ms/epoch - 10ms/step
Epoch 724/800
17/17 - 0s - loss: 0.0079 - mae: 0.0079 - mse: 4.2581e-04 - 175ms/epoch - 10ms/step
Epoch 725/800
17/17 - 0s - loss: 0.0073 - mae: 0.0073 - mse: 4.2106e-04 - 176ms/epoch - 10ms/step
Epoch 726/800
17/17 - 0s - loss: 0.0073 - mae: 0.0073 - mse: 4.1739e-04 - 176ms/epoch - 10ms/step
Epoch 727/800
17/17 - 0s - loss: 0.0074 - mae: 0.0074 - mse: 4.1488e-04 - 175ms/epoch - 10ms/step
Epoch 728/800
17/17 - 0s - loss: 0.0072 - mae: 0.0072 - mse: 4.2509e-04 - 175ms/epoch - 10ms/step
Epoch 729/800
17/17 - 0s - loss: 0.0068 - mae: 0.0068 - mse: 4.1087e-04 - 175ms/epoch - 10ms/step
Epoch 730/800
17/17 - 0s - loss: 0.0066 - mae: 0.0066 - mse: 4.0061e-04 - 175ms/epoch - 10ms/step
Epoch 731/800
17/17 - 0s - loss: 0.0068 - mae: 0.0068 - mse: 4.0650e-04 - 175ms/epoch - 10ms/step
Epoch 732/800
17/17 - 0s - loss: 0.0067 - mae: 0.0067 - mse: 4.0144e-04 - 175ms/epoch - 10ms/step
Epoch 733/800
17/17 - 0s - loss: 0.0075 - mae: 0.0075 - mse: 4.2452e-04 - 176ms/epoch - 10ms/step
Epoch 734/800
17/17 - 0s - loss: 0.0064 - mae: 0.0064 - mse: 4.0504e-04 - 176ms/epoch - 10ms/step
Epoch 735/800
17/17 - 0s - loss: 0.0064 - mae: 0.0064 - mse: 4.0142e-04 - 176ms/epoch - 10ms/step
Epoch 736/800
17/17 - 0s - loss: 0.0072 - mae: 0.0072 - mse: 4.2337e-04 - 175ms/epoch - 10ms/step
Epoch 737/800
17/17 - 0s - loss: 0.0066 - mae: 0.0066 - mse: 4.0991e-04 - 176ms/epoch - 10ms/step
Epoch 738/800
17/17 - 0s - loss: 0.0061 - mae: 0.0061 - mse: 3.9474e-04 - 176ms/epoch - 10ms/step
Epoch 739/800
17/17 - 0s - loss: 0.0058 - mae: 0.0058 - mse: 3.9477e-04 - 175ms/epoch - 10ms/step
Epoch 740/800
17/17 - 0s - loss: 0.0059 - mae: 0.0059 - mse: 4.0048e-04 - 175ms/epoch - 10ms/step
Epoch 741/800
17/17 - 0s - loss: 0.0060 - mae: 0.0060 - mse: 3.9943e-04 - 175ms/epoch - 10ms/step
Epoch 742/800
17/17 - 0s - loss: 0.0063 - mae: 0.0063 - mse: 3.9651e-04 - 176ms/epoch - 10ms/step
Epoch 743/800
17/17 - 0s - loss: 0.0058 - mae: 0.0058 - mse: 3.8584e-04 - 176ms/epoch - 10ms/step
Epoch 744/800
17/17 - 0s - loss: 0.0055 - mae: 0.0055 - mse: 3.8440e-04 - 176ms/epoch - 10ms/step
Epoch 745/800
17/17 - 0s - loss: 0.0055 - mae: 0.0055 - mse: 3.8783e-04 - 175ms/epoch - 10ms/step
Epoch 746/800
17/17 - 0s - loss: 0.0056 - mae: 0.0056 - mse: 3.9596e-04 - 176ms/epoch - 10ms/step
Epoch 747/800
17/17 - 0s - loss: 0.0055 - mae: 0.0055 - mse: 3.8825e-04 - 176ms/epoch - 10ms/step
Epoch 748/800
17/17 - 0s - loss: 0.0051 - mae: 0.0051 - mse: 3.8574e-04 - 176ms/epoch - 10ms/step
Epoch 749/800
17/17 - 0s - loss: 0.0052 - mae: 0.0052 - mse: 3.9080e-04 - 176ms/epoch - 10ms/step
Epoch 750/800
17/17 - 0s - loss: 0.0054 - mae: 0.0054 - mse: 3.8927e-04 - 175ms/epoch - 10ms/step
Epoch 751/800
17/17 - 0s - loss: 0.0058 - mae: 0.0058 - mse: 3.9005e-04 - 176ms/epoch - 10ms/step
Epoch 752/800
17/17 - 0s - loss: 0.0052 - mae: 0.0052 - mse: 3.8640e-04 - 175ms/epoch - 10ms/step
Epoch 753/800
17/17 - 0s - loss: 0.0054 - mae: 0.0054 - mse: 3.8647e-04 - 175ms/epoch - 10ms/step
Epoch 754/800
17/17 - 0s - loss: 0.0053 - mae: 0.0053 - mse: 3.8098e-04 - 176ms/epoch - 10ms/step
Epoch 755/800
17/17 - 0s - loss: 0.0050 - mae: 0.0050 - mse: 3.8505e-04 - 176ms/epoch - 10ms/step
Epoch 756/800
17/17 - 0s - loss: 0.0050 - mae: 0.0050 - mse: 3.8175e-04 - 176ms/epoch - 10ms/step
Epoch 757/800
17/17 - 0s - loss: 0.0051 - mae: 0.0051 - mse: 3.8439e-04 - 176ms/epoch - 10ms/step
Epoch 758/800
17/17 - 0s - loss: 0.0050 - mae: 0.0050 - mse: 3.9147e-04 - 175ms/epoch - 10ms/step
Epoch 759/800
17/17 - 0s - loss: 0.0046 - mae: 0.0046 - mse: 3.7546e-04 - 176ms/epoch - 10ms/step
Epoch 760/800
17/17 - 0s - loss: 0.0045 - mae: 0.0045 - mse: 3.8116e-04 - 176ms/epoch - 10ms/step
Epoch 761/800
17/17 - 0s - loss: 0.0043 - mae: 0.0043 - mse: 3.7824e-04 - 176ms/epoch - 10ms/step
Epoch 762/800
17/17 - 0s - loss: 0.0043 - mae: 0.0043 - mse: 3.7876e-04 - 176ms/epoch - 10ms/step
Epoch 763/800
17/17 - 0s - loss: 0.0041 - mae: 0.0041 - mse: 3.7536e-04 - 175ms/epoch - 10ms/step
Epoch 764/800
17/17 - 0s - loss: 0.0043 - mae: 0.0043 - mse: 3.7578e-04 - 175ms/epoch - 10ms/step
Epoch 765/800
17/17 - 0s - loss: 0.0042 - mae: 0.0042 - mse: 3.7763e-04 - 176ms/epoch - 10ms/step
Epoch 766/800
17/17 - 0s - loss: 0.0040 - mae: 0.0040 - mse: 3.7526e-04 - 175ms/epoch - 10ms/step
Epoch 767/800
17/17 - 0s - loss: 0.0039 - mae: 0.0039 - mse: 3.8255e-04 - 175ms/epoch - 10ms/step
Epoch 768/800
17/17 - 0s - loss: 0.0040 - mae: 0.0040 - mse: 3.7425e-04 - 175ms/epoch - 10ms/step
Epoch 769/800
17/17 - 0s - loss: 0.0040 - mae: 0.0040 - mse: 3.7451e-04 - 175ms/epoch - 10ms/step
Epoch 770/800
17/17 - 0s - loss: 0.0038 - mae: 0.0038 - mse: 3.7372e-04 - 175ms/epoch - 10ms/step
Epoch 771/800
17/17 - 0s - loss: 0.0040 - mae: 0.0040 - mse: 3.7977e-04 - 175ms/epoch - 10ms/step
Epoch 772/800
17/17 - 0s - loss: 0.0039 - mae: 0.0039 - mse: 3.7626e-04 - 175ms/epoch - 10ms/step
Epoch 773/800
17/17 - 0s - loss: 0.0038 - mae: 0.0038 - mse: 3.7411e-04 - 175ms/epoch - 10ms/step
Epoch 774/800
17/17 - 0s - loss: 0.0036 - mae: 0.0036 - mse: 3.7294e-04 - 175ms/epoch - 10ms/step
Epoch 775/800
17/17 - 0s - loss: 0.0037 - mae: 0.0037 - mse: 3.7421e-04 - 175ms/epoch - 10ms/step
Epoch 776/800
17/17 - 0s - loss: 0.0037 - mae: 0.0037 - mse: 3.7235e-04 - 176ms/epoch - 10ms/step
Epoch 777/800
17/17 - 0s - loss: 0.0038 - mae: 0.0038 - mse: 3.7827e-04 - 175ms/epoch - 10ms/step
Epoch 778/800
17/17 - 0s - loss: 0.0038 - mae: 0.0038 - mse: 3.7470e-04 - 175ms/epoch - 10ms/step
Epoch 779/800
17/17 - 0s - loss: 0.0038 - mae: 0.0038 - mse: 3.7476e-04 - 175ms/epoch - 10ms/step
Epoch 780/800
17/17 - 0s - loss: 0.0039 - mae: 0.0039 - mse: 3.7098e-04 - 175ms/epoch - 10ms/step
Epoch 781/800
17/17 - 0s - loss: 0.0039 - mae: 0.0039 - mse: 3.7430e-04 - 175ms/epoch - 10ms/step
Epoch 782/800
17/17 - 0s - loss: 0.0037 - mae: 0.0037 - mse: 3.7516e-04 - 176ms/epoch - 10ms/step
Epoch 783/800
17/17 - 0s - loss: 0.0038 - mae: 0.0038 - mse: 3.7293e-04 - 175ms/epoch - 10ms/step
Epoch 784/800
17/17 - 0s - loss: 0.0039 - mae: 0.0039 - mse: 3.7685e-04 - 176ms/epoch - 10ms/step
Epoch 785/800
17/17 - 0s - loss: 0.0038 - mae: 0.0038 - mse: 3.7324e-04 - 176ms/epoch - 10ms/step
Epoch 786/800
17/17 - 0s - loss: 0.0036 - mae: 0.0036 - mse: 3.7287e-04 - 175ms/epoch - 10ms/step
Epoch 787/800
17/17 - 0s - loss: 0.0036 - mae: 0.0036 - mse: 3.7356e-04 - 176ms/epoch - 10ms/step
Epoch 788/800
17/17 - 0s - loss: 0.0036 - mae: 0.0036 - mse: 3.7503e-04 - 175ms/epoch - 10ms/step
Epoch 789/800
17/17 - 0s - loss: 0.0039 - mae: 0.0039 - mse: 3.7696e-04 - 176ms/epoch - 10ms/step
Epoch 790/800
17/17 - 0s - loss: 0.0039 - mae: 0.0039 - mse: 3.7516e-04 - 175ms/epoch - 10ms/step
Epoch 791/800
17/17 - 0s - loss: 0.0041 - mae: 0.0041 - mse: 3.7609e-04 - 175ms/epoch - 10ms/step
Epoch 792/800
17/17 - 0s - loss: 0.0038 - mae: 0.0038 - mse: 3.7770e-04 - 176ms/epoch - 10ms/step
Epoch 793/800
17/17 - 0s - loss: 0.0038 - mae: 0.0038 - mse: 3.7661e-04 - 176ms/epoch - 10ms/step
Epoch 794/800
17/17 - 0s - loss: 0.0036 - mae: 0.0036 - mse: 3.7262e-04 - 175ms/epoch - 10ms/step
Epoch 795/800
17/17 - 0s - loss: 0.0037 - mae: 0.0037 - mse: 3.7663e-04 - 176ms/epoch - 10ms/step
Epoch 796/800
17/17 - 0s - loss: 0.0038 - mae: 0.0038 - mse: 3.7357e-04 - 175ms/epoch - 10ms/step
Epoch 797/800
17/17 - 0s - loss: 0.0036 - mae: 0.0036 - mse: 3.6974e-04 - 176ms/epoch - 10ms/step
Epoch 798/800
17/17 - 0s - loss: 0.0035 - mae: 0.0035 - mse: 3.7346e-04 - 175ms/epoch - 10ms/step
Epoch 799/800
17/17 - 0s - loss: 0.0035 - mae: 0.0035 - mse: 3.7002e-04 - 175ms/epoch - 10ms/step
Epoch 800/800
17/17 - 0s - loss: 0.0040 - mae: 0.0040 - mse: 3.7386e-04 - 175ms/epoch - 10ms/step
Training finished in 148.44 seconds.
1/9 [==>...........................] - ETA: 10s9/9 [==============================] - ETA: 0s 9/9 [==============================] - 1s 7ms/step
Fold 3 MAE: 0.1385

--- Starting Fold 4/5 ---
INFO:kgcnn.model.utils:Updated model kwargs: '{'name': 'coGN', 'inputs': {'offset': {'shape': (None, 3), 'name': 'offset', 'dtype': 'float32', 'ragged': True}, 'cell_translation': None, 'affine_matrix': None, 'voronoi_ridge_area': None, 'atomic_number': {'shape': (None,), 'name': 'atomic_number', 'dtype': 'int32', 'ragged': True}, 'frac_coords': None, 'coords': None, 'multiplicity': {'shape': (None,), 'name': 'multiplicity', 'dtype': 'int32', 'ragged': True}, 'lattice_matrix': None, 'edge_indices': {'shape': (None, 2), 'name': 'edge_indices', 'dtype': 'int32', 'ragged': True}, 'line_graph_edge_indices': None}, 'input_block_cfg': {'node_size': 128, 'edge_size': 128, 'atomic_mass': True, 'atomic_radius': True, 'electronegativity': True, 'ionization_energy': True, 'oxidation_states': True, 'edge_embedding_args': {'bins_distance': 32, 'max_distance': 8.0, 'distance_log_base': 1.0, 'bins_voronoi_area': None, 'max_voronoi_area': None}}, 'processing_blocks_cfg': [{'edge_mlp': {'units': [128, 128, 128, 128, 128], 'activation': ['swish', 'swish', 'swish', 'swish', 'swish']}, 'node_mlp': {'units': [128], 'activation': ['swish']}, 'global_mlp': None, 'nested_blocks_cfgs': None, 'aggregate_edges_local': 'sum', 'aggregate_edges_global': None, 'aggregate_nodes': None, 'return_updated_edges': False, 'return_updated_nodes': True, 'return_updated_globals': True, 'edge_attention_mlp_local': {'units': [32, 1], 'activation': ['swish', 'swish']}, 'edge_attention_mlp_global': {'units': [32, 1], 'activation': ['swish', 'swish']}, 'node_attention_mlp': {'units': [32, 1], 'activation': ['swish', 'swish']}, 'edge_gate': None, 'node_gate': None, 'global_gate': None, 'residual_node_update': True, 'residual_edge_update': False, 'residual_global_update': False, 'update_edges_input': [True, True, True, False], 'update_nodes_input': [True, False, False], 'update_global_input': [False, True, False], 'multiplicity_readout': False}, {'edge_mlp': {'units': [128, 128, 128, 128, 128], 'activation': ['swish', 'swish', 'swish', 'swish', 'swish']}, 'node_mlp': {'units': [128], 'activation': ['swish']}, 'global_mlp': None, 'nested_blocks_cfgs': None, 'aggregate_edges_local': 'sum', 'aggregate_edges_global': None, 'aggregate_nodes': None, 'return_updated_edges': False, 'return_updated_nodes': True, 'return_updated_globals': True, 'edge_attention_mlp_local': {'units': [32, 1], 'activation': ['swish', 'swish']}, 'edge_attention_mlp_global': {'units': [32, 1], 'activation': ['swish', 'swish']}, 'node_attention_mlp': {'units': [32, 1], 'activation': ['swish', 'swish']}, 'edge_gate': None, 'node_gate': None, 'global_gate': None, 'residual_node_update': True, 'residual_edge_update': False, 'residual_global_update': False, 'update_edges_input': [True, True, True, False], 'update_nodes_input': [True, False, False], 'update_global_input': [False, True, False], 'multiplicity_readout': False}, {'edge_mlp': {'units': [128, 128, 128, 128, 128], 'activation': ['swish', 'swish', 'swish', 'swish', 'swish']}, 'node_mlp': {'units': [128], 'activation': ['swish']}, 'global_mlp': None, 'nested_blocks_cfgs': None, 'aggregate_edges_local': 'sum', 'aggregate_edges_global': None, 'aggregate_nodes': None, 'return_updated_edges': False, 'return_updated_nodes': True, 'return_updated_globals': True, 'edge_attention_mlp_local': {'units': [32, 1], 'activation': ['swish', 'swish']}, 'edge_attention_mlp_global': {'units': [32, 1], 'activation': ['swish', 'swish']}, 'node_attention_mlp': {'units': [32, 1], 'activation': ['swish', 'swish']}, 'edge_gate': None, 'node_gate': None, 'global_gate': None, 'residual_node_update': True, 'residual_edge_update': False, 'residual_global_update': False, 'update_edges_input': [True, True, True, False], 'update_nodes_input': [True, False, False], 'update_global_input': [False, True, False], 'multiplicity_readout': False}, {'edge_mlp': {'units': [128, 128, 128, 128, 128], 'activation': ['swish', 'swish', 'swish', 'swish', 'swish']}, 'node_mlp': {'units': [128], 'activation': ['swish']}, 'global_mlp': None, 'nested_blocks_cfgs': None, 'aggregate_edges_local': 'sum', 'aggregate_edges_global': None, 'aggregate_nodes': None, 'return_updated_edges': False, 'return_updated_nodes': True, 'return_updated_globals': True, 'edge_attention_mlp_local': {'units': [32, 1], 'activation': ['swish', 'swish']}, 'edge_attention_mlp_global': {'units': [32, 1], 'activation': ['swish', 'swish']}, 'node_attention_mlp': {'units': [32, 1], 'activation': ['swish', 'swish']}, 'edge_gate': None, 'node_gate': None, 'global_gate': None, 'residual_node_update': True, 'residual_edge_update': False, 'residual_global_update': False, 'update_edges_input': [True, True, True, False], 'update_nodes_input': [True, False, False], 'update_global_input': [False, True, False], 'multiplicity_readout': False}, {'edge_mlp': {'units': [128, 128, 128, 128, 128], 'activation': ['swish', 'swish', 'swish', 'swish', 'swish']}, 'node_mlp': {'units': [128], 'activation': ['swish']}, 'global_mlp': None, 'nested_blocks_cfgs': None, 'aggregate_edges_local': 'sum', 'aggregate_edges_global': None, 'aggregate_nodes': None, 'return_updated_edges': False, 'return_updated_nodes': True, 'return_updated_globals': True, 'edge_attention_mlp_local': {'units': [32, 1], 'activation': ['swish', 'swish']}, 'edge_attention_mlp_global': {'units': [32, 1], 'activation': ['swish', 'swish']}, 'node_attention_mlp': {'units': [32, 1], 'activation': ['swish', 'swish']}, 'edge_gate': None, 'node_gate': None, 'global_gate': None, 'residual_node_update': True, 'residual_edge_update': False, 'residual_global_update': False, 'update_edges_input': [True, True, True, False], 'update_nodes_input': [True, False, False], 'update_global_input': [False, True, False], 'multiplicity_readout': False}], 'output_block_cfg': {'edge_mlp': None, 'node_mlp': None, 'global_mlp': {'units': [1], 'activation': ['linear']}, 'nested_blocks_cfgs': None, 'aggregate_edges_local': 'sum', 'aggregate_edges_global': None, 'aggregate_nodes': 'mean', 'return_updated_edges': False, 'return_updated_nodes': True, 'return_updated_globals': True, 'edge_attention_mlp_local': {'units': [32, 1], 'activation': ['swish', 'swish']}, 'edge_attention_mlp_global': {'units': [32, 1], 'activation': ['swish', 'swish']}, 'node_attention_mlp': {'units': [32, 1], 'activation': ['swish', 'swish']}, 'edge_gate': None, 'node_gate': None, 'global_gate': None, 'residual_node_update': False, 'residual_edge_update': False, 'residual_global_update': False, 'update_edges_input': [True, True, True, False], 'update_nodes_input': [True, False, False], 'update_global_input': [False, True, False], 'multiplicity_readout': True}}'.
/gpfs/scratch/acad/htforft/rgouvea/other_datasets/processed_datasets/.venv/lib/python3.9/site-packages/kgcnn/crystal/periodic_table/periodic_table.py:30: FutureWarning: A value is trying to be set on a copy of a DataFrame or Series through chained assignment using an inplace method.
The behavior will change in pandas 3.0. This inplace method will never work because the intermediate object on which we are setting values always behaves as a copy.

For example, when doing 'df[col].method(value, inplace=True)', try using 'df.method({col: value}, inplace=True)' or df[col] = df[col].method(value) instead, to perform the operation inplace on the original object.


  self.data['AtomicRadius'].fillna(imputation_atomic_radius, inplace=True)
/gpfs/scratch/acad/htforft/rgouvea/other_datasets/processed_datasets/.venv/lib/python3.9/site-packages/kgcnn/crystal/periodic_table/periodic_table.py:32: FutureWarning: A value is trying to be set on a copy of a DataFrame or Series through chained assignment using an inplace method.
The behavior will change in pandas 3.0. This inplace method will never work because the intermediate object on which we are setting values always behaves as a copy.

For example, when doing 'df[col].method(value, inplace=True)', try using 'df.method({col: value}, inplace=True)' or df[col] = df[col].method(value) instead, to perform the operation inplace on the original object.


  self.data['Electronegativity'].fillna(imputation_electronegativity, inplace=True)
/gpfs/scratch/acad/htforft/rgouvea/other_datasets/processed_datasets/.venv/lib/python3.9/site-packages/kgcnn/crystal/periodic_table/periodic_table.py:33: FutureWarning: A value is trying to be set on a copy of a DataFrame or Series through chained assignment using an inplace method.
The behavior will change in pandas 3.0. This inplace method will never work because the intermediate object on which we are setting values always behaves as a copy.

For example, when doing 'df[col].method(value, inplace=True)', try using 'df.method({col: value}, inplace=True)' or df[col] = df[col].method(value) instead, to perform the operation inplace on the original object.


  self.data['IonizationEnergy'].fillna(imputation_ionization_energy, inplace=True)
[<KerasTensor: type_spec=RaggedTensorSpec(TensorShape([None, None, 3]), tf.float32, 1, tf.int64) (created by layer 'offset')>, <KerasTensor: type_spec=RaggedTensorSpec(TensorShape([None, None]), tf.int32, 1, tf.int64) (created by layer 'atomic_number')>, <KerasTensor: type_spec=RaggedTensorSpec(TensorShape([None, None]), tf.int32, 1, tf.int64) (created by layer 'multiplicity')>, <KerasTensor: type_spec=RaggedTensorSpec(TensorShape([None, None, 2]), tf.int32, 1, tf.int64) (created by layer 'edge_indices')>]
Training on 1045 samples...
Epoch 1/800
/gpfs/scratch/acad/htforft/rgouvea/other_datasets/processed_datasets/.venv/lib/python3.9/site-packages/tensorflow/python/framework/indexed_slices.py:444: UserWarning: Converting sparse IndexedSlices(IndexedSlices(indices=Tensor("gradient_tape/coGN/sequential_graph_network_8/graph_network_44/gather_embedding_selection_61/Reshape_1:0", shape=(None,), dtype=int32), values=Tensor("gradient_tape/coGN/sequential_graph_network_8/graph_network_44/gather_embedding_selection_61/Reshape:0", shape=(None, 128), dtype=float32), dense_shape=Tensor("gradient_tape/coGN/sequential_graph_network_8/graph_network_44/gather_embedding_selection_61/Cast:0", shape=(2,), dtype=int32))) to a dense Tensor of unknown shape. This may consume a large amount of memory.
  warnings.warn(
/gpfs/scratch/acad/htforft/rgouvea/other_datasets/processed_datasets/.venv/lib/python3.9/site-packages/tensorflow/python/framework/indexed_slices.py:444: UserWarning: Converting sparse IndexedSlices(IndexedSlices(indices=Tensor("gradient_tape/coGN/sequential_graph_network_8/graph_network_44/gather_embedding_selection_61/Reshape_3:0", shape=(None,), dtype=int32), values=Tensor("gradient_tape/coGN/sequential_graph_network_8/graph_network_44/gather_embedding_selection_61/Reshape_2:0", shape=(None, 128), dtype=float32), dense_shape=Tensor("gradient_tape/coGN/sequential_graph_network_8/graph_network_44/gather_embedding_selection_61/Cast_1:0", shape=(2,), dtype=int32))) to a dense Tensor of unknown shape. This may consume a large amount of memory.
  warnings.warn(
/gpfs/scratch/acad/htforft/rgouvea/other_datasets/processed_datasets/.venv/lib/python3.9/site-packages/tensorflow/python/framework/indexed_slices.py:444: UserWarning: Converting sparse IndexedSlices(IndexedSlices(indices=Tensor("gradient_tape/coGN/sequential_graph_network_8/graph_network_43/gather_embedding_selection_60/Reshape_1:0", shape=(None,), dtype=int32), values=Tensor("gradient_tape/coGN/sequential_graph_network_8/graph_network_43/gather_embedding_selection_60/Reshape:0", shape=(None, 128), dtype=float32), dense_shape=Tensor("gradient_tape/coGN/sequential_graph_network_8/graph_network_43/gather_embedding_selection_60/Cast:0", shape=(2,), dtype=int32))) to a dense Tensor of unknown shape. This may consume a large amount of memory.
  warnings.warn(
/gpfs/scratch/acad/htforft/rgouvea/other_datasets/processed_datasets/.venv/lib/python3.9/site-packages/tensorflow/python/framework/indexed_slices.py:444: UserWarning: Converting sparse IndexedSlices(IndexedSlices(indices=Tensor("gradient_tape/coGN/sequential_graph_network_8/graph_network_43/gather_embedding_selection_60/Reshape_3:0", shape=(None,), dtype=int32), values=Tensor("gradient_tape/coGN/sequential_graph_network_8/graph_network_43/gather_embedding_selection_60/Reshape_2:0", shape=(None, 128), dtype=float32), dense_shape=Tensor("gradient_tape/coGN/sequential_graph_network_8/graph_network_43/gather_embedding_selection_60/Cast_1:0", shape=(2,), dtype=int32))) to a dense Tensor of unknown shape. This may consume a large amount of memory.
  warnings.warn(
/gpfs/scratch/acad/htforft/rgouvea/other_datasets/processed_datasets/.venv/lib/python3.9/site-packages/tensorflow/python/framework/indexed_slices.py:444: UserWarning: Converting sparse IndexedSlices(IndexedSlices(indices=Tensor("gradient_tape/coGN/sequential_graph_network_8/graph_network_42/gather_embedding_selection_59/Reshape_1:0", shape=(None,), dtype=int32), values=Tensor("gradient_tape/coGN/sequential_graph_network_8/graph_network_42/gather_embedding_selection_59/Reshape:0", shape=(None, 128), dtype=float32), dense_shape=Tensor("gradient_tape/coGN/sequential_graph_network_8/graph_network_42/gather_embedding_selection_59/Cast:0", shape=(2,), dtype=int32))) to a dense Tensor of unknown shape. This may consume a large amount of memory.
  warnings.warn(
/gpfs/scratch/acad/htforft/rgouvea/other_datasets/processed_datasets/.venv/lib/python3.9/site-packages/tensorflow/python/framework/indexed_slices.py:444: UserWarning: Converting sparse IndexedSlices(IndexedSlices(indices=Tensor("gradient_tape/coGN/sequential_graph_network_8/graph_network_42/gather_embedding_selection_59/Reshape_3:0", shape=(None,), dtype=int32), values=Tensor("gradient_tape/coGN/sequential_graph_network_8/graph_network_42/gather_embedding_selection_59/Reshape_2:0", shape=(None, 128), dtype=float32), dense_shape=Tensor("gradient_tape/coGN/sequential_graph_network_8/graph_network_42/gather_embedding_selection_59/Cast_1:0", shape=(2,), dtype=int32))) to a dense Tensor of unknown shape. This may consume a large amount of memory.
  warnings.warn(
/gpfs/scratch/acad/htforft/rgouvea/other_datasets/processed_datasets/.venv/lib/python3.9/site-packages/tensorflow/python/framework/indexed_slices.py:444: UserWarning: Converting sparse IndexedSlices(IndexedSlices(indices=Tensor("gradient_tape/coGN/sequential_graph_network_8/graph_network_41/gather_embedding_selection_58/Reshape_1:0", shape=(None,), dtype=int32), values=Tensor("gradient_tape/coGN/sequential_graph_network_8/graph_network_41/gather_embedding_selection_58/Reshape:0", shape=(None, 128), dtype=float32), dense_shape=Tensor("gradient_tape/coGN/sequential_graph_network_8/graph_network_41/gather_embedding_selection_58/Cast:0", shape=(2,), dtype=int32))) to a dense Tensor of unknown shape. This may consume a large amount of memory.
  warnings.warn(
/gpfs/scratch/acad/htforft/rgouvea/other_datasets/processed_datasets/.venv/lib/python3.9/site-packages/tensorflow/python/framework/indexed_slices.py:444: UserWarning: Converting sparse IndexedSlices(IndexedSlices(indices=Tensor("gradient_tape/coGN/sequential_graph_network_8/graph_network_41/gather_embedding_selection_58/Reshape_3:0", shape=(None,), dtype=int32), values=Tensor("gradient_tape/coGN/sequential_graph_network_8/graph_network_41/gather_embedding_selection_58/Reshape_2:0", shape=(None, 128), dtype=float32), dense_shape=Tensor("gradient_tape/coGN/sequential_graph_network_8/graph_network_41/gather_embedding_selection_58/Cast_1:0", shape=(2,), dtype=int32))) to a dense Tensor of unknown shape. This may consume a large amount of memory.
  warnings.warn(
/gpfs/scratch/acad/htforft/rgouvea/other_datasets/processed_datasets/.venv/lib/python3.9/site-packages/tensorflow/python/framework/indexed_slices.py:444: UserWarning: Converting sparse IndexedSlices(IndexedSlices(indices=Tensor("gradient_tape/coGN/sequential_graph_network_8/graph_network_40/gather_embedding_selection_57/Reshape_1:0", shape=(None,), dtype=int32), values=Tensor("gradient_tape/coGN/sequential_graph_network_8/graph_network_40/gather_embedding_selection_57/Reshape:0", shape=(None, 128), dtype=float32), dense_shape=Tensor("gradient_tape/coGN/sequential_graph_network_8/graph_network_40/gather_embedding_selection_57/Cast:0", shape=(2,), dtype=int32))) to a dense Tensor of unknown shape. This may consume a large amount of memory.
  warnings.warn(
/gpfs/scratch/acad/htforft/rgouvea/other_datasets/processed_datasets/.venv/lib/python3.9/site-packages/tensorflow/python/framework/indexed_slices.py:444: UserWarning: Converting sparse IndexedSlices(IndexedSlices(indices=Tensor("gradient_tape/coGN/sequential_graph_network_8/graph_network_40/gather_embedding_selection_57/Reshape_3:0", shape=(None,), dtype=int32), values=Tensor("gradient_tape/coGN/sequential_graph_network_8/graph_network_40/gather_embedding_selection_57/Reshape_2:0", shape=(None, 128), dtype=float32), dense_shape=Tensor("gradient_tape/coGN/sequential_graph_network_8/graph_network_40/gather_embedding_selection_57/Cast_1:0", shape=(2,), dtype=int32))) to a dense Tensor of unknown shape. This may consume a large amount of memory.
  warnings.warn(
17/17 - 3s - loss: 1.1718 - mae: 1.1718 - mse: 2.8050 - 3s/epoch - 172ms/step
Epoch 2/800
17/17 - 0s - loss: 0.8011 - mae: 0.8011 - mse: 0.9474 - 190ms/epoch - 11ms/step
Epoch 3/800
17/17 - 0s - loss: 0.6906 - mae: 0.6906 - mse: 0.7334 - 176ms/epoch - 10ms/step
Epoch 4/800
17/17 - 0s - loss: 0.5831 - mae: 0.5831 - mse: 0.5420 - 176ms/epoch - 10ms/step
Epoch 5/800
17/17 - 0s - loss: 0.4421 - mae: 0.4421 - mse: 0.3426 - 176ms/epoch - 10ms/step
Epoch 6/800
17/17 - 0s - loss: 0.4463 - mae: 0.4463 - mse: 0.3325 - 177ms/epoch - 10ms/step
Epoch 7/800
17/17 - 0s - loss: 0.3644 - mae: 0.3644 - mse: 0.2401 - 176ms/epoch - 10ms/step
Epoch 8/800
17/17 - 0s - loss: 0.3927 - mae: 0.3927 - mse: 0.2745 - 176ms/epoch - 10ms/step
Epoch 9/800
17/17 - 0s - loss: 0.3153 - mae: 0.3153 - mse: 0.1982 - 176ms/epoch - 10ms/step
Epoch 10/800
17/17 - 0s - loss: 0.2969 - mae: 0.2969 - mse: 0.1816 - 176ms/epoch - 10ms/step
Epoch 11/800
17/17 - 0s - loss: 0.3374 - mae: 0.3374 - mse: 0.2110 - 176ms/epoch - 10ms/step
Epoch 12/800
17/17 - 0s - loss: 0.3311 - mae: 0.3311 - mse: 0.2098 - 176ms/epoch - 10ms/step
Epoch 13/800
17/17 - 0s - loss: 0.3130 - mae: 0.3130 - mse: 0.1851 - 176ms/epoch - 10ms/step
Epoch 14/800
17/17 - 0s - loss: 0.2881 - mae: 0.2881 - mse: 0.1729 - 176ms/epoch - 10ms/step
Epoch 15/800
17/17 - 0s - loss: 0.2750 - mae: 0.2750 - mse: 0.1611 - 176ms/epoch - 10ms/step
Epoch 16/800
17/17 - 0s - loss: 0.2762 - mae: 0.2762 - mse: 0.1621 - 176ms/epoch - 10ms/step
Epoch 17/800
17/17 - 0s - loss: 0.2777 - mae: 0.2777 - mse: 0.1498 - 176ms/epoch - 10ms/step
Epoch 18/800
17/17 - 0s - loss: 0.2613 - mae: 0.2613 - mse: 0.1554 - 176ms/epoch - 10ms/step
Epoch 19/800
17/17 - 0s - loss: 0.2280 - mae: 0.2280 - mse: 0.1342 - 176ms/epoch - 10ms/step
Epoch 20/800
17/17 - 0s - loss: 0.2105 - mae: 0.2105 - mse: 0.1182 - 176ms/epoch - 10ms/step
Epoch 21/800
17/17 - 0s - loss: 0.2041 - mae: 0.2041 - mse: 0.1127 - 176ms/epoch - 10ms/step
Epoch 22/800
17/17 - 0s - loss: 0.1953 - mae: 0.1953 - mse: 0.0972 - 176ms/epoch - 10ms/step
Epoch 23/800
17/17 - 0s - loss: 0.2067 - mae: 0.2067 - mse: 0.0961 - 176ms/epoch - 10ms/step
Epoch 24/800
17/17 - 0s - loss: 0.2341 - mae: 0.2341 - mse: 0.1155 - 176ms/epoch - 10ms/step
Epoch 25/800
17/17 - 0s - loss: 0.2475 - mae: 0.2475 - mse: 0.1255 - 176ms/epoch - 10ms/step
Epoch 26/800
17/17 - 0s - loss: 0.2026 - mae: 0.2026 - mse: 0.0906 - 176ms/epoch - 10ms/step
Epoch 27/800
17/17 - 0s - loss: 0.1804 - mae: 0.1804 - mse: 0.0672 - 176ms/epoch - 10ms/step
Epoch 28/800
17/17 - 0s - loss: 0.1856 - mae: 0.1856 - mse: 0.0683 - 177ms/epoch - 10ms/step
Epoch 29/800
17/17 - 0s - loss: 0.1937 - mae: 0.1937 - mse: 0.0690 - 176ms/epoch - 10ms/step
Epoch 30/800
17/17 - 0s - loss: 0.1948 - mae: 0.1948 - mse: 0.0781 - 176ms/epoch - 10ms/step
Epoch 31/800
17/17 - 0s - loss: 0.1799 - mae: 0.1799 - mse: 0.0606 - 176ms/epoch - 10ms/step
Epoch 32/800
17/17 - 0s - loss: 0.1931 - mae: 0.1931 - mse: 0.0653 - 176ms/epoch - 10ms/step
Epoch 33/800
17/17 - 0s - loss: 0.1915 - mae: 0.1915 - mse: 0.0652 - 176ms/epoch - 10ms/step
Epoch 34/800
17/17 - 0s - loss: 0.1831 - mae: 0.1831 - mse: 0.0617 - 176ms/epoch - 10ms/step
Epoch 35/800
17/17 - 0s - loss: 0.1561 - mae: 0.1561 - mse: 0.0475 - 176ms/epoch - 10ms/step
Epoch 36/800
17/17 - 0s - loss: 0.1661 - mae: 0.1661 - mse: 0.0479 - 176ms/epoch - 10ms/step
Epoch 37/800
17/17 - 0s - loss: 0.1626 - mae: 0.1626 - mse: 0.0450 - 176ms/epoch - 10ms/step
Epoch 38/800
17/17 - 0s - loss: 0.1609 - mae: 0.1609 - mse: 0.0452 - 176ms/epoch - 10ms/step
Epoch 39/800
17/17 - 0s - loss: 0.1629 - mae: 0.1629 - mse: 0.0456 - 176ms/epoch - 10ms/step
Epoch 40/800
17/17 - 0s - loss: 0.1417 - mae: 0.1417 - mse: 0.0355 - 176ms/epoch - 10ms/step
Epoch 41/800
17/17 - 0s - loss: 0.1410 - mae: 0.1410 - mse: 0.0339 - 177ms/epoch - 10ms/step
Epoch 42/800
17/17 - 0s - loss: 0.1446 - mae: 0.1446 - mse: 0.0351 - 176ms/epoch - 10ms/step
Epoch 43/800
17/17 - 0s - loss: 0.1639 - mae: 0.1639 - mse: 0.0455 - 176ms/epoch - 10ms/step
Epoch 44/800
17/17 - 0s - loss: 0.1376 - mae: 0.1376 - mse: 0.0326 - 176ms/epoch - 10ms/step
Epoch 45/800
17/17 - 0s - loss: 0.1423 - mae: 0.1423 - mse: 0.0353 - 176ms/epoch - 10ms/step
Epoch 46/800
17/17 - 0s - loss: 0.1387 - mae: 0.1387 - mse: 0.0347 - 176ms/epoch - 10ms/step
Epoch 47/800
17/17 - 0s - loss: 0.1440 - mae: 0.1440 - mse: 0.0352 - 176ms/epoch - 10ms/step
Epoch 48/800
17/17 - 0s - loss: 0.1522 - mae: 0.1522 - mse: 0.0394 - 176ms/epoch - 10ms/step
Epoch 49/800
17/17 - 0s - loss: 0.1423 - mae: 0.1423 - mse: 0.0350 - 176ms/epoch - 10ms/step
Epoch 50/800
17/17 - 0s - loss: 0.1306 - mae: 0.1306 - mse: 0.0308 - 176ms/epoch - 10ms/step
Epoch 51/800
17/17 - 0s - loss: 0.1254 - mae: 0.1254 - mse: 0.0280 - 176ms/epoch - 10ms/step
Epoch 52/800
17/17 - 0s - loss: 0.1487 - mae: 0.1487 - mse: 0.0408 - 176ms/epoch - 10ms/step
Epoch 53/800
17/17 - 0s - loss: 0.1465 - mae: 0.1465 - mse: 0.0380 - 176ms/epoch - 10ms/step
Epoch 54/800
17/17 - 0s - loss: 0.1327 - mae: 0.1327 - mse: 0.0310 - 176ms/epoch - 10ms/step
Epoch 55/800
17/17 - 0s - loss: 0.1372 - mae: 0.1372 - mse: 0.0367 - 176ms/epoch - 10ms/step
Epoch 56/800
17/17 - 0s - loss: 0.1336 - mae: 0.1336 - mse: 0.0316 - 176ms/epoch - 10ms/step
Epoch 57/800
17/17 - 0s - loss: 0.1521 - mae: 0.1521 - mse: 0.0378 - 176ms/epoch - 10ms/step
Epoch 58/800
17/17 - 0s - loss: 0.1616 - mae: 0.1616 - mse: 0.0426 - 176ms/epoch - 10ms/step
Epoch 59/800
17/17 - 0s - loss: 0.1332 - mae: 0.1332 - mse: 0.0302 - 176ms/epoch - 10ms/step
Epoch 60/800
17/17 - 0s - loss: 0.1330 - mae: 0.1330 - mse: 0.0331 - 176ms/epoch - 10ms/step
Epoch 61/800
17/17 - 0s - loss: 0.1419 - mae: 0.1419 - mse: 0.0343 - 176ms/epoch - 10ms/step
Epoch 62/800
17/17 - 0s - loss: 0.1358 - mae: 0.1358 - mse: 0.0319 - 176ms/epoch - 10ms/step
Epoch 63/800
17/17 - 0s - loss: 0.1319 - mae: 0.1319 - mse: 0.0394 - 176ms/epoch - 10ms/step
Epoch 64/800
17/17 - 0s - loss: 0.1191 - mae: 0.1191 - mse: 0.0267 - 176ms/epoch - 10ms/step
Epoch 65/800
17/17 - 0s - loss: 0.1247 - mae: 0.1247 - mse: 0.0272 - 176ms/epoch - 10ms/step
Epoch 66/800
17/17 - 0s - loss: 0.1136 - mae: 0.1136 - mse: 0.0231 - 176ms/epoch - 10ms/step
Epoch 67/800
17/17 - 0s - loss: 0.1391 - mae: 0.1391 - mse: 0.0339 - 176ms/epoch - 10ms/step
Epoch 68/800
17/17 - 0s - loss: 0.1125 - mae: 0.1125 - mse: 0.0242 - 176ms/epoch - 10ms/step
Epoch 69/800
17/17 - 0s - loss: 0.1540 - mae: 0.1540 - mse: 0.0386 - 176ms/epoch - 10ms/step
Epoch 70/800
17/17 - 0s - loss: 0.1579 - mae: 0.1579 - mse: 0.0415 - 176ms/epoch - 10ms/step
Epoch 71/800
17/17 - 0s - loss: 0.1236 - mae: 0.1236 - mse: 0.0287 - 176ms/epoch - 10ms/step
Epoch 72/800
17/17 - 0s - loss: 0.1229 - mae: 0.1229 - mse: 0.0273 - 176ms/epoch - 10ms/step
Epoch 73/800
17/17 - 0s - loss: 0.1301 - mae: 0.1301 - mse: 0.0301 - 176ms/epoch - 10ms/step
Epoch 74/800
17/17 - 0s - loss: 0.1217 - mae: 0.1217 - mse: 0.0263 - 176ms/epoch - 10ms/step
Epoch 75/800
17/17 - 0s - loss: 0.1206 - mae: 0.1206 - mse: 0.0273 - 176ms/epoch - 10ms/step
Epoch 76/800
17/17 - 0s - loss: 0.1369 - mae: 0.1369 - mse: 0.0318 - 176ms/epoch - 10ms/step
Epoch 77/800
17/17 - 0s - loss: 0.1232 - mae: 0.1232 - mse: 0.0273 - 176ms/epoch - 10ms/step
Epoch 78/800
17/17 - 0s - loss: 0.1304 - mae: 0.1304 - mse: 0.0281 - 176ms/epoch - 10ms/step
Epoch 79/800
17/17 - 0s - loss: 0.1278 - mae: 0.1278 - mse: 0.0279 - 176ms/epoch - 10ms/step
Epoch 80/800
17/17 - 0s - loss: 0.1119 - mae: 0.1119 - mse: 0.0224 - 176ms/epoch - 10ms/step
Epoch 81/800
17/17 - 0s - loss: 0.1094 - mae: 0.1094 - mse: 0.0213 - 176ms/epoch - 10ms/step
Epoch 82/800
17/17 - 0s - loss: 0.1001 - mae: 0.1001 - mse: 0.0182 - 176ms/epoch - 10ms/step
Epoch 83/800
17/17 - 0s - loss: 0.1080 - mae: 0.1080 - mse: 0.0208 - 176ms/epoch - 10ms/step
Epoch 84/800
17/17 - 0s - loss: 0.1368 - mae: 0.1368 - mse: 0.0316 - 176ms/epoch - 10ms/step
Epoch 85/800
17/17 - 0s - loss: 0.1221 - mae: 0.1221 - mse: 0.0266 - 176ms/epoch - 10ms/step
Epoch 86/800
17/17 - 0s - loss: 0.1069 - mae: 0.1069 - mse: 0.0204 - 176ms/epoch - 10ms/step
Epoch 87/800
17/17 - 0s - loss: 0.1082 - mae: 0.1082 - mse: 0.0213 - 176ms/epoch - 10ms/step
Epoch 88/800
17/17 - 0s - loss: 0.1272 - mae: 0.1272 - mse: 0.0275 - 176ms/epoch - 10ms/step
Epoch 89/800
17/17 - 0s - loss: 0.1089 - mae: 0.1089 - mse: 0.0214 - 176ms/epoch - 10ms/step
Epoch 90/800
17/17 - 0s - loss: 0.1251 - mae: 0.1251 - mse: 0.0267 - 176ms/epoch - 10ms/step
Epoch 91/800
17/17 - 0s - loss: 0.0986 - mae: 0.0986 - mse: 0.0178 - 176ms/epoch - 10ms/step
Epoch 92/800
17/17 - 0s - loss: 0.1170 - mae: 0.1170 - mse: 0.0247 - 176ms/epoch - 10ms/step
Epoch 93/800
17/17 - 0s - loss: 0.1106 - mae: 0.1106 - mse: 0.0217 - 176ms/epoch - 10ms/step
Epoch 94/800
17/17 - 0s - loss: 0.1175 - mae: 0.1175 - mse: 0.0279 - 176ms/epoch - 10ms/step
Epoch 95/800
17/17 - 0s - loss: 0.1189 - mae: 0.1189 - mse: 0.0255 - 176ms/epoch - 10ms/step
Epoch 96/800
17/17 - 0s - loss: 0.1176 - mae: 0.1176 - mse: 0.0240 - 176ms/epoch - 10ms/step
Epoch 97/800
17/17 - 0s - loss: 0.1209 - mae: 0.1209 - mse: 0.0242 - 176ms/epoch - 10ms/step
Epoch 98/800
17/17 - 0s - loss: 0.1075 - mae: 0.1075 - mse: 0.0210 - 176ms/epoch - 10ms/step
Epoch 99/800
17/17 - 0s - loss: 0.1063 - mae: 0.1063 - mse: 0.0212 - 176ms/epoch - 10ms/step
Epoch 100/800
17/17 - 0s - loss: 0.1047 - mae: 0.1047 - mse: 0.0201 - 176ms/epoch - 10ms/step
Epoch 101/800
17/17 - 0s - loss: 0.0946 - mae: 0.0946 - mse: 0.0174 - 176ms/epoch - 10ms/step
Epoch 102/800
17/17 - 0s - loss: 0.1009 - mae: 0.1009 - mse: 0.0186 - 176ms/epoch - 10ms/step
Epoch 103/800
17/17 - 0s - loss: 0.1099 - mae: 0.1099 - mse: 0.0213 - 176ms/epoch - 10ms/step
Epoch 104/800
17/17 - 0s - loss: 0.1196 - mae: 0.1196 - mse: 0.0263 - 176ms/epoch - 10ms/step
Epoch 105/800
17/17 - 0s - loss: 0.1128 - mae: 0.1128 - mse: 0.0226 - 176ms/epoch - 10ms/step
Epoch 106/800
17/17 - 0s - loss: 0.0992 - mae: 0.0992 - mse: 0.0183 - 176ms/epoch - 10ms/step
Epoch 107/800
17/17 - 0s - loss: 0.1014 - mae: 0.1014 - mse: 0.0186 - 176ms/epoch - 10ms/step
Epoch 108/800
17/17 - 0s - loss: 0.1006 - mae: 0.1006 - mse: 0.0175 - 176ms/epoch - 10ms/step
Epoch 109/800
17/17 - 0s - loss: 0.0926 - mae: 0.0926 - mse: 0.0158 - 176ms/epoch - 10ms/step
Epoch 110/800
17/17 - 0s - loss: 0.0995 - mae: 0.0995 - mse: 0.0175 - 176ms/epoch - 10ms/step
Epoch 111/800
17/17 - 0s - loss: 0.1009 - mae: 0.1009 - mse: 0.0180 - 176ms/epoch - 10ms/step
Epoch 112/800
17/17 - 0s - loss: 0.0994 - mae: 0.0994 - mse: 0.0173 - 176ms/epoch - 10ms/step
Epoch 113/800
17/17 - 0s - loss: 0.0919 - mae: 0.0919 - mse: 0.0166 - 176ms/epoch - 10ms/step
Epoch 114/800
17/17 - 0s - loss: 0.0963 - mae: 0.0963 - mse: 0.0177 - 176ms/epoch - 10ms/step
Epoch 115/800
17/17 - 0s - loss: 0.1069 - mae: 0.1069 - mse: 0.0213 - 176ms/epoch - 10ms/step
Epoch 116/800
17/17 - 0s - loss: 0.1050 - mae: 0.1050 - mse: 0.0204 - 176ms/epoch - 10ms/step
Epoch 117/800
17/17 - 0s - loss: 0.0945 - mae: 0.0945 - mse: 0.0162 - 176ms/epoch - 10ms/step
Epoch 118/800
17/17 - 0s - loss: 0.0917 - mae: 0.0917 - mse: 0.0163 - 176ms/epoch - 10ms/step
Epoch 119/800
17/17 - 0s - loss: 0.0879 - mae: 0.0879 - mse: 0.0153 - 176ms/epoch - 10ms/step
Epoch 120/800
17/17 - 0s - loss: 0.0936 - mae: 0.0936 - mse: 0.0166 - 176ms/epoch - 10ms/step
Epoch 121/800
17/17 - 0s - loss: 0.0956 - mae: 0.0956 - mse: 0.0165 - 176ms/epoch - 10ms/step
Epoch 122/800
17/17 - 0s - loss: 0.1005 - mae: 0.1005 - mse: 0.0179 - 177ms/epoch - 10ms/step
Epoch 123/800
17/17 - 0s - loss: 0.0880 - mae: 0.0880 - mse: 0.0148 - 176ms/epoch - 10ms/step
Epoch 124/800
17/17 - 0s - loss: 0.0919 - mae: 0.0919 - mse: 0.0157 - 176ms/epoch - 10ms/step
Epoch 125/800
17/17 - 0s - loss: 0.0966 - mae: 0.0966 - mse: 0.0167 - 176ms/epoch - 10ms/step
Epoch 126/800
17/17 - 0s - loss: 0.0903 - mae: 0.0903 - mse: 0.0149 - 176ms/epoch - 10ms/step
Epoch 127/800
17/17 - 0s - loss: 0.0952 - mae: 0.0952 - mse: 0.0162 - 176ms/epoch - 10ms/step
Epoch 128/800
17/17 - 0s - loss: 0.1039 - mae: 0.1039 - mse: 0.0184 - 176ms/epoch - 10ms/step
Epoch 129/800
17/17 - 0s - loss: 0.0871 - mae: 0.0871 - mse: 0.0146 - 176ms/epoch - 10ms/step
Epoch 130/800
17/17 - 0s - loss: 0.0872 - mae: 0.0872 - mse: 0.0141 - 176ms/epoch - 10ms/step
Epoch 131/800
17/17 - 0s - loss: 0.0979 - mae: 0.0979 - mse: 0.0178 - 176ms/epoch - 10ms/step
Epoch 132/800
17/17 - 0s - loss: 0.0968 - mae: 0.0968 - mse: 0.0174 - 176ms/epoch - 10ms/step
Epoch 133/800
17/17 - 0s - loss: 0.1009 - mae: 0.1009 - mse: 0.0188 - 176ms/epoch - 10ms/step
Epoch 134/800
17/17 - 0s - loss: 0.1047 - mae: 0.1047 - mse: 0.0185 - 176ms/epoch - 10ms/step
Epoch 135/800
17/17 - 0s - loss: 0.1130 - mae: 0.1130 - mse: 0.0220 - 176ms/epoch - 10ms/step
Epoch 136/800
17/17 - 0s - loss: 0.1006 - mae: 0.1006 - mse: 0.0174 - 176ms/epoch - 10ms/step
Epoch 137/800
17/17 - 0s - loss: 0.0890 - mae: 0.0890 - mse: 0.0146 - 176ms/epoch - 10ms/step
Epoch 138/800
17/17 - 0s - loss: 0.0809 - mae: 0.0809 - mse: 0.0126 - 176ms/epoch - 10ms/step
Epoch 139/800
17/17 - 0s - loss: 0.0796 - mae: 0.0796 - mse: 0.0125 - 176ms/epoch - 10ms/step
Epoch 140/800
17/17 - 0s - loss: 0.0874 - mae: 0.0874 - mse: 0.0147 - 176ms/epoch - 10ms/step
Epoch 141/800
17/17 - 0s - loss: 0.0772 - mae: 0.0772 - mse: 0.0121 - 176ms/epoch - 10ms/step
Epoch 142/800
17/17 - 0s - loss: 0.1007 - mae: 0.1007 - mse: 0.0175 - 176ms/epoch - 10ms/step
Epoch 143/800
17/17 - 0s - loss: 0.1009 - mae: 0.1009 - mse: 0.0183 - 176ms/epoch - 10ms/step
Epoch 144/800
17/17 - 0s - loss: 0.1014 - mae: 0.1014 - mse: 0.0187 - 176ms/epoch - 10ms/step
Epoch 145/800
17/17 - 0s - loss: 0.0901 - mae: 0.0901 - mse: 0.0147 - 176ms/epoch - 10ms/step
Epoch 146/800
17/17 - 0s - loss: 0.0832 - mae: 0.0832 - mse: 0.0138 - 176ms/epoch - 10ms/step
Epoch 147/800
17/17 - 0s - loss: 0.0835 - mae: 0.0835 - mse: 0.0135 - 176ms/epoch - 10ms/step
Epoch 148/800
17/17 - 0s - loss: 0.0863 - mae: 0.0863 - mse: 0.0140 - 176ms/epoch - 10ms/step
Epoch 149/800
17/17 - 0s - loss: 0.0876 - mae: 0.0876 - mse: 0.0146 - 176ms/epoch - 10ms/step
Epoch 150/800
17/17 - 0s - loss: 0.0884 - mae: 0.0884 - mse: 0.0145 - 176ms/epoch - 10ms/step
Epoch 151/800
17/17 - 0s - loss: 0.0923 - mae: 0.0923 - mse: 0.0159 - 176ms/epoch - 10ms/step
Epoch 152/800
17/17 - 0s - loss: 0.0880 - mae: 0.0880 - mse: 0.0140 - 176ms/epoch - 10ms/step
Epoch 153/800
17/17 - 0s - loss: 0.1163 - mae: 0.1163 - mse: 0.0219 - 176ms/epoch - 10ms/step
Epoch 154/800
17/17 - 0s - loss: 0.0954 - mae: 0.0954 - mse: 0.0163 - 176ms/epoch - 10ms/step
Epoch 155/800
17/17 - 0s - loss: 0.0828 - mae: 0.0828 - mse: 0.0132 - 176ms/epoch - 10ms/step
Epoch 156/800
17/17 - 0s - loss: 0.0976 - mae: 0.0976 - mse: 0.0170 - 176ms/epoch - 10ms/step
Epoch 157/800
17/17 - 0s - loss: 0.0862 - mae: 0.0862 - mse: 0.0137 - 176ms/epoch - 10ms/step
Epoch 158/800
17/17 - 0s - loss: 0.0833 - mae: 0.0833 - mse: 0.0132 - 176ms/epoch - 10ms/step
Epoch 159/800
17/17 - 0s - loss: 0.0843 - mae: 0.0843 - mse: 0.0134 - 176ms/epoch - 10ms/step
Epoch 160/800
17/17 - 0s - loss: 0.0815 - mae: 0.0815 - mse: 0.0121 - 176ms/epoch - 10ms/step
Epoch 161/800
17/17 - 0s - loss: 0.0857 - mae: 0.0857 - mse: 0.0133 - 176ms/epoch - 10ms/step
Epoch 162/800
17/17 - 0s - loss: 0.0858 - mae: 0.0858 - mse: 0.0136 - 176ms/epoch - 10ms/step
Epoch 163/800
17/17 - 0s - loss: 0.0838 - mae: 0.0838 - mse: 0.0135 - 176ms/epoch - 10ms/step
Epoch 164/800
17/17 - 0s - loss: 0.0807 - mae: 0.0807 - mse: 0.0120 - 176ms/epoch - 10ms/step
Epoch 165/800
17/17 - 0s - loss: 0.0918 - mae: 0.0918 - mse: 0.0148 - 176ms/epoch - 10ms/step
Epoch 166/800
17/17 - 0s - loss: 0.0888 - mae: 0.0888 - mse: 0.0143 - 176ms/epoch - 10ms/step
Epoch 167/800
17/17 - 0s - loss: 0.0860 - mae: 0.0860 - mse: 0.0136 - 176ms/epoch - 10ms/step
Epoch 168/800
17/17 - 0s - loss: 0.0804 - mae: 0.0804 - mse: 0.0119 - 177ms/epoch - 10ms/step
Epoch 169/800
17/17 - 0s - loss: 0.0806 - mae: 0.0806 - mse: 0.0121 - 176ms/epoch - 10ms/step
Epoch 170/800
17/17 - 0s - loss: 0.0880 - mae: 0.0880 - mse: 0.0137 - 176ms/epoch - 10ms/step
Epoch 171/800
17/17 - 0s - loss: 0.0780 - mae: 0.0780 - mse: 0.0113 - 176ms/epoch - 10ms/step
Epoch 172/800
17/17 - 0s - loss: 0.0724 - mae: 0.0724 - mse: 0.0101 - 176ms/epoch - 10ms/step
Epoch 173/800
17/17 - 0s - loss: 0.0943 - mae: 0.0943 - mse: 0.0156 - 176ms/epoch - 10ms/step
Epoch 174/800
17/17 - 0s - loss: 0.0763 - mae: 0.0763 - mse: 0.0110 - 176ms/epoch - 10ms/step
Epoch 175/800
17/17 - 0s - loss: 0.0750 - mae: 0.0750 - mse: 0.0110 - 176ms/epoch - 10ms/step
Epoch 176/800
17/17 - 0s - loss: 0.0713 - mae: 0.0713 - mse: 0.0096 - 176ms/epoch - 10ms/step
Epoch 177/800
17/17 - 0s - loss: 0.0789 - mae: 0.0789 - mse: 0.0114 - 176ms/epoch - 10ms/step
Epoch 178/800
17/17 - 0s - loss: 0.0764 - mae: 0.0764 - mse: 0.0106 - 176ms/epoch - 10ms/step
Epoch 179/800
17/17 - 0s - loss: 0.0811 - mae: 0.0811 - mse: 0.0116 - 176ms/epoch - 10ms/step
Epoch 180/800
17/17 - 0s - loss: 0.0884 - mae: 0.0884 - mse: 0.0134 - 176ms/epoch - 10ms/step
Epoch 181/800
17/17 - 0s - loss: 0.0798 - mae: 0.0798 - mse: 0.0122 - 176ms/epoch - 10ms/step
Epoch 182/800
17/17 - 0s - loss: 0.0910 - mae: 0.0910 - mse: 0.0146 - 176ms/epoch - 10ms/step
Epoch 183/800
17/17 - 0s - loss: 0.0809 - mae: 0.0809 - mse: 0.0116 - 176ms/epoch - 10ms/step
Epoch 184/800
17/17 - 0s - loss: 0.0849 - mae: 0.0849 - mse: 0.0134 - 176ms/epoch - 10ms/step
Epoch 185/800
17/17 - 0s - loss: 0.0918 - mae: 0.0918 - mse: 0.0148 - 176ms/epoch - 10ms/step
Epoch 186/800
17/17 - 0s - loss: 0.0781 - mae: 0.0781 - mse: 0.0112 - 176ms/epoch - 10ms/step
Epoch 187/800
17/17 - 0s - loss: 0.0749 - mae: 0.0749 - mse: 0.0102 - 176ms/epoch - 10ms/step
Epoch 188/800
17/17 - 0s - loss: 0.0727 - mae: 0.0727 - mse: 0.0102 - 176ms/epoch - 10ms/step
Epoch 189/800
17/17 - 0s - loss: 0.0819 - mae: 0.0819 - mse: 0.0120 - 176ms/epoch - 10ms/step
Epoch 190/800
17/17 - 0s - loss: 0.0713 - mae: 0.0713 - mse: 0.0100 - 176ms/epoch - 10ms/step
Epoch 191/800
17/17 - 0s - loss: 0.0767 - mae: 0.0767 - mse: 0.0100 - 176ms/epoch - 10ms/step
Epoch 192/800
17/17 - 0s - loss: 0.0744 - mae: 0.0744 - mse: 0.0105 - 176ms/epoch - 10ms/step
Epoch 193/800
17/17 - 0s - loss: 0.0826 - mae: 0.0826 - mse: 0.0128 - 177ms/epoch - 10ms/step
Epoch 194/800
17/17 - 0s - loss: 0.0687 - mae: 0.0687 - mse: 0.0090 - 176ms/epoch - 10ms/step
Epoch 195/800
17/17 - 0s - loss: 0.0709 - mae: 0.0709 - mse: 0.0096 - 176ms/epoch - 10ms/step
Epoch 196/800
17/17 - 0s - loss: 0.0648 - mae: 0.0648 - mse: 0.0083 - 176ms/epoch - 10ms/step
Epoch 197/800
17/17 - 0s - loss: 0.0775 - mae: 0.0775 - mse: 0.0109 - 176ms/epoch - 10ms/step
Epoch 198/800
17/17 - 0s - loss: 0.0692 - mae: 0.0692 - mse: 0.0090 - 176ms/epoch - 10ms/step
Epoch 199/800
17/17 - 0s - loss: 0.0607 - mae: 0.0607 - mse: 0.0077 - 176ms/epoch - 10ms/step
Epoch 200/800
17/17 - 0s - loss: 0.0669 - mae: 0.0669 - mse: 0.0087 - 176ms/epoch - 10ms/step
Epoch 201/800
17/17 - 0s - loss: 0.0640 - mae: 0.0640 - mse: 0.0079 - 176ms/epoch - 10ms/step
Epoch 202/800
17/17 - 0s - loss: 0.0697 - mae: 0.0697 - mse: 0.0088 - 176ms/epoch - 10ms/step
Epoch 203/800
17/17 - 0s - loss: 0.0722 - mae: 0.0722 - mse: 0.0102 - 177ms/epoch - 10ms/step
Epoch 204/800
17/17 - 0s - loss: 0.0751 - mae: 0.0751 - mse: 0.0105 - 176ms/epoch - 10ms/step
Epoch 205/800
17/17 - 0s - loss: 0.0770 - mae: 0.0770 - mse: 0.0114 - 176ms/epoch - 10ms/step
Epoch 206/800
17/17 - 0s - loss: 0.0733 - mae: 0.0733 - mse: 0.0104 - 176ms/epoch - 10ms/step
Epoch 207/800
17/17 - 0s - loss: 0.0739 - mae: 0.0739 - mse: 0.0102 - 176ms/epoch - 10ms/step
Epoch 208/800
17/17 - 0s - loss: 0.0750 - mae: 0.0750 - mse: 0.0099 - 176ms/epoch - 10ms/step
Epoch 209/800
17/17 - 0s - loss: 0.0802 - mae: 0.0802 - mse: 0.0113 - 176ms/epoch - 10ms/step
Epoch 210/800
17/17 - 0s - loss: 0.0709 - mae: 0.0709 - mse: 0.0090 - 176ms/epoch - 10ms/step
Epoch 211/800
17/17 - 0s - loss: 0.0710 - mae: 0.0710 - mse: 0.0090 - 176ms/epoch - 10ms/step
Epoch 212/800
17/17 - 0s - loss: 0.0647 - mae: 0.0647 - mse: 0.0079 - 176ms/epoch - 10ms/step
Epoch 213/800
17/17 - 0s - loss: 0.0730 - mae: 0.0730 - mse: 0.0095 - 176ms/epoch - 10ms/step
Epoch 214/800
17/17 - 0s - loss: 0.0754 - mae: 0.0754 - mse: 0.0102 - 176ms/epoch - 10ms/step
Epoch 215/800
17/17 - 0s - loss: 0.0788 - mae: 0.0788 - mse: 0.0112 - 176ms/epoch - 10ms/step
Epoch 216/800
17/17 - 0s - loss: 0.0743 - mae: 0.0743 - mse: 0.0100 - 176ms/epoch - 10ms/step
Epoch 217/800
17/17 - 0s - loss: 0.0673 - mae: 0.0673 - mse: 0.0087 - 176ms/epoch - 10ms/step
Epoch 218/800
17/17 - 0s - loss: 0.0670 - mae: 0.0670 - mse: 0.0086 - 176ms/epoch - 10ms/step
Epoch 219/800
17/17 - 0s - loss: 0.0735 - mae: 0.0735 - mse: 0.0099 - 176ms/epoch - 10ms/step
Epoch 220/800
17/17 - 0s - loss: 0.0631 - mae: 0.0631 - mse: 0.0077 - 176ms/epoch - 10ms/step
Epoch 221/800
17/17 - 0s - loss: 0.0715 - mae: 0.0715 - mse: 0.0095 - 176ms/epoch - 10ms/step
Epoch 222/800
17/17 - 0s - loss: 0.0676 - mae: 0.0676 - mse: 0.0088 - 176ms/epoch - 10ms/step
Epoch 223/800
17/17 - 0s - loss: 0.0662 - mae: 0.0662 - mse: 0.0083 - 176ms/epoch - 10ms/step
Epoch 224/800
17/17 - 0s - loss: 0.0681 - mae: 0.0681 - mse: 0.0087 - 176ms/epoch - 10ms/step
Epoch 225/800
17/17 - 0s - loss: 0.0628 - mae: 0.0628 - mse: 0.0077 - 176ms/epoch - 10ms/step
Epoch 226/800
17/17 - 0s - loss: 0.0739 - mae: 0.0739 - mse: 0.0094 - 176ms/epoch - 10ms/step
Epoch 227/800
17/17 - 0s - loss: 0.0597 - mae: 0.0597 - mse: 0.0069 - 176ms/epoch - 10ms/step
Epoch 228/800
17/17 - 0s - loss: 0.0656 - mae: 0.0656 - mse: 0.0086 - 176ms/epoch - 10ms/step
Epoch 229/800
17/17 - 0s - loss: 0.0616 - mae: 0.0616 - mse: 0.0073 - 176ms/epoch - 10ms/step
Epoch 230/800
17/17 - 0s - loss: 0.0734 - mae: 0.0734 - mse: 0.0098 - 176ms/epoch - 10ms/step
Epoch 231/800
17/17 - 0s - loss: 0.0626 - mae: 0.0626 - mse: 0.0074 - 176ms/epoch - 10ms/step
Epoch 232/800
17/17 - 0s - loss: 0.0610 - mae: 0.0610 - mse: 0.0072 - 177ms/epoch - 10ms/step
Epoch 233/800
17/17 - 0s - loss: 0.0572 - mae: 0.0572 - mse: 0.0062 - 176ms/epoch - 10ms/step
Epoch 234/800
17/17 - 0s - loss: 0.0570 - mae: 0.0570 - mse: 0.0064 - 179ms/epoch - 11ms/step
Epoch 235/800
17/17 - 0s - loss: 0.0607 - mae: 0.0607 - mse: 0.0071 - 176ms/epoch - 10ms/step
Epoch 236/800
17/17 - 0s - loss: 0.0578 - mae: 0.0578 - mse: 0.0064 - 176ms/epoch - 10ms/step
Epoch 237/800
17/17 - 0s - loss: 0.0535 - mae: 0.0535 - mse: 0.0057 - 176ms/epoch - 10ms/step
Epoch 238/800
17/17 - 0s - loss: 0.0613 - mae: 0.0613 - mse: 0.0075 - 176ms/epoch - 10ms/step
Epoch 239/800
17/17 - 0s - loss: 0.0595 - mae: 0.0595 - mse: 0.0067 - 176ms/epoch - 10ms/step
Epoch 240/800
17/17 - 0s - loss: 0.0573 - mae: 0.0573 - mse: 0.0067 - 176ms/epoch - 10ms/step
Epoch 241/800
17/17 - 0s - loss: 0.0643 - mae: 0.0643 - mse: 0.0078 - 176ms/epoch - 10ms/step
Epoch 242/800
17/17 - 0s - loss: 0.0620 - mae: 0.0620 - mse: 0.0078 - 176ms/epoch - 10ms/step
Epoch 243/800
17/17 - 0s - loss: 0.0605 - mae: 0.0605 - mse: 0.0071 - 176ms/epoch - 10ms/step
Epoch 244/800
17/17 - 0s - loss: 0.0631 - mae: 0.0631 - mse: 0.0075 - 176ms/epoch - 10ms/step
Epoch 245/800
17/17 - 0s - loss: 0.0624 - mae: 0.0624 - mse: 0.0071 - 176ms/epoch - 10ms/step
Epoch 246/800
17/17 - 0s - loss: 0.0558 - mae: 0.0558 - mse: 0.0058 - 176ms/epoch - 10ms/step
Epoch 247/800
17/17 - 0s - loss: 0.0579 - mae: 0.0579 - mse: 0.0063 - 176ms/epoch - 10ms/step
Epoch 248/800
17/17 - 0s - loss: 0.0573 - mae: 0.0573 - mse: 0.0063 - 176ms/epoch - 10ms/step
Epoch 249/800
17/17 - 0s - loss: 0.0690 - mae: 0.0690 - mse: 0.0080 - 176ms/epoch - 10ms/step
Epoch 250/800
17/17 - 0s - loss: 0.0613 - mae: 0.0613 - mse: 0.0068 - 176ms/epoch - 10ms/step
Epoch 251/800
17/17 - 0s - loss: 0.0585 - mae: 0.0585 - mse: 0.0067 - 176ms/epoch - 10ms/step
Epoch 252/800
17/17 - 0s - loss: 0.0608 - mae: 0.0608 - mse: 0.0070 - 176ms/epoch - 10ms/step
Epoch 253/800
17/17 - 0s - loss: 0.0582 - mae: 0.0582 - mse: 0.0065 - 176ms/epoch - 10ms/step
Epoch 254/800
17/17 - 0s - loss: 0.0511 - mae: 0.0511 - mse: 0.0052 - 176ms/epoch - 10ms/step
Epoch 255/800
17/17 - 0s - loss: 0.0530 - mae: 0.0530 - mse: 0.0055 - 176ms/epoch - 10ms/step
Epoch 256/800
17/17 - 0s - loss: 0.0608 - mae: 0.0608 - mse: 0.0064 - 176ms/epoch - 10ms/step
Epoch 257/800
17/17 - 0s - loss: 0.0539 - mae: 0.0539 - mse: 0.0056 - 176ms/epoch - 10ms/step
Epoch 258/800
17/17 - 0s - loss: 0.0549 - mae: 0.0549 - mse: 0.0057 - 176ms/epoch - 10ms/step
Epoch 259/800
17/17 - 0s - loss: 0.0615 - mae: 0.0615 - mse: 0.0070 - 176ms/epoch - 10ms/step
Epoch 260/800
17/17 - 0s - loss: 0.0573 - mae: 0.0573 - mse: 0.0061 - 176ms/epoch - 10ms/step
Epoch 261/800
17/17 - 0s - loss: 0.0596 - mae: 0.0596 - mse: 0.0070 - 176ms/epoch - 10ms/step
Epoch 262/800
17/17 - 0s - loss: 0.0692 - mae: 0.0692 - mse: 0.0088 - 176ms/epoch - 10ms/step
Epoch 263/800
17/17 - 0s - loss: 0.0669 - mae: 0.0669 - mse: 0.0081 - 176ms/epoch - 10ms/step
Epoch 264/800
17/17 - 0s - loss: 0.0625 - mae: 0.0625 - mse: 0.0073 - 176ms/epoch - 10ms/step
Epoch 265/800
17/17 - 0s - loss: 0.0596 - mae: 0.0596 - mse: 0.0067 - 177ms/epoch - 10ms/step
Epoch 266/800
17/17 - 0s - loss: 0.0575 - mae: 0.0575 - mse: 0.0064 - 176ms/epoch - 10ms/step
Epoch 267/800
17/17 - 0s - loss: 0.0627 - mae: 0.0627 - mse: 0.0070 - 176ms/epoch - 10ms/step
Epoch 268/800
17/17 - 0s - loss: 0.0538 - mae: 0.0538 - mse: 0.0058 - 176ms/epoch - 10ms/step
Epoch 269/800
17/17 - 0s - loss: 0.0559 - mae: 0.0559 - mse: 0.0062 - 176ms/epoch - 10ms/step
Epoch 270/800
17/17 - 0s - loss: 0.0601 - mae: 0.0601 - mse: 0.0068 - 176ms/epoch - 10ms/step
Epoch 271/800
17/17 - 0s - loss: 0.0541 - mae: 0.0541 - mse: 0.0056 - 176ms/epoch - 10ms/step
Epoch 272/800
17/17 - 0s - loss: 0.0563 - mae: 0.0563 - mse: 0.0061 - 176ms/epoch - 10ms/step
Epoch 273/800
17/17 - 0s - loss: 0.0624 - mae: 0.0624 - mse: 0.0070 - 176ms/epoch - 10ms/step
Epoch 274/800
17/17 - 0s - loss: 0.0551 - mae: 0.0551 - mse: 0.0059 - 176ms/epoch - 10ms/step
Epoch 275/800
17/17 - 0s - loss: 0.0626 - mae: 0.0626 - mse: 0.0071 - 176ms/epoch - 10ms/step
Epoch 276/800
17/17 - 0s - loss: 0.0603 - mae: 0.0603 - mse: 0.0065 - 176ms/epoch - 10ms/step
Epoch 277/800
17/17 - 0s - loss: 0.0484 - mae: 0.0484 - mse: 0.0047 - 176ms/epoch - 10ms/step
Epoch 278/800
17/17 - 0s - loss: 0.0563 - mae: 0.0563 - mse: 0.0061 - 177ms/epoch - 10ms/step
Epoch 279/800
17/17 - 0s - loss: 0.0562 - mae: 0.0562 - mse: 0.0059 - 176ms/epoch - 10ms/step
Epoch 280/800
17/17 - 0s - loss: 0.0615 - mae: 0.0615 - mse: 0.0071 - 176ms/epoch - 10ms/step
Epoch 281/800
17/17 - 0s - loss: 0.0584 - mae: 0.0584 - mse: 0.0063 - 176ms/epoch - 10ms/step
Epoch 282/800
17/17 - 0s - loss: 0.0619 - mae: 0.0619 - mse: 0.0071 - 176ms/epoch - 10ms/step
Epoch 283/800
17/17 - 0s - loss: 0.0498 - mae: 0.0498 - mse: 0.0049 - 176ms/epoch - 10ms/step
Epoch 284/800
17/17 - 0s - loss: 0.0556 - mae: 0.0556 - mse: 0.0060 - 177ms/epoch - 10ms/step
Epoch 285/800
17/17 - 0s - loss: 0.0569 - mae: 0.0569 - mse: 0.0062 - 176ms/epoch - 10ms/step
Epoch 286/800
17/17 - 0s - loss: 0.0558 - mae: 0.0558 - mse: 0.0055 - 176ms/epoch - 10ms/step
Epoch 287/800
17/17 - 0s - loss: 0.0533 - mae: 0.0533 - mse: 0.0054 - 176ms/epoch - 10ms/step
Epoch 288/800
17/17 - 0s - loss: 0.0520 - mae: 0.0520 - mse: 0.0052 - 176ms/epoch - 10ms/step
Epoch 289/800
17/17 - 0s - loss: 0.0517 - mae: 0.0517 - mse: 0.0052 - 176ms/epoch - 10ms/step
Epoch 290/800
17/17 - 0s - loss: 0.0582 - mae: 0.0582 - mse: 0.0062 - 176ms/epoch - 10ms/step
Epoch 291/800
17/17 - 0s - loss: 0.0516 - mae: 0.0516 - mse: 0.0053 - 176ms/epoch - 10ms/step
Epoch 292/800
17/17 - 0s - loss: 0.0485 - mae: 0.0485 - mse: 0.0046 - 176ms/epoch - 10ms/step
Epoch 293/800
17/17 - 0s - loss: 0.0536 - mae: 0.0536 - mse: 0.0055 - 176ms/epoch - 10ms/step
Epoch 294/800
17/17 - 0s - loss: 0.0508 - mae: 0.0508 - mse: 0.0050 - 176ms/epoch - 10ms/step
Epoch 295/800
17/17 - 0s - loss: 0.0488 - mae: 0.0488 - mse: 0.0048 - 176ms/epoch - 10ms/step
Epoch 296/800
17/17 - 0s - loss: 0.0515 - mae: 0.0515 - mse: 0.0053 - 176ms/epoch - 10ms/step
Epoch 297/800
17/17 - 0s - loss: 0.0538 - mae: 0.0538 - mse: 0.0054 - 176ms/epoch - 10ms/step
Epoch 298/800
17/17 - 0s - loss: 0.0494 - mae: 0.0494 - mse: 0.0048 - 176ms/epoch - 10ms/step
Epoch 299/800
17/17 - 0s - loss: 0.0597 - mae: 0.0597 - mse: 0.0064 - 176ms/epoch - 10ms/step
Epoch 300/800
17/17 - 0s - loss: 0.0540 - mae: 0.0540 - mse: 0.0054 - 176ms/epoch - 10ms/step
Epoch 301/800
17/17 - 0s - loss: 0.0555 - mae: 0.0555 - mse: 0.0056 - 176ms/epoch - 10ms/step
Epoch 302/800
17/17 - 0s - loss: 0.0504 - mae: 0.0504 - mse: 0.0047 - 176ms/epoch - 10ms/step
Epoch 303/800
17/17 - 0s - loss: 0.0486 - mae: 0.0486 - mse: 0.0047 - 176ms/epoch - 10ms/step
Epoch 304/800
17/17 - 0s - loss: 0.0500 - mae: 0.0500 - mse: 0.0046 - 177ms/epoch - 10ms/step
Epoch 305/800
17/17 - 0s - loss: 0.0455 - mae: 0.0455 - mse: 0.0042 - 176ms/epoch - 10ms/step
Epoch 306/800
17/17 - 0s - loss: 0.0592 - mae: 0.0592 - mse: 0.0065 - 176ms/epoch - 10ms/step
Epoch 307/800
17/17 - 0s - loss: 0.0506 - mae: 0.0506 - mse: 0.0052 - 176ms/epoch - 10ms/step
Epoch 308/800
17/17 - 0s - loss: 0.0491 - mae: 0.0491 - mse: 0.0047 - 176ms/epoch - 10ms/step
Epoch 309/800
17/17 - 0s - loss: 0.0486 - mae: 0.0486 - mse: 0.0047 - 176ms/epoch - 10ms/step
Epoch 310/800
17/17 - 0s - loss: 0.0498 - mae: 0.0498 - mse: 0.0049 - 176ms/epoch - 10ms/step
Epoch 311/800
17/17 - 0s - loss: 0.0453 - mae: 0.0453 - mse: 0.0041 - 176ms/epoch - 10ms/step
Epoch 312/800
17/17 - 0s - loss: 0.0435 - mae: 0.0435 - mse: 0.0037 - 176ms/epoch - 10ms/step
Epoch 313/800
17/17 - 0s - loss: 0.0509 - mae: 0.0509 - mse: 0.0047 - 176ms/epoch - 10ms/step
Epoch 314/800
17/17 - 0s - loss: 0.0512 - mae: 0.0512 - mse: 0.0050 - 176ms/epoch - 10ms/step
Epoch 315/800
17/17 - 0s - loss: 0.0478 - mae: 0.0478 - mse: 0.0046 - 176ms/epoch - 10ms/step
Epoch 316/800
17/17 - 0s - loss: 0.0481 - mae: 0.0481 - mse: 0.0045 - 176ms/epoch - 10ms/step
Epoch 317/800
17/17 - 0s - loss: 0.0449 - mae: 0.0449 - mse: 0.0041 - 176ms/epoch - 10ms/step
Epoch 318/800
17/17 - 0s - loss: 0.0449 - mae: 0.0449 - mse: 0.0038 - 176ms/epoch - 10ms/step
Epoch 319/800
17/17 - 0s - loss: 0.0480 - mae: 0.0480 - mse: 0.0043 - 176ms/epoch - 10ms/step
Epoch 320/800
17/17 - 0s - loss: 0.0486 - mae: 0.0486 - mse: 0.0042 - 176ms/epoch - 10ms/step
Epoch 321/800
17/17 - 0s - loss: 0.0415 - mae: 0.0415 - mse: 0.0036 - 176ms/epoch - 10ms/step
Epoch 322/800
17/17 - 0s - loss: 0.0405 - mae: 0.0405 - mse: 0.0033 - 176ms/epoch - 10ms/step
Epoch 323/800
17/17 - 0s - loss: 0.0482 - mae: 0.0482 - mse: 0.0045 - 176ms/epoch - 10ms/step
Epoch 324/800
17/17 - 0s - loss: 0.0464 - mae: 0.0464 - mse: 0.0043 - 176ms/epoch - 10ms/step
Epoch 325/800
17/17 - 0s - loss: 0.0470 - mae: 0.0470 - mse: 0.0041 - 176ms/epoch - 10ms/step
Epoch 326/800
17/17 - 0s - loss: 0.0438 - mae: 0.0438 - mse: 0.0038 - 176ms/epoch - 10ms/step
Epoch 327/800
17/17 - 0s - loss: 0.0420 - mae: 0.0420 - mse: 0.0034 - 176ms/epoch - 10ms/step
Epoch 328/800
17/17 - 0s - loss: 0.0470 - mae: 0.0470 - mse: 0.0041 - 176ms/epoch - 10ms/step
Epoch 329/800
17/17 - 0s - loss: 0.0541 - mae: 0.0541 - mse: 0.0053 - 176ms/epoch - 10ms/step
Epoch 330/800
17/17 - 0s - loss: 0.0464 - mae: 0.0464 - mse: 0.0040 - 176ms/epoch - 10ms/step
Epoch 331/800
17/17 - 0s - loss: 0.0479 - mae: 0.0479 - mse: 0.0043 - 176ms/epoch - 10ms/step
Epoch 332/800
17/17 - 0s - loss: 0.0475 - mae: 0.0475 - mse: 0.0044 - 176ms/epoch - 10ms/step
Epoch 333/800
17/17 - 0s - loss: 0.0447 - mae: 0.0447 - mse: 0.0040 - 176ms/epoch - 10ms/step
Epoch 334/800
17/17 - 0s - loss: 0.0499 - mae: 0.0499 - mse: 0.0045 - 176ms/epoch - 10ms/step
Epoch 335/800
17/17 - 0s - loss: 0.0426 - mae: 0.0426 - mse: 0.0037 - 176ms/epoch - 10ms/step
Epoch 336/800
17/17 - 0s - loss: 0.0488 - mae: 0.0488 - mse: 0.0043 - 176ms/epoch - 10ms/step
Epoch 337/800
17/17 - 0s - loss: 0.0517 - mae: 0.0517 - mse: 0.0048 - 176ms/epoch - 10ms/step
Epoch 338/800
17/17 - 0s - loss: 0.0437 - mae: 0.0437 - mse: 0.0037 - 176ms/epoch - 10ms/step
Epoch 339/800
17/17 - 0s - loss: 0.0455 - mae: 0.0455 - mse: 0.0039 - 176ms/epoch - 10ms/step
Epoch 340/800
17/17 - 0s - loss: 0.0432 - mae: 0.0432 - mse: 0.0036 - 176ms/epoch - 10ms/step
Epoch 341/800
17/17 - 0s - loss: 0.0469 - mae: 0.0469 - mse: 0.0041 - 176ms/epoch - 10ms/step
Epoch 342/800
17/17 - 0s - loss: 0.0417 - mae: 0.0417 - mse: 0.0032 - 176ms/epoch - 10ms/step
Epoch 343/800
17/17 - 0s - loss: 0.0410 - mae: 0.0410 - mse: 0.0032 - 178ms/epoch - 10ms/step
Epoch 344/800
17/17 - 0s - loss: 0.0480 - mae: 0.0480 - mse: 0.0041 - 176ms/epoch - 10ms/step
Epoch 345/800
17/17 - 0s - loss: 0.0441 - mae: 0.0441 - mse: 0.0036 - 176ms/epoch - 10ms/step
Epoch 346/800
17/17 - 0s - loss: 0.0425 - mae: 0.0425 - mse: 0.0035 - 176ms/epoch - 10ms/step
Epoch 347/800
17/17 - 0s - loss: 0.0447 - mae: 0.0447 - mse: 0.0038 - 176ms/epoch - 10ms/step
Epoch 348/800
17/17 - 0s - loss: 0.0424 - mae: 0.0424 - mse: 0.0034 - 176ms/epoch - 10ms/step
Epoch 349/800
17/17 - 0s - loss: 0.0443 - mae: 0.0443 - mse: 0.0035 - 176ms/epoch - 10ms/step
Epoch 350/800
17/17 - 0s - loss: 0.0417 - mae: 0.0417 - mse: 0.0032 - 176ms/epoch - 10ms/step
Epoch 351/800
17/17 - 0s - loss: 0.0441 - mae: 0.0441 - mse: 0.0033 - 176ms/epoch - 10ms/step
Epoch 352/800
17/17 - 0s - loss: 0.0420 - mae: 0.0420 - mse: 0.0035 - 176ms/epoch - 10ms/step
Epoch 353/800
17/17 - 0s - loss: 0.0419 - mae: 0.0419 - mse: 0.0034 - 176ms/epoch - 10ms/step
Epoch 354/800
17/17 - 0s - loss: 0.0381 - mae: 0.0381 - mse: 0.0029 - 176ms/epoch - 10ms/step
Epoch 355/800
17/17 - 0s - loss: 0.0366 - mae: 0.0366 - mse: 0.0027 - 176ms/epoch - 10ms/step
Epoch 356/800
17/17 - 0s - loss: 0.0438 - mae: 0.0438 - mse: 0.0036 - 176ms/epoch - 10ms/step
Epoch 357/800
17/17 - 0s - loss: 0.0468 - mae: 0.0468 - mse: 0.0039 - 176ms/epoch - 10ms/step
Epoch 358/800
17/17 - 0s - loss: 0.0435 - mae: 0.0435 - mse: 0.0034 - 176ms/epoch - 10ms/step
Epoch 359/800
17/17 - 0s - loss: 0.0439 - mae: 0.0439 - mse: 0.0034 - 176ms/epoch - 10ms/step
Epoch 360/800
17/17 - 0s - loss: 0.0360 - mae: 0.0360 - mse: 0.0025 - 176ms/epoch - 10ms/step
Epoch 361/800
17/17 - 0s - loss: 0.0419 - mae: 0.0419 - mse: 0.0034 - 176ms/epoch - 10ms/step
Epoch 362/800
17/17 - 0s - loss: 0.0399 - mae: 0.0399 - mse: 0.0030 - 176ms/epoch - 10ms/step
Epoch 363/800
17/17 - 0s - loss: 0.0429 - mae: 0.0429 - mse: 0.0034 - 176ms/epoch - 10ms/step
Epoch 364/800
17/17 - 0s - loss: 0.0478 - mae: 0.0478 - mse: 0.0042 - 176ms/epoch - 10ms/step
Epoch 365/800
17/17 - 0s - loss: 0.0471 - mae: 0.0471 - mse: 0.0038 - 176ms/epoch - 10ms/step
Epoch 366/800
17/17 - 0s - loss: 0.0422 - mae: 0.0422 - mse: 0.0034 - 177ms/epoch - 10ms/step
Epoch 367/800
17/17 - 0s - loss: 0.0410 - mae: 0.0410 - mse: 0.0029 - 176ms/epoch - 10ms/step
Epoch 368/800
17/17 - 0s - loss: 0.0375 - mae: 0.0375 - mse: 0.0026 - 176ms/epoch - 10ms/step
Epoch 369/800
17/17 - 0s - loss: 0.0402 - mae: 0.0402 - mse: 0.0031 - 176ms/epoch - 10ms/step
Epoch 370/800
17/17 - 0s - loss: 0.0368 - mae: 0.0368 - mse: 0.0024 - 176ms/epoch - 10ms/step
Epoch 371/800
17/17 - 0s - loss: 0.0409 - mae: 0.0409 - mse: 0.0029 - 176ms/epoch - 10ms/step
Epoch 372/800
17/17 - 0s - loss: 0.0398 - mae: 0.0398 - mse: 0.0029 - 176ms/epoch - 10ms/step
Epoch 373/800
17/17 - 0s - loss: 0.0409 - mae: 0.0409 - mse: 0.0030 - 176ms/epoch - 10ms/step
Epoch 374/800
17/17 - 0s - loss: 0.0420 - mae: 0.0420 - mse: 0.0033 - 176ms/epoch - 10ms/step
Epoch 375/800
17/17 - 0s - loss: 0.0416 - mae: 0.0416 - mse: 0.0031 - 176ms/epoch - 10ms/step
Epoch 376/800
17/17 - 0s - loss: 0.0390 - mae: 0.0390 - mse: 0.0028 - 176ms/epoch - 10ms/step
Epoch 377/800
17/17 - 0s - loss: 0.0451 - mae: 0.0451 - mse: 0.0035 - 176ms/epoch - 10ms/step
Epoch 378/800
17/17 - 0s - loss: 0.0390 - mae: 0.0390 - mse: 0.0028 - 176ms/epoch - 10ms/step
Epoch 379/800
17/17 - 0s - loss: 0.0469 - mae: 0.0469 - mse: 0.0039 - 176ms/epoch - 10ms/step
Epoch 380/800
17/17 - 0s - loss: 0.0444 - mae: 0.0444 - mse: 0.0036 - 176ms/epoch - 10ms/step
Epoch 381/800
17/17 - 0s - loss: 0.0393 - mae: 0.0393 - mse: 0.0029 - 176ms/epoch - 10ms/step
Epoch 382/800
17/17 - 0s - loss: 0.0415 - mae: 0.0415 - mse: 0.0032 - 176ms/epoch - 10ms/step
Epoch 383/800
17/17 - 0s - loss: 0.0361 - mae: 0.0361 - mse: 0.0025 - 176ms/epoch - 10ms/step
Epoch 384/800
17/17 - 0s - loss: 0.0430 - mae: 0.0430 - mse: 0.0031 - 176ms/epoch - 10ms/step
Epoch 385/800
17/17 - 0s - loss: 0.0378 - mae: 0.0378 - mse: 0.0027 - 176ms/epoch - 10ms/step
Epoch 386/800
17/17 - 0s - loss: 0.0371 - mae: 0.0371 - mse: 0.0026 - 178ms/epoch - 10ms/step
Epoch 387/800
17/17 - 0s - loss: 0.0410 - mae: 0.0410 - mse: 0.0029 - 177ms/epoch - 10ms/step
Epoch 388/800
17/17 - 0s - loss: 0.0346 - mae: 0.0346 - mse: 0.0021 - 176ms/epoch - 10ms/step
Epoch 389/800
17/17 - 0s - loss: 0.0408 - mae: 0.0408 - mse: 0.0032 - 176ms/epoch - 10ms/step
Epoch 390/800
17/17 - 0s - loss: 0.0425 - mae: 0.0425 - mse: 0.0032 - 176ms/epoch - 10ms/step
Epoch 391/800
17/17 - 0s - loss: 0.0377 - mae: 0.0377 - mse: 0.0026 - 176ms/epoch - 10ms/step
Epoch 392/800
17/17 - 0s - loss: 0.0362 - mae: 0.0362 - mse: 0.0023 - 176ms/epoch - 10ms/step
Epoch 393/800
17/17 - 0s - loss: 0.0395 - mae: 0.0395 - mse: 0.0030 - 176ms/epoch - 10ms/step
Epoch 394/800
17/17 - 0s - loss: 0.0345 - mae: 0.0345 - mse: 0.0021 - 176ms/epoch - 10ms/step
Epoch 395/800
17/17 - 0s - loss: 0.0329 - mae: 0.0329 - mse: 0.0020 - 176ms/epoch - 10ms/step
Epoch 396/800
17/17 - 0s - loss: 0.0386 - mae: 0.0386 - mse: 0.0026 - 176ms/epoch - 10ms/step
Epoch 397/800
17/17 - 0s - loss: 0.0395 - mae: 0.0395 - mse: 0.0027 - 176ms/epoch - 10ms/step
Epoch 398/800
17/17 - 0s - loss: 0.0355 - mae: 0.0355 - mse: 0.0021 - 176ms/epoch - 10ms/step
Epoch 399/800
17/17 - 0s - loss: 0.0362 - mae: 0.0362 - mse: 0.0024 - 176ms/epoch - 10ms/step
Epoch 400/800
17/17 - 0s - loss: 0.0357 - mae: 0.0357 - mse: 0.0023 - 176ms/epoch - 10ms/step
Epoch 401/800
17/17 - 0s - loss: 0.0324 - mae: 0.0324 - mse: 0.0020 - 176ms/epoch - 10ms/step
Epoch 402/800
17/17 - 0s - loss: 0.0403 - mae: 0.0403 - mse: 0.0027 - 176ms/epoch - 10ms/step
Epoch 403/800
17/17 - 0s - loss: 0.0409 - mae: 0.0409 - mse: 0.0028 - 176ms/epoch - 10ms/step
Epoch 404/800
17/17 - 0s - loss: 0.0367 - mae: 0.0367 - mse: 0.0025 - 176ms/epoch - 10ms/step
Epoch 405/800
17/17 - 0s - loss: 0.0344 - mae: 0.0344 - mse: 0.0020 - 176ms/epoch - 10ms/step
Epoch 406/800
17/17 - 0s - loss: 0.0302 - mae: 0.0302 - mse: 0.0017 - 176ms/epoch - 10ms/step
Epoch 407/800
17/17 - 0s - loss: 0.0327 - mae: 0.0327 - mse: 0.0020 - 176ms/epoch - 10ms/step
Epoch 408/800
17/17 - 0s - loss: 0.0331 - mae: 0.0331 - mse: 0.0019 - 176ms/epoch - 10ms/step
Epoch 409/800
17/17 - 0s - loss: 0.0352 - mae: 0.0352 - mse: 0.0021 - 176ms/epoch - 10ms/step
Epoch 410/800
17/17 - 0s - loss: 0.0349 - mae: 0.0349 - mse: 0.0022 - 176ms/epoch - 10ms/step
Epoch 411/800
17/17 - 0s - loss: 0.0324 - mae: 0.0324 - mse: 0.0019 - 176ms/epoch - 10ms/step
Epoch 412/800
17/17 - 0s - loss: 0.0350 - mae: 0.0350 - mse: 0.0021 - 176ms/epoch - 10ms/step
Epoch 413/800
17/17 - 0s - loss: 0.0321 - mae: 0.0321 - mse: 0.0019 - 176ms/epoch - 10ms/step
Epoch 414/800
17/17 - 0s - loss: 0.0319 - mae: 0.0319 - mse: 0.0018 - 176ms/epoch - 10ms/step
Epoch 415/800
17/17 - 0s - loss: 0.0344 - mae: 0.0344 - mse: 0.0021 - 176ms/epoch - 10ms/step
Epoch 416/800
17/17 - 0s - loss: 0.0305 - mae: 0.0305 - mse: 0.0017 - 176ms/epoch - 10ms/step
Epoch 417/800
17/17 - 0s - loss: 0.0337 - mae: 0.0337 - mse: 0.0021 - 176ms/epoch - 10ms/step
Epoch 418/800
17/17 - 0s - loss: 0.0345 - mae: 0.0345 - mse: 0.0021 - 176ms/epoch - 10ms/step
Epoch 419/800
17/17 - 0s - loss: 0.0326 - mae: 0.0326 - mse: 0.0019 - 176ms/epoch - 10ms/step
Epoch 420/800
17/17 - 0s - loss: 0.0352 - mae: 0.0352 - mse: 0.0022 - 176ms/epoch - 10ms/step
Epoch 421/800
17/17 - 0s - loss: 0.0326 - mae: 0.0326 - mse: 0.0019 - 176ms/epoch - 10ms/step
Epoch 422/800
17/17 - 0s - loss: 0.0296 - mae: 0.0296 - mse: 0.0016 - 176ms/epoch - 10ms/step
Epoch 423/800
17/17 - 0s - loss: 0.0312 - mae: 0.0312 - mse: 0.0019 - 176ms/epoch - 10ms/step
Epoch 424/800
17/17 - 0s - loss: 0.0316 - mae: 0.0316 - mse: 0.0018 - 176ms/epoch - 10ms/step
Epoch 425/800
17/17 - 0s - loss: 0.0348 - mae: 0.0348 - mse: 0.0023 - 176ms/epoch - 10ms/step
Epoch 426/800
17/17 - 0s - loss: 0.0319 - mae: 0.0319 - mse: 0.0018 - 178ms/epoch - 10ms/step
Epoch 427/800
17/17 - 0s - loss: 0.0269 - mae: 0.0269 - mse: 0.0013 - 177ms/epoch - 10ms/step
Epoch 428/800
17/17 - 0s - loss: 0.0323 - mae: 0.0323 - mse: 0.0018 - 176ms/epoch - 10ms/step
Epoch 429/800
17/17 - 0s - loss: 0.0377 - mae: 0.0377 - mse: 0.0023 - 176ms/epoch - 10ms/step
Epoch 430/800
17/17 - 0s - loss: 0.0322 - mae: 0.0322 - mse: 0.0019 - 176ms/epoch - 10ms/step
Epoch 431/800
17/17 - 0s - loss: 0.0315 - mae: 0.0315 - mse: 0.0017 - 176ms/epoch - 10ms/step
Epoch 432/800
17/17 - 0s - loss: 0.0356 - mae: 0.0356 - mse: 0.0022 - 176ms/epoch - 10ms/step
Epoch 433/800
17/17 - 0s - loss: 0.0345 - mae: 0.0345 - mse: 0.0022 - 176ms/epoch - 10ms/step
Epoch 434/800
17/17 - 0s - loss: 0.0297 - mae: 0.0297 - mse: 0.0016 - 176ms/epoch - 10ms/step
Epoch 435/800
17/17 - 0s - loss: 0.0275 - mae: 0.0275 - mse: 0.0014 - 176ms/epoch - 10ms/step
Epoch 436/800
17/17 - 0s - loss: 0.0309 - mae: 0.0309 - mse: 0.0016 - 176ms/epoch - 10ms/step
Epoch 437/800
17/17 - 0s - loss: 0.0300 - mae: 0.0300 - mse: 0.0016 - 176ms/epoch - 10ms/step
Epoch 438/800
17/17 - 0s - loss: 0.0284 - mae: 0.0284 - mse: 0.0014 - 176ms/epoch - 10ms/step
Epoch 439/800
17/17 - 0s - loss: 0.0262 - mae: 0.0262 - mse: 0.0013 - 176ms/epoch - 10ms/step
Epoch 440/800
17/17 - 0s - loss: 0.0345 - mae: 0.0345 - mse: 0.0021 - 176ms/epoch - 10ms/step
Epoch 441/800
17/17 - 0s - loss: 0.0344 - mae: 0.0344 - mse: 0.0021 - 175ms/epoch - 10ms/step
Epoch 442/800
17/17 - 0s - loss: 0.0327 - mae: 0.0327 - mse: 0.0019 - 176ms/epoch - 10ms/step
Epoch 443/800
17/17 - 0s - loss: 0.0340 - mae: 0.0340 - mse: 0.0021 - 176ms/epoch - 10ms/step
Epoch 444/800
17/17 - 0s - loss: 0.0298 - mae: 0.0298 - mse: 0.0015 - 176ms/epoch - 10ms/step
Epoch 445/800
17/17 - 0s - loss: 0.0300 - mae: 0.0300 - mse: 0.0016 - 176ms/epoch - 10ms/step
Epoch 446/800
17/17 - 0s - loss: 0.0325 - mae: 0.0325 - mse: 0.0018 - 176ms/epoch - 10ms/step
Epoch 447/800
17/17 - 0s - loss: 0.0274 - mae: 0.0274 - mse: 0.0014 - 176ms/epoch - 10ms/step
Epoch 448/800
17/17 - 0s - loss: 0.0272 - mae: 0.0272 - mse: 0.0015 - 176ms/epoch - 10ms/step
Epoch 449/800
17/17 - 0s - loss: 0.0278 - mae: 0.0278 - mse: 0.0014 - 176ms/epoch - 10ms/step
Epoch 450/800
17/17 - 0s - loss: 0.0276 - mae: 0.0276 - mse: 0.0013 - 176ms/epoch - 10ms/step
Epoch 451/800
17/17 - 0s - loss: 0.0301 - mae: 0.0301 - mse: 0.0016 - 176ms/epoch - 10ms/step
Epoch 452/800
17/17 - 0s - loss: 0.0332 - mae: 0.0332 - mse: 0.0019 - 176ms/epoch - 10ms/step
Epoch 453/800
17/17 - 0s - loss: 0.0292 - mae: 0.0292 - mse: 0.0016 - 176ms/epoch - 10ms/step
Epoch 454/800
17/17 - 0s - loss: 0.0362 - mae: 0.0362 - mse: 0.0022 - 176ms/epoch - 10ms/step
Epoch 455/800
17/17 - 0s - loss: 0.0287 - mae: 0.0287 - mse: 0.0014 - 176ms/epoch - 10ms/step
Epoch 456/800
17/17 - 0s - loss: 0.0306 - mae: 0.0306 - mse: 0.0017 - 176ms/epoch - 10ms/step
Epoch 457/800
17/17 - 0s - loss: 0.0297 - mae: 0.0297 - mse: 0.0016 - 176ms/epoch - 10ms/step
Epoch 458/800
17/17 - 0s - loss: 0.0276 - mae: 0.0276 - mse: 0.0014 - 176ms/epoch - 10ms/step
Epoch 459/800
17/17 - 0s - loss: 0.0292 - mae: 0.0292 - mse: 0.0016 - 176ms/epoch - 10ms/step
Epoch 460/800
17/17 - 0s - loss: 0.0263 - mae: 0.0263 - mse: 0.0013 - 176ms/epoch - 10ms/step
Epoch 461/800
17/17 - 0s - loss: 0.0311 - mae: 0.0311 - mse: 0.0017 - 176ms/epoch - 10ms/step
Epoch 462/800
17/17 - 0s - loss: 0.0336 - mae: 0.0336 - mse: 0.0020 - 176ms/epoch - 10ms/step
Epoch 463/800
17/17 - 0s - loss: 0.0320 - mae: 0.0320 - mse: 0.0017 - 176ms/epoch - 10ms/step
Epoch 464/800
17/17 - 0s - loss: 0.0315 - mae: 0.0315 - mse: 0.0019 - 176ms/epoch - 10ms/step
Epoch 465/800
17/17 - 0s - loss: 0.0285 - mae: 0.0285 - mse: 0.0014 - 176ms/epoch - 10ms/step
Epoch 466/800
17/17 - 0s - loss: 0.0316 - mae: 0.0316 - mse: 0.0017 - 176ms/epoch - 10ms/step
Epoch 467/800
17/17 - 0s - loss: 0.0332 - mae: 0.0332 - mse: 0.0021 - 177ms/epoch - 10ms/step
Epoch 468/800
17/17 - 0s - loss: 0.0303 - mae: 0.0303 - mse: 0.0017 - 176ms/epoch - 10ms/step
Epoch 469/800
17/17 - 0s - loss: 0.0269 - mae: 0.0269 - mse: 0.0013 - 176ms/epoch - 10ms/step
Epoch 470/800
17/17 - 0s - loss: 0.0262 - mae: 0.0262 - mse: 0.0013 - 176ms/epoch - 10ms/step
Epoch 471/800
17/17 - 0s - loss: 0.0278 - mae: 0.0278 - mse: 0.0014 - 176ms/epoch - 10ms/step
Epoch 472/800
17/17 - 0s - loss: 0.0286 - mae: 0.0286 - mse: 0.0014 - 176ms/epoch - 10ms/step
Epoch 473/800
17/17 - 0s - loss: 0.0282 - mae: 0.0282 - mse: 0.0014 - 176ms/epoch - 10ms/step
Epoch 474/800
17/17 - 0s - loss: 0.0266 - mae: 0.0266 - mse: 0.0014 - 176ms/epoch - 10ms/step
Epoch 475/800
17/17 - 0s - loss: 0.0255 - mae: 0.0255 - mse: 0.0012 - 176ms/epoch - 10ms/step
Epoch 476/800
17/17 - 0s - loss: 0.0291 - mae: 0.0291 - mse: 0.0014 - 176ms/epoch - 10ms/step
Epoch 477/800
17/17 - 0s - loss: 0.0297 - mae: 0.0297 - mse: 0.0015 - 176ms/epoch - 10ms/step
Epoch 478/800
17/17 - 0s - loss: 0.0283 - mae: 0.0283 - mse: 0.0015 - 176ms/epoch - 10ms/step
Epoch 479/800
17/17 - 0s - loss: 0.0294 - mae: 0.0294 - mse: 0.0015 - 176ms/epoch - 10ms/step
Epoch 480/800
17/17 - 0s - loss: 0.0289 - mae: 0.0289 - mse: 0.0014 - 176ms/epoch - 10ms/step
Epoch 481/800
17/17 - 0s - loss: 0.0263 - mae: 0.0263 - mse: 0.0013 - 176ms/epoch - 10ms/step
Epoch 482/800
17/17 - 0s - loss: 0.0260 - mae: 0.0260 - mse: 0.0012 - 176ms/epoch - 10ms/step
Epoch 483/800
17/17 - 0s - loss: 0.0273 - mae: 0.0273 - mse: 0.0014 - 176ms/epoch - 10ms/step
Epoch 484/800
17/17 - 0s - loss: 0.0286 - mae: 0.0286 - mse: 0.0015 - 176ms/epoch - 10ms/step
Epoch 485/800
17/17 - 0s - loss: 0.0298 - mae: 0.0298 - mse: 0.0016 - 176ms/epoch - 10ms/step
Epoch 486/800
17/17 - 0s - loss: 0.0274 - mae: 0.0274 - mse: 0.0013 - 176ms/epoch - 10ms/step
Epoch 487/800
17/17 - 0s - loss: 0.0254 - mae: 0.0254 - mse: 0.0012 - 176ms/epoch - 10ms/step
Epoch 488/800
17/17 - 0s - loss: 0.0230 - mae: 0.0230 - mse: 0.0010 - 176ms/epoch - 10ms/step
Epoch 489/800
17/17 - 0s - loss: 0.0239 - mae: 0.0239 - mse: 0.0011 - 176ms/epoch - 10ms/step
Epoch 490/800
17/17 - 0s - loss: 0.0222 - mae: 0.0222 - mse: 9.0863e-04 - 176ms/epoch - 10ms/step
Epoch 491/800
17/17 - 0s - loss: 0.0297 - mae: 0.0297 - mse: 0.0015 - 176ms/epoch - 10ms/step
Epoch 492/800
17/17 - 0s - loss: 0.0317 - mae: 0.0317 - mse: 0.0017 - 176ms/epoch - 10ms/step
Epoch 493/800
17/17 - 0s - loss: 0.0269 - mae: 0.0269 - mse: 0.0013 - 176ms/epoch - 10ms/step
Epoch 494/800
17/17 - 0s - loss: 0.0271 - mae: 0.0271 - mse: 0.0012 - 176ms/epoch - 10ms/step
Epoch 495/800
17/17 - 0s - loss: 0.0232 - mae: 0.0232 - mse: 9.5682e-04 - 176ms/epoch - 10ms/step
Epoch 496/800
17/17 - 0s - loss: 0.0244 - mae: 0.0244 - mse: 0.0012 - 176ms/epoch - 10ms/step
Epoch 497/800
17/17 - 0s - loss: 0.0239 - mae: 0.0239 - mse: 0.0010 - 176ms/epoch - 10ms/step
Epoch 498/800
17/17 - 0s - loss: 0.0244 - mae: 0.0244 - mse: 0.0011 - 176ms/epoch - 10ms/step
Epoch 499/800
17/17 - 0s - loss: 0.0240 - mae: 0.0240 - mse: 0.0010 - 176ms/epoch - 10ms/step
Epoch 500/800
17/17 - 0s - loss: 0.0304 - mae: 0.0304 - mse: 0.0016 - 176ms/epoch - 10ms/step
Epoch 501/800
17/17 - 0s - loss: 0.0279 - mae: 0.0279 - mse: 0.0013 - 176ms/epoch - 10ms/step
Epoch 502/800
17/17 - 0s - loss: 0.0311 - mae: 0.0311 - mse: 0.0017 - 176ms/epoch - 10ms/step
Epoch 503/800
17/17 - 0s - loss: 0.0246 - mae: 0.0246 - mse: 0.0012 - 176ms/epoch - 10ms/step
Epoch 504/800
17/17 - 0s - loss: 0.0232 - mae: 0.0232 - mse: 0.0010 - 176ms/epoch - 10ms/step
Epoch 505/800
17/17 - 0s - loss: 0.0248 - mae: 0.0248 - mse: 0.0012 - 176ms/epoch - 10ms/step
Epoch 506/800
17/17 - 0s - loss: 0.0250 - mae: 0.0250 - mse: 0.0012 - 176ms/epoch - 10ms/step
Epoch 507/800
17/17 - 0s - loss: 0.0264 - mae: 0.0264 - mse: 0.0013 - 176ms/epoch - 10ms/step
Epoch 508/800
17/17 - 0s - loss: 0.0246 - mae: 0.0246 - mse: 0.0011 - 176ms/epoch - 10ms/step
Epoch 509/800
17/17 - 0s - loss: 0.0263 - mae: 0.0263 - mse: 0.0013 - 176ms/epoch - 10ms/step
Epoch 510/800
17/17 - 0s - loss: 0.0249 - mae: 0.0249 - mse: 0.0011 - 176ms/epoch - 10ms/step
Epoch 511/800
17/17 - 0s - loss: 0.0243 - mae: 0.0243 - mse: 0.0011 - 176ms/epoch - 10ms/step
Epoch 512/800
17/17 - 0s - loss: 0.0222 - mae: 0.0222 - mse: 9.0745e-04 - 176ms/epoch - 10ms/step
Epoch 513/800
17/17 - 0s - loss: 0.0219 - mae: 0.0219 - mse: 8.7385e-04 - 176ms/epoch - 10ms/step
Epoch 514/800
17/17 - 0s - loss: 0.0232 - mae: 0.0232 - mse: 9.7899e-04 - 176ms/epoch - 10ms/step
Epoch 515/800
17/17 - 0s - loss: 0.0247 - mae: 0.0247 - mse: 0.0010 - 176ms/epoch - 10ms/step
Epoch 516/800
17/17 - 0s - loss: 0.0236 - mae: 0.0236 - mse: 0.0011 - 176ms/epoch - 10ms/step
Epoch 517/800
17/17 - 0s - loss: 0.0258 - mae: 0.0258 - mse: 0.0012 - 176ms/epoch - 10ms/step
Epoch 518/800
17/17 - 0s - loss: 0.0246 - mae: 0.0246 - mse: 0.0010 - 176ms/epoch - 10ms/step
Epoch 519/800
17/17 - 0s - loss: 0.0298 - mae: 0.0298 - mse: 0.0015 - 176ms/epoch - 10ms/step
Epoch 520/800
17/17 - 0s - loss: 0.0241 - mae: 0.0241 - mse: 0.0010 - 176ms/epoch - 10ms/step
Epoch 521/800
17/17 - 0s - loss: 0.0236 - mae: 0.0236 - mse: 0.0010 - 176ms/epoch - 10ms/step
Epoch 522/800
17/17 - 0s - loss: 0.0247 - mae: 0.0247 - mse: 0.0011 - 176ms/epoch - 10ms/step
Epoch 523/800
17/17 - 0s - loss: 0.0243 - mae: 0.0243 - mse: 0.0010 - 176ms/epoch - 10ms/step
Epoch 524/800
17/17 - 0s - loss: 0.0233 - mae: 0.0233 - mse: 9.6146e-04 - 176ms/epoch - 10ms/step
Epoch 525/800
17/17 - 0s - loss: 0.0229 - mae: 0.0229 - mse: 9.6170e-04 - 176ms/epoch - 10ms/step
Epoch 526/800
17/17 - 0s - loss: 0.0231 - mae: 0.0231 - mse: 9.5087e-04 - 176ms/epoch - 10ms/step
Epoch 527/800
17/17 - 0s - loss: 0.0213 - mae: 0.0213 - mse: 8.9602e-04 - 176ms/epoch - 10ms/step
Epoch 528/800
17/17 - 0s - loss: 0.0239 - mae: 0.0239 - mse: 0.0011 - 176ms/epoch - 10ms/step
Epoch 529/800
17/17 - 0s - loss: 0.0230 - mae: 0.0230 - mse: 9.4028e-04 - 177ms/epoch - 10ms/step
Epoch 530/800
17/17 - 0s - loss: 0.0238 - mae: 0.0238 - mse: 0.0011 - 176ms/epoch - 10ms/step
Epoch 531/800
17/17 - 0s - loss: 0.0243 - mae: 0.0243 - mse: 0.0011 - 176ms/epoch - 10ms/step
Epoch 532/800
17/17 - 0s - loss: 0.0214 - mae: 0.0214 - mse: 8.5611e-04 - 176ms/epoch - 10ms/step
Epoch 533/800
17/17 - 0s - loss: 0.0214 - mae: 0.0214 - mse: 8.1842e-04 - 176ms/epoch - 10ms/step
Epoch 534/800
17/17 - 0s - loss: 0.0209 - mae: 0.0209 - mse: 8.0106e-04 - 176ms/epoch - 10ms/step
Epoch 535/800
17/17 - 0s - loss: 0.0240 - mae: 0.0240 - mse: 9.9584e-04 - 176ms/epoch - 10ms/step
Epoch 536/800
17/17 - 0s - loss: 0.0223 - mae: 0.0223 - mse: 8.9317e-04 - 176ms/epoch - 10ms/step
Epoch 537/800
17/17 - 0s - loss: 0.0244 - mae: 0.0244 - mse: 0.0010 - 176ms/epoch - 10ms/step
Epoch 538/800
17/17 - 0s - loss: 0.0267 - mae: 0.0267 - mse: 0.0012 - 176ms/epoch - 10ms/step
Epoch 539/800
17/17 - 0s - loss: 0.0242 - mae: 0.0242 - mse: 0.0011 - 176ms/epoch - 10ms/step
Epoch 540/800
17/17 - 0s - loss: 0.0225 - mae: 0.0225 - mse: 8.8893e-04 - 176ms/epoch - 10ms/step
Epoch 541/800
17/17 - 0s - loss: 0.0211 - mae: 0.0211 - mse: 8.1234e-04 - 176ms/epoch - 10ms/step
Epoch 542/800
17/17 - 0s - loss: 0.0192 - mae: 0.0192 - mse: 6.9169e-04 - 176ms/epoch - 10ms/step
Epoch 543/800
17/17 - 0s - loss: 0.0197 - mae: 0.0197 - mse: 7.4455e-04 - 176ms/epoch - 10ms/step
Epoch 544/800
17/17 - 0s - loss: 0.0198 - mae: 0.0198 - mse: 7.3940e-04 - 176ms/epoch - 10ms/step
Epoch 545/800
17/17 - 0s - loss: 0.0198 - mae: 0.0198 - mse: 7.0544e-04 - 176ms/epoch - 10ms/step
Epoch 546/800
17/17 - 0s - loss: 0.0212 - mae: 0.0212 - mse: 8.4841e-04 - 176ms/epoch - 10ms/step
Epoch 547/800
17/17 - 0s - loss: 0.0231 - mae: 0.0231 - mse: 9.7971e-04 - 176ms/epoch - 10ms/step
Epoch 548/800
17/17 - 0s - loss: 0.0239 - mae: 0.0239 - mse: 9.9964e-04 - 176ms/epoch - 10ms/step
Epoch 549/800
17/17 - 0s - loss: 0.0216 - mae: 0.0216 - mse: 8.7679e-04 - 176ms/epoch - 10ms/step
Epoch 550/800
17/17 - 0s - loss: 0.0231 - mae: 0.0231 - mse: 0.0010 - 176ms/epoch - 10ms/step
Epoch 551/800
17/17 - 0s - loss: 0.0205 - mae: 0.0205 - mse: 7.7477e-04 - 176ms/epoch - 10ms/step
Epoch 552/800
17/17 - 0s - loss: 0.0245 - mae: 0.0245 - mse: 0.0011 - 176ms/epoch - 10ms/step
Epoch 553/800
17/17 - 0s - loss: 0.0252 - mae: 0.0252 - mse: 0.0011 - 176ms/epoch - 10ms/step
Epoch 554/800
17/17 - 0s - loss: 0.0213 - mae: 0.0213 - mse: 8.1551e-04 - 176ms/epoch - 10ms/step
Epoch 555/800
17/17 - 0s - loss: 0.0192 - mae: 0.0192 - mse: 6.8590e-04 - 176ms/epoch - 10ms/step
Epoch 556/800
17/17 - 0s - loss: 0.0208 - mae: 0.0208 - mse: 7.8543e-04 - 176ms/epoch - 10ms/step
Epoch 557/800
17/17 - 0s - loss: 0.0183 - mae: 0.0183 - mse: 6.5500e-04 - 176ms/epoch - 10ms/step
Epoch 558/800
17/17 - 0s - loss: 0.0165 - mae: 0.0165 - mse: 5.2325e-04 - 176ms/epoch - 10ms/step
Epoch 559/800
17/17 - 0s - loss: 0.0176 - mae: 0.0176 - mse: 5.7359e-04 - 176ms/epoch - 10ms/step
Epoch 560/800
17/17 - 0s - loss: 0.0192 - mae: 0.0192 - mse: 6.6624e-04 - 176ms/epoch - 10ms/step
Epoch 561/800
17/17 - 0s - loss: 0.0195 - mae: 0.0195 - mse: 7.1368e-04 - 176ms/epoch - 10ms/step
Epoch 562/800
17/17 - 0s - loss: 0.0192 - mae: 0.0192 - mse: 6.6633e-04 - 176ms/epoch - 10ms/step
Epoch 563/800
17/17 - 0s - loss: 0.0224 - mae: 0.0224 - mse: 8.9444e-04 - 176ms/epoch - 10ms/step
Epoch 564/800
17/17 - 0s - loss: 0.0203 - mae: 0.0203 - mse: 7.8521e-04 - 176ms/epoch - 10ms/step
Epoch 565/800
17/17 - 0s - loss: 0.0184 - mae: 0.0184 - mse: 6.3697e-04 - 176ms/epoch - 10ms/step
Epoch 566/800
17/17 - 0s - loss: 0.0198 - mae: 0.0198 - mse: 7.5659e-04 - 176ms/epoch - 10ms/step
Epoch 567/800
17/17 - 0s - loss: 0.0208 - mae: 0.0208 - mse: 8.2988e-04 - 176ms/epoch - 10ms/step
Epoch 568/800
17/17 - 0s - loss: 0.0232 - mae: 0.0232 - mse: 9.1931e-04 - 176ms/epoch - 10ms/step
Epoch 569/800
17/17 - 0s - loss: 0.0239 - mae: 0.0239 - mse: 9.9717e-04 - 176ms/epoch - 10ms/step
Epoch 570/800
17/17 - 0s - loss: 0.0251 - mae: 0.0251 - mse: 0.0011 - 176ms/epoch - 10ms/step
Epoch 571/800
17/17 - 0s - loss: 0.0211 - mae: 0.0211 - mse: 8.3162e-04 - 176ms/epoch - 10ms/step
Epoch 572/800
17/17 - 0s - loss: 0.0196 - mae: 0.0196 - mse: 7.0223e-04 - 176ms/epoch - 10ms/step
Epoch 573/800
17/17 - 0s - loss: 0.0206 - mae: 0.0206 - mse: 7.8007e-04 - 176ms/epoch - 10ms/step
Epoch 574/800
17/17 - 0s - loss: 0.0205 - mae: 0.0205 - mse: 7.9548e-04 - 176ms/epoch - 10ms/step
Epoch 575/800
17/17 - 0s - loss: 0.0177 - mae: 0.0177 - mse: 6.1238e-04 - 176ms/epoch - 10ms/step
Epoch 576/800
17/17 - 0s - loss: 0.0192 - mae: 0.0192 - mse: 7.1835e-04 - 176ms/epoch - 10ms/step
Epoch 577/800
17/17 - 0s - loss: 0.0231 - mae: 0.0231 - mse: 9.1996e-04 - 176ms/epoch - 10ms/step
Epoch 578/800
17/17 - 0s - loss: 0.0229 - mae: 0.0229 - mse: 9.1954e-04 - 176ms/epoch - 10ms/step
Epoch 579/800
17/17 - 0s - loss: 0.0229 - mae: 0.0229 - mse: 9.1115e-04 - 176ms/epoch - 10ms/step
Epoch 580/800
17/17 - 0s - loss: 0.0198 - mae: 0.0198 - mse: 7.3511e-04 - 176ms/epoch - 10ms/step
Epoch 581/800
17/17 - 0s - loss: 0.0195 - mae: 0.0195 - mse: 7.0745e-04 - 176ms/epoch - 10ms/step
Epoch 582/800
17/17 - 0s - loss: 0.0200 - mae: 0.0200 - mse: 7.4258e-04 - 176ms/epoch - 10ms/step
Epoch 583/800
17/17 - 0s - loss: 0.0205 - mae: 0.0205 - mse: 7.6683e-04 - 176ms/epoch - 10ms/step
Epoch 584/800
17/17 - 0s - loss: 0.0211 - mae: 0.0211 - mse: 8.4794e-04 - 176ms/epoch - 10ms/step
Epoch 585/800
17/17 - 0s - loss: 0.0201 - mae: 0.0201 - mse: 7.2194e-04 - 176ms/epoch - 10ms/step
Epoch 586/800
17/17 - 0s - loss: 0.0219 - mae: 0.0219 - mse: 8.6153e-04 - 176ms/epoch - 10ms/step
Epoch 587/800
17/17 - 0s - loss: 0.0218 - mae: 0.0218 - mse: 8.4928e-04 - 176ms/epoch - 10ms/step
Epoch 588/800
17/17 - 0s - loss: 0.0181 - mae: 0.0181 - mse: 6.5152e-04 - 176ms/epoch - 10ms/step
Epoch 589/800
17/17 - 0s - loss: 0.0169 - mae: 0.0169 - mse: 5.6414e-04 - 176ms/epoch - 10ms/step
Epoch 590/800
17/17 - 0s - loss: 0.0166 - mae: 0.0166 - mse: 5.5247e-04 - 176ms/epoch - 10ms/step
Epoch 591/800
17/17 - 0s - loss: 0.0163 - mae: 0.0163 - mse: 5.2322e-04 - 176ms/epoch - 10ms/step
Epoch 592/800
17/17 - 0s - loss: 0.0190 - mae: 0.0190 - mse: 6.9117e-04 - 176ms/epoch - 10ms/step
Epoch 593/800
17/17 - 0s - loss: 0.0162 - mae: 0.0162 - mse: 5.5116e-04 - 176ms/epoch - 10ms/step
Epoch 594/800
17/17 - 0s - loss: 0.0154 - mae: 0.0154 - mse: 4.6425e-04 - 176ms/epoch - 10ms/step
Epoch 595/800
17/17 - 0s - loss: 0.0160 - mae: 0.0160 - mse: 5.2357e-04 - 176ms/epoch - 10ms/step
Epoch 596/800
17/17 - 0s - loss: 0.0151 - mae: 0.0151 - mse: 4.8703e-04 - 176ms/epoch - 10ms/step
Epoch 597/800
17/17 - 0s - loss: 0.0177 - mae: 0.0177 - mse: 5.8875e-04 - 176ms/epoch - 10ms/step
Epoch 598/800
17/17 - 0s - loss: 0.0149 - mae: 0.0149 - mse: 4.8903e-04 - 176ms/epoch - 10ms/step
Epoch 599/800
17/17 - 0s - loss: 0.0190 - mae: 0.0190 - mse: 6.2607e-04 - 176ms/epoch - 10ms/step
Epoch 600/800
17/17 - 0s - loss: 0.0184 - mae: 0.0184 - mse: 6.4090e-04 - 176ms/epoch - 10ms/step
Epoch 601/800
17/17 - 0s - loss: 0.0174 - mae: 0.0174 - mse: 5.8326e-04 - 176ms/epoch - 10ms/step
Epoch 602/800
17/17 - 0s - loss: 0.0159 - mae: 0.0159 - mse: 4.9861e-04 - 176ms/epoch - 10ms/step
Epoch 603/800
17/17 - 0s - loss: 0.0145 - mae: 0.0145 - mse: 4.4439e-04 - 176ms/epoch - 10ms/step
Epoch 604/800
17/17 - 0s - loss: 0.0152 - mae: 0.0152 - mse: 4.8030e-04 - 176ms/epoch - 10ms/step
Epoch 605/800
17/17 - 0s - loss: 0.0154 - mae: 0.0154 - mse: 4.6961e-04 - 176ms/epoch - 10ms/step
Epoch 606/800
17/17 - 0s - loss: 0.0171 - mae: 0.0171 - mse: 5.7749e-04 - 176ms/epoch - 10ms/step
Epoch 607/800
17/17 - 0s - loss: 0.0141 - mae: 0.0141 - mse: 4.2544e-04 - 176ms/epoch - 10ms/step
Epoch 608/800
17/17 - 0s - loss: 0.0149 - mae: 0.0149 - mse: 4.3481e-04 - 176ms/epoch - 10ms/step
Epoch 609/800
17/17 - 0s - loss: 0.0152 - mae: 0.0152 - mse: 4.4928e-04 - 176ms/epoch - 10ms/step
Epoch 610/800
17/17 - 0s - loss: 0.0152 - mae: 0.0152 - mse: 4.3962e-04 - 176ms/epoch - 10ms/step
Epoch 611/800
17/17 - 0s - loss: 0.0162 - mae: 0.0162 - mse: 5.3259e-04 - 176ms/epoch - 10ms/step
Epoch 612/800
17/17 - 0s - loss: 0.0157 - mae: 0.0157 - mse: 4.9286e-04 - 176ms/epoch - 10ms/step
Epoch 613/800
17/17 - 0s - loss: 0.0140 - mae: 0.0140 - mse: 3.9164e-04 - 176ms/epoch - 10ms/step
Epoch 614/800
17/17 - 0s - loss: 0.0185 - mae: 0.0185 - mse: 6.4292e-04 - 176ms/epoch - 10ms/step
Epoch 615/800
17/17 - 0s - loss: 0.0157 - mae: 0.0157 - mse: 4.8955e-04 - 176ms/epoch - 10ms/step
Epoch 616/800
17/17 - 0s - loss: 0.0164 - mae: 0.0164 - mse: 5.0651e-04 - 176ms/epoch - 10ms/step
Epoch 617/800
17/17 - 0s - loss: 0.0167 - mae: 0.0167 - mse: 5.6805e-04 - 176ms/epoch - 10ms/step
Epoch 618/800
17/17 - 0s - loss: 0.0160 - mae: 0.0160 - mse: 5.0485e-04 - 176ms/epoch - 10ms/step
Epoch 619/800
17/17 - 0s - loss: 0.0156 - mae: 0.0156 - mse: 4.7276e-04 - 176ms/epoch - 10ms/step
Epoch 620/800
17/17 - 0s - loss: 0.0127 - mae: 0.0127 - mse: 3.4249e-04 - 176ms/epoch - 10ms/step
Epoch 621/800
17/17 - 0s - loss: 0.0129 - mae: 0.0129 - mse: 3.5870e-04 - 176ms/epoch - 10ms/step
Epoch 622/800
17/17 - 0s - loss: 0.0139 - mae: 0.0139 - mse: 3.9199e-04 - 176ms/epoch - 10ms/step
Epoch 623/800
17/17 - 0s - loss: 0.0154 - mae: 0.0154 - mse: 4.6782e-04 - 176ms/epoch - 10ms/step
Epoch 624/800
17/17 - 0s - loss: 0.0162 - mae: 0.0162 - mse: 5.1089e-04 - 176ms/epoch - 10ms/step
Epoch 625/800
17/17 - 0s - loss: 0.0168 - mae: 0.0168 - mse: 5.3267e-04 - 176ms/epoch - 10ms/step
Epoch 626/800
17/17 - 0s - loss: 0.0154 - mae: 0.0154 - mse: 4.6937e-04 - 176ms/epoch - 10ms/step
Epoch 627/800
17/17 - 0s - loss: 0.0165 - mae: 0.0165 - mse: 5.3174e-04 - 176ms/epoch - 10ms/step
Epoch 628/800
17/17 - 0s - loss: 0.0154 - mae: 0.0154 - mse: 4.6296e-04 - 176ms/epoch - 10ms/step
Epoch 629/800
17/17 - 0s - loss: 0.0150 - mae: 0.0150 - mse: 4.4103e-04 - 176ms/epoch - 10ms/step
Epoch 630/800
17/17 - 0s - loss: 0.0159 - mae: 0.0159 - mse: 5.1296e-04 - 176ms/epoch - 10ms/step
Epoch 631/800
17/17 - 0s - loss: 0.0157 - mae: 0.0157 - mse: 4.7775e-04 - 176ms/epoch - 10ms/step
Epoch 632/800
17/17 - 0s - loss: 0.0132 - mae: 0.0132 - mse: 3.6806e-04 - 176ms/epoch - 10ms/step
Epoch 633/800
17/17 - 0s - loss: 0.0126 - mae: 0.0126 - mse: 3.6531e-04 - 176ms/epoch - 10ms/step
Epoch 634/800
17/17 - 0s - loss: 0.0130 - mae: 0.0130 - mse: 3.4146e-04 - 176ms/epoch - 10ms/step
Epoch 635/800
17/17 - 0s - loss: 0.0134 - mae: 0.0134 - mse: 3.6954e-04 - 176ms/epoch - 10ms/step
Epoch 636/800
17/17 - 0s - loss: 0.0137 - mae: 0.0137 - mse: 3.8256e-04 - 176ms/epoch - 10ms/step
Epoch 637/800
17/17 - 0s - loss: 0.0122 - mae: 0.0122 - mse: 3.2061e-04 - 176ms/epoch - 10ms/step
Epoch 638/800
17/17 - 0s - loss: 0.0134 - mae: 0.0134 - mse: 3.7346e-04 - 176ms/epoch - 10ms/step
Epoch 639/800
17/17 - 0s - loss: 0.0140 - mae: 0.0140 - mse: 4.1214e-04 - 176ms/epoch - 10ms/step
Epoch 640/800
17/17 - 0s - loss: 0.0150 - mae: 0.0150 - mse: 4.2084e-04 - 176ms/epoch - 10ms/step
Epoch 641/800
17/17 - 0s - loss: 0.0139 - mae: 0.0139 - mse: 4.0229e-04 - 176ms/epoch - 10ms/step
Epoch 642/800
17/17 - 0s - loss: 0.0137 - mae: 0.0137 - mse: 3.9887e-04 - 176ms/epoch - 10ms/step
Epoch 643/800
17/17 - 0s - loss: 0.0118 - mae: 0.0118 - mse: 3.1810e-04 - 176ms/epoch - 10ms/step
Epoch 644/800
17/17 - 0s - loss: 0.0137 - mae: 0.0137 - mse: 4.0385e-04 - 176ms/epoch - 10ms/step
Epoch 645/800
17/17 - 0s - loss: 0.0117 - mae: 0.0117 - mse: 3.1516e-04 - 176ms/epoch - 10ms/step
Epoch 646/800
17/17 - 0s - loss: 0.0130 - mae: 0.0130 - mse: 3.6060e-04 - 176ms/epoch - 10ms/step
Epoch 647/800
17/17 - 0s - loss: 0.0130 - mae: 0.0130 - mse: 3.6633e-04 - 176ms/epoch - 10ms/step
Epoch 648/800
17/17 - 0s - loss: 0.0155 - mae: 0.0155 - mse: 5.0128e-04 - 176ms/epoch - 10ms/step
Epoch 649/800
17/17 - 0s - loss: 0.0128 - mae: 0.0128 - mse: 3.4706e-04 - 176ms/epoch - 10ms/step
Epoch 650/800
17/17 - 0s - loss: 0.0130 - mae: 0.0130 - mse: 3.5436e-04 - 176ms/epoch - 10ms/step
Epoch 651/800
17/17 - 0s - loss: 0.0128 - mae: 0.0128 - mse: 3.6871e-04 - 176ms/epoch - 10ms/step
Epoch 652/800
17/17 - 0s - loss: 0.0121 - mae: 0.0121 - mse: 3.2436e-04 - 176ms/epoch - 10ms/step
Epoch 653/800
17/17 - 0s - loss: 0.0114 - mae: 0.0114 - mse: 3.0012e-04 - 176ms/epoch - 10ms/step
Epoch 654/800
17/17 - 0s - loss: 0.0118 - mae: 0.0118 - mse: 3.2700e-04 - 176ms/epoch - 10ms/step
Epoch 655/800
17/17 - 0s - loss: 0.0126 - mae: 0.0126 - mse: 3.4960e-04 - 176ms/epoch - 10ms/step
Epoch 656/800
17/17 - 0s - loss: 0.0107 - mae: 0.0107 - mse: 2.6547e-04 - 176ms/epoch - 10ms/step
Epoch 657/800
17/17 - 0s - loss: 0.0110 - mae: 0.0110 - mse: 2.8362e-04 - 176ms/epoch - 10ms/step
Epoch 658/800
17/17 - 0s - loss: 0.0102 - mae: 0.0102 - mse: 2.5509e-04 - 176ms/epoch - 10ms/step
Epoch 659/800
17/17 - 0s - loss: 0.0114 - mae: 0.0114 - mse: 3.0492e-04 - 176ms/epoch - 10ms/step
Epoch 660/800
17/17 - 0s - loss: 0.0107 - mae: 0.0107 - mse: 2.9045e-04 - 176ms/epoch - 10ms/step
Epoch 661/800
17/17 - 0s - loss: 0.0116 - mae: 0.0116 - mse: 3.0311e-04 - 176ms/epoch - 10ms/step
Epoch 662/800
17/17 - 0s - loss: 0.0113 - mae: 0.0113 - mse: 2.9952e-04 - 176ms/epoch - 10ms/step
Epoch 663/800
17/17 - 0s - loss: 0.0123 - mae: 0.0123 - mse: 3.4244e-04 - 176ms/epoch - 10ms/step
Epoch 664/800
17/17 - 0s - loss: 0.0133 - mae: 0.0133 - mse: 3.9133e-04 - 176ms/epoch - 10ms/step
Epoch 665/800
17/17 - 0s - loss: 0.0134 - mae: 0.0134 - mse: 3.8423e-04 - 176ms/epoch - 10ms/step
Epoch 666/800
17/17 - 0s - loss: 0.0115 - mae: 0.0115 - mse: 3.1300e-04 - 176ms/epoch - 10ms/step
Epoch 667/800
17/17 - 0s - loss: 0.0110 - mae: 0.0110 - mse: 3.0885e-04 - 177ms/epoch - 10ms/step
Epoch 668/800
17/17 - 0s - loss: 0.0111 - mae: 0.0111 - mse: 2.9186e-04 - 176ms/epoch - 10ms/step
Epoch 669/800
17/17 - 0s - loss: 0.0116 - mae: 0.0116 - mse: 3.1443e-04 - 176ms/epoch - 10ms/step
Epoch 670/800
17/17 - 0s - loss: 0.0103 - mae: 0.0103 - mse: 2.7460e-04 - 176ms/epoch - 10ms/step
Epoch 671/800
17/17 - 0s - loss: 0.0096 - mae: 0.0096 - mse: 2.5104e-04 - 176ms/epoch - 10ms/step
Epoch 672/800
17/17 - 0s - loss: 0.0126 - mae: 0.0126 - mse: 3.4082e-04 - 176ms/epoch - 10ms/step
Epoch 673/800
17/17 - 0s - loss: 0.0107 - mae: 0.0107 - mse: 2.7601e-04 - 176ms/epoch - 10ms/step
Epoch 674/800
17/17 - 0s - loss: 0.0114 - mae: 0.0114 - mse: 3.0013e-04 - 176ms/epoch - 10ms/step
Epoch 675/800
17/17 - 0s - loss: 0.0105 - mae: 0.0105 - mse: 2.6163e-04 - 176ms/epoch - 10ms/step
Epoch 676/800
17/17 - 0s - loss: 0.0118 - mae: 0.0118 - mse: 3.1634e-04 - 176ms/epoch - 10ms/step
Epoch 677/800
17/17 - 0s - loss: 0.0096 - mae: 0.0096 - mse: 2.5821e-04 - 176ms/epoch - 10ms/step
Epoch 678/800
17/17 - 0s - loss: 0.0092 - mae: 0.0092 - mse: 2.3888e-04 - 176ms/epoch - 10ms/step
Epoch 679/800
17/17 - 0s - loss: 0.0100 - mae: 0.0100 - mse: 2.6511e-04 - 176ms/epoch - 10ms/step
Epoch 680/800
17/17 - 0s - loss: 0.0110 - mae: 0.0110 - mse: 2.8501e-04 - 176ms/epoch - 10ms/step
Epoch 681/800
17/17 - 0s - loss: 0.0097 - mae: 0.0097 - mse: 2.3679e-04 - 176ms/epoch - 10ms/step
Epoch 682/800
17/17 - 0s - loss: 0.0096 - mae: 0.0096 - mse: 2.2875e-04 - 176ms/epoch - 10ms/step
Epoch 683/800
17/17 - 0s - loss: 0.0101 - mae: 0.0101 - mse: 2.6632e-04 - 176ms/epoch - 10ms/step
Epoch 684/800
17/17 - 0s - loss: 0.0102 - mae: 0.0102 - mse: 2.6303e-04 - 176ms/epoch - 10ms/step
Epoch 685/800
17/17 - 0s - loss: 0.0105 - mae: 0.0105 - mse: 2.6449e-04 - 176ms/epoch - 10ms/step
Epoch 686/800
17/17 - 0s - loss: 0.0093 - mae: 0.0093 - mse: 2.2917e-04 - 176ms/epoch - 10ms/step
Epoch 687/800
17/17 - 0s - loss: 0.0103 - mae: 0.0103 - mse: 2.7740e-04 - 176ms/epoch - 10ms/step
Epoch 688/800
17/17 - 0s - loss: 0.0086 - mae: 0.0086 - mse: 2.1075e-04 - 176ms/epoch - 10ms/step
Epoch 689/800
17/17 - 0s - loss: 0.0089 - mae: 0.0089 - mse: 2.2379e-04 - 176ms/epoch - 10ms/step
Epoch 690/800
17/17 - 0s - loss: 0.0086 - mae: 0.0086 - mse: 2.0965e-04 - 176ms/epoch - 10ms/step
Epoch 691/800
17/17 - 0s - loss: 0.0087 - mae: 0.0087 - mse: 2.1863e-04 - 177ms/epoch - 10ms/step
Epoch 692/800
17/17 - 0s - loss: 0.0092 - mae: 0.0092 - mse: 2.3034e-04 - 176ms/epoch - 10ms/step
Epoch 693/800
17/17 - 0s - loss: 0.0088 - mae: 0.0088 - mse: 2.3257e-04 - 176ms/epoch - 10ms/step
Epoch 694/800
17/17 - 0s - loss: 0.0090 - mae: 0.0090 - mse: 2.2350e-04 - 176ms/epoch - 10ms/step
Epoch 695/800
17/17 - 0s - loss: 0.0084 - mae: 0.0084 - mse: 2.1578e-04 - 176ms/epoch - 10ms/step
Epoch 696/800
17/17 - 0s - loss: 0.0082 - mae: 0.0082 - mse: 2.0335e-04 - 176ms/epoch - 10ms/step
Epoch 697/800
17/17 - 0s - loss: 0.0080 - mae: 0.0080 - mse: 2.0640e-04 - 176ms/epoch - 10ms/step
Epoch 698/800
17/17 - 0s - loss: 0.0073 - mae: 0.0073 - mse: 1.8099e-04 - 176ms/epoch - 10ms/step
Epoch 699/800
17/17 - 0s - loss: 0.0076 - mae: 0.0076 - mse: 1.9759e-04 - 176ms/epoch - 10ms/step
Epoch 700/800
17/17 - 0s - loss: 0.0079 - mae: 0.0079 - mse: 1.9852e-04 - 176ms/epoch - 10ms/step
Epoch 701/800
17/17 - 0s - loss: 0.0077 - mae: 0.0077 - mse: 2.0111e-04 - 176ms/epoch - 10ms/step
Epoch 702/800
17/17 - 0s - loss: 0.0083 - mae: 0.0083 - mse: 2.0802e-04 - 176ms/epoch - 10ms/step
Epoch 703/800
17/17 - 0s - loss: 0.0076 - mae: 0.0076 - mse: 1.8536e-04 - 176ms/epoch - 10ms/step
Epoch 704/800
17/17 - 0s - loss: 0.0085 - mae: 0.0085 - mse: 2.1694e-04 - 176ms/epoch - 10ms/step
Epoch 705/800
17/17 - 0s - loss: 0.0079 - mae: 0.0079 - mse: 1.9873e-04 - 176ms/epoch - 10ms/step
Epoch 706/800
17/17 - 0s - loss: 0.0074 - mae: 0.0074 - mse: 1.7909e-04 - 176ms/epoch - 10ms/step
Epoch 707/800
17/17 - 0s - loss: 0.0077 - mae: 0.0077 - mse: 1.9210e-04 - 176ms/epoch - 10ms/step
Epoch 708/800
17/17 - 0s - loss: 0.0077 - mae: 0.0077 - mse: 1.9350e-04 - 176ms/epoch - 10ms/step
Epoch 709/800
17/17 - 0s - loss: 0.0077 - mae: 0.0077 - mse: 2.0464e-04 - 176ms/epoch - 10ms/step
Epoch 710/800
17/17 - 0s - loss: 0.0078 - mae: 0.0078 - mse: 1.9875e-04 - 176ms/epoch - 10ms/step
Epoch 711/800
17/17 - 0s - loss: 0.0088 - mae: 0.0088 - mse: 2.2169e-04 - 176ms/epoch - 10ms/step
Epoch 712/800
17/17 - 0s - loss: 0.0074 - mae: 0.0074 - mse: 1.8434e-04 - 176ms/epoch - 10ms/step
Epoch 713/800
17/17 - 0s - loss: 0.0077 - mae: 0.0077 - mse: 1.9511e-04 - 176ms/epoch - 10ms/step
Epoch 714/800
17/17 - 0s - loss: 0.0074 - mae: 0.0074 - mse: 1.8148e-04 - 176ms/epoch - 10ms/step
Epoch 715/800
17/17 - 0s - loss: 0.0078 - mae: 0.0078 - mse: 1.9661e-04 - 176ms/epoch - 10ms/step
Epoch 716/800
17/17 - 0s - loss: 0.0072 - mae: 0.0072 - mse: 1.8730e-04 - 176ms/epoch - 10ms/step
Epoch 717/800
17/17 - 0s - loss: 0.0064 - mae: 0.0064 - mse: 1.6632e-04 - 176ms/epoch - 10ms/step
Epoch 718/800
17/17 - 0s - loss: 0.0063 - mae: 0.0063 - mse: 1.7075e-04 - 176ms/epoch - 10ms/step
Epoch 719/800
17/17 - 0s - loss: 0.0072 - mae: 0.0072 - mse: 1.8367e-04 - 176ms/epoch - 10ms/step
Epoch 720/800
17/17 - 0s - loss: 0.0075 - mae: 0.0075 - mse: 1.9199e-04 - 176ms/epoch - 10ms/step
Epoch 721/800
17/17 - 0s - loss: 0.0067 - mae: 0.0067 - mse: 1.6669e-04 - 176ms/epoch - 10ms/step
Epoch 722/800
17/17 - 0s - loss: 0.0067 - mae: 0.0067 - mse: 1.7433e-04 - 176ms/epoch - 10ms/step
Epoch 723/800
17/17 - 0s - loss: 0.0077 - mae: 0.0077 - mse: 1.9492e-04 - 176ms/epoch - 10ms/step
Epoch 724/800
17/17 - 0s - loss: 0.0066 - mae: 0.0066 - mse: 1.7413e-04 - 176ms/epoch - 10ms/step
Epoch 725/800
17/17 - 0s - loss: 0.0069 - mae: 0.0069 - mse: 1.7766e-04 - 176ms/epoch - 10ms/step
Epoch 726/800
17/17 - 0s - loss: 0.0062 - mae: 0.0062 - mse: 1.6583e-04 - 176ms/epoch - 10ms/step
Epoch 727/800
17/17 - 0s - loss: 0.0062 - mae: 0.0062 - mse: 1.6458e-04 - 176ms/epoch - 10ms/step
Epoch 728/800
17/17 - 0s - loss: 0.0059 - mae: 0.0059 - mse: 1.5288e-04 - 176ms/epoch - 10ms/step
Epoch 729/800
17/17 - 0s - loss: 0.0060 - mae: 0.0060 - mse: 1.6120e-04 - 176ms/epoch - 10ms/step
Epoch 730/800
17/17 - 0s - loss: 0.0065 - mae: 0.0065 - mse: 1.7117e-04 - 176ms/epoch - 10ms/step
Epoch 731/800
17/17 - 0s - loss: 0.0055 - mae: 0.0055 - mse: 1.5390e-04 - 176ms/epoch - 10ms/step
Epoch 732/800
17/17 - 0s - loss: 0.0053 - mae: 0.0053 - mse: 1.4412e-04 - 176ms/epoch - 10ms/step
Epoch 733/800
17/17 - 0s - loss: 0.0056 - mae: 0.0056 - mse: 1.5366e-04 - 176ms/epoch - 10ms/step
Epoch 734/800
17/17 - 0s - loss: 0.0057 - mae: 0.0057 - mse: 1.5440e-04 - 176ms/epoch - 10ms/step
Epoch 735/800
17/17 - 0s - loss: 0.0059 - mae: 0.0059 - mse: 1.5630e-04 - 176ms/epoch - 10ms/step
Epoch 736/800
17/17 - 0s - loss: 0.0050 - mae: 0.0050 - mse: 1.4078e-04 - 176ms/epoch - 10ms/step
Epoch 737/800
17/17 - 0s - loss: 0.0050 - mae: 0.0050 - mse: 1.4410e-04 - 176ms/epoch - 10ms/step
Epoch 738/800
17/17 - 0s - loss: 0.0051 - mae: 0.0051 - mse: 1.4657e-04 - 176ms/epoch - 10ms/step
Epoch 739/800
17/17 - 0s - loss: 0.0045 - mae: 0.0045 - mse: 1.4110e-04 - 176ms/epoch - 10ms/step
Epoch 740/800
17/17 - 0s - loss: 0.0043 - mae: 0.0043 - mse: 1.3661e-04 - 176ms/epoch - 10ms/step
Epoch 741/800
17/17 - 0s - loss: 0.0050 - mae: 0.0050 - mse: 1.4169e-04 - 176ms/epoch - 10ms/step
Epoch 742/800
17/17 - 0s - loss: 0.0045 - mae: 0.0045 - mse: 1.3654e-04 - 176ms/epoch - 10ms/step
Epoch 743/800
17/17 - 0s - loss: 0.0046 - mae: 0.0046 - mse: 1.3558e-04 - 176ms/epoch - 10ms/step
Epoch 744/800
17/17 - 0s - loss: 0.0050 - mae: 0.0050 - mse: 1.4529e-04 - 176ms/epoch - 10ms/step
Epoch 745/800
17/17 - 0s - loss: 0.0046 - mae: 0.0046 - mse: 1.3763e-04 - 176ms/epoch - 10ms/step
Epoch 746/800
17/17 - 0s - loss: 0.0051 - mae: 0.0051 - mse: 1.4870e-04 - 176ms/epoch - 10ms/step
Epoch 747/800
17/17 - 0s - loss: 0.0048 - mae: 0.0048 - mse: 1.4414e-04 - 176ms/epoch - 10ms/step
Epoch 748/800
17/17 - 0s - loss: 0.0044 - mae: 0.0044 - mse: 1.3551e-04 - 176ms/epoch - 10ms/step
Epoch 749/800
17/17 - 0s - loss: 0.0043 - mae: 0.0043 - mse: 1.3522e-04 - 176ms/epoch - 10ms/step
Epoch 750/800
17/17 - 0s - loss: 0.0042 - mae: 0.0042 - mse: 1.3460e-04 - 176ms/epoch - 10ms/step
Epoch 751/800
17/17 - 0s - loss: 0.0041 - mae: 0.0041 - mse: 1.3581e-04 - 176ms/epoch - 10ms/step
Epoch 752/800
17/17 - 0s - loss: 0.0038 - mae: 0.0038 - mse: 1.3036e-04 - 176ms/epoch - 10ms/step
Epoch 753/800
17/17 - 0s - loss: 0.0037 - mae: 0.0037 - mse: 1.2966e-04 - 176ms/epoch - 10ms/step
Epoch 754/800
17/17 - 0s - loss: 0.0037 - mae: 0.0037 - mse: 1.2690e-04 - 176ms/epoch - 10ms/step
Epoch 755/800
17/17 - 0s - loss: 0.0033 - mae: 0.0033 - mse: 1.2245e-04 - 176ms/epoch - 10ms/step
Epoch 756/800
17/17 - 0s - loss: 0.0036 - mae: 0.0036 - mse: 1.2441e-04 - 176ms/epoch - 10ms/step
Epoch 757/800
17/17 - 0s - loss: 0.0036 - mae: 0.0036 - mse: 1.2806e-04 - 176ms/epoch - 10ms/step
Epoch 758/800
17/17 - 0s - loss: 0.0035 - mae: 0.0035 - mse: 1.2331e-04 - 176ms/epoch - 10ms/step
Epoch 759/800
17/17 - 0s - loss: 0.0035 - mae: 0.0035 - mse: 1.3101e-04 - 176ms/epoch - 10ms/step
Epoch 760/800
17/17 - 0s - loss: 0.0034 - mae: 0.0034 - mse: 1.2677e-04 - 176ms/epoch - 10ms/step
Epoch 761/800
17/17 - 0s - loss: 0.0034 - mae: 0.0034 - mse: 1.2595e-04 - 176ms/epoch - 10ms/step
Epoch 762/800
17/17 - 0s - loss: 0.0033 - mae: 0.0033 - mse: 1.2405e-04 - 176ms/epoch - 10ms/step
Epoch 763/800
17/17 - 0s - loss: 0.0030 - mae: 0.0030 - mse: 1.2400e-04 - 176ms/epoch - 10ms/step
Epoch 764/800
17/17 - 0s - loss: 0.0028 - mae: 0.0028 - mse: 1.2223e-04 - 176ms/epoch - 10ms/step
Epoch 765/800
17/17 - 0s - loss: 0.0031 - mae: 0.0031 - mse: 1.2337e-04 - 176ms/epoch - 10ms/step
Epoch 766/800
17/17 - 0s - loss: 0.0031 - mae: 0.0031 - mse: 1.2504e-04 - 176ms/epoch - 10ms/step
Epoch 767/800
17/17 - 0s - loss: 0.0028 - mae: 0.0028 - mse: 1.2049e-04 - 176ms/epoch - 10ms/step
Epoch 768/800
17/17 - 0s - loss: 0.0025 - mae: 0.0025 - mse: 1.1903e-04 - 176ms/epoch - 10ms/step
Epoch 769/800
17/17 - 0s - loss: 0.0025 - mae: 0.0025 - mse: 1.1938e-04 - 176ms/epoch - 10ms/step
Epoch 770/800
17/17 - 0s - loss: 0.0024 - mae: 0.0024 - mse: 1.1813e-04 - 176ms/epoch - 10ms/step
Epoch 771/800
17/17 - 0s - loss: 0.0025 - mae: 0.0025 - mse: 1.1885e-04 - 176ms/epoch - 10ms/step
Epoch 772/800
17/17 - 0s - loss: 0.0027 - mae: 0.0027 - mse: 1.1795e-04 - 177ms/epoch - 10ms/step
Epoch 773/800
17/17 - 0s - loss: 0.0024 - mae: 0.0024 - mse: 1.1979e-04 - 176ms/epoch - 10ms/step
Epoch 774/800
17/17 - 0s - loss: 0.0024 - mae: 0.0024 - mse: 1.1847e-04 - 176ms/epoch - 10ms/step
Epoch 775/800
17/17 - 0s - loss: 0.0024 - mae: 0.0024 - mse: 1.1897e-04 - 176ms/epoch - 10ms/step
Epoch 776/800
17/17 - 0s - loss: 0.0024 - mae: 0.0024 - mse: 1.1902e-04 - 176ms/epoch - 10ms/step
Epoch 777/800
17/17 - 0s - loss: 0.0026 - mae: 0.0026 - mse: 1.1948e-04 - 176ms/epoch - 10ms/step
Epoch 778/800
17/17 - 0s - loss: 0.0026 - mae: 0.0026 - mse: 1.1958e-04 - 176ms/epoch - 10ms/step
Epoch 779/800
17/17 - 0s - loss: 0.0026 - mae: 0.0026 - mse: 1.2127e-04 - 176ms/epoch - 10ms/step
Epoch 780/800
17/17 - 0s - loss: 0.0026 - mae: 0.0026 - mse: 1.1925e-04 - 176ms/epoch - 10ms/step
Epoch 781/800
17/17 - 0s - loss: 0.0028 - mae: 0.0028 - mse: 1.2002e-04 - 176ms/epoch - 10ms/step
Epoch 782/800
17/17 - 0s - loss: 0.0026 - mae: 0.0026 - mse: 1.1878e-04 - 176ms/epoch - 10ms/step
Epoch 783/800
17/17 - 0s - loss: 0.0029 - mae: 0.0029 - mse: 1.2089e-04 - 176ms/epoch - 10ms/step
Epoch 784/800
17/17 - 0s - loss: 0.0031 - mae: 0.0031 - mse: 1.2371e-04 - 176ms/epoch - 10ms/step
Epoch 785/800
17/17 - 0s - loss: 0.0026 - mae: 0.0026 - mse: 1.2079e-04 - 176ms/epoch - 10ms/step
Epoch 786/800
17/17 - 0s - loss: 0.0024 - mae: 0.0024 - mse: 1.1873e-04 - 176ms/epoch - 10ms/step
Epoch 787/800
17/17 - 0s - loss: 0.0024 - mae: 0.0024 - mse: 1.1836e-04 - 176ms/epoch - 10ms/step
Epoch 788/800
17/17 - 0s - loss: 0.0027 - mae: 0.0027 - mse: 1.2094e-04 - 176ms/epoch - 10ms/step
Epoch 789/800
17/17 - 0s - loss: 0.0025 - mae: 0.0025 - mse: 1.1879e-04 - 176ms/epoch - 10ms/step
Epoch 790/800
17/17 - 0s - loss: 0.0026 - mae: 0.0026 - mse: 1.2085e-04 - 176ms/epoch - 10ms/step
Epoch 791/800
17/17 - 0s - loss: 0.0026 - mae: 0.0026 - mse: 1.2016e-04 - 176ms/epoch - 10ms/step
Epoch 792/800
17/17 - 0s - loss: 0.0026 - mae: 0.0026 - mse: 1.2022e-04 - 176ms/epoch - 10ms/step
Epoch 793/800
17/17 - 0s - loss: 0.0024 - mae: 0.0024 - mse: 1.1885e-04 - 176ms/epoch - 10ms/step
Epoch 794/800
17/17 - 0s - loss: 0.0024 - mae: 0.0024 - mse: 1.1955e-04 - 176ms/epoch - 10ms/step
Epoch 795/800
17/17 - 0s - loss: 0.0024 - mae: 0.0024 - mse: 1.1709e-04 - 176ms/epoch - 10ms/step
Epoch 796/800
17/17 - 0s - loss: 0.0025 - mae: 0.0025 - mse: 1.1775e-04 - 176ms/epoch - 10ms/step
Epoch 797/800
17/17 - 0s - loss: 0.0025 - mae: 0.0025 - mse: 1.1831e-04 - 176ms/epoch - 10ms/step
Epoch 798/800
17/17 - 0s - loss: 0.0026 - mae: 0.0026 - mse: 1.2034e-04 - 176ms/epoch - 10ms/step
Epoch 799/800
17/17 - 0s - loss: 0.0026 - mae: 0.0026 - mse: 1.1956e-04 - 176ms/epoch - 10ms/step
Epoch 800/800
17/17 - 0s - loss: 0.0026 - mae: 0.0026 - mse: 1.1838e-04 - 176ms/epoch - 10ms/step
Training finished in 148.66 seconds.
1/9 [==>...........................] - ETA: 6s9/9 [==============================] - ETA: 0s9/9 [==============================] - 1s 7ms/step
Fold 4 MAE: 0.1297

--- Starting Fold 5/5 ---
INFO:kgcnn.model.utils:Updated model kwargs: '{'name': 'coGN', 'inputs': {'offset': {'shape': (None, 3), 'name': 'offset', 'dtype': 'float32', 'ragged': True}, 'cell_translation': None, 'affine_matrix': None, 'voronoi_ridge_area': None, 'atomic_number': {'shape': (None,), 'name': 'atomic_number', 'dtype': 'int32', 'ragged': True}, 'frac_coords': None, 'coords': None, 'multiplicity': {'shape': (None,), 'name': 'multiplicity', 'dtype': 'int32', 'ragged': True}, 'lattice_matrix': None, 'edge_indices': {'shape': (None, 2), 'name': 'edge_indices', 'dtype': 'int32', 'ragged': True}, 'line_graph_edge_indices': None}, 'input_block_cfg': {'node_size': 128, 'edge_size': 128, 'atomic_mass': True, 'atomic_radius': True, 'electronegativity': True, 'ionization_energy': True, 'oxidation_states': True, 'edge_embedding_args': {'bins_distance': 32, 'max_distance': 8.0, 'distance_log_base': 1.0, 'bins_voronoi_area': None, 'max_voronoi_area': None}}, 'processing_blocks_cfg': [{'edge_mlp': {'units': [128, 128, 128, 128, 128], 'activation': ['swish', 'swish', 'swish', 'swish', 'swish']}, 'node_mlp': {'units': [128], 'activation': ['swish']}, 'global_mlp': None, 'nested_blocks_cfgs': None, 'aggregate_edges_local': 'sum', 'aggregate_edges_global': None, 'aggregate_nodes': None, 'return_updated_edges': False, 'return_updated_nodes': True, 'return_updated_globals': True, 'edge_attention_mlp_local': {'units': [32, 1], 'activation': ['swish', 'swish']}, 'edge_attention_mlp_global': {'units': [32, 1], 'activation': ['swish', 'swish']}, 'node_attention_mlp': {'units': [32, 1], 'activation': ['swish', 'swish']}, 'edge_gate': None, 'node_gate': None, 'global_gate': None, 'residual_node_update': True, 'residual_edge_update': False, 'residual_global_update': False, 'update_edges_input': [True, True, True, False], 'update_nodes_input': [True, False, False], 'update_global_input': [False, True, False], 'multiplicity_readout': False}, {'edge_mlp': {'units': [128, 128, 128, 128, 128], 'activation': ['swish', 'swish', 'swish', 'swish', 'swish']}, 'node_mlp': {'units': [128], 'activation': ['swish']}, 'global_mlp': None, 'nested_blocks_cfgs': None, 'aggregate_edges_local': 'sum', 'aggregate_edges_global': None, 'aggregate_nodes': None, 'return_updated_edges': False, 'return_updated_nodes': True, 'return_updated_globals': True, 'edge_attention_mlp_local': {'units': [32, 1], 'activation': ['swish', 'swish']}, 'edge_attention_mlp_global': {'units': [32, 1], 'activation': ['swish', 'swish']}, 'node_attention_mlp': {'units': [32, 1], 'activation': ['swish', 'swish']}, 'edge_gate': None, 'node_gate': None, 'global_gate': None, 'residual_node_update': True, 'residual_edge_update': False, 'residual_global_update': False, 'update_edges_input': [True, True, True, False], 'update_nodes_input': [True, False, False], 'update_global_input': [False, True, False], 'multiplicity_readout': False}, {'edge_mlp': {'units': [128, 128, 128, 128, 128], 'activation': ['swish', 'swish', 'swish', 'swish', 'swish']}, 'node_mlp': {'units': [128], 'activation': ['swish']}, 'global_mlp': None, 'nested_blocks_cfgs': None, 'aggregate_edges_local': 'sum', 'aggregate_edges_global': None, 'aggregate_nodes': None, 'return_updated_edges': False, 'return_updated_nodes': True, 'return_updated_globals': True, 'edge_attention_mlp_local': {'units': [32, 1], 'activation': ['swish', 'swish']}, 'edge_attention_mlp_global': {'units': [32, 1], 'activation': ['swish', 'swish']}, 'node_attention_mlp': {'units': [32, 1], 'activation': ['swish', 'swish']}, 'edge_gate': None, 'node_gate': None, 'global_gate': None, 'residual_node_update': True, 'residual_edge_update': False, 'residual_global_update': False, 'update_edges_input': [True, True, True, False], 'update_nodes_input': [True, False, False], 'update_global_input': [False, True, False], 'multiplicity_readout': False}, {'edge_mlp': {'units': [128, 128, 128, 128, 128], 'activation': ['swish', 'swish', 'swish', 'swish', 'swish']}, 'node_mlp': {'units': [128], 'activation': ['swish']}, 'global_mlp': None, 'nested_blocks_cfgs': None, 'aggregate_edges_local': 'sum', 'aggregate_edges_global': None, 'aggregate_nodes': None, 'return_updated_edges': False, 'return_updated_nodes': True, 'return_updated_globals': True, 'edge_attention_mlp_local': {'units': [32, 1], 'activation': ['swish', 'swish']}, 'edge_attention_mlp_global': {'units': [32, 1], 'activation': ['swish', 'swish']}, 'node_attention_mlp': {'units': [32, 1], 'activation': ['swish', 'swish']}, 'edge_gate': None, 'node_gate': None, 'global_gate': None, 'residual_node_update': True, 'residual_edge_update': False, 'residual_global_update': False, 'update_edges_input': [True, True, True, False], 'update_nodes_input': [True, False, False], 'update_global_input': [False, True, False], 'multiplicity_readout': False}, {'edge_mlp': {'units': [128, 128, 128, 128, 128], 'activation': ['swish', 'swish', 'swish', 'swish', 'swish']}, 'node_mlp': {'units': [128], 'activation': ['swish']}, 'global_mlp': None, 'nested_blocks_cfgs': None, 'aggregate_edges_local': 'sum', 'aggregate_edges_global': None, 'aggregate_nodes': None, 'return_updated_edges': False, 'return_updated_nodes': True, 'return_updated_globals': True, 'edge_attention_mlp_local': {'units': [32, 1], 'activation': ['swish', 'swish']}, 'edge_attention_mlp_global': {'units': [32, 1], 'activation': ['swish', 'swish']}, 'node_attention_mlp': {'units': [32, 1], 'activation': ['swish', 'swish']}, 'edge_gate': None, 'node_gate': None, 'global_gate': None, 'residual_node_update': True, 'residual_edge_update': False, 'residual_global_update': False, 'update_edges_input': [True, True, True, False], 'update_nodes_input': [True, False, False], 'update_global_input': [False, True, False], 'multiplicity_readout': False}], 'output_block_cfg': {'edge_mlp': None, 'node_mlp': None, 'global_mlp': {'units': [1], 'activation': ['linear']}, 'nested_blocks_cfgs': None, 'aggregate_edges_local': 'sum', 'aggregate_edges_global': None, 'aggregate_nodes': 'mean', 'return_updated_edges': False, 'return_updated_nodes': True, 'return_updated_globals': True, 'edge_attention_mlp_local': {'units': [32, 1], 'activation': ['swish', 'swish']}, 'edge_attention_mlp_global': {'units': [32, 1], 'activation': ['swish', 'swish']}, 'node_attention_mlp': {'units': [32, 1], 'activation': ['swish', 'swish']}, 'edge_gate': None, 'node_gate': None, 'global_gate': None, 'residual_node_update': False, 'residual_edge_update': False, 'residual_global_update': False, 'update_edges_input': [True, True, True, False], 'update_nodes_input': [True, False, False], 'update_global_input': [False, True, False], 'multiplicity_readout': True}}'.
/gpfs/scratch/acad/htforft/rgouvea/other_datasets/processed_datasets/.venv/lib/python3.9/site-packages/kgcnn/crystal/periodic_table/periodic_table.py:30: FutureWarning: A value is trying to be set on a copy of a DataFrame or Series through chained assignment using an inplace method.
The behavior will change in pandas 3.0. This inplace method will never work because the intermediate object on which we are setting values always behaves as a copy.

For example, when doing 'df[col].method(value, inplace=True)', try using 'df.method({col: value}, inplace=True)' or df[col] = df[col].method(value) instead, to perform the operation inplace on the original object.


  self.data['AtomicRadius'].fillna(imputation_atomic_radius, inplace=True)
/gpfs/scratch/acad/htforft/rgouvea/other_datasets/processed_datasets/.venv/lib/python3.9/site-packages/kgcnn/crystal/periodic_table/periodic_table.py:32: FutureWarning: A value is trying to be set on a copy of a DataFrame or Series through chained assignment using an inplace method.
The behavior will change in pandas 3.0. This inplace method will never work because the intermediate object on which we are setting values always behaves as a copy.

For example, when doing 'df[col].method(value, inplace=True)', try using 'df.method({col: value}, inplace=True)' or df[col] = df[col].method(value) instead, to perform the operation inplace on the original object.


  self.data['Electronegativity'].fillna(imputation_electronegativity, inplace=True)
/gpfs/scratch/acad/htforft/rgouvea/other_datasets/processed_datasets/.venv/lib/python3.9/site-packages/kgcnn/crystal/periodic_table/periodic_table.py:33: FutureWarning: A value is trying to be set on a copy of a DataFrame or Series through chained assignment using an inplace method.
The behavior will change in pandas 3.0. This inplace method will never work because the intermediate object on which we are setting values always behaves as a copy.

For example, when doing 'df[col].method(value, inplace=True)', try using 'df.method({col: value}, inplace=True)' or df[col] = df[col].method(value) instead, to perform the operation inplace on the original object.


  self.data['IonizationEnergy'].fillna(imputation_ionization_energy, inplace=True)
[<KerasTensor: type_spec=RaggedTensorSpec(TensorShape([None, None, 3]), tf.float32, 1, tf.int64) (created by layer 'offset')>, <KerasTensor: type_spec=RaggedTensorSpec(TensorShape([None, None]), tf.int32, 1, tf.int64) (created by layer 'atomic_number')>, <KerasTensor: type_spec=RaggedTensorSpec(TensorShape([None, None]), tf.int32, 1, tf.int64) (created by layer 'multiplicity')>, <KerasTensor: type_spec=RaggedTensorSpec(TensorShape([None, None, 2]), tf.int32, 1, tf.int64) (created by layer 'edge_indices')>]
Training on 1045 samples...
Epoch 1/800
/gpfs/scratch/acad/htforft/rgouvea/other_datasets/processed_datasets/.venv/lib/python3.9/site-packages/tensorflow/python/framework/indexed_slices.py:444: UserWarning: Converting sparse IndexedSlices(IndexedSlices(indices=Tensor("gradient_tape/coGN/sequential_graph_network_9/graph_network_49/gather_embedding_selection_68/Reshape_1:0", shape=(None,), dtype=int32), values=Tensor("gradient_tape/coGN/sequential_graph_network_9/graph_network_49/gather_embedding_selection_68/Reshape:0", shape=(None, 128), dtype=float32), dense_shape=Tensor("gradient_tape/coGN/sequential_graph_network_9/graph_network_49/gather_embedding_selection_68/Cast:0", shape=(2,), dtype=int32))) to a dense Tensor of unknown shape. This may consume a large amount of memory.
  warnings.warn(
/gpfs/scratch/acad/htforft/rgouvea/other_datasets/processed_datasets/.venv/lib/python3.9/site-packages/tensorflow/python/framework/indexed_slices.py:444: UserWarning: Converting sparse IndexedSlices(IndexedSlices(indices=Tensor("gradient_tape/coGN/sequential_graph_network_9/graph_network_49/gather_embedding_selection_68/Reshape_3:0", shape=(None,), dtype=int32), values=Tensor("gradient_tape/coGN/sequential_graph_network_9/graph_network_49/gather_embedding_selection_68/Reshape_2:0", shape=(None, 128), dtype=float32), dense_shape=Tensor("gradient_tape/coGN/sequential_graph_network_9/graph_network_49/gather_embedding_selection_68/Cast_1:0", shape=(2,), dtype=int32))) to a dense Tensor of unknown shape. This may consume a large amount of memory.
  warnings.warn(
/gpfs/scratch/acad/htforft/rgouvea/other_datasets/processed_datasets/.venv/lib/python3.9/site-packages/tensorflow/python/framework/indexed_slices.py:444: UserWarning: Converting sparse IndexedSlices(IndexedSlices(indices=Tensor("gradient_tape/coGN/sequential_graph_network_9/graph_network_48/gather_embedding_selection_67/Reshape_1:0", shape=(None,), dtype=int32), values=Tensor("gradient_tape/coGN/sequential_graph_network_9/graph_network_48/gather_embedding_selection_67/Reshape:0", shape=(None, 128), dtype=float32), dense_shape=Tensor("gradient_tape/coGN/sequential_graph_network_9/graph_network_48/gather_embedding_selection_67/Cast:0", shape=(2,), dtype=int32))) to a dense Tensor of unknown shape. This may consume a large amount of memory.
  warnings.warn(
/gpfs/scratch/acad/htforft/rgouvea/other_datasets/processed_datasets/.venv/lib/python3.9/site-packages/tensorflow/python/framework/indexed_slices.py:444: UserWarning: Converting sparse IndexedSlices(IndexedSlices(indices=Tensor("gradient_tape/coGN/sequential_graph_network_9/graph_network_48/gather_embedding_selection_67/Reshape_3:0", shape=(None,), dtype=int32), values=Tensor("gradient_tape/coGN/sequential_graph_network_9/graph_network_48/gather_embedding_selection_67/Reshape_2:0", shape=(None, 128), dtype=float32), dense_shape=Tensor("gradient_tape/coGN/sequential_graph_network_9/graph_network_48/gather_embedding_selection_67/Cast_1:0", shape=(2,), dtype=int32))) to a dense Tensor of unknown shape. This may consume a large amount of memory.
  warnings.warn(
/gpfs/scratch/acad/htforft/rgouvea/other_datasets/processed_datasets/.venv/lib/python3.9/site-packages/tensorflow/python/framework/indexed_slices.py:444: UserWarning: Converting sparse IndexedSlices(IndexedSlices(indices=Tensor("gradient_tape/coGN/sequential_graph_network_9/graph_network_47/gather_embedding_selection_66/Reshape_1:0", shape=(None,), dtype=int32), values=Tensor("gradient_tape/coGN/sequential_graph_network_9/graph_network_47/gather_embedding_selection_66/Reshape:0", shape=(None, 128), dtype=float32), dense_shape=Tensor("gradient_tape/coGN/sequential_graph_network_9/graph_network_47/gather_embedding_selection_66/Cast:0", shape=(2,), dtype=int32))) to a dense Tensor of unknown shape. This may consume a large amount of memory.
  warnings.warn(
/gpfs/scratch/acad/htforft/rgouvea/other_datasets/processed_datasets/.venv/lib/python3.9/site-packages/tensorflow/python/framework/indexed_slices.py:444: UserWarning: Converting sparse IndexedSlices(IndexedSlices(indices=Tensor("gradient_tape/coGN/sequential_graph_network_9/graph_network_47/gather_embedding_selection_66/Reshape_3:0", shape=(None,), dtype=int32), values=Tensor("gradient_tape/coGN/sequential_graph_network_9/graph_network_47/gather_embedding_selection_66/Reshape_2:0", shape=(None, 128), dtype=float32), dense_shape=Tensor("gradient_tape/coGN/sequential_graph_network_9/graph_network_47/gather_embedding_selection_66/Cast_1:0", shape=(2,), dtype=int32))) to a dense Tensor of unknown shape. This may consume a large amount of memory.
  warnings.warn(
/gpfs/scratch/acad/htforft/rgouvea/other_datasets/processed_datasets/.venv/lib/python3.9/site-packages/tensorflow/python/framework/indexed_slices.py:444: UserWarning: Converting sparse IndexedSlices(IndexedSlices(indices=Tensor("gradient_tape/coGN/sequential_graph_network_9/graph_network_46/gather_embedding_selection_65/Reshape_1:0", shape=(None,), dtype=int32), values=Tensor("gradient_tape/coGN/sequential_graph_network_9/graph_network_46/gather_embedding_selection_65/Reshape:0", shape=(None, 128), dtype=float32), dense_shape=Tensor("gradient_tape/coGN/sequential_graph_network_9/graph_network_46/gather_embedding_selection_65/Cast:0", shape=(2,), dtype=int32))) to a dense Tensor of unknown shape. This may consume a large amount of memory.
  warnings.warn(
/gpfs/scratch/acad/htforft/rgouvea/other_datasets/processed_datasets/.venv/lib/python3.9/site-packages/tensorflow/python/framework/indexed_slices.py:444: UserWarning: Converting sparse IndexedSlices(IndexedSlices(indices=Tensor("gradient_tape/coGN/sequential_graph_network_9/graph_network_46/gather_embedding_selection_65/Reshape_3:0", shape=(None,), dtype=int32), values=Tensor("gradient_tape/coGN/sequential_graph_network_9/graph_network_46/gather_embedding_selection_65/Reshape_2:0", shape=(None, 128), dtype=float32), dense_shape=Tensor("gradient_tape/coGN/sequential_graph_network_9/graph_network_46/gather_embedding_selection_65/Cast_1:0", shape=(2,), dtype=int32))) to a dense Tensor of unknown shape. This may consume a large amount of memory.
  warnings.warn(
/gpfs/scratch/acad/htforft/rgouvea/other_datasets/processed_datasets/.venv/lib/python3.9/site-packages/tensorflow/python/framework/indexed_slices.py:444: UserWarning: Converting sparse IndexedSlices(IndexedSlices(indices=Tensor("gradient_tape/coGN/sequential_graph_network_9/graph_network_45/gather_embedding_selection_64/Reshape_1:0", shape=(None,), dtype=int32), values=Tensor("gradient_tape/coGN/sequential_graph_network_9/graph_network_45/gather_embedding_selection_64/Reshape:0", shape=(None, 128), dtype=float32), dense_shape=Tensor("gradient_tape/coGN/sequential_graph_network_9/graph_network_45/gather_embedding_selection_64/Cast:0", shape=(2,), dtype=int32))) to a dense Tensor of unknown shape. This may consume a large amount of memory.
  warnings.warn(
/gpfs/scratch/acad/htforft/rgouvea/other_datasets/processed_datasets/.venv/lib/python3.9/site-packages/tensorflow/python/framework/indexed_slices.py:444: UserWarning: Converting sparse IndexedSlices(IndexedSlices(indices=Tensor("gradient_tape/coGN/sequential_graph_network_9/graph_network_45/gather_embedding_selection_64/Reshape_3:0", shape=(None,), dtype=int32), values=Tensor("gradient_tape/coGN/sequential_graph_network_9/graph_network_45/gather_embedding_selection_64/Reshape_2:0", shape=(None, 128), dtype=float32), dense_shape=Tensor("gradient_tape/coGN/sequential_graph_network_9/graph_network_45/gather_embedding_selection_64/Cast_1:0", shape=(2,), dtype=int32))) to a dense Tensor of unknown shape. This may consume a large amount of memory.
  warnings.warn(
17/17 - 3s - loss: 1.2722 - mae: 1.2722 - mse: 3.1489 - 3s/epoch - 174ms/step
Epoch 2/800
17/17 - 0s - loss: 0.7802 - mae: 0.7802 - mse: 0.9374 - 175ms/epoch - 10ms/step
Epoch 3/800
17/17 - 0s - loss: 0.5794 - mae: 0.5794 - mse: 0.5336 - 175ms/epoch - 10ms/step
Epoch 4/800
17/17 - 0s - loss: 0.5484 - mae: 0.5484 - mse: 0.4826 - 175ms/epoch - 10ms/step
Epoch 5/800
17/17 - 0s - loss: 0.4243 - mae: 0.4243 - mse: 0.3097 - 175ms/epoch - 10ms/step
Epoch 6/800
17/17 - 0s - loss: 0.4139 - mae: 0.4139 - mse: 0.2961 - 175ms/epoch - 10ms/step
Epoch 7/800
17/17 - 0s - loss: 0.3957 - mae: 0.3957 - mse: 0.2766 - 175ms/epoch - 10ms/step
Epoch 8/800
17/17 - 0s - loss: 0.3925 - mae: 0.3925 - mse: 0.2732 - 175ms/epoch - 10ms/step
Epoch 9/800
17/17 - 0s - loss: 0.3344 - mae: 0.3344 - mse: 0.2113 - 175ms/epoch - 10ms/step
Epoch 10/800
17/17 - 0s - loss: 0.3201 - mae: 0.3201 - mse: 0.2099 - 177ms/epoch - 10ms/step
Epoch 11/800
17/17 - 0s - loss: 0.3168 - mae: 0.3168 - mse: 0.2003 - 175ms/epoch - 10ms/step
Epoch 12/800
17/17 - 0s - loss: 0.2927 - mae: 0.2927 - mse: 0.1736 - 175ms/epoch - 10ms/step
Epoch 13/800
17/17 - 0s - loss: 0.2758 - mae: 0.2758 - mse: 0.1615 - 176ms/epoch - 10ms/step
Epoch 14/800
17/17 - 0s - loss: 0.2902 - mae: 0.2902 - mse: 0.1671 - 175ms/epoch - 10ms/step
Epoch 15/800
17/17 - 0s - loss: 0.2823 - mae: 0.2823 - mse: 0.1657 - 175ms/epoch - 10ms/step
Epoch 16/800
17/17 - 0s - loss: 0.2689 - mae: 0.2689 - mse: 0.1505 - 175ms/epoch - 10ms/step
Epoch 17/800
17/17 - 0s - loss: 0.2779 - mae: 0.2779 - mse: 0.1555 - 175ms/epoch - 10ms/step
Epoch 18/800
17/17 - 0s - loss: 0.2422 - mae: 0.2422 - mse: 0.1307 - 175ms/epoch - 10ms/step
Epoch 19/800
17/17 - 0s - loss: 0.2424 - mae: 0.2424 - mse: 0.1370 - 175ms/epoch - 10ms/step
Epoch 20/800
17/17 - 0s - loss: 0.2348 - mae: 0.2348 - mse: 0.1219 - 175ms/epoch - 10ms/step
Epoch 21/800
17/17 - 0s - loss: 0.2803 - mae: 0.2803 - mse: 0.1432 - 175ms/epoch - 10ms/step
Epoch 22/800
17/17 - 0s - loss: 0.2703 - mae: 0.2703 - mse: 0.1438 - 175ms/epoch - 10ms/step
Epoch 23/800
17/17 - 0s - loss: 0.2494 - mae: 0.2494 - mse: 0.1256 - 175ms/epoch - 10ms/step
Epoch 24/800
17/17 - 0s - loss: 0.2185 - mae: 0.2185 - mse: 0.1121 - 175ms/epoch - 10ms/step
Epoch 25/800
17/17 - 0s - loss: 0.2114 - mae: 0.2114 - mse: 0.0983 - 175ms/epoch - 10ms/step
Epoch 26/800
17/17 - 0s - loss: 0.2192 - mae: 0.2192 - mse: 0.0942 - 175ms/epoch - 10ms/step
Epoch 27/800
17/17 - 0s - loss: 0.2114 - mae: 0.2114 - mse: 0.0897 - 175ms/epoch - 10ms/step
Epoch 28/800
17/17 - 0s - loss: 0.1997 - mae: 0.1997 - mse: 0.0880 - 175ms/epoch - 10ms/step
Epoch 29/800
17/17 - 0s - loss: 0.1897 - mae: 0.1897 - mse: 0.0748 - 175ms/epoch - 10ms/step
Epoch 30/800
17/17 - 0s - loss: 0.1782 - mae: 0.1782 - mse: 0.0639 - 175ms/epoch - 10ms/step
Epoch 31/800
17/17 - 0s - loss: 0.2101 - mae: 0.2101 - mse: 0.0812 - 176ms/epoch - 10ms/step
Epoch 32/800
17/17 - 0s - loss: 0.1811 - mae: 0.1811 - mse: 0.0570 - 175ms/epoch - 10ms/step
Epoch 33/800
17/17 - 0s - loss: 0.1854 - mae: 0.1854 - mse: 0.0613 - 175ms/epoch - 10ms/step
Epoch 34/800
17/17 - 0s - loss: 0.1921 - mae: 0.1921 - mse: 0.0640 - 175ms/epoch - 10ms/step
Epoch 35/800
17/17 - 0s - loss: 0.1770 - mae: 0.1770 - mse: 0.0533 - 175ms/epoch - 10ms/step
Epoch 36/800
17/17 - 0s - loss: 0.1779 - mae: 0.1779 - mse: 0.0546 - 175ms/epoch - 10ms/step
Epoch 37/800
17/17 - 0s - loss: 0.1618 - mae: 0.1618 - mse: 0.0482 - 175ms/epoch - 10ms/step
Epoch 38/800
17/17 - 0s - loss: 0.1741 - mae: 0.1741 - mse: 0.0538 - 175ms/epoch - 10ms/step
Epoch 39/800
17/17 - 0s - loss: 0.1626 - mae: 0.1626 - mse: 0.0470 - 175ms/epoch - 10ms/step
Epoch 40/800
17/17 - 0s - loss: 0.1673 - mae: 0.1673 - mse: 0.0531 - 176ms/epoch - 10ms/step
Epoch 41/800
17/17 - 0s - loss: 0.2175 - mae: 0.2175 - mse: 0.0783 - 176ms/epoch - 10ms/step
Epoch 42/800
17/17 - 0s - loss: 0.1941 - mae: 0.1941 - mse: 0.0658 - 176ms/epoch - 10ms/step
Epoch 43/800
17/17 - 0s - loss: 0.1764 - mae: 0.1764 - mse: 0.0554 - 175ms/epoch - 10ms/step
Epoch 44/800
17/17 - 0s - loss: 0.1622 - mae: 0.1622 - mse: 0.0461 - 175ms/epoch - 10ms/step
Epoch 45/800
17/17 - 0s - loss: 0.1640 - mae: 0.1640 - mse: 0.0465 - 176ms/epoch - 10ms/step
Epoch 46/800
17/17 - 0s - loss: 0.1560 - mae: 0.1560 - mse: 0.0417 - 175ms/epoch - 10ms/step
Epoch 47/800
17/17 - 0s - loss: 0.1340 - mae: 0.1340 - mse: 0.0333 - 175ms/epoch - 10ms/step
Epoch 48/800
17/17 - 0s - loss: 0.1462 - mae: 0.1462 - mse: 0.0367 - 175ms/epoch - 10ms/step
Epoch 49/800
17/17 - 0s - loss: 0.1570 - mae: 0.1570 - mse: 0.0415 - 176ms/epoch - 10ms/step
Epoch 50/800
17/17 - 0s - loss: 0.1460 - mae: 0.1460 - mse: 0.0375 - 176ms/epoch - 10ms/step
Epoch 51/800
17/17 - 0s - loss: 0.1648 - mae: 0.1648 - mse: 0.0454 - 175ms/epoch - 10ms/step
Epoch 52/800
17/17 - 0s - loss: 0.1455 - mae: 0.1455 - mse: 0.0371 - 175ms/epoch - 10ms/step
Epoch 53/800
17/17 - 0s - loss: 0.1458 - mae: 0.1458 - mse: 0.0367 - 176ms/epoch - 10ms/step
Epoch 54/800
17/17 - 0s - loss: 0.1329 - mae: 0.1329 - mse: 0.0312 - 175ms/epoch - 10ms/step
Epoch 55/800
17/17 - 0s - loss: 0.1254 - mae: 0.1254 - mse: 0.0283 - 175ms/epoch - 10ms/step
Epoch 56/800
17/17 - 0s - loss: 0.1342 - mae: 0.1342 - mse: 0.0328 - 175ms/epoch - 10ms/step
Epoch 57/800
17/17 - 0s - loss: 0.1521 - mae: 0.1521 - mse: 0.0380 - 175ms/epoch - 10ms/step
Epoch 58/800
17/17 - 0s - loss: 0.1573 - mae: 0.1573 - mse: 0.0418 - 175ms/epoch - 10ms/step
Epoch 59/800
17/17 - 0s - loss: 0.1418 - mae: 0.1418 - mse: 0.0353 - 175ms/epoch - 10ms/step
Epoch 60/800
17/17 - 0s - loss: 0.1402 - mae: 0.1402 - mse: 0.0348 - 175ms/epoch - 10ms/step
Epoch 61/800
17/17 - 0s - loss: 0.1418 - mae: 0.1418 - mse: 0.0353 - 175ms/epoch - 10ms/step
Epoch 62/800
17/17 - 0s - loss: 0.1404 - mae: 0.1404 - mse: 0.0343 - 175ms/epoch - 10ms/step
Epoch 63/800
17/17 - 0s - loss: 0.1299 - mae: 0.1299 - mse: 0.0296 - 175ms/epoch - 10ms/step
Epoch 64/800
17/17 - 0s - loss: 0.1391 - mae: 0.1391 - mse: 0.0334 - 175ms/epoch - 10ms/step
Epoch 65/800
17/17 - 0s - loss: 0.1286 - mae: 0.1286 - mse: 0.0281 - 175ms/epoch - 10ms/step
Epoch 66/800
17/17 - 0s - loss: 0.1276 - mae: 0.1276 - mse: 0.0283 - 176ms/epoch - 10ms/step
Epoch 67/800
17/17 - 0s - loss: 0.1306 - mae: 0.1306 - mse: 0.0300 - 176ms/epoch - 10ms/step
Epoch 68/800
17/17 - 0s - loss: 0.1350 - mae: 0.1350 - mse: 0.0312 - 176ms/epoch - 10ms/step
Epoch 69/800
17/17 - 0s - loss: 0.1340 - mae: 0.1340 - mse: 0.0304 - 175ms/epoch - 10ms/step
Epoch 70/800
17/17 - 0s - loss: 0.1384 - mae: 0.1384 - mse: 0.0332 - 175ms/epoch - 10ms/step
Epoch 71/800
17/17 - 0s - loss: 0.1276 - mae: 0.1276 - mse: 0.0281 - 175ms/epoch - 10ms/step
Epoch 72/800
17/17 - 0s - loss: 0.1286 - mae: 0.1286 - mse: 0.0280 - 175ms/epoch - 10ms/step
Epoch 73/800
17/17 - 0s - loss: 0.1210 - mae: 0.1210 - mse: 0.0257 - 175ms/epoch - 10ms/step
Epoch 74/800
17/17 - 0s - loss: 0.1162 - mae: 0.1162 - mse: 0.0230 - 175ms/epoch - 10ms/step
Epoch 75/800
17/17 - 0s - loss: 0.1391 - mae: 0.1391 - mse: 0.0331 - 175ms/epoch - 10ms/step
Epoch 76/800
17/17 - 0s - loss: 0.1348 - mae: 0.1348 - mse: 0.0341 - 177ms/epoch - 10ms/step
Epoch 77/800
17/17 - 0s - loss: 0.1331 - mae: 0.1331 - mse: 0.0298 - 176ms/epoch - 10ms/step
Epoch 78/800
17/17 - 0s - loss: 0.1226 - mae: 0.1226 - mse: 0.0269 - 175ms/epoch - 10ms/step
Epoch 79/800
17/17 - 0s - loss: 0.1258 - mae: 0.1258 - mse: 0.0268 - 175ms/epoch - 10ms/step
Epoch 80/800
17/17 - 0s - loss: 0.1101 - mae: 0.1101 - mse: 0.0214 - 175ms/epoch - 10ms/step
Epoch 81/800
17/17 - 0s - loss: 0.1035 - mae: 0.1035 - mse: 0.0196 - 175ms/epoch - 10ms/step
Epoch 82/800
17/17 - 0s - loss: 0.1149 - mae: 0.1149 - mse: 0.0230 - 175ms/epoch - 10ms/step
Epoch 83/800
17/17 - 0s - loss: 0.1136 - mae: 0.1136 - mse: 0.0224 - 175ms/epoch - 10ms/step
Epoch 84/800
17/17 - 0s - loss: 0.1120 - mae: 0.1120 - mse: 0.0216 - 175ms/epoch - 10ms/step
Epoch 85/800
17/17 - 0s - loss: 0.1250 - mae: 0.1250 - mse: 0.0265 - 175ms/epoch - 10ms/step
Epoch 86/800
17/17 - 0s - loss: 0.1225 - mae: 0.1225 - mse: 0.0258 - 175ms/epoch - 10ms/step
Epoch 87/800
17/17 - 0s - loss: 0.1223 - mae: 0.1223 - mse: 0.0264 - 175ms/epoch - 10ms/step
Epoch 88/800
17/17 - 0s - loss: 0.1201 - mae: 0.1201 - mse: 0.0242 - 175ms/epoch - 10ms/step
Epoch 89/800
17/17 - 0s - loss: 0.1178 - mae: 0.1178 - mse: 0.0236 - 175ms/epoch - 10ms/step
Epoch 90/800
17/17 - 0s - loss: 0.1361 - mae: 0.1361 - mse: 0.0312 - 175ms/epoch - 10ms/step
Epoch 91/800
17/17 - 0s - loss: 0.1219 - mae: 0.1219 - mse: 0.0259 - 175ms/epoch - 10ms/step
Epoch 92/800
17/17 - 0s - loss: 0.1192 - mae: 0.1192 - mse: 0.0241 - 175ms/epoch - 10ms/step
Epoch 93/800
17/17 - 0s - loss: 0.1097 - mae: 0.1097 - mse: 0.0210 - 175ms/epoch - 10ms/step
Epoch 94/800
17/17 - 0s - loss: 0.1228 - mae: 0.1228 - mse: 0.0259 - 175ms/epoch - 10ms/step
Epoch 95/800
17/17 - 0s - loss: 0.1084 - mae: 0.1084 - mse: 0.0202 - 176ms/epoch - 10ms/step
Epoch 96/800
17/17 - 0s - loss: 0.1104 - mae: 0.1104 - mse: 0.0210 - 176ms/epoch - 10ms/step
Epoch 97/800
17/17 - 0s - loss: 0.1238 - mae: 0.1238 - mse: 0.0260 - 176ms/epoch - 10ms/step
Epoch 98/800
17/17 - 0s - loss: 0.1360 - mae: 0.1360 - mse: 0.0316 - 175ms/epoch - 10ms/step
Epoch 99/800
17/17 - 0s - loss: 0.1225 - mae: 0.1225 - mse: 0.0266 - 175ms/epoch - 10ms/step
Epoch 100/800
17/17 - 0s - loss: 0.1056 - mae: 0.1056 - mse: 0.0200 - 176ms/epoch - 10ms/step
Epoch 101/800
17/17 - 0s - loss: 0.1000 - mae: 0.1000 - mse: 0.0180 - 176ms/epoch - 10ms/step
Epoch 102/800
17/17 - 0s - loss: 0.1094 - mae: 0.1094 - mse: 0.0209 - 175ms/epoch - 10ms/step
Epoch 103/800
17/17 - 0s - loss: 0.1133 - mae: 0.1133 - mse: 0.0229 - 175ms/epoch - 10ms/step
Epoch 104/800
17/17 - 0s - loss: 0.1164 - mae: 0.1164 - mse: 0.0232 - 175ms/epoch - 10ms/step
Epoch 105/800
17/17 - 0s - loss: 0.1183 - mae: 0.1183 - mse: 0.0239 - 175ms/epoch - 10ms/step
Epoch 106/800
17/17 - 0s - loss: 0.1139 - mae: 0.1139 - mse: 0.0220 - 176ms/epoch - 10ms/step
Epoch 107/800
17/17 - 0s - loss: 0.0996 - mae: 0.0996 - mse: 0.0177 - 175ms/epoch - 10ms/step
Epoch 108/800
17/17 - 0s - loss: 0.1043 - mae: 0.1043 - mse: 0.0188 - 177ms/epoch - 10ms/step
Epoch 109/800
17/17 - 0s - loss: 0.1278 - mae: 0.1278 - mse: 0.0281 - 176ms/epoch - 10ms/step
Epoch 110/800
17/17 - 0s - loss: 0.1254 - mae: 0.1254 - mse: 0.0266 - 176ms/epoch - 10ms/step
Epoch 111/800
17/17 - 0s - loss: 0.0970 - mae: 0.0970 - mse: 0.0178 - 176ms/epoch - 10ms/step
Epoch 112/800
17/17 - 0s - loss: 0.1035 - mae: 0.1035 - mse: 0.0184 - 175ms/epoch - 10ms/step
Epoch 113/800
17/17 - 0s - loss: 0.0943 - mae: 0.0943 - mse: 0.0156 - 175ms/epoch - 10ms/step
Epoch 114/800
17/17 - 0s - loss: 0.0931 - mae: 0.0931 - mse: 0.0159 - 175ms/epoch - 10ms/step
Epoch 115/800
17/17 - 0s - loss: 0.1009 - mae: 0.1009 - mse: 0.0174 - 176ms/epoch - 10ms/step
Epoch 116/800
17/17 - 0s - loss: 0.1170 - mae: 0.1170 - mse: 0.0232 - 175ms/epoch - 10ms/step
Epoch 117/800
17/17 - 0s - loss: 0.1127 - mae: 0.1127 - mse: 0.0221 - 175ms/epoch - 10ms/step
Epoch 118/800
17/17 - 0s - loss: 0.0947 - mae: 0.0947 - mse: 0.0160 - 176ms/epoch - 10ms/step
Epoch 119/800
17/17 - 0s - loss: 0.0952 - mae: 0.0952 - mse: 0.0163 - 175ms/epoch - 10ms/step
Epoch 120/800
17/17 - 0s - loss: 0.0903 - mae: 0.0903 - mse: 0.0150 - 176ms/epoch - 10ms/step
Epoch 121/800
17/17 - 0s - loss: 0.1014 - mae: 0.1014 - mse: 0.0180 - 175ms/epoch - 10ms/step
Epoch 122/800
17/17 - 0s - loss: 0.0962 - mae: 0.0962 - mse: 0.0165 - 175ms/epoch - 10ms/step
Epoch 123/800
17/17 - 0s - loss: 0.1025 - mae: 0.1025 - mse: 0.0179 - 176ms/epoch - 10ms/step
Epoch 124/800
17/17 - 0s - loss: 0.1305 - mae: 0.1305 - mse: 0.0278 - 175ms/epoch - 10ms/step
Epoch 125/800
17/17 - 0s - loss: 0.1050 - mae: 0.1050 - mse: 0.0198 - 175ms/epoch - 10ms/step
Epoch 126/800
17/17 - 0s - loss: 0.0928 - mae: 0.0928 - mse: 0.0156 - 175ms/epoch - 10ms/step
Epoch 127/800
17/17 - 0s - loss: 0.0960 - mae: 0.0960 - mse: 0.0167 - 175ms/epoch - 10ms/step
Epoch 128/800
17/17 - 0s - loss: 0.0891 - mae: 0.0891 - mse: 0.0151 - 175ms/epoch - 10ms/step
Epoch 129/800
17/17 - 0s - loss: 0.0901 - mae: 0.0901 - mse: 0.0156 - 175ms/epoch - 10ms/step
Epoch 130/800
17/17 - 0s - loss: 0.0902 - mae: 0.0902 - mse: 0.0150 - 175ms/epoch - 10ms/step
Epoch 131/800
17/17 - 0s - loss: 0.0847 - mae: 0.0847 - mse: 0.0136 - 176ms/epoch - 10ms/step
Epoch 132/800
17/17 - 0s - loss: 0.0970 - mae: 0.0970 - mse: 0.0162 - 175ms/epoch - 10ms/step
Epoch 133/800
17/17 - 0s - loss: 0.0915 - mae: 0.0915 - mse: 0.0149 - 175ms/epoch - 10ms/step
Epoch 134/800
17/17 - 0s - loss: 0.0937 - mae: 0.0937 - mse: 0.0160 - 175ms/epoch - 10ms/step
Epoch 135/800
17/17 - 0s - loss: 0.0960 - mae: 0.0960 - mse: 0.0160 - 175ms/epoch - 10ms/step
Epoch 136/800
17/17 - 0s - loss: 0.1068 - mae: 0.1068 - mse: 0.0198 - 175ms/epoch - 10ms/step
Epoch 137/800
17/17 - 0s - loss: 0.0871 - mae: 0.0871 - mse: 0.0134 - 175ms/epoch - 10ms/step
Epoch 138/800
17/17 - 0s - loss: 0.0848 - mae: 0.0848 - mse: 0.0134 - 175ms/epoch - 10ms/step
Epoch 139/800
17/17 - 0s - loss: 0.0926 - mae: 0.0926 - mse: 0.0149 - 175ms/epoch - 10ms/step
Epoch 140/800
17/17 - 0s - loss: 0.0920 - mae: 0.0920 - mse: 0.0149 - 175ms/epoch - 10ms/step
Epoch 141/800
17/17 - 0s - loss: 0.1037 - mae: 0.1037 - mse: 0.0189 - 175ms/epoch - 10ms/step
Epoch 142/800
17/17 - 0s - loss: 0.0958 - mae: 0.0958 - mse: 0.0158 - 176ms/epoch - 10ms/step
Epoch 143/800
17/17 - 0s - loss: 0.0904 - mae: 0.0904 - mse: 0.0153 - 175ms/epoch - 10ms/step
Epoch 144/800
17/17 - 0s - loss: 0.1036 - mae: 0.1036 - mse: 0.0197 - 175ms/epoch - 10ms/step
Epoch 145/800
17/17 - 0s - loss: 0.1022 - mae: 0.1022 - mse: 0.0175 - 175ms/epoch - 10ms/step
Epoch 146/800
17/17 - 0s - loss: 0.0973 - mae: 0.0973 - mse: 0.0179 - 175ms/epoch - 10ms/step
Epoch 147/800
17/17 - 0s - loss: 0.0882 - mae: 0.0882 - mse: 0.0141 - 175ms/epoch - 10ms/step
Epoch 148/800
17/17 - 0s - loss: 0.0830 - mae: 0.0830 - mse: 0.0126 - 175ms/epoch - 10ms/step
Epoch 149/800
17/17 - 0s - loss: 0.0988 - mae: 0.0988 - mse: 0.0167 - 175ms/epoch - 10ms/step
Epoch 150/800
17/17 - 0s - loss: 0.0947 - mae: 0.0947 - mse: 0.0160 - 176ms/epoch - 10ms/step
Epoch 151/800
17/17 - 0s - loss: 0.0979 - mae: 0.0979 - mse: 0.0173 - 176ms/epoch - 10ms/step
Epoch 152/800
17/17 - 0s - loss: 0.0953 - mae: 0.0953 - mse: 0.0164 - 175ms/epoch - 10ms/step
Epoch 153/800
17/17 - 0s - loss: 0.0996 - mae: 0.0996 - mse: 0.0183 - 175ms/epoch - 10ms/step
Epoch 154/800
17/17 - 0s - loss: 0.0899 - mae: 0.0899 - mse: 0.0138 - 176ms/epoch - 10ms/step
Epoch 155/800
17/17 - 0s - loss: 0.0869 - mae: 0.0869 - mse: 0.0135 - 175ms/epoch - 10ms/step
Epoch 156/800
17/17 - 0s - loss: 0.0912 - mae: 0.0912 - mse: 0.0142 - 176ms/epoch - 10ms/step
Epoch 157/800
17/17 - 0s - loss: 0.0850 - mae: 0.0850 - mse: 0.0128 - 175ms/epoch - 10ms/step
Epoch 158/800
17/17 - 0s - loss: 0.0796 - mae: 0.0796 - mse: 0.0109 - 175ms/epoch - 10ms/step
Epoch 159/800
17/17 - 0s - loss: 0.0840 - mae: 0.0840 - mse: 0.0129 - 175ms/epoch - 10ms/step
Epoch 160/800
17/17 - 0s - loss: 0.0856 - mae: 0.0856 - mse: 0.0129 - 175ms/epoch - 10ms/step
Epoch 161/800
17/17 - 0s - loss: 0.0965 - mae: 0.0965 - mse: 0.0160 - 175ms/epoch - 10ms/step
Epoch 162/800
17/17 - 0s - loss: 0.0788 - mae: 0.0788 - mse: 0.0114 - 175ms/epoch - 10ms/step
Epoch 163/800
17/17 - 0s - loss: 0.0785 - mae: 0.0785 - mse: 0.0113 - 175ms/epoch - 10ms/step
Epoch 164/800
17/17 - 0s - loss: 0.0786 - mae: 0.0786 - mse: 0.0109 - 175ms/epoch - 10ms/step
Epoch 165/800
17/17 - 0s - loss: 0.0888 - mae: 0.0888 - mse: 0.0141 - 175ms/epoch - 10ms/step
Epoch 166/800
17/17 - 0s - loss: 0.0758 - mae: 0.0758 - mse: 0.0107 - 175ms/epoch - 10ms/step
Epoch 167/800
17/17 - 0s - loss: 0.0739 - mae: 0.0739 - mse: 0.0103 - 175ms/epoch - 10ms/step
Epoch 168/800
17/17 - 0s - loss: 0.0862 - mae: 0.0862 - mse: 0.0128 - 176ms/epoch - 10ms/step
Epoch 169/800
17/17 - 0s - loss: 0.0804 - mae: 0.0804 - mse: 0.0118 - 175ms/epoch - 10ms/step
Epoch 170/800
17/17 - 0s - loss: 0.0808 - mae: 0.0808 - mse: 0.0112 - 175ms/epoch - 10ms/step
Epoch 171/800
17/17 - 0s - loss: 0.0831 - mae: 0.0831 - mse: 0.0119 - 175ms/epoch - 10ms/step
Epoch 172/800
17/17 - 0s - loss: 0.0870 - mae: 0.0870 - mse: 0.0137 - 175ms/epoch - 10ms/step
Epoch 173/800
17/17 - 0s - loss: 0.0755 - mae: 0.0755 - mse: 0.0103 - 175ms/epoch - 10ms/step
Epoch 174/800
17/17 - 0s - loss: 0.0809 - mae: 0.0809 - mse: 0.0116 - 176ms/epoch - 10ms/step
Epoch 175/800
17/17 - 0s - loss: 0.0921 - mae: 0.0921 - mse: 0.0142 - 176ms/epoch - 10ms/step
Epoch 176/800
17/17 - 0s - loss: 0.0835 - mae: 0.0835 - mse: 0.0123 - 176ms/epoch - 10ms/step
Epoch 177/800
17/17 - 0s - loss: 0.0773 - mae: 0.0773 - mse: 0.0108 - 176ms/epoch - 10ms/step
Epoch 178/800
17/17 - 0s - loss: 0.0778 - mae: 0.0778 - mse: 0.0106 - 175ms/epoch - 10ms/step
Epoch 179/800
17/17 - 0s - loss: 0.0865 - mae: 0.0865 - mse: 0.0127 - 175ms/epoch - 10ms/step
Epoch 180/800
17/17 - 0s - loss: 0.0797 - mae: 0.0797 - mse: 0.0111 - 175ms/epoch - 10ms/step
Epoch 181/800
17/17 - 0s - loss: 0.0751 - mae: 0.0751 - mse: 0.0102 - 175ms/epoch - 10ms/step
Epoch 182/800
17/17 - 0s - loss: 0.0859 - mae: 0.0859 - mse: 0.0132 - 175ms/epoch - 10ms/step
Epoch 183/800
17/17 - 0s - loss: 0.0764 - mae: 0.0764 - mse: 0.0106 - 175ms/epoch - 10ms/step
Epoch 184/800
17/17 - 0s - loss: 0.0777 - mae: 0.0777 - mse: 0.0110 - 175ms/epoch - 10ms/step
Epoch 185/800
17/17 - 0s - loss: 0.0857 - mae: 0.0857 - mse: 0.0130 - 175ms/epoch - 10ms/step
Epoch 186/800
17/17 - 0s - loss: 0.0776 - mae: 0.0776 - mse: 0.0111 - 175ms/epoch - 10ms/step
Epoch 187/800
17/17 - 0s - loss: 0.0798 - mae: 0.0798 - mse: 0.0111 - 175ms/epoch - 10ms/step
Epoch 188/800
17/17 - 0s - loss: 0.0765 - mae: 0.0765 - mse: 0.0102 - 175ms/epoch - 10ms/step
Epoch 189/800
17/17 - 0s - loss: 0.0856 - mae: 0.0856 - mse: 0.0121 - 176ms/epoch - 10ms/step
Epoch 190/800
17/17 - 0s - loss: 0.0909 - mae: 0.0909 - mse: 0.0147 - 175ms/epoch - 10ms/step
Epoch 191/800
17/17 - 0s - loss: 0.0789 - mae: 0.0789 - mse: 0.0107 - 175ms/epoch - 10ms/step
Epoch 192/800
17/17 - 0s - loss: 0.0796 - mae: 0.0796 - mse: 0.0111 - 175ms/epoch - 10ms/step
Epoch 193/800
17/17 - 0s - loss: 0.0711 - mae: 0.0711 - mse: 0.0092 - 176ms/epoch - 10ms/step
Epoch 194/800
17/17 - 0s - loss: 0.0727 - mae: 0.0727 - mse: 0.0101 - 175ms/epoch - 10ms/step
Epoch 195/800
17/17 - 0s - loss: 0.0700 - mae: 0.0700 - mse: 0.0099 - 175ms/epoch - 10ms/step
Epoch 196/800
17/17 - 0s - loss: 0.0912 - mae: 0.0912 - mse: 0.0139 - 176ms/epoch - 10ms/step
Epoch 197/800
17/17 - 0s - loss: 0.0894 - mae: 0.0894 - mse: 0.0136 - 175ms/epoch - 10ms/step
Epoch 198/800
17/17 - 0s - loss: 0.0745 - mae: 0.0745 - mse: 0.0100 - 175ms/epoch - 10ms/step
Epoch 199/800
17/17 - 0s - loss: 0.0751 - mae: 0.0751 - mse: 0.0107 - 175ms/epoch - 10ms/step
Epoch 200/800
17/17 - 0s - loss: 0.0843 - mae: 0.0843 - mse: 0.0122 - 175ms/epoch - 10ms/step
Epoch 201/800
17/17 - 0s - loss: 0.0774 - mae: 0.0774 - mse: 0.0104 - 175ms/epoch - 10ms/step
Epoch 202/800
17/17 - 0s - loss: 0.0726 - mae: 0.0726 - mse: 0.0095 - 175ms/epoch - 10ms/step
Epoch 203/800
17/17 - 0s - loss: 0.0726 - mae: 0.0726 - mse: 0.0097 - 175ms/epoch - 10ms/step
Epoch 204/800
17/17 - 0s - loss: 0.0704 - mae: 0.0704 - mse: 0.0096 - 175ms/epoch - 10ms/step
Epoch 205/800
17/17 - 0s - loss: 0.0786 - mae: 0.0786 - mse: 0.0110 - 176ms/epoch - 10ms/step
Epoch 206/800
17/17 - 0s - loss: 0.0730 - mae: 0.0730 - mse: 0.0100 - 175ms/epoch - 10ms/step
Epoch 207/800
17/17 - 0s - loss: 0.0741 - mae: 0.0741 - mse: 0.0097 - 175ms/epoch - 10ms/step
Epoch 208/800
17/17 - 0s - loss: 0.0705 - mae: 0.0705 - mse: 0.0087 - 175ms/epoch - 10ms/step
Epoch 209/800
17/17 - 0s - loss: 0.0731 - mae: 0.0731 - mse: 0.0093 - 175ms/epoch - 10ms/step
Epoch 210/800
17/17 - 0s - loss: 0.0653 - mae: 0.0653 - mse: 0.0077 - 175ms/epoch - 10ms/step
Epoch 211/800
17/17 - 0s - loss: 0.0740 - mae: 0.0740 - mse: 0.0096 - 176ms/epoch - 10ms/step
Epoch 212/800
17/17 - 0s - loss: 0.0783 - mae: 0.0783 - mse: 0.0110 - 176ms/epoch - 10ms/step
Epoch 213/800
17/17 - 0s - loss: 0.0726 - mae: 0.0726 - mse: 0.0095 - 175ms/epoch - 10ms/step
Epoch 214/800
17/17 - 0s - loss: 0.0705 - mae: 0.0705 - mse: 0.0089 - 175ms/epoch - 10ms/step
Epoch 215/800
17/17 - 0s - loss: 0.0693 - mae: 0.0693 - mse: 0.0086 - 175ms/epoch - 10ms/step
Epoch 216/800
17/17 - 0s - loss: 0.0682 - mae: 0.0682 - mse: 0.0082 - 175ms/epoch - 10ms/step
Epoch 217/800
17/17 - 0s - loss: 0.0632 - mae: 0.0632 - mse: 0.0076 - 176ms/epoch - 10ms/step
Epoch 218/800
17/17 - 0s - loss: 0.0663 - mae: 0.0663 - mse: 0.0082 - 175ms/epoch - 10ms/step
Epoch 219/800
17/17 - 0s - loss: 0.0663 - mae: 0.0663 - mse: 0.0078 - 175ms/epoch - 10ms/step
Epoch 220/800
17/17 - 0s - loss: 0.0717 - mae: 0.0717 - mse: 0.0095 - 175ms/epoch - 10ms/step
Epoch 221/800
17/17 - 0s - loss: 0.0603 - mae: 0.0603 - mse: 0.0066 - 175ms/epoch - 10ms/step
Epoch 222/800
17/17 - 0s - loss: 0.0662 - mae: 0.0662 - mse: 0.0085 - 175ms/epoch - 10ms/step
Epoch 223/800
17/17 - 0s - loss: 0.0656 - mae: 0.0656 - mse: 0.0081 - 176ms/epoch - 10ms/step
Epoch 224/800
17/17 - 0s - loss: 0.0628 - mae: 0.0628 - mse: 0.0072 - 175ms/epoch - 10ms/step
Epoch 225/800
17/17 - 0s - loss: 0.0621 - mae: 0.0621 - mse: 0.0072 - 175ms/epoch - 10ms/step
Epoch 226/800
17/17 - 0s - loss: 0.0651 - mae: 0.0651 - mse: 0.0075 - 176ms/epoch - 10ms/step
Epoch 227/800
17/17 - 0s - loss: 0.0670 - mae: 0.0670 - mse: 0.0082 - 175ms/epoch - 10ms/step
Epoch 228/800
17/17 - 0s - loss: 0.0641 - mae: 0.0641 - mse: 0.0074 - 175ms/epoch - 10ms/step
Epoch 229/800
17/17 - 0s - loss: 0.0645 - mae: 0.0645 - mse: 0.0079 - 175ms/epoch - 10ms/step
Epoch 230/800
17/17 - 0s - loss: 0.0597 - mae: 0.0597 - mse: 0.0068 - 175ms/epoch - 10ms/step
Epoch 231/800
17/17 - 0s - loss: 0.0616 - mae: 0.0616 - mse: 0.0073 - 175ms/epoch - 10ms/step
Epoch 232/800
17/17 - 0s - loss: 0.0561 - mae: 0.0561 - mse: 0.0062 - 175ms/epoch - 10ms/step
Epoch 233/800
17/17 - 0s - loss: 0.0565 - mae: 0.0565 - mse: 0.0060 - 176ms/epoch - 10ms/step
Epoch 234/800
17/17 - 0s - loss: 0.0589 - mae: 0.0589 - mse: 0.0065 - 175ms/epoch - 10ms/step
Epoch 235/800
17/17 - 0s - loss: 0.0588 - mae: 0.0588 - mse: 0.0063 - 175ms/epoch - 10ms/step
Epoch 236/800
17/17 - 0s - loss: 0.0645 - mae: 0.0645 - mse: 0.0078 - 175ms/epoch - 10ms/step
Epoch 237/800
17/17 - 0s - loss: 0.0567 - mae: 0.0567 - mse: 0.0064 - 175ms/epoch - 10ms/step
Epoch 238/800
17/17 - 0s - loss: 0.0605 - mae: 0.0605 - mse: 0.0068 - 175ms/epoch - 10ms/step
Epoch 239/800
17/17 - 0s - loss: 0.0662 - mae: 0.0662 - mse: 0.0076 - 175ms/epoch - 10ms/step
Epoch 240/800
17/17 - 0s - loss: 0.0560 - mae: 0.0560 - mse: 0.0066 - 175ms/epoch - 10ms/step
Epoch 241/800
17/17 - 0s - loss: 0.0679 - mae: 0.0679 - mse: 0.0086 - 176ms/epoch - 10ms/step
Epoch 242/800
17/17 - 0s - loss: 0.0695 - mae: 0.0695 - mse: 0.0085 - 175ms/epoch - 10ms/step
Epoch 243/800
17/17 - 0s - loss: 0.0622 - mae: 0.0622 - mse: 0.0073 - 175ms/epoch - 10ms/step
Epoch 244/800
17/17 - 0s - loss: 0.0652 - mae: 0.0652 - mse: 0.0082 - 176ms/epoch - 10ms/step
Epoch 245/800
17/17 - 0s - loss: 0.0610 - mae: 0.0610 - mse: 0.0071 - 176ms/epoch - 10ms/step
Epoch 246/800
17/17 - 0s - loss: 0.0540 - mae: 0.0540 - mse: 0.0053 - 175ms/epoch - 10ms/step
Epoch 247/800
17/17 - 0s - loss: 0.0513 - mae: 0.0513 - mse: 0.0051 - 175ms/epoch - 10ms/step
Epoch 248/800
17/17 - 0s - loss: 0.0578 - mae: 0.0578 - mse: 0.0062 - 175ms/epoch - 10ms/step
Epoch 249/800
17/17 - 0s - loss: 0.0664 - mae: 0.0664 - mse: 0.0080 - 175ms/epoch - 10ms/step
Epoch 250/800
17/17 - 0s - loss: 0.0642 - mae: 0.0642 - mse: 0.0072 - 175ms/epoch - 10ms/step
Epoch 251/800
17/17 - 0s - loss: 0.0604 - mae: 0.0604 - mse: 0.0068 - 175ms/epoch - 10ms/step
Epoch 252/800
17/17 - 0s - loss: 0.0584 - mae: 0.0584 - mse: 0.0064 - 175ms/epoch - 10ms/step
Epoch 253/800
17/17 - 0s - loss: 0.0662 - mae: 0.0662 - mse: 0.0081 - 176ms/epoch - 10ms/step
Epoch 254/800
17/17 - 0s - loss: 0.0621 - mae: 0.0621 - mse: 0.0070 - 175ms/epoch - 10ms/step
Epoch 255/800
17/17 - 0s - loss: 0.0648 - mae: 0.0648 - mse: 0.0088 - 175ms/epoch - 10ms/step
Epoch 256/800
17/17 - 0s - loss: 0.0596 - mae: 0.0596 - mse: 0.0071 - 175ms/epoch - 10ms/step
Epoch 257/800
17/17 - 0s - loss: 0.0573 - mae: 0.0573 - mse: 0.0062 - 175ms/epoch - 10ms/step
Epoch 258/800
17/17 - 0s - loss: 0.0631 - mae: 0.0631 - mse: 0.0072 - 177ms/epoch - 10ms/step
Epoch 259/800
17/17 - 0s - loss: 0.0624 - mae: 0.0624 - mse: 0.0070 - 175ms/epoch - 10ms/step
Epoch 260/800
17/17 - 0s - loss: 0.0605 - mae: 0.0605 - mse: 0.0069 - 176ms/epoch - 10ms/step
Epoch 261/800
17/17 - 0s - loss: 0.0521 - mae: 0.0521 - mse: 0.0052 - 176ms/epoch - 10ms/step
Epoch 262/800
17/17 - 0s - loss: 0.0594 - mae: 0.0594 - mse: 0.0061 - 175ms/epoch - 10ms/step
Epoch 263/800
17/17 - 0s - loss: 0.0636 - mae: 0.0636 - mse: 0.0072 - 175ms/epoch - 10ms/step
Epoch 264/800
17/17 - 0s - loss: 0.0598 - mae: 0.0598 - mse: 0.0066 - 176ms/epoch - 10ms/step
Epoch 265/800
17/17 - 0s - loss: 0.0569 - mae: 0.0569 - mse: 0.0062 - 175ms/epoch - 10ms/step
Epoch 266/800
17/17 - 0s - loss: 0.0571 - mae: 0.0571 - mse: 0.0061 - 175ms/epoch - 10ms/step
Epoch 267/800
17/17 - 0s - loss: 0.0539 - mae: 0.0539 - mse: 0.0056 - 175ms/epoch - 10ms/step
Epoch 268/800
17/17 - 0s - loss: 0.0489 - mae: 0.0489 - mse: 0.0048 - 175ms/epoch - 10ms/step
Epoch 269/800
17/17 - 0s - loss: 0.0561 - mae: 0.0561 - mse: 0.0056 - 176ms/epoch - 10ms/step
Epoch 270/800
17/17 - 0s - loss: 0.0606 - mae: 0.0606 - mse: 0.0066 - 175ms/epoch - 10ms/step
Epoch 271/800
17/17 - 0s - loss: 0.0535 - mae: 0.0535 - mse: 0.0052 - 175ms/epoch - 10ms/step
Epoch 272/800
17/17 - 0s - loss: 0.0551 - mae: 0.0551 - mse: 0.0054 - 175ms/epoch - 10ms/step
Epoch 273/800
17/17 - 0s - loss: 0.0598 - mae: 0.0598 - mse: 0.0061 - 175ms/epoch - 10ms/step
Epoch 274/800
17/17 - 0s - loss: 0.0542 - mae: 0.0542 - mse: 0.0054 - 176ms/epoch - 10ms/step
Epoch 275/800
17/17 - 0s - loss: 0.0534 - mae: 0.0534 - mse: 0.0052 - 175ms/epoch - 10ms/step
Epoch 276/800
17/17 - 0s - loss: 0.0519 - mae: 0.0519 - mse: 0.0050 - 175ms/epoch - 10ms/step
Epoch 277/800
17/17 - 0s - loss: 0.0539 - mae: 0.0539 - mse: 0.0054 - 176ms/epoch - 10ms/step
Epoch 278/800
17/17 - 0s - loss: 0.0486 - mae: 0.0486 - mse: 0.0044 - 175ms/epoch - 10ms/step
Epoch 279/800
17/17 - 0s - loss: 0.0619 - mae: 0.0619 - mse: 0.0069 - 175ms/epoch - 10ms/step
Epoch 280/800
17/17 - 0s - loss: 0.0598 - mae: 0.0598 - mse: 0.0063 - 175ms/epoch - 10ms/step
Epoch 281/800
17/17 - 0s - loss: 0.0593 - mae: 0.0593 - mse: 0.0062 - 175ms/epoch - 10ms/step
Epoch 282/800
17/17 - 0s - loss: 0.0522 - mae: 0.0522 - mse: 0.0050 - 175ms/epoch - 10ms/step
Epoch 283/800
17/17 - 0s - loss: 0.0534 - mae: 0.0534 - mse: 0.0052 - 176ms/epoch - 10ms/step
Epoch 284/800
17/17 - 0s - loss: 0.0506 - mae: 0.0506 - mse: 0.0049 - 175ms/epoch - 10ms/step
Epoch 285/800
17/17 - 0s - loss: 0.0543 - mae: 0.0543 - mse: 0.0053 - 175ms/epoch - 10ms/step
Epoch 286/800
17/17 - 0s - loss: 0.0459 - mae: 0.0459 - mse: 0.0039 - 175ms/epoch - 10ms/step
Epoch 287/800
17/17 - 0s - loss: 0.0466 - mae: 0.0466 - mse: 0.0043 - 175ms/epoch - 10ms/step
Epoch 288/800
17/17 - 0s - loss: 0.0549 - mae: 0.0549 - mse: 0.0055 - 175ms/epoch - 10ms/step
Epoch 289/800
17/17 - 0s - loss: 0.0623 - mae: 0.0623 - mse: 0.0066 - 176ms/epoch - 10ms/step
Epoch 290/800
17/17 - 0s - loss: 0.0542 - mae: 0.0542 - mse: 0.0055 - 175ms/epoch - 10ms/step
Epoch 291/800
17/17 - 0s - loss: 0.0517 - mae: 0.0517 - mse: 0.0051 - 175ms/epoch - 10ms/step
Epoch 292/800
17/17 - 0s - loss: 0.0490 - mae: 0.0490 - mse: 0.0046 - 175ms/epoch - 10ms/step
Epoch 293/800
17/17 - 0s - loss: 0.0462 - mae: 0.0462 - mse: 0.0039 - 175ms/epoch - 10ms/step
Epoch 294/800
17/17 - 0s - loss: 0.0508 - mae: 0.0508 - mse: 0.0047 - 175ms/epoch - 10ms/step
Epoch 295/800
17/17 - 0s - loss: 0.0548 - mae: 0.0548 - mse: 0.0057 - 175ms/epoch - 10ms/step
Epoch 296/800
17/17 - 0s - loss: 0.0573 - mae: 0.0573 - mse: 0.0057 - 175ms/epoch - 10ms/step
Epoch 297/800
17/17 - 0s - loss: 0.0492 - mae: 0.0492 - mse: 0.0043 - 176ms/epoch - 10ms/step
Epoch 298/800
17/17 - 0s - loss: 0.0495 - mae: 0.0495 - mse: 0.0045 - 176ms/epoch - 10ms/step
Epoch 299/800
17/17 - 0s - loss: 0.0440 - mae: 0.0440 - mse: 0.0035 - 175ms/epoch - 10ms/step
Epoch 300/800
17/17 - 0s - loss: 0.0512 - mae: 0.0512 - mse: 0.0044 - 175ms/epoch - 10ms/step
Epoch 301/800
17/17 - 0s - loss: 0.0482 - mae: 0.0482 - mse: 0.0042 - 175ms/epoch - 10ms/step
Epoch 302/800
17/17 - 0s - loss: 0.0530 - mae: 0.0530 - mse: 0.0050 - 175ms/epoch - 10ms/step
Epoch 303/800
17/17 - 0s - loss: 0.0473 - mae: 0.0473 - mse: 0.0041 - 175ms/epoch - 10ms/step
Epoch 304/800
17/17 - 0s - loss: 0.0425 - mae: 0.0425 - mse: 0.0034 - 175ms/epoch - 10ms/step
Epoch 305/800
17/17 - 0s - loss: 0.0466 - mae: 0.0466 - mse: 0.0039 - 175ms/epoch - 10ms/step
Epoch 306/800
17/17 - 0s - loss: 0.0500 - mae: 0.0500 - mse: 0.0044 - 176ms/epoch - 10ms/step
Epoch 307/800
17/17 - 0s - loss: 0.0526 - mae: 0.0526 - mse: 0.0049 - 175ms/epoch - 10ms/step
Epoch 308/800
17/17 - 0s - loss: 0.0465 - mae: 0.0465 - mse: 0.0038 - 175ms/epoch - 10ms/step
Epoch 309/800
17/17 - 0s - loss: 0.0459 - mae: 0.0459 - mse: 0.0036 - 176ms/epoch - 10ms/step
Epoch 310/800
17/17 - 0s - loss: 0.0464 - mae: 0.0464 - mse: 0.0040 - 175ms/epoch - 10ms/step
Epoch 311/800
17/17 - 0s - loss: 0.0440 - mae: 0.0440 - mse: 0.0036 - 175ms/epoch - 10ms/step
Epoch 312/800
17/17 - 0s - loss: 0.0455 - mae: 0.0455 - mse: 0.0040 - 175ms/epoch - 10ms/step
Epoch 313/800
17/17 - 0s - loss: 0.0490 - mae: 0.0490 - mse: 0.0042 - 175ms/epoch - 10ms/step
Epoch 314/800
17/17 - 0s - loss: 0.0511 - mae: 0.0511 - mse: 0.0048 - 175ms/epoch - 10ms/step
Epoch 315/800
17/17 - 0s - loss: 0.0481 - mae: 0.0481 - mse: 0.0040 - 176ms/epoch - 10ms/step
Epoch 316/800
17/17 - 0s - loss: 0.0545 - mae: 0.0545 - mse: 0.0063 - 176ms/epoch - 10ms/step
Epoch 317/800
17/17 - 0s - loss: 0.0454 - mae: 0.0454 - mse: 0.0039 - 175ms/epoch - 10ms/step
Epoch 318/800
17/17 - 0s - loss: 0.0407 - mae: 0.0407 - mse: 0.0033 - 175ms/epoch - 10ms/step
Epoch 319/800
17/17 - 0s - loss: 0.0428 - mae: 0.0428 - mse: 0.0033 - 175ms/epoch - 10ms/step
Epoch 320/800
17/17 - 0s - loss: 0.0441 - mae: 0.0441 - mse: 0.0034 - 175ms/epoch - 10ms/step
Epoch 321/800
17/17 - 0s - loss: 0.0446 - mae: 0.0446 - mse: 0.0038 - 175ms/epoch - 10ms/step
Epoch 322/800
17/17 - 0s - loss: 0.0485 - mae: 0.0485 - mse: 0.0042 - 175ms/epoch - 10ms/step
Epoch 323/800
17/17 - 0s - loss: 0.0467 - mae: 0.0467 - mse: 0.0039 - 175ms/epoch - 10ms/step
Epoch 324/800
17/17 - 0s - loss: 0.0402 - mae: 0.0402 - mse: 0.0030 - 175ms/epoch - 10ms/step
Epoch 325/800
17/17 - 0s - loss: 0.0424 - mae: 0.0424 - mse: 0.0032 - 175ms/epoch - 10ms/step
Epoch 326/800
17/17 - 0s - loss: 0.0471 - mae: 0.0471 - mse: 0.0038 - 175ms/epoch - 10ms/step
Epoch 327/800
17/17 - 0s - loss: 0.0448 - mae: 0.0448 - mse: 0.0036 - 175ms/epoch - 10ms/step
Epoch 328/800
17/17 - 0s - loss: 0.0541 - mae: 0.0541 - mse: 0.0051 - 175ms/epoch - 10ms/step
Epoch 329/800
17/17 - 0s - loss: 0.0517 - mae: 0.0517 - mse: 0.0047 - 175ms/epoch - 10ms/step
Epoch 330/800
17/17 - 0s - loss: 0.0411 - mae: 0.0411 - mse: 0.0031 - 175ms/epoch - 10ms/step
Epoch 331/800
17/17 - 0s - loss: 0.0373 - mae: 0.0373 - mse: 0.0027 - 175ms/epoch - 10ms/step
Epoch 332/800
17/17 - 0s - loss: 0.0411 - mae: 0.0411 - mse: 0.0032 - 175ms/epoch - 10ms/step
Epoch 333/800
17/17 - 0s - loss: 0.0430 - mae: 0.0430 - mse: 0.0033 - 175ms/epoch - 10ms/step
Epoch 334/800
17/17 - 0s - loss: 0.0504 - mae: 0.0504 - mse: 0.0043 - 175ms/epoch - 10ms/step
Epoch 335/800
17/17 - 0s - loss: 0.0434 - mae: 0.0434 - mse: 0.0034 - 175ms/epoch - 10ms/step
Epoch 336/800
17/17 - 0s - loss: 0.0492 - mae: 0.0492 - mse: 0.0044 - 175ms/epoch - 10ms/step
Epoch 337/800
17/17 - 0s - loss: 0.0403 - mae: 0.0403 - mse: 0.0031 - 176ms/epoch - 10ms/step
Epoch 338/800
17/17 - 0s - loss: 0.0441 - mae: 0.0441 - mse: 0.0034 - 175ms/epoch - 10ms/step
Epoch 339/800
17/17 - 0s - loss: 0.0519 - mae: 0.0519 - mse: 0.0049 - 175ms/epoch - 10ms/step
Epoch 340/800
17/17 - 0s - loss: 0.0466 - mae: 0.0466 - mse: 0.0039 - 177ms/epoch - 10ms/step
Epoch 341/800
17/17 - 0s - loss: 0.0432 - mae: 0.0432 - mse: 0.0034 - 176ms/epoch - 10ms/step
Epoch 342/800
17/17 - 0s - loss: 0.0460 - mae: 0.0460 - mse: 0.0036 - 176ms/epoch - 10ms/step
Epoch 343/800
17/17 - 0s - loss: 0.0413 - mae: 0.0413 - mse: 0.0032 - 175ms/epoch - 10ms/step
Epoch 344/800
17/17 - 0s - loss: 0.0392 - mae: 0.0392 - mse: 0.0029 - 175ms/epoch - 10ms/step
Epoch 345/800
17/17 - 0s - loss: 0.0386 - mae: 0.0386 - mse: 0.0028 - 175ms/epoch - 10ms/step
Epoch 346/800
17/17 - 0s - loss: 0.0443 - mae: 0.0443 - mse: 0.0035 - 176ms/epoch - 10ms/step
Epoch 347/800
17/17 - 0s - loss: 0.0385 - mae: 0.0385 - mse: 0.0026 - 175ms/epoch - 10ms/step
Epoch 348/800
17/17 - 0s - loss: 0.0400 - mae: 0.0400 - mse: 0.0028 - 176ms/epoch - 10ms/step
Epoch 349/800
17/17 - 0s - loss: 0.0399 - mae: 0.0399 - mse: 0.0028 - 176ms/epoch - 10ms/step
Epoch 350/800
17/17 - 0s - loss: 0.0384 - mae: 0.0384 - mse: 0.0026 - 175ms/epoch - 10ms/step
Epoch 351/800
17/17 - 0s - loss: 0.0398 - mae: 0.0398 - mse: 0.0030 - 175ms/epoch - 10ms/step
Epoch 352/800
17/17 - 0s - loss: 0.0432 - mae: 0.0432 - mse: 0.0037 - 176ms/epoch - 10ms/step
Epoch 353/800
17/17 - 0s - loss: 0.0408 - mae: 0.0408 - mse: 0.0030 - 176ms/epoch - 10ms/step
Epoch 354/800
17/17 - 0s - loss: 0.0410 - mae: 0.0410 - mse: 0.0031 - 175ms/epoch - 10ms/step
Epoch 355/800
17/17 - 0s - loss: 0.0420 - mae: 0.0420 - mse: 0.0032 - 175ms/epoch - 10ms/step
Epoch 356/800
17/17 - 0s - loss: 0.0372 - mae: 0.0372 - mse: 0.0025 - 175ms/epoch - 10ms/step
Epoch 357/800
17/17 - 0s - loss: 0.0403 - mae: 0.0403 - mse: 0.0031 - 175ms/epoch - 10ms/step
Epoch 358/800
17/17 - 0s - loss: 0.0418 - mae: 0.0418 - mse: 0.0033 - 175ms/epoch - 10ms/step
Epoch 359/800
17/17 - 0s - loss: 0.0386 - mae: 0.0386 - mse: 0.0027 - 175ms/epoch - 10ms/step
Epoch 360/800
17/17 - 0s - loss: 0.0402 - mae: 0.0402 - mse: 0.0028 - 175ms/epoch - 10ms/step
Epoch 361/800
17/17 - 0s - loss: 0.0371 - mae: 0.0371 - mse: 0.0026 - 175ms/epoch - 10ms/step
Epoch 362/800
17/17 - 0s - loss: 0.0435 - mae: 0.0435 - mse: 0.0033 - 175ms/epoch - 10ms/step
Epoch 363/800
17/17 - 0s - loss: 0.0405 - mae: 0.0405 - mse: 0.0030 - 176ms/epoch - 10ms/step
Epoch 364/800
17/17 - 0s - loss: 0.0425 - mae: 0.0425 - mse: 0.0033 - 175ms/epoch - 10ms/step
Epoch 365/800
17/17 - 0s - loss: 0.0395 - mae: 0.0395 - mse: 0.0027 - 175ms/epoch - 10ms/step
Epoch 366/800
17/17 - 0s - loss: 0.0397 - mae: 0.0397 - mse: 0.0028 - 175ms/epoch - 10ms/step
Epoch 367/800
17/17 - 0s - loss: 0.0428 - mae: 0.0428 - mse: 0.0030 - 175ms/epoch - 10ms/step
Epoch 368/800
17/17 - 0s - loss: 0.0368 - mae: 0.0368 - mse: 0.0024 - 176ms/epoch - 10ms/step
Epoch 369/800
17/17 - 0s - loss: 0.0339 - mae: 0.0339 - mse: 0.0020 - 175ms/epoch - 10ms/step
Epoch 370/800
17/17 - 0s - loss: 0.0324 - mae: 0.0324 - mse: 0.0019 - 176ms/epoch - 10ms/step
Epoch 371/800
17/17 - 0s - loss: 0.0374 - mae: 0.0374 - mse: 0.0028 - 176ms/epoch - 10ms/step
Epoch 372/800
17/17 - 0s - loss: 0.0405 - mae: 0.0405 - mse: 0.0028 - 175ms/epoch - 10ms/step
Epoch 373/800
17/17 - 0s - loss: 0.0447 - mae: 0.0447 - mse: 0.0035 - 175ms/epoch - 10ms/step
Epoch 374/800
17/17 - 0s - loss: 0.0458 - mae: 0.0458 - mse: 0.0037 - 175ms/epoch - 10ms/step
Epoch 375/800
17/17 - 0s - loss: 0.0374 - mae: 0.0374 - mse: 0.0029 - 175ms/epoch - 10ms/step
Epoch 376/800
17/17 - 0s - loss: 0.0361 - mae: 0.0361 - mse: 0.0025 - 175ms/epoch - 10ms/step
Epoch 377/800
17/17 - 0s - loss: 0.0381 - mae: 0.0381 - mse: 0.0025 - 175ms/epoch - 10ms/step
Epoch 378/800
17/17 - 0s - loss: 0.0404 - mae: 0.0404 - mse: 0.0029 - 175ms/epoch - 10ms/step
Epoch 379/800
17/17 - 0s - loss: 0.0370 - mae: 0.0370 - mse: 0.0025 - 176ms/epoch - 10ms/step
Epoch 380/800
17/17 - 0s - loss: 0.0457 - mae: 0.0457 - mse: 0.0034 - 176ms/epoch - 10ms/step
Epoch 381/800
17/17 - 0s - loss: 0.0416 - mae: 0.0416 - mse: 0.0032 - 176ms/epoch - 10ms/step
Epoch 382/800
17/17 - 0s - loss: 0.0357 - mae: 0.0357 - mse: 0.0024 - 175ms/epoch - 10ms/step
Epoch 383/800
17/17 - 0s - loss: 0.0386 - mae: 0.0386 - mse: 0.0028 - 175ms/epoch - 10ms/step
Epoch 384/800
17/17 - 0s - loss: 0.0444 - mae: 0.0444 - mse: 0.0034 - 176ms/epoch - 10ms/step
Epoch 385/800
17/17 - 0s - loss: 0.0422 - mae: 0.0422 - mse: 0.0031 - 175ms/epoch - 10ms/step
Epoch 386/800
17/17 - 0s - loss: 0.0393 - mae: 0.0393 - mse: 0.0030 - 175ms/epoch - 10ms/step
Epoch 387/800
17/17 - 0s - loss: 0.0384 - mae: 0.0384 - mse: 0.0026 - 175ms/epoch - 10ms/step
Epoch 388/800
17/17 - 0s - loss: 0.0353 - mae: 0.0353 - mse: 0.0025 - 176ms/epoch - 10ms/step
Epoch 389/800
17/17 - 0s - loss: 0.0340 - mae: 0.0340 - mse: 0.0023 - 175ms/epoch - 10ms/step
Epoch 390/800
17/17 - 0s - loss: 0.0363 - mae: 0.0363 - mse: 0.0027 - 176ms/epoch - 10ms/step
Epoch 391/800
17/17 - 0s - loss: 0.0391 - mae: 0.0391 - mse: 0.0026 - 175ms/epoch - 10ms/step
Epoch 392/800
17/17 - 0s - loss: 0.0431 - mae: 0.0431 - mse: 0.0031 - 175ms/epoch - 10ms/step
Epoch 393/800
17/17 - 0s - loss: 0.0336 - mae: 0.0336 - mse: 0.0021 - 175ms/epoch - 10ms/step
Epoch 394/800
17/17 - 0s - loss: 0.0332 - mae: 0.0332 - mse: 0.0022 - 175ms/epoch - 10ms/step
Epoch 395/800
17/17 - 0s - loss: 0.0319 - mae: 0.0319 - mse: 0.0019 - 175ms/epoch - 10ms/step
Epoch 396/800
17/17 - 0s - loss: 0.0370 - mae: 0.0370 - mse: 0.0025 - 175ms/epoch - 10ms/step
Epoch 397/800
17/17 - 0s - loss: 0.0362 - mae: 0.0362 - mse: 0.0023 - 175ms/epoch - 10ms/step
Epoch 398/800
17/17 - 0s - loss: 0.0376 - mae: 0.0376 - mse: 0.0028 - 175ms/epoch - 10ms/step
Epoch 399/800
17/17 - 0s - loss: 0.0352 - mae: 0.0352 - mse: 0.0024 - 175ms/epoch - 10ms/step
Epoch 400/800
17/17 - 0s - loss: 0.0346 - mae: 0.0346 - mse: 0.0022 - 175ms/epoch - 10ms/step
Epoch 401/800
17/17 - 0s - loss: 0.0336 - mae: 0.0336 - mse: 0.0022 - 175ms/epoch - 10ms/step
Epoch 402/800
17/17 - 0s - loss: 0.0317 - mae: 0.0317 - mse: 0.0019 - 175ms/epoch - 10ms/step
Epoch 403/800
17/17 - 0s - loss: 0.0307 - mae: 0.0307 - mse: 0.0018 - 175ms/epoch - 10ms/step
Epoch 404/800
17/17 - 0s - loss: 0.0294 - mae: 0.0294 - mse: 0.0016 - 175ms/epoch - 10ms/step
Epoch 405/800
17/17 - 0s - loss: 0.0353 - mae: 0.0353 - mse: 0.0023 - 175ms/epoch - 10ms/step
Epoch 406/800
17/17 - 0s - loss: 0.0311 - mae: 0.0311 - mse: 0.0018 - 175ms/epoch - 10ms/step
Epoch 407/800
17/17 - 0s - loss: 0.0342 - mae: 0.0342 - mse: 0.0022 - 175ms/epoch - 10ms/step
Epoch 408/800
17/17 - 0s - loss: 0.0432 - mae: 0.0432 - mse: 0.0031 - 176ms/epoch - 10ms/step
Epoch 409/800
17/17 - 0s - loss: 0.0431 - mae: 0.0431 - mse: 0.0031 - 175ms/epoch - 10ms/step
Epoch 410/800
17/17 - 0s - loss: 0.0331 - mae: 0.0331 - mse: 0.0021 - 175ms/epoch - 10ms/step
Epoch 411/800
17/17 - 0s - loss: 0.0381 - mae: 0.0381 - mse: 0.0026 - 175ms/epoch - 10ms/step
Epoch 412/800
17/17 - 0s - loss: 0.0339 - mae: 0.0339 - mse: 0.0022 - 175ms/epoch - 10ms/step
Epoch 413/800
17/17 - 0s - loss: 0.0327 - mae: 0.0327 - mse: 0.0020 - 176ms/epoch - 10ms/step
Epoch 414/800
17/17 - 0s - loss: 0.0326 - mae: 0.0326 - mse: 0.0022 - 175ms/epoch - 10ms/step
Epoch 415/800
17/17 - 0s - loss: 0.0347 - mae: 0.0347 - mse: 0.0023 - 175ms/epoch - 10ms/step
Epoch 416/800
17/17 - 0s - loss: 0.0312 - mae: 0.0312 - mse: 0.0019 - 175ms/epoch - 10ms/step
Epoch 417/800
17/17 - 0s - loss: 0.0328 - mae: 0.0328 - mse: 0.0020 - 175ms/epoch - 10ms/step
Epoch 418/800
17/17 - 0s - loss: 0.0338 - mae: 0.0338 - mse: 0.0021 - 175ms/epoch - 10ms/step
Epoch 419/800
17/17 - 0s - loss: 0.0308 - mae: 0.0308 - mse: 0.0018 - 176ms/epoch - 10ms/step
Epoch 420/800
17/17 - 0s - loss: 0.0318 - mae: 0.0318 - mse: 0.0019 - 176ms/epoch - 10ms/step
Epoch 421/800
17/17 - 0s - loss: 0.0320 - mae: 0.0320 - mse: 0.0019 - 176ms/epoch - 10ms/step
Epoch 422/800
17/17 - 0s - loss: 0.0348 - mae: 0.0348 - mse: 0.0023 - 175ms/epoch - 10ms/step
Epoch 423/800
17/17 - 0s - loss: 0.0330 - mae: 0.0330 - mse: 0.0021 - 175ms/epoch - 10ms/step
Epoch 424/800
17/17 - 0s - loss: 0.0289 - mae: 0.0289 - mse: 0.0015 - 175ms/epoch - 10ms/step
Epoch 425/800
17/17 - 0s - loss: 0.0307 - mae: 0.0307 - mse: 0.0018 - 175ms/epoch - 10ms/step
Epoch 426/800
17/17 - 0s - loss: 0.0331 - mae: 0.0331 - mse: 0.0020 - 175ms/epoch - 10ms/step
Epoch 427/800
17/17 - 0s - loss: 0.0302 - mae: 0.0302 - mse: 0.0017 - 175ms/epoch - 10ms/step
Epoch 428/800
17/17 - 0s - loss: 0.0316 - mae: 0.0316 - mse: 0.0018 - 175ms/epoch - 10ms/step
Epoch 429/800
17/17 - 0s - loss: 0.0338 - mae: 0.0338 - mse: 0.0021 - 175ms/epoch - 10ms/step
Epoch 430/800
17/17 - 0s - loss: 0.0325 - mae: 0.0325 - mse: 0.0020 - 175ms/epoch - 10ms/step
Epoch 431/800
17/17 - 0s - loss: 0.0342 - mae: 0.0342 - mse: 0.0022 - 176ms/epoch - 10ms/step
Epoch 432/800
17/17 - 0s - loss: 0.0307 - mae: 0.0307 - mse: 0.0017 - 175ms/epoch - 10ms/step
Epoch 433/800
17/17 - 0s - loss: 0.0327 - mae: 0.0327 - mse: 0.0020 - 175ms/epoch - 10ms/step
Epoch 434/800
17/17 - 0s - loss: 0.0358 - mae: 0.0358 - mse: 0.0022 - 175ms/epoch - 10ms/step
Epoch 435/800
17/17 - 0s - loss: 0.0323 - mae: 0.0323 - mse: 0.0020 - 176ms/epoch - 10ms/step
Epoch 436/800
17/17 - 0s - loss: 0.0324 - mae: 0.0324 - mse: 0.0020 - 175ms/epoch - 10ms/step
Epoch 437/800
17/17 - 0s - loss: 0.0284 - mae: 0.0284 - mse: 0.0016 - 176ms/epoch - 10ms/step
Epoch 438/800
17/17 - 0s - loss: 0.0296 - mae: 0.0296 - mse: 0.0017 - 175ms/epoch - 10ms/step
Epoch 439/800
17/17 - 0s - loss: 0.0330 - mae: 0.0330 - mse: 0.0020 - 175ms/epoch - 10ms/step
Epoch 440/800
17/17 - 0s - loss: 0.0302 - mae: 0.0302 - mse: 0.0017 - 176ms/epoch - 10ms/step
Epoch 441/800
17/17 - 0s - loss: 0.0284 - mae: 0.0284 - mse: 0.0015 - 175ms/epoch - 10ms/step
Epoch 442/800
17/17 - 0s - loss: 0.0265 - mae: 0.0265 - mse: 0.0014 - 175ms/epoch - 10ms/step
Epoch 443/800
17/17 - 0s - loss: 0.0275 - mae: 0.0275 - mse: 0.0016 - 175ms/epoch - 10ms/step
Epoch 444/800
17/17 - 0s - loss: 0.0277 - mae: 0.0277 - mse: 0.0015 - 175ms/epoch - 10ms/step
Epoch 445/800
17/17 - 0s - loss: 0.0266 - mae: 0.0266 - mse: 0.0014 - 175ms/epoch - 10ms/step
Epoch 446/800
17/17 - 0s - loss: 0.0282 - mae: 0.0282 - mse: 0.0015 - 175ms/epoch - 10ms/step
Epoch 447/800
17/17 - 0s - loss: 0.0310 - mae: 0.0310 - mse: 0.0018 - 175ms/epoch - 10ms/step
Epoch 448/800
17/17 - 0s - loss: 0.0289 - mae: 0.0289 - mse: 0.0016 - 175ms/epoch - 10ms/step
Epoch 449/800
17/17 - 0s - loss: 0.0286 - mae: 0.0286 - mse: 0.0016 - 175ms/epoch - 10ms/step
Epoch 450/800
17/17 - 0s - loss: 0.0300 - mae: 0.0300 - mse: 0.0017 - 175ms/epoch - 10ms/step
Epoch 451/800
17/17 - 0s - loss: 0.0314 - mae: 0.0314 - mse: 0.0019 - 175ms/epoch - 10ms/step
Epoch 452/800
17/17 - 0s - loss: 0.0317 - mae: 0.0317 - mse: 0.0019 - 175ms/epoch - 10ms/step
Epoch 453/800
17/17 - 0s - loss: 0.0365 - mae: 0.0365 - mse: 0.0024 - 175ms/epoch - 10ms/step
Epoch 454/800
17/17 - 0s - loss: 0.0407 - mae: 0.0407 - mse: 0.0028 - 175ms/epoch - 10ms/step
Epoch 455/800
17/17 - 0s - loss: 0.0345 - mae: 0.0345 - mse: 0.0022 - 175ms/epoch - 10ms/step
Epoch 456/800
17/17 - 0s - loss: 0.0351 - mae: 0.0351 - mse: 0.0022 - 175ms/epoch - 10ms/step
Epoch 457/800
17/17 - 0s - loss: 0.0311 - mae: 0.0311 - mse: 0.0018 - 175ms/epoch - 10ms/step
Epoch 458/800
17/17 - 0s - loss: 0.0305 - mae: 0.0305 - mse: 0.0017 - 175ms/epoch - 10ms/step
Epoch 459/800
17/17 - 0s - loss: 0.0310 - mae: 0.0310 - mse: 0.0018 - 175ms/epoch - 10ms/step
Epoch 460/800
17/17 - 0s - loss: 0.0305 - mae: 0.0305 - mse: 0.0017 - 175ms/epoch - 10ms/step
Epoch 461/800
17/17 - 0s - loss: 0.0299 - mae: 0.0299 - mse: 0.0018 - 175ms/epoch - 10ms/step
Epoch 462/800
17/17 - 0s - loss: 0.0289 - mae: 0.0289 - mse: 0.0016 - 175ms/epoch - 10ms/step
Epoch 463/800
17/17 - 0s - loss: 0.0272 - mae: 0.0272 - mse: 0.0015 - 175ms/epoch - 10ms/step
Epoch 464/800
17/17 - 0s - loss: 0.0318 - mae: 0.0318 - mse: 0.0018 - 175ms/epoch - 10ms/step
Epoch 465/800
17/17 - 0s - loss: 0.0301 - mae: 0.0301 - mse: 0.0017 - 175ms/epoch - 10ms/step
Epoch 466/800
17/17 - 0s - loss: 0.0288 - mae: 0.0288 - mse: 0.0015 - 175ms/epoch - 10ms/step
Epoch 467/800
17/17 - 0s - loss: 0.0292 - mae: 0.0292 - mse: 0.0016 - 176ms/epoch - 10ms/step
Epoch 468/800
17/17 - 0s - loss: 0.0278 - mae: 0.0278 - mse: 0.0015 - 176ms/epoch - 10ms/step
Epoch 469/800
17/17 - 0s - loss: 0.0262 - mae: 0.0262 - mse: 0.0013 - 175ms/epoch - 10ms/step
Epoch 470/800
17/17 - 0s - loss: 0.0255 - mae: 0.0255 - mse: 0.0013 - 176ms/epoch - 10ms/step
Epoch 471/800
17/17 - 0s - loss: 0.0266 - mae: 0.0266 - mse: 0.0015 - 175ms/epoch - 10ms/step
Epoch 472/800
17/17 - 0s - loss: 0.0246 - mae: 0.0246 - mse: 0.0013 - 175ms/epoch - 10ms/step
Epoch 473/800
17/17 - 0s - loss: 0.0244 - mae: 0.0244 - mse: 0.0012 - 175ms/epoch - 10ms/step
Epoch 474/800
17/17 - 0s - loss: 0.0257 - mae: 0.0257 - mse: 0.0013 - 175ms/epoch - 10ms/step
Epoch 475/800
17/17 - 0s - loss: 0.0280 - mae: 0.0280 - mse: 0.0015 - 175ms/epoch - 10ms/step
Epoch 476/800
17/17 - 0s - loss: 0.0288 - mae: 0.0288 - mse: 0.0015 - 175ms/epoch - 10ms/step
Epoch 477/800
17/17 - 0s - loss: 0.0280 - mae: 0.0280 - mse: 0.0015 - 175ms/epoch - 10ms/step
Epoch 478/800
17/17 - 0s - loss: 0.0280 - mae: 0.0280 - mse: 0.0015 - 175ms/epoch - 10ms/step
Epoch 479/800
17/17 - 0s - loss: 0.0298 - mae: 0.0298 - mse: 0.0016 - 175ms/epoch - 10ms/step
Epoch 480/800
17/17 - 0s - loss: 0.0278 - mae: 0.0278 - mse: 0.0016 - 175ms/epoch - 10ms/step
Epoch 481/800
17/17 - 0s - loss: 0.0242 - mae: 0.0242 - mse: 0.0012 - 175ms/epoch - 10ms/step
Epoch 482/800
17/17 - 0s - loss: 0.0213 - mae: 0.0213 - mse: 9.7376e-04 - 175ms/epoch - 10ms/step
Epoch 483/800
17/17 - 0s - loss: 0.0264 - mae: 0.0264 - mse: 0.0013 - 175ms/epoch - 10ms/step
Epoch 484/800
17/17 - 0s - loss: 0.0278 - mae: 0.0278 - mse: 0.0015 - 175ms/epoch - 10ms/step
Epoch 485/800
17/17 - 0s - loss: 0.0263 - mae: 0.0263 - mse: 0.0014 - 175ms/epoch - 10ms/step
Epoch 486/800
17/17 - 0s - loss: 0.0248 - mae: 0.0248 - mse: 0.0013 - 175ms/epoch - 10ms/step
Epoch 487/800
17/17 - 0s - loss: 0.0265 - mae: 0.0265 - mse: 0.0013 - 175ms/epoch - 10ms/step
Epoch 488/800
17/17 - 0s - loss: 0.0284 - mae: 0.0284 - mse: 0.0016 - 175ms/epoch - 10ms/step
Epoch 489/800
17/17 - 0s - loss: 0.0232 - mae: 0.0232 - mse: 0.0011 - 175ms/epoch - 10ms/step
Epoch 490/800
17/17 - 0s - loss: 0.0278 - mae: 0.0278 - mse: 0.0015 - 175ms/epoch - 10ms/step
Epoch 491/800
17/17 - 0s - loss: 0.0284 - mae: 0.0284 - mse: 0.0015 - 175ms/epoch - 10ms/step
Epoch 492/800
17/17 - 0s - loss: 0.0262 - mae: 0.0262 - mse: 0.0014 - 175ms/epoch - 10ms/step
Epoch 493/800
17/17 - 0s - loss: 0.0273 - mae: 0.0273 - mse: 0.0015 - 175ms/epoch - 10ms/step
Epoch 494/800
17/17 - 0s - loss: 0.0279 - mae: 0.0279 - mse: 0.0014 - 175ms/epoch - 10ms/step
Epoch 495/800
17/17 - 0s - loss: 0.0323 - mae: 0.0323 - mse: 0.0019 - 175ms/epoch - 10ms/step
Epoch 496/800
17/17 - 0s - loss: 0.0274 - mae: 0.0274 - mse: 0.0014 - 175ms/epoch - 10ms/step
Epoch 497/800
17/17 - 0s - loss: 0.0263 - mae: 0.0263 - mse: 0.0014 - 175ms/epoch - 10ms/step
Epoch 498/800
17/17 - 0s - loss: 0.0260 - mae: 0.0260 - mse: 0.0013 - 175ms/epoch - 10ms/step
Epoch 499/800
17/17 - 0s - loss: 0.0243 - mae: 0.0243 - mse: 0.0012 - 175ms/epoch - 10ms/step
Epoch 500/800
17/17 - 0s - loss: 0.0254 - mae: 0.0254 - mse: 0.0013 - 175ms/epoch - 10ms/step
Epoch 501/800
17/17 - 0s - loss: 0.0266 - mae: 0.0266 - mse: 0.0014 - 175ms/epoch - 10ms/step
Epoch 502/800
17/17 - 0s - loss: 0.0275 - mae: 0.0275 - mse: 0.0014 - 175ms/epoch - 10ms/step
Epoch 503/800
17/17 - 0s - loss: 0.0262 - mae: 0.0262 - mse: 0.0014 - 176ms/epoch - 10ms/step
Epoch 504/800
17/17 - 0s - loss: 0.0264 - mae: 0.0264 - mse: 0.0013 - 176ms/epoch - 10ms/step
Epoch 505/800
17/17 - 0s - loss: 0.0264 - mae: 0.0264 - mse: 0.0013 - 176ms/epoch - 10ms/step
Epoch 506/800
17/17 - 0s - loss: 0.0286 - mae: 0.0286 - mse: 0.0016 - 176ms/epoch - 10ms/step
Epoch 507/800
17/17 - 0s - loss: 0.0321 - mae: 0.0321 - mse: 0.0019 - 176ms/epoch - 10ms/step
Epoch 508/800
17/17 - 0s - loss: 0.0268 - mae: 0.0268 - mse: 0.0014 - 175ms/epoch - 10ms/step
Epoch 509/800
17/17 - 0s - loss: 0.0236 - mae: 0.0236 - mse: 0.0012 - 175ms/epoch - 10ms/step
Epoch 510/800
17/17 - 0s - loss: 0.0235 - mae: 0.0235 - mse: 0.0011 - 177ms/epoch - 10ms/step
Epoch 511/800
17/17 - 0s - loss: 0.0240 - mae: 0.0240 - mse: 0.0012 - 176ms/epoch - 10ms/step
Epoch 512/800
17/17 - 0s - loss: 0.0276 - mae: 0.0276 - mse: 0.0014 - 176ms/epoch - 10ms/step
Epoch 513/800
17/17 - 0s - loss: 0.0241 - mae: 0.0241 - mse: 0.0012 - 175ms/epoch - 10ms/step
Epoch 514/800
17/17 - 0s - loss: 0.0236 - mae: 0.0236 - mse: 0.0011 - 176ms/epoch - 10ms/step
Epoch 515/800
17/17 - 0s - loss: 0.0226 - mae: 0.0226 - mse: 0.0011 - 175ms/epoch - 10ms/step
Epoch 516/800
17/17 - 0s - loss: 0.0235 - mae: 0.0235 - mse: 0.0011 - 175ms/epoch - 10ms/step
Epoch 517/800
17/17 - 0s - loss: 0.0224 - mae: 0.0224 - mse: 9.9907e-04 - 175ms/epoch - 10ms/step
Epoch 518/800
17/17 - 0s - loss: 0.0258 - mae: 0.0258 - mse: 0.0014 - 175ms/epoch - 10ms/step
Epoch 519/800
17/17 - 0s - loss: 0.0245 - mae: 0.0245 - mse: 0.0012 - 175ms/epoch - 10ms/step
Epoch 520/800
17/17 - 0s - loss: 0.0245 - mae: 0.0245 - mse: 0.0012 - 175ms/epoch - 10ms/step
Epoch 521/800
17/17 - 0s - loss: 0.0247 - mae: 0.0247 - mse: 0.0012 - 175ms/epoch - 10ms/step
Epoch 522/800
17/17 - 0s - loss: 0.0246 - mae: 0.0246 - mse: 0.0012 - 175ms/epoch - 10ms/step
Epoch 523/800
17/17 - 0s - loss: 0.0233 - mae: 0.0233 - mse: 0.0011 - 176ms/epoch - 10ms/step
Epoch 524/800
17/17 - 0s - loss: 0.0242 - mae: 0.0242 - mse: 0.0012 - 175ms/epoch - 10ms/step
Epoch 525/800
17/17 - 0s - loss: 0.0243 - mae: 0.0243 - mse: 0.0013 - 175ms/epoch - 10ms/step
Epoch 526/800
17/17 - 0s - loss: 0.0218 - mae: 0.0218 - mse: 9.6721e-04 - 175ms/epoch - 10ms/step
Epoch 527/800
17/17 - 0s - loss: 0.0242 - mae: 0.0242 - mse: 0.0011 - 175ms/epoch - 10ms/step
Epoch 528/800
17/17 - 0s - loss: 0.0256 - mae: 0.0256 - mse: 0.0013 - 175ms/epoch - 10ms/step
Epoch 529/800
17/17 - 0s - loss: 0.0242 - mae: 0.0242 - mse: 0.0012 - 175ms/epoch - 10ms/step
Epoch 530/800
17/17 - 0s - loss: 0.0223 - mae: 0.0223 - mse: 0.0011 - 175ms/epoch - 10ms/step
Epoch 531/800
17/17 - 0s - loss: 0.0222 - mae: 0.0222 - mse: 0.0010 - 175ms/epoch - 10ms/step
Epoch 532/800
17/17 - 0s - loss: 0.0219 - mae: 0.0219 - mse: 0.0010 - 175ms/epoch - 10ms/step
Epoch 533/800
17/17 - 0s - loss: 0.0212 - mae: 0.0212 - mse: 9.4334e-04 - 175ms/epoch - 10ms/step
Epoch 534/800
17/17 - 0s - loss: 0.0252 - mae: 0.0252 - mse: 0.0012 - 175ms/epoch - 10ms/step
Epoch 535/800
17/17 - 0s - loss: 0.0211 - mae: 0.0211 - mse: 9.2634e-04 - 175ms/epoch - 10ms/step
Epoch 536/800
17/17 - 0s - loss: 0.0218 - mae: 0.0218 - mse: 9.7805e-04 - 176ms/epoch - 10ms/step
Epoch 537/800
17/17 - 0s - loss: 0.0217 - mae: 0.0217 - mse: 9.7682e-04 - 175ms/epoch - 10ms/step
Epoch 538/800
17/17 - 0s - loss: 0.0211 - mae: 0.0211 - mse: 9.0954e-04 - 175ms/epoch - 10ms/step
Epoch 539/800
17/17 - 0s - loss: 0.0233 - mae: 0.0233 - mse: 0.0011 - 175ms/epoch - 10ms/step
Epoch 540/800
17/17 - 0s - loss: 0.0239 - mae: 0.0239 - mse: 0.0011 - 175ms/epoch - 10ms/step
Epoch 541/800
17/17 - 0s - loss: 0.0230 - mae: 0.0230 - mse: 0.0011 - 175ms/epoch - 10ms/step
Epoch 542/800
17/17 - 0s - loss: 0.0213 - mae: 0.0213 - mse: 9.2024e-04 - 175ms/epoch - 10ms/step
Epoch 543/800
17/17 - 0s - loss: 0.0188 - mae: 0.0188 - mse: 7.6161e-04 - 175ms/epoch - 10ms/step
Epoch 544/800
17/17 - 0s - loss: 0.0194 - mae: 0.0194 - mse: 8.1337e-04 - 176ms/epoch - 10ms/step
Epoch 545/800
17/17 - 0s - loss: 0.0195 - mae: 0.0195 - mse: 8.1891e-04 - 175ms/epoch - 10ms/step
Epoch 546/800
17/17 - 0s - loss: 0.0214 - mae: 0.0214 - mse: 9.4140e-04 - 175ms/epoch - 10ms/step
Epoch 547/800
17/17 - 0s - loss: 0.0209 - mae: 0.0209 - mse: 8.7825e-04 - 175ms/epoch - 10ms/step
Epoch 548/800
17/17 - 0s - loss: 0.0204 - mae: 0.0204 - mse: 8.9999e-04 - 175ms/epoch - 10ms/step
Epoch 549/800
17/17 - 0s - loss: 0.0198 - mae: 0.0198 - mse: 8.9246e-04 - 175ms/epoch - 10ms/step
Epoch 550/800
17/17 - 0s - loss: 0.0211 - mae: 0.0211 - mse: 8.7975e-04 - 175ms/epoch - 10ms/step
Epoch 551/800
17/17 - 0s - loss: 0.0206 - mae: 0.0206 - mse: 8.5363e-04 - 175ms/epoch - 10ms/step
Epoch 552/800
17/17 - 0s - loss: 0.0183 - mae: 0.0183 - mse: 7.3161e-04 - 175ms/epoch - 10ms/step
Epoch 553/800
17/17 - 0s - loss: 0.0189 - mae: 0.0189 - mse: 8.1972e-04 - 175ms/epoch - 10ms/step
Epoch 554/800
17/17 - 0s - loss: 0.0183 - mae: 0.0183 - mse: 7.0763e-04 - 175ms/epoch - 10ms/step
Epoch 555/800
17/17 - 0s - loss: 0.0225 - mae: 0.0225 - mse: 0.0010 - 175ms/epoch - 10ms/step
Epoch 556/800
17/17 - 0s - loss: 0.0221 - mae: 0.0221 - mse: 9.5417e-04 - 176ms/epoch - 10ms/step
Epoch 557/800
17/17 - 0s - loss: 0.0247 - mae: 0.0247 - mse: 0.0011 - 175ms/epoch - 10ms/step
Epoch 558/800
17/17 - 0s - loss: 0.0179 - mae: 0.0179 - mse: 7.3963e-04 - 175ms/epoch - 10ms/step
Epoch 559/800
17/17 - 0s - loss: 0.0176 - mae: 0.0176 - mse: 6.9725e-04 - 175ms/epoch - 10ms/step
Epoch 560/800
17/17 - 0s - loss: 0.0205 - mae: 0.0205 - mse: 8.5421e-04 - 175ms/epoch - 10ms/step
Epoch 561/800
17/17 - 0s - loss: 0.0197 - mae: 0.0197 - mse: 8.1712e-04 - 175ms/epoch - 10ms/step
Epoch 562/800
17/17 - 0s - loss: 0.0192 - mae: 0.0192 - mse: 7.9974e-04 - 175ms/epoch - 10ms/step
Epoch 563/800
17/17 - 0s - loss: 0.0194 - mae: 0.0194 - mse: 8.2065e-04 - 175ms/epoch - 10ms/step
Epoch 564/800
17/17 - 0s - loss: 0.0222 - mae: 0.0222 - mse: 9.6611e-04 - 175ms/epoch - 10ms/step
Epoch 565/800
17/17 - 0s - loss: 0.0220 - mae: 0.0220 - mse: 9.3218e-04 - 175ms/epoch - 10ms/step
Epoch 566/800
17/17 - 0s - loss: 0.0220 - mae: 0.0220 - mse: 9.6469e-04 - 175ms/epoch - 10ms/step
Epoch 567/800
17/17 - 0s - loss: 0.0194 - mae: 0.0194 - mse: 8.0363e-04 - 176ms/epoch - 10ms/step
Epoch 568/800
17/17 - 0s - loss: 0.0223 - mae: 0.0223 - mse: 9.8164e-04 - 175ms/epoch - 10ms/step
Epoch 569/800
17/17 - 0s - loss: 0.0225 - mae: 0.0225 - mse: 0.0010 - 175ms/epoch - 10ms/step
Epoch 570/800
17/17 - 0s - loss: 0.0204 - mae: 0.0204 - mse: 8.2445e-04 - 175ms/epoch - 10ms/step
Epoch 571/800
17/17 - 0s - loss: 0.0202 - mae: 0.0202 - mse: 8.1726e-04 - 175ms/epoch - 10ms/step
Epoch 572/800
17/17 - 0s - loss: 0.0203 - mae: 0.0203 - mse: 8.3062e-04 - 175ms/epoch - 10ms/step
Epoch 573/800
17/17 - 0s - loss: 0.0206 - mae: 0.0206 - mse: 8.7561e-04 - 175ms/epoch - 10ms/step
Epoch 574/800
17/17 - 0s - loss: 0.0193 - mae: 0.0193 - mse: 8.1215e-04 - 176ms/epoch - 10ms/step
Epoch 575/800
17/17 - 0s - loss: 0.0203 - mae: 0.0203 - mse: 8.2344e-04 - 176ms/epoch - 10ms/step
Epoch 576/800
17/17 - 0s - loss: 0.0191 - mae: 0.0191 - mse: 7.8719e-04 - 175ms/epoch - 10ms/step
Epoch 577/800
17/17 - 0s - loss: 0.0189 - mae: 0.0189 - mse: 7.5427e-04 - 175ms/epoch - 10ms/step
Epoch 578/800
17/17 - 0s - loss: 0.0174 - mae: 0.0174 - mse: 6.4322e-04 - 175ms/epoch - 10ms/step
Epoch 579/800
17/17 - 0s - loss: 0.0183 - mae: 0.0183 - mse: 7.2842e-04 - 175ms/epoch - 10ms/step
Epoch 580/800
17/17 - 0s - loss: 0.0185 - mae: 0.0185 - mse: 7.4523e-04 - 175ms/epoch - 10ms/step
Epoch 581/800
17/17 - 0s - loss: 0.0201 - mae: 0.0201 - mse: 8.3513e-04 - 175ms/epoch - 10ms/step
Epoch 582/800
17/17 - 0s - loss: 0.0194 - mae: 0.0194 - mse: 8.5484e-04 - 175ms/epoch - 10ms/step
Epoch 583/800
17/17 - 0s - loss: 0.0185 - mae: 0.0185 - mse: 7.1713e-04 - 175ms/epoch - 10ms/step
Epoch 584/800
17/17 - 0s - loss: 0.0168 - mae: 0.0168 - mse: 6.3921e-04 - 176ms/epoch - 10ms/step
Epoch 585/800
17/17 - 0s - loss: 0.0174 - mae: 0.0174 - mse: 6.8171e-04 - 176ms/epoch - 10ms/step
Epoch 586/800
17/17 - 0s - loss: 0.0180 - mae: 0.0180 - mse: 6.8888e-04 - 175ms/epoch - 10ms/step
Epoch 587/800
17/17 - 0s - loss: 0.0190 - mae: 0.0190 - mse: 8.0593e-04 - 175ms/epoch - 10ms/step
Epoch 588/800
17/17 - 0s - loss: 0.0175 - mae: 0.0175 - mse: 6.6571e-04 - 175ms/epoch - 10ms/step
Epoch 589/800
17/17 - 0s - loss: 0.0189 - mae: 0.0189 - mse: 7.5933e-04 - 176ms/epoch - 10ms/step
Epoch 590/800
17/17 - 0s - loss: 0.0185 - mae: 0.0185 - mse: 6.9184e-04 - 176ms/epoch - 10ms/step
Epoch 591/800
17/17 - 0s - loss: 0.0181 - mae: 0.0181 - mse: 6.8451e-04 - 176ms/epoch - 10ms/step
Epoch 592/800
17/17 - 0s - loss: 0.0155 - mae: 0.0155 - mse: 5.5711e-04 - 175ms/epoch - 10ms/step
Epoch 593/800
17/17 - 0s - loss: 0.0192 - mae: 0.0192 - mse: 7.4937e-04 - 175ms/epoch - 10ms/step
Epoch 594/800
17/17 - 0s - loss: 0.0171 - mae: 0.0171 - mse: 6.4487e-04 - 176ms/epoch - 10ms/step
Epoch 595/800
17/17 - 0s - loss: 0.0167 - mae: 0.0167 - mse: 6.2655e-04 - 176ms/epoch - 10ms/step
Epoch 596/800
17/17 - 0s - loss: 0.0174 - mae: 0.0174 - mse: 6.2413e-04 - 175ms/epoch - 10ms/step
Epoch 597/800
17/17 - 0s - loss: 0.0208 - mae: 0.0208 - mse: 8.6243e-04 - 175ms/epoch - 10ms/step
Epoch 598/800
17/17 - 0s - loss: 0.0175 - mae: 0.0175 - mse: 6.6517e-04 - 175ms/epoch - 10ms/step
Epoch 599/800
17/17 - 0s - loss: 0.0162 - mae: 0.0162 - mse: 6.1053e-04 - 175ms/epoch - 10ms/step
Epoch 600/800
17/17 - 0s - loss: 0.0165 - mae: 0.0165 - mse: 5.8976e-04 - 175ms/epoch - 10ms/step
Epoch 601/800
17/17 - 0s - loss: 0.0169 - mae: 0.0169 - mse: 6.4247e-04 - 175ms/epoch - 10ms/step
Epoch 602/800
17/17 - 0s - loss: 0.0165 - mae: 0.0165 - mse: 5.9257e-04 - 175ms/epoch - 10ms/step
Epoch 603/800
17/17 - 0s - loss: 0.0167 - mae: 0.0167 - mse: 6.3619e-04 - 175ms/epoch - 10ms/step
Epoch 604/800
17/17 - 0s - loss: 0.0165 - mae: 0.0165 - mse: 6.0296e-04 - 175ms/epoch - 10ms/step
Epoch 605/800
17/17 - 0s - loss: 0.0166 - mae: 0.0166 - mse: 6.3274e-04 - 175ms/epoch - 10ms/step
Epoch 606/800
17/17 - 0s - loss: 0.0167 - mae: 0.0167 - mse: 6.2979e-04 - 175ms/epoch - 10ms/step
Epoch 607/800
17/17 - 0s - loss: 0.0163 - mae: 0.0163 - mse: 6.2519e-04 - 175ms/epoch - 10ms/step
Epoch 608/800
17/17 - 0s - loss: 0.0150 - mae: 0.0150 - mse: 5.0573e-04 - 175ms/epoch - 10ms/step
Epoch 609/800
17/17 - 0s - loss: 0.0163 - mae: 0.0163 - mse: 6.0976e-04 - 175ms/epoch - 10ms/step
Epoch 610/800
17/17 - 0s - loss: 0.0175 - mae: 0.0175 - mse: 6.3718e-04 - 175ms/epoch - 10ms/step
Epoch 611/800
17/17 - 0s - loss: 0.0180 - mae: 0.0180 - mse: 6.7563e-04 - 175ms/epoch - 10ms/step
Epoch 612/800
17/17 - 0s - loss: 0.0191 - mae: 0.0191 - mse: 7.5390e-04 - 175ms/epoch - 10ms/step
Epoch 613/800
17/17 - 0s - loss: 0.0155 - mae: 0.0155 - mse: 5.5950e-04 - 175ms/epoch - 10ms/step
Epoch 614/800
17/17 - 0s - loss: 0.0157 - mae: 0.0157 - mse: 5.6288e-04 - 176ms/epoch - 10ms/step
Epoch 615/800
17/17 - 0s - loss: 0.0159 - mae: 0.0159 - mse: 5.9198e-04 - 175ms/epoch - 10ms/step
Epoch 616/800
17/17 - 0s - loss: 0.0186 - mae: 0.0186 - mse: 7.6304e-04 - 175ms/epoch - 10ms/step
Epoch 617/800
17/17 - 0s - loss: 0.0171 - mae: 0.0171 - mse: 6.2786e-04 - 175ms/epoch - 10ms/step
Epoch 618/800
17/17 - 0s - loss: 0.0167 - mae: 0.0167 - mse: 6.1506e-04 - 175ms/epoch - 10ms/step
Epoch 619/800
17/17 - 0s - loss: 0.0160 - mae: 0.0160 - mse: 5.7851e-04 - 175ms/epoch - 10ms/step
Epoch 620/800
17/17 - 0s - loss: 0.0146 - mae: 0.0146 - mse: 5.0706e-04 - 175ms/epoch - 10ms/step
Epoch 621/800
17/17 - 0s - loss: 0.0136 - mae: 0.0136 - mse: 4.5915e-04 - 175ms/epoch - 10ms/step
Epoch 622/800
17/17 - 0s - loss: 0.0154 - mae: 0.0154 - mse: 5.3672e-04 - 175ms/epoch - 10ms/step
Epoch 623/800
17/17 - 0s - loss: 0.0167 - mae: 0.0167 - mse: 6.3714e-04 - 175ms/epoch - 10ms/step
Epoch 624/800
17/17 - 0s - loss: 0.0172 - mae: 0.0172 - mse: 6.4265e-04 - 175ms/epoch - 10ms/step
Epoch 625/800
17/17 - 0s - loss: 0.0166 - mae: 0.0166 - mse: 5.9289e-04 - 175ms/epoch - 10ms/step
Epoch 626/800
17/17 - 0s - loss: 0.0154 - mae: 0.0154 - mse: 5.2734e-04 - 175ms/epoch - 10ms/step
Epoch 627/800
17/17 - 0s - loss: 0.0157 - mae: 0.0157 - mse: 5.4515e-04 - 175ms/epoch - 10ms/step
Epoch 628/800
17/17 - 0s - loss: 0.0159 - mae: 0.0159 - mse: 6.2608e-04 - 175ms/epoch - 10ms/step
Epoch 629/800
17/17 - 0s - loss: 0.0157 - mae: 0.0157 - mse: 5.6476e-04 - 175ms/epoch - 10ms/step
Epoch 630/800
17/17 - 0s - loss: 0.0152 - mae: 0.0152 - mse: 5.3349e-04 - 175ms/epoch - 10ms/step
Epoch 631/800
17/17 - 0s - loss: 0.0171 - mae: 0.0171 - mse: 6.2307e-04 - 176ms/epoch - 10ms/step
Epoch 632/800
17/17 - 0s - loss: 0.0126 - mae: 0.0126 - mse: 4.1731e-04 - 175ms/epoch - 10ms/step
Epoch 633/800
17/17 - 0s - loss: 0.0139 - mae: 0.0139 - mse: 4.7957e-04 - 175ms/epoch - 10ms/step
Epoch 634/800
17/17 - 0s - loss: 0.0156 - mae: 0.0156 - mse: 5.3848e-04 - 175ms/epoch - 10ms/step
Epoch 635/800
17/17 - 0s - loss: 0.0151 - mae: 0.0151 - mse: 5.3611e-04 - 176ms/epoch - 10ms/step
Epoch 636/800
17/17 - 0s - loss: 0.0135 - mae: 0.0135 - mse: 4.6297e-04 - 175ms/epoch - 10ms/step
Epoch 637/800
17/17 - 0s - loss: 0.0134 - mae: 0.0134 - mse: 4.7571e-04 - 175ms/epoch - 10ms/step
Epoch 638/800
17/17 - 0s - loss: 0.0137 - mae: 0.0137 - mse: 4.9480e-04 - 175ms/epoch - 10ms/step
Epoch 639/800
17/17 - 0s - loss: 0.0160 - mae: 0.0160 - mse: 5.7160e-04 - 175ms/epoch - 10ms/step
Epoch 640/800
17/17 - 0s - loss: 0.0136 - mae: 0.0136 - mse: 4.8173e-04 - 175ms/epoch - 10ms/step
Epoch 641/800
17/17 - 0s - loss: 0.0138 - mae: 0.0138 - mse: 4.4717e-04 - 175ms/epoch - 10ms/step
Epoch 642/800
17/17 - 0s - loss: 0.0123 - mae: 0.0123 - mse: 4.2212e-04 - 175ms/epoch - 10ms/step
Epoch 643/800
17/17 - 0s - loss: 0.0120 - mae: 0.0120 - mse: 4.1809e-04 - 175ms/epoch - 10ms/step
Epoch 644/800
17/17 - 0s - loss: 0.0130 - mae: 0.0130 - mse: 4.2612e-04 - 175ms/epoch - 10ms/step
Epoch 645/800
17/17 - 0s - loss: 0.0118 - mae: 0.0118 - mse: 3.9692e-04 - 175ms/epoch - 10ms/step
Epoch 646/800
17/17 - 0s - loss: 0.0130 - mae: 0.0130 - mse: 4.4267e-04 - 176ms/epoch - 10ms/step
Epoch 647/800
17/17 - 0s - loss: 0.0125 - mae: 0.0125 - mse: 4.3560e-04 - 175ms/epoch - 10ms/step
Epoch 648/800
17/17 - 0s - loss: 0.0128 - mae: 0.0128 - mse: 4.3868e-04 - 175ms/epoch - 10ms/step
Epoch 649/800
17/17 - 0s - loss: 0.0144 - mae: 0.0144 - mse: 5.4479e-04 - 175ms/epoch - 10ms/step
Epoch 650/800
17/17 - 0s - loss: 0.0140 - mae: 0.0140 - mse: 4.8303e-04 - 175ms/epoch - 10ms/step
Epoch 651/800
17/17 - 0s - loss: 0.0145 - mae: 0.0145 - mse: 5.0443e-04 - 175ms/epoch - 10ms/step
Epoch 652/800
17/17 - 0s - loss: 0.0158 - mae: 0.0158 - mse: 5.6975e-04 - 176ms/epoch - 10ms/step
Epoch 653/800
17/17 - 0s - loss: 0.0163 - mae: 0.0163 - mse: 5.9121e-04 - 175ms/epoch - 10ms/step
Epoch 654/800
17/17 - 0s - loss: 0.0133 - mae: 0.0133 - mse: 4.5615e-04 - 175ms/epoch - 10ms/step
Epoch 655/800
17/17 - 0s - loss: 0.0117 - mae: 0.0117 - mse: 3.8900e-04 - 175ms/epoch - 10ms/step
Epoch 656/800
17/17 - 0s - loss: 0.0115 - mae: 0.0115 - mse: 3.7408e-04 - 175ms/epoch - 10ms/step
Epoch 657/800
17/17 - 0s - loss: 0.0128 - mae: 0.0128 - mse: 4.4099e-04 - 175ms/epoch - 10ms/step
Epoch 658/800
17/17 - 0s - loss: 0.0123 - mae: 0.0123 - mse: 4.1618e-04 - 175ms/epoch - 10ms/step
Epoch 659/800
17/17 - 0s - loss: 0.0117 - mae: 0.0117 - mse: 3.8974e-04 - 175ms/epoch - 10ms/step
Epoch 660/800
17/17 - 0s - loss: 0.0110 - mae: 0.0110 - mse: 3.6595e-04 - 175ms/epoch - 10ms/step
Epoch 661/800
17/17 - 0s - loss: 0.0114 - mae: 0.0114 - mse: 3.7958e-04 - 175ms/epoch - 10ms/step
Epoch 662/800
17/17 - 0s - loss: 0.0115 - mae: 0.0115 - mse: 3.8916e-04 - 175ms/epoch - 10ms/step
Epoch 663/800
17/17 - 0s - loss: 0.0142 - mae: 0.0142 - mse: 5.0847e-04 - 175ms/epoch - 10ms/step
Epoch 664/800
17/17 - 0s - loss: 0.0128 - mae: 0.0128 - mse: 4.3449e-04 - 175ms/epoch - 10ms/step
Epoch 665/800
17/17 - 0s - loss: 0.0129 - mae: 0.0129 - mse: 4.6440e-04 - 175ms/epoch - 10ms/step
Epoch 666/800
17/17 - 0s - loss: 0.0139 - mae: 0.0139 - mse: 4.7414e-04 - 176ms/epoch - 10ms/step
Epoch 667/800
17/17 - 0s - loss: 0.0121 - mae: 0.0121 - mse: 3.9070e-04 - 176ms/epoch - 10ms/step
Epoch 668/800
17/17 - 0s - loss: 0.0122 - mae: 0.0122 - mse: 4.3713e-04 - 175ms/epoch - 10ms/step
Epoch 669/800
17/17 - 0s - loss: 0.0113 - mae: 0.0113 - mse: 3.8309e-04 - 175ms/epoch - 10ms/step
Epoch 670/800
17/17 - 0s - loss: 0.0113 - mae: 0.0113 - mse: 3.8455e-04 - 176ms/epoch - 10ms/step
Epoch 671/800
17/17 - 0s - loss: 0.0105 - mae: 0.0105 - mse: 3.7285e-04 - 175ms/epoch - 10ms/step
Epoch 672/800
17/17 - 0s - loss: 0.0102 - mae: 0.0102 - mse: 3.4858e-04 - 175ms/epoch - 10ms/step
Epoch 673/800
17/17 - 0s - loss: 0.0098 - mae: 0.0098 - mse: 3.3741e-04 - 175ms/epoch - 10ms/step
Epoch 674/800
17/17 - 0s - loss: 0.0120 - mae: 0.0120 - mse: 3.9504e-04 - 175ms/epoch - 10ms/step
Epoch 675/800
17/17 - 0s - loss: 0.0126 - mae: 0.0126 - mse: 4.2901e-04 - 175ms/epoch - 10ms/step
Epoch 676/800
17/17 - 0s - loss: 0.0135 - mae: 0.0135 - mse: 4.5761e-04 - 175ms/epoch - 10ms/step
Epoch 677/800
17/17 - 0s - loss: 0.0124 - mae: 0.0124 - mse: 4.1398e-04 - 175ms/epoch - 10ms/step
Epoch 678/800
17/17 - 0s - loss: 0.0107 - mae: 0.0107 - mse: 3.5823e-04 - 176ms/epoch - 10ms/step
Epoch 679/800
17/17 - 0s - loss: 0.0107 - mae: 0.0107 - mse: 3.5553e-04 - 175ms/epoch - 10ms/step
Epoch 680/800
17/17 - 0s - loss: 0.0121 - mae: 0.0121 - mse: 3.9801e-04 - 175ms/epoch - 10ms/step
Epoch 681/800
17/17 - 0s - loss: 0.0124 - mae: 0.0124 - mse: 4.2526e-04 - 175ms/epoch - 10ms/step
Epoch 682/800
17/17 - 0s - loss: 0.0106 - mae: 0.0106 - mse: 3.4548e-04 - 175ms/epoch - 10ms/step
Epoch 683/800
17/17 - 0s - loss: 0.0108 - mae: 0.0108 - mse: 3.5033e-04 - 175ms/epoch - 10ms/step
Epoch 684/800
17/17 - 0s - loss: 0.0116 - mae: 0.0116 - mse: 3.9499e-04 - 175ms/epoch - 10ms/step
Epoch 685/800
17/17 - 0s - loss: 0.0128 - mae: 0.0128 - mse: 4.4566e-04 - 176ms/epoch - 10ms/step
Epoch 686/800
17/17 - 0s - loss: 0.0119 - mae: 0.0119 - mse: 4.1448e-04 - 175ms/epoch - 10ms/step
Epoch 687/800
17/17 - 0s - loss: 0.0100 - mae: 0.0100 - mse: 3.4133e-04 - 175ms/epoch - 10ms/step
Epoch 688/800
17/17 - 0s - loss: 0.0120 - mae: 0.0120 - mse: 3.8415e-04 - 175ms/epoch - 10ms/step
Epoch 689/800
17/17 - 0s - loss: 0.0095 - mae: 0.0095 - mse: 3.1181e-04 - 175ms/epoch - 10ms/step
Epoch 690/800
17/17 - 0s - loss: 0.0088 - mae: 0.0088 - mse: 3.0884e-04 - 175ms/epoch - 10ms/step
Epoch 691/800
17/17 - 0s - loss: 0.0090 - mae: 0.0090 - mse: 3.0553e-04 - 175ms/epoch - 10ms/step
Epoch 692/800
17/17 - 0s - loss: 0.0088 - mae: 0.0088 - mse: 3.0278e-04 - 175ms/epoch - 10ms/step
Epoch 693/800
17/17 - 0s - loss: 0.0100 - mae: 0.0100 - mse: 3.1709e-04 - 175ms/epoch - 10ms/step
Epoch 694/800
17/17 - 0s - loss: 0.0088 - mae: 0.0088 - mse: 2.9715e-04 - 175ms/epoch - 10ms/step
Epoch 695/800
17/17 - 0s - loss: 0.0087 - mae: 0.0087 - mse: 3.0834e-04 - 177ms/epoch - 10ms/step
Epoch 696/800
17/17 - 0s - loss: 0.0099 - mae: 0.0099 - mse: 3.2589e-04 - 175ms/epoch - 10ms/step
Epoch 697/800
17/17 - 0s - loss: 0.0098 - mae: 0.0098 - mse: 3.1955e-04 - 175ms/epoch - 10ms/step
Epoch 698/800
17/17 - 0s - loss: 0.0106 - mae: 0.0106 - mse: 3.5354e-04 - 176ms/epoch - 10ms/step
Epoch 699/800
17/17 - 0s - loss: 0.0102 - mae: 0.0102 - mse: 3.1868e-04 - 175ms/epoch - 10ms/step
Epoch 700/800
17/17 - 0s - loss: 0.0099 - mae: 0.0099 - mse: 3.3881e-04 - 175ms/epoch - 10ms/step
Epoch 701/800
17/17 - 0s - loss: 0.0093 - mae: 0.0093 - mse: 3.1290e-04 - 176ms/epoch - 10ms/step
Epoch 702/800
17/17 - 0s - loss: 0.0082 - mae: 0.0082 - mse: 2.9005e-04 - 175ms/epoch - 10ms/step
Epoch 703/800
17/17 - 0s - loss: 0.0092 - mae: 0.0092 - mse: 3.2032e-04 - 175ms/epoch - 10ms/step
Epoch 704/800
17/17 - 0s - loss: 0.0087 - mae: 0.0087 - mse: 2.9696e-04 - 176ms/epoch - 10ms/step
Epoch 705/800
17/17 - 0s - loss: 0.0080 - mae: 0.0080 - mse: 2.8256e-04 - 175ms/epoch - 10ms/step
Epoch 706/800
17/17 - 0s - loss: 0.0075 - mae: 0.0075 - mse: 2.7506e-04 - 175ms/epoch - 10ms/step
Epoch 707/800
17/17 - 0s - loss: 0.0085 - mae: 0.0085 - mse: 2.8688e-04 - 175ms/epoch - 10ms/step
Epoch 708/800
17/17 - 0s - loss: 0.0080 - mae: 0.0080 - mse: 2.8661e-04 - 175ms/epoch - 10ms/step
Epoch 709/800
17/17 - 0s - loss: 0.0086 - mae: 0.0086 - mse: 3.0125e-04 - 176ms/epoch - 10ms/step
Epoch 710/800
17/17 - 0s - loss: 0.0082 - mae: 0.0082 - mse: 2.9334e-04 - 177ms/epoch - 10ms/step
Epoch 711/800
17/17 - 0s - loss: 0.0078 - mae: 0.0078 - mse: 2.8189e-04 - 177ms/epoch - 10ms/step
Epoch 712/800
17/17 - 0s - loss: 0.0080 - mae: 0.0080 - mse: 2.8054e-04 - 176ms/epoch - 10ms/step
Epoch 713/800
17/17 - 0s - loss: 0.0076 - mae: 0.0076 - mse: 2.6556e-04 - 175ms/epoch - 10ms/step
Epoch 714/800
17/17 - 0s - loss: 0.0073 - mae: 0.0073 - mse: 2.6817e-04 - 175ms/epoch - 10ms/step
Epoch 715/800
17/17 - 0s - loss: 0.0081 - mae: 0.0081 - mse: 2.6666e-04 - 175ms/epoch - 10ms/step
Epoch 716/800
17/17 - 0s - loss: 0.0077 - mae: 0.0077 - mse: 2.6562e-04 - 176ms/epoch - 10ms/step
Epoch 717/800
17/17 - 0s - loss: 0.0072 - mae: 0.0072 - mse: 2.6628e-04 - 175ms/epoch - 10ms/step
Epoch 718/800
17/17 - 0s - loss: 0.0077 - mae: 0.0077 - mse: 2.8025e-04 - 175ms/epoch - 10ms/step
Epoch 719/800
17/17 - 0s - loss: 0.0076 - mae: 0.0076 - mse: 2.8749e-04 - 175ms/epoch - 10ms/step
Epoch 720/800
17/17 - 0s - loss: 0.0067 - mae: 0.0067 - mse: 2.5672e-04 - 175ms/epoch - 10ms/step
Epoch 721/800
17/17 - 0s - loss: 0.0064 - mae: 0.0064 - mse: 2.4684e-04 - 175ms/epoch - 10ms/step
Epoch 722/800
17/17 - 0s - loss: 0.0078 - mae: 0.0078 - mse: 2.8466e-04 - 175ms/epoch - 10ms/step
Epoch 723/800
17/17 - 0s - loss: 0.0074 - mae: 0.0074 - mse: 2.6862e-04 - 175ms/epoch - 10ms/step
Epoch 724/800
17/17 - 0s - loss: 0.0069 - mae: 0.0069 - mse: 2.5623e-04 - 175ms/epoch - 10ms/step
Epoch 725/800
17/17 - 0s - loss: 0.0065 - mae: 0.0065 - mse: 2.4552e-04 - 175ms/epoch - 10ms/step
Epoch 726/800
17/17 - 0s - loss: 0.0068 - mae: 0.0068 - mse: 2.5308e-04 - 175ms/epoch - 10ms/step
Epoch 727/800
17/17 - 0s - loss: 0.0070 - mae: 0.0070 - mse: 2.5919e-04 - 175ms/epoch - 10ms/step
Epoch 728/800
17/17 - 0s - loss: 0.0064 - mae: 0.0064 - mse: 2.4901e-04 - 175ms/epoch - 10ms/step
Epoch 729/800
17/17 - 0s - loss: 0.0061 - mae: 0.0061 - mse: 2.4475e-04 - 175ms/epoch - 10ms/step
Epoch 730/800
17/17 - 0s - loss: 0.0060 - mae: 0.0060 - mse: 2.4073e-04 - 175ms/epoch - 10ms/step
Epoch 731/800
17/17 - 0s - loss: 0.0056 - mae: 0.0056 - mse: 2.3395e-04 - 175ms/epoch - 10ms/step
Epoch 732/800
17/17 - 0s - loss: 0.0064 - mae: 0.0064 - mse: 2.4988e-04 - 175ms/epoch - 10ms/step
Epoch 733/800
17/17 - 0s - loss: 0.0061 - mae: 0.0061 - mse: 2.4342e-04 - 175ms/epoch - 10ms/step
Epoch 734/800
17/17 - 0s - loss: 0.0057 - mae: 0.0057 - mse: 2.3895e-04 - 175ms/epoch - 10ms/step
Epoch 735/800
17/17 - 0s - loss: 0.0059 - mae: 0.0059 - mse: 2.3268e-04 - 175ms/epoch - 10ms/step
Epoch 736/800
17/17 - 0s - loss: 0.0065 - mae: 0.0065 - mse: 2.4806e-04 - 176ms/epoch - 10ms/step
Epoch 737/800
17/17 - 0s - loss: 0.0056 - mae: 0.0056 - mse: 2.3621e-04 - 175ms/epoch - 10ms/step
Epoch 738/800
17/17 - 0s - loss: 0.0052 - mae: 0.0052 - mse: 2.3218e-04 - 175ms/epoch - 10ms/step
Epoch 739/800
17/17 - 0s - loss: 0.0051 - mae: 0.0051 - mse: 2.2735e-04 - 175ms/epoch - 10ms/step
Epoch 740/800
17/17 - 0s - loss: 0.0053 - mae: 0.0053 - mse: 2.2913e-04 - 175ms/epoch - 10ms/step
Epoch 741/800
17/17 - 0s - loss: 0.0053 - mae: 0.0053 - mse: 2.3042e-04 - 175ms/epoch - 10ms/step
Epoch 742/800
17/17 - 0s - loss: 0.0052 - mae: 0.0052 - mse: 2.3186e-04 - 175ms/epoch - 10ms/step
Epoch 743/800
17/17 - 0s - loss: 0.0046 - mae: 0.0046 - mse: 2.2206e-04 - 175ms/epoch - 10ms/step
Epoch 744/800
17/17 - 0s - loss: 0.0049 - mae: 0.0049 - mse: 2.2655e-04 - 175ms/epoch - 10ms/step
Epoch 745/800
17/17 - 0s - loss: 0.0047 - mae: 0.0047 - mse: 2.2543e-04 - 175ms/epoch - 10ms/step
Epoch 746/800
17/17 - 0s - loss: 0.0047 - mae: 0.0047 - mse: 2.2538e-04 - 175ms/epoch - 10ms/step
Epoch 747/800
17/17 - 0s - loss: 0.0047 - mae: 0.0047 - mse: 2.2876e-04 - 175ms/epoch - 10ms/step
Epoch 748/800
17/17 - 0s - loss: 0.0060 - mae: 0.0060 - mse: 2.4121e-04 - 176ms/epoch - 10ms/step
Epoch 749/800
17/17 - 0s - loss: 0.0054 - mae: 0.0054 - mse: 2.3540e-04 - 175ms/epoch - 10ms/step
Epoch 750/800
17/17 - 0s - loss: 0.0045 - mae: 0.0045 - mse: 2.1639e-04 - 175ms/epoch - 10ms/step
Epoch 751/800
17/17 - 0s - loss: 0.0046 - mae: 0.0046 - mse: 2.2572e-04 - 176ms/epoch - 10ms/step
Epoch 752/800
17/17 - 0s - loss: 0.0047 - mae: 0.0047 - mse: 2.2742e-04 - 175ms/epoch - 10ms/step
Epoch 753/800
17/17 - 0s - loss: 0.0049 - mae: 0.0049 - mse: 2.2842e-04 - 175ms/epoch - 10ms/step
Epoch 754/800
17/17 - 0s - loss: 0.0049 - mae: 0.0049 - mse: 2.3048e-04 - 175ms/epoch - 10ms/step
Epoch 755/800
17/17 - 0s - loss: 0.0044 - mae: 0.0044 - mse: 2.2219e-04 - 175ms/epoch - 10ms/step
Epoch 756/800
17/17 - 0s - loss: 0.0043 - mae: 0.0043 - mse: 2.2062e-04 - 176ms/epoch - 10ms/step
Epoch 757/800
17/17 - 0s - loss: 0.0037 - mae: 0.0037 - mse: 2.1659e-04 - 175ms/epoch - 10ms/step
Epoch 758/800
17/17 - 0s - loss: 0.0040 - mae: 0.0040 - mse: 2.1942e-04 - 175ms/epoch - 10ms/step
Epoch 759/800
17/17 - 0s - loss: 0.0039 - mae: 0.0039 - mse: 2.1711e-04 - 175ms/epoch - 10ms/step
Epoch 760/800
17/17 - 0s - loss: 0.0042 - mae: 0.0042 - mse: 2.1871e-04 - 175ms/epoch - 10ms/step
Epoch 761/800
17/17 - 0s - loss: 0.0041 - mae: 0.0041 - mse: 2.1775e-04 - 175ms/epoch - 10ms/step
Epoch 762/800
17/17 - 0s - loss: 0.0036 - mae: 0.0036 - mse: 2.1171e-04 - 175ms/epoch - 10ms/step
Epoch 763/800
17/17 - 0s - loss: 0.0036 - mae: 0.0036 - mse: 2.0995e-04 - 176ms/epoch - 10ms/step
Epoch 764/800
17/17 - 0s - loss: 0.0035 - mae: 0.0035 - mse: 2.1089e-04 - 175ms/epoch - 10ms/step
Epoch 765/800
17/17 - 0s - loss: 0.0036 - mae: 0.0036 - mse: 2.1051e-04 - 175ms/epoch - 10ms/step
Epoch 766/800
17/17 - 0s - loss: 0.0034 - mae: 0.0034 - mse: 2.1229e-04 - 175ms/epoch - 10ms/step
Epoch 767/800
17/17 - 0s - loss: 0.0032 - mae: 0.0032 - mse: 2.0954e-04 - 175ms/epoch - 10ms/step
Epoch 768/800
17/17 - 0s - loss: 0.0033 - mae: 0.0033 - mse: 2.1194e-04 - 176ms/epoch - 10ms/step
Epoch 769/800
17/17 - 0s - loss: 0.0034 - mae: 0.0034 - mse: 2.1045e-04 - 175ms/epoch - 10ms/step
Epoch 770/800
17/17 - 0s - loss: 0.0032 - mae: 0.0032 - mse: 2.0852e-04 - 176ms/epoch - 10ms/step
Epoch 771/800
17/17 - 0s - loss: 0.0031 - mae: 0.0031 - mse: 2.0714e-04 - 176ms/epoch - 10ms/step
Epoch 772/800
17/17 - 0s - loss: 0.0029 - mae: 0.0029 - mse: 2.1025e-04 - 175ms/epoch - 10ms/step
Epoch 773/800
17/17 - 0s - loss: 0.0030 - mae: 0.0030 - mse: 2.0878e-04 - 175ms/epoch - 10ms/step
Epoch 774/800
17/17 - 0s - loss: 0.0028 - mae: 0.0028 - mse: 2.1008e-04 - 175ms/epoch - 10ms/step
Epoch 775/800
17/17 - 0s - loss: 0.0028 - mae: 0.0028 - mse: 2.0812e-04 - 175ms/epoch - 10ms/step
Epoch 776/800
17/17 - 0s - loss: 0.0028 - mae: 0.0028 - mse: 2.0794e-04 - 175ms/epoch - 10ms/step
Epoch 777/800
17/17 - 0s - loss: 0.0028 - mae: 0.0028 - mse: 2.0840e-04 - 175ms/epoch - 10ms/step
Epoch 778/800
17/17 - 0s - loss: 0.0029 - mae: 0.0029 - mse: 2.0849e-04 - 175ms/epoch - 10ms/step
Epoch 779/800
17/17 - 0s - loss: 0.0028 - mae: 0.0028 - mse: 2.0965e-04 - 175ms/epoch - 10ms/step
Epoch 780/800
17/17 - 0s - loss: 0.0029 - mae: 0.0029 - mse: 2.0883e-04 - 175ms/epoch - 10ms/step
Epoch 781/800
17/17 - 0s - loss: 0.0029 - mae: 0.0029 - mse: 2.0792e-04 - 175ms/epoch - 10ms/step
Epoch 782/800
17/17 - 0s - loss: 0.0028 - mae: 0.0028 - mse: 2.0567e-04 - 175ms/epoch - 10ms/step
Epoch 783/800
17/17 - 0s - loss: 0.0028 - mae: 0.0028 - mse: 2.0775e-04 - 175ms/epoch - 10ms/step
Epoch 784/800
17/17 - 0s - loss: 0.0028 - mae: 0.0028 - mse: 2.0789e-04 - 175ms/epoch - 10ms/step
Epoch 785/800
17/17 - 0s - loss: 0.0029 - mae: 0.0029 - mse: 2.0880e-04 - 175ms/epoch - 10ms/step
Epoch 786/800
17/17 - 0s - loss: 0.0029 - mae: 0.0029 - mse: 2.0857e-04 - 175ms/epoch - 10ms/step
Epoch 787/800
17/17 - 0s - loss: 0.0028 - mae: 0.0028 - mse: 2.0661e-04 - 175ms/epoch - 10ms/step
Epoch 788/800
17/17 - 0s - loss: 0.0028 - mae: 0.0028 - mse: 2.1032e-04 - 176ms/epoch - 10ms/step
Epoch 789/800
17/17 - 0s - loss: 0.0030 - mae: 0.0030 - mse: 2.0808e-04 - 175ms/epoch - 10ms/step
Epoch 790/800
17/17 - 0s - loss: 0.0033 - mae: 0.0033 - mse: 2.1128e-04 - 175ms/epoch - 10ms/step
Epoch 791/800
17/17 - 0s - loss: 0.0031 - mae: 0.0031 - mse: 2.0938e-04 - 176ms/epoch - 10ms/step
Epoch 792/800
17/17 - 0s - loss: 0.0029 - mae: 0.0029 - mse: 2.1018e-04 - 175ms/epoch - 10ms/step
Epoch 793/800
17/17 - 0s - loss: 0.0028 - mae: 0.0028 - mse: 2.0761e-04 - 175ms/epoch - 10ms/step
Epoch 794/800
17/17 - 0s - loss: 0.0029 - mae: 0.0029 - mse: 2.0726e-04 - 175ms/epoch - 10ms/step
Epoch 795/800
17/17 - 0s - loss: 0.0028 - mae: 0.0028 - mse: 2.0819e-04 - 175ms/epoch - 10ms/step
Epoch 796/800
17/17 - 0s - loss: 0.0030 - mae: 0.0030 - mse: 2.1007e-04 - 175ms/epoch - 10ms/step
Epoch 797/800
17/17 - 0s - loss: 0.0029 - mae: 0.0029 - mse: 2.1077e-04 - 175ms/epoch - 10ms/step
Epoch 798/800
17/17 - 0s - loss: 0.0028 - mae: 0.0028 - mse: 2.0811e-04 - 175ms/epoch - 10ms/step
Epoch 799/800
17/17 - 0s - loss: 0.0029 - mae: 0.0029 - mse: 2.0753e-04 - 175ms/epoch - 10ms/step
Epoch 800/800
17/17 - 0s - loss: 0.0032 - mae: 0.0032 - mse: 2.0836e-04 - 175ms/epoch - 10ms/step
Training finished in 148.20 seconds.
1/9 [==>...........................] - ETA: 6s9/9 [==============================] - ETA: 0s9/9 [==============================] - 1s 7ms/step
Fold 5 MAE: 0.1382

Saved combined predictions to: results_custom/double_perovskites_gap_1306_optimized/cross_validation_predictions.csv
Saved summary metrics to: results_custom/double_perovskites_gap_1306_optimized/summary_metrics.json

--- Cross-Validation Complete ---
Mean MAE across 5 folds: 0.1310
Std Dev MAE across 5 folds: 0.0118

================================================================================
COMPLETED TASK: double_perovskites_gap_1306_optimized
================================================================================

Job finished on Thu Oct 16 16:05:22 CEST 2025

Resources Used

Total Memory used                        - MEM              : 5.5GiB
Total CPU Time                           - CPU_Time         : 00:29:42
Execution Time                           - Wall_Time        : 00:29:42
total programme cpu time                 - Total_CPU        : 27:04.013
Total_CPU / CPU_Time  (%)                - ETA              : 91%
Number of alloc CPU                      - NCPUS            : 1
Number of Mobilized Resources per Job    - NCPUS_EQUIV_PJOB : 64
Mobilized Resources x Execution Time     - R_Wall_Time      : 1-07:40:48
CPU_Time / R_Wall_Time (%)               - ALPHA            : 1%
Energy (Joules)                                             : unknown

