{"roc_auc": 0.9429874615352746, "ap_score": 0.969418819253172}