{"roc_auc": 0.9322399370251937, "ap_score": 0.9627064681330322}