{"roc_auc": 0.9509233417324852, "ap_score": 0.972106277477715}