{"roc_auc": 0.9326580113972347, "ap_score": 0.9604480145235339}