{"roc_auc": 0.9281138066236541, "ap_score": 0.9603330852610472}