{"mae": 0.03403612063678716, "mape": Infinity, "mse": 0.003935459217814421, "med_ae": 0.018155299824894167, "max_ae": 0.7549999201456501, "slope": 0.9731800702672163, "rvalue": 0.9858554482041668}