{"mae": 0.03239045911611359, "mape": Infinity, "mse": 0.003973921313426681, "med_ae": 0.016534090794141587, "max_ae": 0.8678837806807282, "slope": 0.9649672728699691, "rvalue": 0.9854406280224463}