{"mae": 0.03371154616649612, "mape": Infinity, "mse": 0.003802646284441738, "med_ae": 0.01843911744620641, "max_ae": 0.6886669385600366, "slope": 0.9789698241719739, "rvalue": 0.9856183497469067}