{"mae": 0.03201118114109296, "mape": Infinity, "mse": 0.003865365495959609, "med_ae": 0.017473457856496344, "max_ae": 0.6726316201854028, "slope": 0.9836563655182943, "rvalue": 0.9854486738232362}