{"mae": 0.03433763480463139, "mape": Infinity, "mse": 0.0043120283125978555, "med_ae": 0.018116935801675338, "max_ae": 0.9017333233515217, "slope": 0.9695669881100375, "rvalue": 0.9845430817570585}