{"mae": 0.030403822823384247, "mape": Infinity, "mse": 0.0031761914695588537, "med_ae": 0.0167399492365089, "max_ae": 0.5149012682742296, "slope": 0.9783485899925592, "rvalue": 0.9886597615861353}