{"mae": 0.031020079394799692, "mape": Infinity, "mse": 0.003667622077043077, "med_ae": 0.016353343875931126, "max_ae": 0.78697349718945, "slope": 0.9761959675713694, "rvalue": 0.9868792586838331}