{"mae": 0.032010584498753644, "mape": Infinity, "mse": 0.003887264056607952, "med_ae": 0.017318191878103573, "max_ae": 0.8383862764464143, "slope": 0.9704171237315081, "rvalue": 0.985740016600109}