{"mae": 0.03420580104487455, "mape": Infinity, "mse": 0.0049275406423823715, "med_ae": 0.01791114143838457, "max_ae": 0.9627849214505153, "slope": 0.9629844633919079, "rvalue": 0.9821953479402997}