{"mae": 0.03373177312492605, "mape": Infinity, "mse": 0.004730994587402101, "med_ae": 0.017364939965176296, "max_ae": 0.9930533223580318, "slope": 0.9714543862854028, "rvalue": 0.9829222223289106}