{"mae": 35.21206520721022, "mape": 5.461279015669454, "mse": 6595.176287028895, "med_ae": 15.596424087520063, "max_ae": 874.3091835426599, "slope": 0.95664929491873, "rvalue": 0.9890022910143723}