{"mae": 33.326562953825096, "mape": 6.263040245840214, "mse": 4183.546754821238, "med_ae": 18.73994068698198, "max_ae": 503.71854207085244, "slope": 0.9504070204280419, "rvalue": 0.9895948822295849}