{"mae": 26.692944140848844, "mape": 5.570729545350499, "mse": 2045.5744113318929, "med_ae": 14.646726847512923, "max_ae": 263.1548792728713, "slope": 0.9844818104552622, "rvalue": 0.9955700520685522}