{"mae": 32.43383595376489, "mape": 5.820551903168685, "mse": 4039.1738643539466, "med_ae": 19.052692885655233, "max_ae": 406.70028283877264, "slope": 0.9918000543824127, "rvalue": 0.9932094213785244}