{"mae": 30.010375499042695, "mape": 5.158983281378841, "mse": 3353.515680195306, "med_ae": 14.65565928729552, "max_ae": 513.6690468239099, "slope": 0.981244493216204, "rvalue": 0.9942845185095036}