{"mae": 27.21114899436028, "mape": 5.962129450138617, "mse": 2135.062621220446, "med_ae": 17.859536336407018, "max_ae": 307.1257734272167, "slope": 0.9772381693042149, "rvalue": 0.9954512204900345}