{"mae": 26.069170295986623, "mape": 5.032398128678076, "mse": 2643.2309361375615, "med_ae": 13.469948839667893, "max_ae": 442.43753621147744, "slope": 0.9625251442108533, "rvalue": 0.9934493626201761}