{"mae": 29.35317035113315, "mape": 5.202301145663856, "mse": 4683.303647677943, "med_ae": 15.266968488728082, "max_ae": 651.383734074519, "slope": 0.9741645006065042, "rvalue": 0.9884883232209994}