{"mae": 29.47408354387823, "mape": 5.139462747732577, "mse": 4965.486638484602, "med_ae": 14.614532894327226, "max_ae": 740.9839427225104, "slope": 1.0083466206923832, "rvalue": 0.9883436187599115}