{"mae": 33.55642609709814, "mape": 6.105948340281586, "mse": 6297.2869414803945, "med_ae": 14.71765486154078, "max_ae": 841.0757338096996, "slope": 0.959216066856139, "rvalue": 0.9897255500077085}