{"roc_auc": 0.9724694907282645, "ap_score": 0.9561057634838376}