{"roc_auc": 0.9727257341069036, "ap_score": 0.9570486961262811}