{"roc_auc": 0.9725096705857355, "ap_score": 0.9558522122241816}