{"roc_auc": 0.9709582034084707, "ap_score": 0.956066187177041}