{"roc_auc": 0.9733500014816667, "ap_score": 0.9567653487030092}