{"roc_auc": 0.9726549093610886, "ap_score": 0.9553852083752856}