{"roc_auc": 0.9735768083928338, "ap_score": 0.9570041909937124}