{"roc_auc": 0.970932440876077, "ap_score": 0.953101195333669}