{"roc_auc": 0.974891251083243, "ap_score": 0.9593793035295151}