{"roc_auc": 0.9746984495018265, "ap_score": 0.9597939930404846}