{"mae": 0.017128236769468765, "mape": Infinity, "mse": 0.0024134458336388326, "med_ae": 0.008633763703002895, "max_ae": 1.9726359202248815, "slope": 0.9954082863204121, "rvalue": 0.9991089575547092}