{"mae": 0.0137638209277448, "mape": Infinity, "mse": 0.0010121132501529524, "med_ae": 0.007554445255979217, "max_ae": 1.206697261015136, "slope": 0.9986320388283528, "rvalue": 0.9996293811469298}