{"mae": 0.013393095176484258, "mape": Infinity, "mse": 0.0010383887253336398, "med_ae": 0.007322896213417973, "max_ae": 1.4242359359133405, "slope": 1.000091959604954, "rvalue": 0.9996161243091313}