{"mae": 0.014872320683510423, "mape": Infinity, "mse": 0.001302082019495521, "med_ae": 0.008117210490990387, "max_ae": 2.005357371073397, "slope": 1.0000986645552379, "rvalue": 0.9995187658653222}