{"mae": 0.013897673756574932, "mape": Infinity, "mse": 0.0013896802785464911, "med_ae": 0.007462277397576267, "max_ae": 2.1608739259037537, "slope": 0.9972555089665887, "rvalue": 0.9994866570377008}