{"mae": 0.013358704373314401, "mape": Infinity, "mse": 0.0009733340474671857, "med_ae": 0.007469656616253317, "max_ae": 1.0648329612409662, "slope": 0.9984900270470419, "rvalue": 0.99964322005493}