{"mae": 0.014183993307948903, "mape": Infinity, "mse": 0.0012641566501964748, "med_ae": 0.007754811845998355, "max_ae": 1.201067094063721, "slope": 0.9982966601396382, "rvalue": 0.9995366285722066}