{"mae": 0.014293601262409488, "mape": Infinity, "mse": 0.0011823337095570113, "med_ae": 0.007834236898892444, "max_ae": 2.083624495597447, "slope": 0.9997795206802781, "rvalue": 0.999565755668043}