{"mae": 0.013965471409971756, "mape": Infinity, "mse": 0.0014169885417385443, "med_ae": 0.007307794678105495, "max_ae": 2.1089816553408225, "slope": 0.9985041687552056, "rvalue": 0.9994759727301842}