{"mae": 0.013786062989213055, "mape": Infinity, "mse": 0.0014057702147157983, "med_ae": 0.007009064115029773, "max_ae": 1.6288787676675085, "slope": 0.9996041018132419, "rvalue": 0.9994794889455875}