{"mae": 0.03880564009077056, "mape": Infinity, "mse": 0.004404168926496051, "med_ae": 0.025445158481597896, "max_ae": 0.8291850900650024, "slope": 0.9863222876591144, "rvalue": 0.9959539039513561}