{"mae": 0.03995909819337139, "mape": Infinity, "mse": 0.00479579743397622, "med_ae": 0.025968546867370712, "max_ae": 0.9611955761909485, "slope": 0.9870982483703516, "rvalue": 0.9958730484346755}