{"mae": 0.038790589688586924, "mape": Infinity, "mse": 0.0040424296142573595, "med_ae": 0.026170015335083008, "max_ae": 0.82102472782135, "slope": 0.9914886752366934, "rvalue": 0.9962476860449172}