{"mae": 0.03890698047251256, "mape": Infinity, "mse": 0.004647297415291333, "med_ae": 0.025646500587463428, "max_ae": 0.8512005901336668, "slope": 0.9871809527402767, "rvalue": 0.9957128031269669}