{"mae": 0.04003339533830245, "mape": Infinity, "mse": 0.004921454262781374, "med_ae": 0.02605275154113762, "max_ae": 0.9661399006843567, "slope": 0.9848326706889196, "rvalue": 0.9957750273742483}