{"mae": 0.0383486348445386, "mape": Infinity, "mse": 0.003619081109913608, "med_ae": 0.02635132670402529, "max_ae": 0.7863813900947572, "slope": 0.9949620482769849, "rvalue": 0.9967324638196928}