{"mae": 0.03845184668676148, "mape": Infinity, "mse": 0.004333670735148594, "med_ae": 0.02482564926147468, "max_ae": 0.8187120580673217, "slope": 0.9974373456353464, "rvalue": 0.9960104785139453}