{"mae": 0.03880915658389768, "mape": Infinity, "mse": 0.004136051235808666, "med_ae": 0.025757298469543555, "max_ae": 0.6862942600250244, "slope": 0.9865751174257076, "rvalue": 0.996202849003432}