{"mae": 0.037806736757203724, "mape": Infinity, "mse": 0.0038352236417788146, "med_ae": 0.025693573951721227, "max_ae": 0.8095194721221923, "slope": 0.991004225847935, "rvalue": 0.9964610720525658}