{"mae": 0.03765150696726007, "mape": Infinity, "mse": 0.0035162591821112374, "med_ae": 0.025498574972152688, "max_ae": 0.7187259459495545, "slope": 0.9933080715022138, "rvalue": 0.9968169856327579}