{"mae": 0.3564811721121017, "mape": 7.557171410805269, "mse": 8.527414229631315, "med_ae": 0.02400858704271913, "max_ae": 58.84309409521735, "slope": 0.11944134521662357, "rvalue": 0.34223910011758274}