{"mae": 0.18859215874393478, "mape": 6.57531841331316, "mse": 0.9660059671466108, "med_ae": 0.027573963366767318, "max_ae": 17.065429074408122, "slope": 0.5218107348368, "rvalue": 0.7304772853283915}