{"mae": 0.1944539904155366, "mape": 6.944919927097208, "mse": 0.9597787483555652, "med_ae": 0.028602915359067893, "max_ae": 16.427900654913493, "slope": 0.53892517812648, "rvalue": 0.7321115665075796}