{"mae": 0.26779922200771217, "mape": 7.7769932749108746, "mse": 2.813615031191312, "med_ae": 0.025528103710966588, "max_ae": 27.571456827672183, "slope": 0.33462617075956425, "rvalue": 0.4605076282842424}