{"mae": 0.2327943966721281, "mape": 3.9318248349427156, "mse": 4.452066049107591, "med_ae": 0.020783763762362684, "max_ae": 46.04855583536751, "slope": 0.20328423760292935, "rvalue": 0.5256910798652774}