{"mae": 0.268956327718904, "mape": 7.461671395634559, "mse": 2.778750113972815, "med_ae": 0.027369602975669816, "max_ae": 27.821022905858218, "slope": 0.3270439320760546, "rvalue": 0.4615231254069456}