{"mae": 0.1271882199298042, "mape": 4.162623849643149, "mse": 0.37786418302295366, "med_ae": 0.027202911421536857, "max_ae": 13.511247498636976, "slope": 0.7416645057428837, "rvalue": 0.8186078103467646}