{"mae": 0.11538443223053321, "mape": 3.6715935068499435, "mse": 0.33128269131745375, "med_ae": 0.02552651227948033, "max_ae": 13.943824393397108, "slope": 0.6948078526545187, "rvalue": 0.8394073591257984}