{"mae": 0.23238300272881063, "mape": 4.043915654781175, "mse": 4.272603529583123, "med_ae": 0.0234516794052968, "max_ae": 44.399957164408036, "slope": 0.2176617770930572, "rvalue": 0.5653203502778896}