{"mae": 0.35805659526761197, "mape": 7.444300894110244, "mse": 8.629577586696522, "med_ae": 0.02280339988777702, "max_ae": 58.86528466604865, "slope": 0.11590292802549226, "rvalue": 0.327472768214655}