{"mae": 0.02767180891407827, "mape": Infinity, "mse": 0.003659797170019275, "med_ae": 0.01530080285668034, "max_ae": 0.9966070444212678, "slope": 0.9776286659061982, "rvalue": 0.9860642532558402}