{"mae": 0.026310789275160368, "mape": Infinity, "mse": 0.0028228062798192856, "med_ae": 0.014538494640362942, "max_ae": 0.6679585207563934, "slope": 0.9726589308854853, "rvalue": 0.9900737119180802}