{"mae": 0.027698571424034365, "mape": Infinity, "mse": 0.003931040517524345, "med_ae": 0.01464048595028089, "max_ae": 1.0837338853199867, "slope": 0.962218298675979, "rvalue": 0.9859813622580424}