{"mae": 0.02963703144767584, "mape": Infinity, "mse": 0.004201595106999182, "med_ae": 0.015699275006283875, "max_ae": 0.928786679522176, "slope": 0.97113366662149, "rvalue": 0.9839787248357468}