{"mae": 0.02891061405688772, "mape": Infinity, "mse": 0.00412444815390911, "med_ae": 0.015211794083182406, "max_ae": 1.1632580470211735, "slope": 0.9709474286744584, "rvalue": 0.984564319661696}