{"mae": 30.10397239787973, "mape": 23.151613863786892, "mse": 4975.86543782649, "med_ae": 6.975060986328131, "max_ae": 371.95880659179704, "slope": 0.561235897027073, "rvalue": 0.8140199147053341}