{"mae": 17.715999916283874, "mape": 15.863439482738759, "mse": 1217.5882392226015, "med_ae": 8.179268961588647, "max_ae": 271.9295771309991, "slope": 0.8764123938158088, "rvalue": 0.9149334133898074}