{"mae": 30.44113639079151, "mape": 44.5454855773874, "mse": 21105.19664239489, "med_ae": 5.260921529134137, "max_ae": 1509.9362807094028, "slope": 0.22305876769192462, "rvalue": 0.47881935890573424}