{"mae": 45.60273404095792, "mape": 56.518734794850914, "mse": 18602.023110611994, "med_ae": 7.3975422973632305, "max_ae": 842.5325892333981, "slope": 0.44377793778982944, "rvalue": 0.7051830649526369}