{"mae": 18.54241817941452, "mape": 1893.3622255394332, "mse": 1445.6342456979578, "med_ae": 7.332246022542094, "max_ae": 223.66729504394527, "slope": 0.7617980715360507, "rvalue": 0.8463984049645338}