{"mae": 19.470470950755782, "mape": 1695.3038839053722, "mse": 1329.574198994519, "med_ae": 6.441122686767585, "max_ae": 192.8026198730473, "slope": 0.7703856460487368, "rvalue": 0.8585878078163154}