{"mae": 17.386054572437853, "mape": 13.989165720996018, "mse": 1409.9035159790442, "med_ae": 6.487988667804757, "max_ae": 240.11869456263975, "slope": 0.8682229633390898, "rvalue": 0.8999059444999954}