{"mae": 41.23023564591291, "mape": 54.72171698300511, "mse": 14045.659945457803, "med_ae": 6.7638588344032655, "max_ae": 841.1073649291989, "slope": 0.4891355785819847, "rvalue": 0.8165247982228485}