{"mae": 30.827583436519326, "mape": 30.481486607595233, "mse": 8083.816518427061, "med_ae": 5.724133544921997, "max_ae": 786.1127701822908, "slope": 0.833327563744492, "rvalue": 0.7469435345720584}