{"mae": 36.64525733186614, "mape": 30.21557575462247, "mse": 11664.169915366658, "med_ae": 6.754184472656277, "max_ae": 918.6044083658845, "slope": 0.7550633505575534, "rvalue": 0.6506379514049385}