{"mae": 50.978816109890175, "mape": 55.54148839988194, "mse": 22624.477972770896, "med_ae": 7.545507609049764, "max_ae": 863.326389587402, "slope": 0.283391809633046, "rvalue": 0.6900259202706152}