{"mae": 21.312745607647855, "mape": 18.385386115754972, "mse": 1643.5324549191394, "med_ae": 7.994317765299414, "max_ae": 230.43281199428037, "slope": 0.8291360756225923, "rvalue": 0.8833303245709473}