{"mae": 37.36106703131262, "mape": 49.548307693485086, "mse": 23045.144781863226, "med_ae": 5.7384187011719945, "max_ae": 1539.6700453578403, "slope": 0.2060332643845506, "rvalue": 0.4024341289406786}