{"mae": 20.237532370960405, "mape": 1809.4564442479464, "mse": 2055.3590380324376, "med_ae": 8.799430970691574, "max_ae": 313.19175488281246, "slope": 0.7313604587965944, "rvalue": 0.7846654374196605}