{"mae": 31.636091704879387, "mape": 47.592682274788714, "mse": 18616.504279040673, "med_ae": 6.9132713623047835, "max_ae": 1445.0760969935825, "slope": 0.30562825953296735, "rvalue": 0.5606058721936613}